experiment_id,timestamp,dataset,defect_category,image_name,resolution,image_width,image_height,intensity_precision,representation,shots,simulator,qubits,n_position_qubits,n_color_or_intensity_qubits,gate_count,circuit_depth,controlled_gates,gate_types,encoding_time,simulation_time,measurement_time,reconstruction_time,total_time,mse,psnr,ssim
f34e9936,2026-10-07T20:14:55.402805,NEU-DET,crazing,crazing_1.jpg,4x4,4,4,8,FRQI,1024,aer,5,4,1,1092,705,384,"{""h"": 132, ""x"": 64, ""cx"": 384, ""tdg"": 192, ""t"": 256, ""ry"": 64}",0.0014151670038700104,0.006974624993745238,4.958402132615447e-05,9.462499292567372e-05,0.010319207969587296,0.0021148274401036476,26.747250632147775,0.7238171576012528
4f2a5ad6,2026-10-07T20:14:55.413157,NEU-DET,crazing,crazing_1.jpg,4x4,4,4,8,NEQR,1024,aer,12,4,8,136,96,68,"{""h"": 4, ""x"": 64, ""mcx"": 68}",0.0010991659946739674,0.002144666970707476,2.3499946109950542e-05,2.5374989490956068e-05,0.004054708988405764,0.0,100.0,1.0
842d02ba,2026-10-07T20:14:55.417928,NEU-DET,crazing,crazing_10.jpg,4x4,4,4,8,FRQI,1024,aer,5,4,1,1092,705,384,"{""h"": 132, ""x"": 64, ""cx"": 384, ""tdg"": 192, ""t"": 256, ""ry"": 64}",0.0017526669544167817,0.0048574579996056855,3.770802868530154e-05,6.750004831701517e-05,0.008175541006494313,0.0023292883930070662,26.32776737425938,0.9110087794439755
88f38fb5,2026-10-07T20:14:55.426129,NEU-DET,crazing,crazing_10.jpg,4x4,4,4,8,NEQR,1024,aer,12,4,8,134,94,66,"{""h"": 4, ""x"": 64, ""mcx"": 66}",0.0010257919784635305,0.001958667009603232,2.6458001229912043e-05,2.154201501980424e-05,0.0035438340273685753,0.0,100.0,1.0
17e2c784,2026-10-07T20:14:55.430232,NEU-DET,crazing,crazing_100.jpg,4x4,4,4,8,FRQI,1024,aer,5,4,1,1092,705,384,"{""h"": 132, ""x"": 64, ""cx"": 384, ""tdg"": 192, ""t"": 256, ""ry"": 64}",0.0010390829993411899,0.004785540979355574,3.3165968488901854e-05,6.375001976266503e-05,0.007425582967698574,0.0022552313361623574,26.468089026260575,0.710841864873501
971441c6,2026-10-07T20:14:55.437686,NEU-DET,crazing,crazing_100.jpg,4x4,4,4,8,NEQR,1024,aer,12,4,8,134,94,66,"{""h"": 4, ""x"": 64, ""mcx"": 66}",0.0009534580167382956,0.002419333963189274,1.995899947360158e-05,1.983396941795945e-05,0.003881499986164272,0.0,100.0,1.0
be77d6bd,2026-10-07T20:14:55.442151,NEU-DET,crazing,crazing_101.jpg,4x4,4,4,8,FRQI,1024,aer,5,4,1,1092,705,384,"{""h"": 132, ""x"": 64, ""cx"": 384, ""tdg"": 192, ""t"": 256, ""ry"": 64}",0.0010234999936074018,0.005882834026124328,4.650000482797623e-05,8.508301107212901e-05,0.008481290948111564,0.0016385111300282421,27.855506042093246,0.725953312350697
6be8da3a,2026-10-07T20:14:55.450658,NEU-DET,crazing,crazing_101.jpg,4x4,4,4,8,NEQR,1024,aer,12,4,8,132,92,64,"{""h"": 4, ""x"": 64, ""mcx"": 64}",0.0009178330074064434,0.0022350000217556953,2.1541956812143326e-05,1.8250022549182177e-05,0.00383145798696205,0.0,100.0,1.0
107b0c86,2026-10-07T20:14:55.455046,NEU-DET,crazing,crazing_102.jpg,4x4,4,4,8,FRQI,1024,aer,5,4,1,1092,705,384,"{""h"": 132, ""x"": 64, ""cx"": 384, ""tdg"": 192, ""t"": 256, ""ry"": 64}",0.0010508339619264007,0.005069624981842935,3.0708033591508865e-05,6.066699279472232e-05,0.007676459033973515,0.002228714130685157,26.519456333716587,0.8742330299123733
f6ebdb4f,2026-10-07T20:14:55.462743,NEU-DET,crazing,crazing_102.jpg,4x4,4,4,8,NEQR,1024,aer,12,4,8,127,87,59,"{""h"": 4, ""x"": 64, ""mcx"": 59}",0.0008249579695984721,0.0018252079607918859,2.37500062212348e-05,2.0292005501687527e-05,0.003175750025548041,0.0,100.0,1.0
c3212d92,2026-10-07T20:14:55.467803,NEU-DET,crazing,crazing_103.jpg,4x4,4,4,8,FRQI,1024,aer,5,4,1,1092,705,384,"{""h"": 132, ""x"": 64, ""cx"": 384, ""tdg"": 192, ""t"": 256, ""ry"": 64}",0.0011705000069923699,0.006568250013515353,3.424996975809336e-05,6.34589814580977e-05,0.009296166012063622,0.0020168873563300507,26.953183565667914,0.8623548317616192
7c7a19a2,2026-10-07T20:14:55.477123,NEU-DET,crazing,crazing_103.jpg,4x4,4,4,8,NEQR,1024,aer,12,4,8,130,90,62,"{""h"": 4, ""x"": 64, ""mcx"": 62}",0.0008428340079262853,0.00499450002098456,2.154201501980424e-05,2.0875013433396816e-05,0.006374291959218681,0.0,100.0,1.0
00a2527e,2026-10-07T20:14:55.484039,NEU-DET,crazing,crazing_104.jpg,4x4,4,4,8,FRQI,1024,aer,5,4,1,1092,705,384,"{""h"": 132, ""x"": 64, ""cx"": 384, ""tdg"": 192, ""t"": 256, ""ry"": 64}",0.0011504580033943057,0.004791082988958806,3.312499029561877e-05,0.00015329098096117377,0.007636624970473349,0.0012702206172261537,28.961208424118684,0.9388402698464205
8587e437,2026-10-07T20:14:55.491704,NEU-DET,crazing,crazing_104.jpg,4x4,4,4,8,NEQR,1024,aer,12,4,8,133,93,65,"{""h"": 4, ""x"": 64, ""mcx"": 65}",0.0009376669768244028,0.0018353750347159803,2.050003968179226e-05,1.8708000425249338e-05,0.0033238339819945395,0.0,100.0,1.0
6b71200f,2026-10-07T20:14:55.495646,NEU-DET,crazing,crazing_105.jpg,4x4,4,4,8,FRQI,1024,aer,5,4,1,1092,705,384,"{""h"": 132, ""x"": 64, ""cx"": 384, ""tdg"": 192, ""t"": 256, ""ry"": 64}",0.0010992909665219486,0.004737792012747377,3.4958007745444775e-05,6.791698979213834e-05,0.007504042005166411,0.00215293446017036,26.669691908080033,0.5571395048744687
9998fbe5,2026-10-07T20:14:55.503180,NEU-DET,crazing,crazing_105.jpg,4x4,4,4,8,NEQR,1024,aer,12,4,8,134,94,66,"{""h"": 4, ""x"": 64, ""mcx"": 66}",0.001136541017331183,0.0019696669769473374,2.0459003280848265e-05,2.0415987819433212e-05,0.0036705840029753745,0.0,100.0,1.0
69748dc5,2026-10-07T20:14:55.507419,NEU-DET,crazing,crazing_106.jpg,4x4,4,4,8,FRQI,1024,aer,5,4,1,1092,705,384,"{""h"": 132, ""x"": 64, ""cx"": 384, ""tdg"": 192, ""t"": 256, ""ry"": 64}",0.0010425419895909727,0.004587500006891787,3.324996214359999e-05,6.087496876716614e-05,0.007148750009946525,0.0014566767004725054,28.366368262539314,0.8968915504818804
abcfc93e,2026-10-07T20:14:55.514593,NEU-DET,crazing,crazing_106.jpg,4x4,4,4,8,NEQR,1024,aer,12,4,8,134,94,66,"{""h"": 4, ""x"": 64, ""mcx"": 66}",0.0009863750310614705,0.0017006670241244137,2.2042018827050924e-05,1.8457998521625996e-05,0.0031745420419611037,0.0,100.0,1.0
e1a0fede,2026-10-07T20:14:55.518274,NEU-DET,crazing,crazing_107.jpg,4x4,4,4,8,FRQI,1024,aer,5,4,1,1092,705,384,"{""h"": 132, ""x"": 64, ""cx"": 384, ""tdg"": 192, ""t"": 256, ""ry"": 64}",0.0016290000057779253,0.004608292016200721,7.445894880220294e-05,0.00013045797822996974,0.009444415976759046,0.0027926839159082605,25.539782162306377,0.7050108635905667
8f90dfd2,2026-10-07T20:14:55.527760,NEU-DET,crazing,crazing_107.jpg,4x4,4,4,8,NEQR,1024,aer,12,4,8,133,93,65,"{""h"": 4, ""x"": 64, ""mcx"": 65}",0.0020260000019334257,0.0027032920042984188,2.3875036276876926e-05,2.0249979570508003e-05,0.005799542006570846,0.0,100.0,1.0
a0b4c324,2026-10-07T20:14:55.534099,NEU-DET,crazing,crazing_108.jpg,4x4,4,4,8,FRQI,1024,aer,5,4,1,1092,705,384,"{""h"": 132, ""x"": 64, ""cx"": 384, ""tdg"": 192, ""t"": 256, ""ry"": 64}",0.0010355000267736614,0.00477487500756979,3.604200901463628e-05,6.387504981830716e-05,0.007318666961509734,0.0030922805414044276,25.09721112406696,0.6627847216939357
2114b8de,2026-10-07T20:14:55.541439,NEU-DET,crazing,crazing_108.jpg,4x4,4,4,8,NEQR,1024,aer,12,4,8,133,93,65,"{""h"": 4, ""x"": 64, ""mcx"": 65}",0.0008946669986471534,0.0018730409792624414,2.0665989723056555e-05,1.9083963707089424e-05,0.0032645000028423965,0.0,100.0,1.0
57a4a7ae,2026-10-07T20:14:55.545215,NEU-DET,crazing,crazing_109.jpg,4x4,4,4,8,FRQI,1024,aer,5,4,1,1092,705,384,"{""h"": 132, ""x"": 64, ""cx"": 384, ""tdg"": 192, ""t"": 256, ""ry"": 64}",0.0010660410043783486,0.005503292020875961,3.374996595084667e-05,6.829103222116828e-05,0.00805641699116677,0.0024942559598213855,26.03058981397124,0.34147809196994483
f155ce4d,2026-10-07T20:14:55.553297,NEU-DET,crazing,crazing_109.jpg,4x4,4,4,8,NEQR,1024,aer,12,4,8,121,81,53,"{""h"": 4, ""x"": 64, ""mcx"": 53}",0.0007530000293627381,0.0017984170117415488,1.9833038095384836e-05,1.8499966245144606e-05,0.0030488749616779387,0.0,100.0,1.0
87a73938,2026-10-07T20:14:55.556905,NEU-DET,crazing,crazing_11.jpg,4x4,4,4,8,FRQI,1024,aer,5,4,1,1092,705,384,"{""h"": 132, ""x"": 64, ""cx"": 384, ""tdg"": 192, ""t"": 256, ""ry"": 64}",0.0010936670005321503,0.0047163330018520355,3.208400448784232e-05,6.304198177531362e-05,0.008488959050737321,0.0022663051422984627,26.4468161579016,0.6490541621703005
ad671fa6,2026-10-07T20:14:55.565415,NEU-DET,crazing,crazing_11.jpg,4x4,4,4,8,NEQR,1024,aer,12,4,8,136,96,68,"{""h"": 4, ""x"": 64, ""mcx"": 68}",0.0009002499864436686,0.0020079590030945837,1.979200169444084e-05,1.8042046576738358e-05,0.00341729202773422,0.0,100.0,1.0
6bf8f5bb,2026-10-07T20:14:55.569323,NEU-DET,crazing,crazing_110.jpg,4x4,4,4,8,FRQI,1024,aer,5,4,1,1092,705,384,"{""h"": 132, ""x"": 64, ""cx"": 384, ""tdg"": 192, ""t"": 256, ""ry"": 64}",0.001047041965648532,0.005131916026584804,3.3333024475723505e-05,6.141699850559235e-05,0.007728917000349611,0.0021139601080690344,26.749032123970675,0.903665198932055
706c7738,2026-10-07T20:14:55.577074,NEU-DET,crazing,crazing_110.jpg,4x4,4,4,8,NEQR,1024,aer,12,4,8,130,90,62,"{""h"": 4, ""x"": 64, ""mcx"": 62}",0.0009876250405795872,0.0015921249869279563,1.995899947360158e-05,1.8082966562360525e-05,0.0030564170447178185,0.0,100.0,1.0
521b1ecf,2026-10-07T20:14:55.580647,NEU-DET,crazing,crazing_111.jpg,4x4,4,4,8,FRQI,1024,aer,5,4,1,1092,705,384,"{""h"": 132, ""x"": 64, ""cx"": 384, ""tdg"": 192, ""t"": 256, ""ry"": 64}",0.0022745419992133975,0.009954624983947724,3.945903154090047e-05,7.033301517367363e-05,0.015250500000547618,0.0013607177490326645,28.662319502926337,0.9294871268217849
a034766f,2026-10-07T20:14:55.595930,NEU-DET,crazing,crazing_111.jpg,4x4,4,4,8,NEQR,1024,aer,12,4,8,134,94,66,"{""h"": 4, ""x"": 64, ""mcx"": 66}",0.0009121670154854655,0.0017105829901993275,2.4540990125387907e-05,1.787504879757762e-05,0.003232708026189357,0.0,100.0,1.0
5601b9ee,2026-10-07T20:14:55.599770,NEU-DET,crazing,crazing_112.jpg,4x4,4,4,8,FRQI,1024,aer,5,4,1,1092,705,384,"{""h"": 132, ""x"": 64, ""cx"": 384, ""tdg"": 192, ""t"": 256, ""ry"": 64}",0.0011212920071557164,0.004839583009015769,3.316695801913738e-05,6.450002547353506e-05,0.007526625005993992,0.0023183346418518044,26.348238752662812,0.8942089691529758
087e85e3,2026-10-07T20:14:55.607322,NEU-DET,crazing,crazing_112.jpg,4x4,4,4,8,NEQR,1024,aer,12,4,8,127,87,59,"{""h"": 4, ""x"": 64, ""mcx"": 59}",0.0008677080040797591,0.0015837500104680657,1.812499249354005e-05,8.13750084489584e-05,0.0029836249887011945,0.0,100.0,1.0
8d5aa933,2026-10-07T20:14:55.610877,NEU-DET,crazing,crazing_113.jpg,4x4,4,4,8,FRQI,1024,aer,5,4,1,1092,705,384,"{""h"": 132, ""x"": 64, ""cx"": 384, ""tdg"": 192, ""t"": 256, ""ry"": 64}",0.0010759159922599792,0.0046051659737713635,3.225001273676753e-05,6.345805013552308e-05,0.0071631669998168945,0.002056822088538704,26.868032723828144,0.8030532098548715
22aead56,2026-10-07T20:14:55.618065,NEU-DET,crazing,crazing_113.jpg,4x4,4,4,8,NEQR,1024,aer,12,4,8,124,84,56,"{""h"": 4, ""x"": 64, ""mcx"": 56}",0.0008441249956376851,0.0028974590240977705,2.3957982193678617e-05,2.037500962615013e-05,0.004231999977491796,0.0,100.0,1.0
40b2d908,2026-10-07T20:14:55.623267,NEU-DET,crazing,crazing_114.jpg,4x4,4,4,8,FRQI,1024,aer,5,4,1,1092,705,384,"{""h"": 132, ""x"": 64, ""cx"": 384, ""tdg"": 192, ""t"": 256, ""ry"": 64}",0.0011116249952465296,0.004677832999732345,3.1917006708681583e-05,5.949998740106821e-05,0.007284874969627708,0.0028358657992397377,25.4731432498004,0.7316512170007257
bfa57481,2026-10-07T20:14:55.630571,NEU-DET,crazing,crazing_114.jpg,4x4,4,4,8,NEQR,1024,aer,12,4,8,122,82,54,"{""h"": 4, ""x"": 64, ""mcx"": 54}",0.0007367910002358258,0.0019410829991102219,2.4209031835198402e-05,1.995899947360158e-05,0.003158500010613352,0.0,100.0,1.0
f4870969,2026-10-07T20:14:55.634307,NEU-DET,crazing,crazing_115.jpg,4x4,4,4,8,FRQI,1024,aer,5,4,1,1092,705,384,"{""h"": 132, ""x"": 64, ""cx"": 384, ""tdg"": 192, ""t"": 256, ""ry"": 64}",0.00107608299003914,0.004838916996959597,3.162503708153963e-05,6.141699850559235e-05,0.007403165975119919,0.0023207813093535706,26.34365781825736,0.3449658700158911
c03d4e24,2026-10-07T20:14:55.641730,NEU-DET,crazing,crazing_115.jpg,4x4,4,4,8,NEQR,1024,aer,12,4,8,124,84,56,"{""h"": 4, ""x"": 64, ""mcx"": 56}",0.0008678750018589199,0.0018619999755173922,2.0707957446575165e-05,1.812499249354005e-05,0.003199166036210954,0.0,100.0,1.0
0d7508c0,2026-10-07T20:14:55.645492,NEU-DET,crazing,crazing_116.jpg,4x4,4,4,8,FRQI,1024,aer,5,4,1,1092,705,384,"{""h"": 132, ""x"": 64, ""cx"": 384, ""tdg"": 192, ""t"": 256, ""ry"": 64}",0.001072124985512346,0.0048661669716238976,3.1374976970255375e-05,6.395799573510885e-05,0.007486207992769778,0.0023728267847598953,26.247339639186237,0.8593036287936052
e6b4ebaf,2026-10-07T20:14:55.653005,NEU-DET,crazing,crazing_116.jpg,4x4,4,4,8,NEQR,1024,aer,12,4,8,125,85,57,"{""h"": 4, ""x"": 64, ""mcx"": 57}",0.0007988750003278255,0.002338083984795958,2.2083986550569534e-05,2.0666047930717468e-05,0.003727832983713597,0.0,100.0,1.0
291b542b,2026-10-07T20:14:55.657818,NEU-DET,inclusion,inclusion_1.jpg,4x4,4,4,8,FRQI,1024,aer,5,4,1,1092,705,384,"{""h"": 132, ""x"": 64, ""cx"": 384, ""tdg"": 192, ""t"": 256, ""ry"": 64}",0.001245125022251159,0.010384750028606504,4.4291955418884754e-05,6.833398947492242e-05,0.013279334001708776,0.0029468104522959353,25.306477983778983,0.7424430880403914
f48cfad0,2026-10-07T20:14:55.671131,NEU-DET,inclusion,inclusion_1.jpg,4x4,4,4,8,NEQR,1024,aer,12,4,8,130,90,62,"{""h"": 4, ""x"": 64, ""mcx"": 62}",0.0008923750137910247,0.0019077909528277814,2.0875013433396816e-05,1.958297798410058e-05,0.003330416977405548,0.0,100.0,1.0
713b939b,2026-10-07T20:14:55.674846,NEU-DET,inclusion,inclusion_10.jpg,4x4,4,4,8,FRQI,1024,aer,5,4,1,1092,705,384,"{""h"": 132, ""x"": 64, ""cx"": 384, ""tdg"": 192, ""t"": 256, ""ry"": 64}",0.0012214580201543868,0.005661334027536213,3.56250093318522e-05,7.050001295283437e-05,0.008426916028838605,0.002493459874444307,26.031976161954216,0.5860482049311744
7c7beee4,2026-10-07T20:14:55.683300,NEU-DET,inclusion,inclusion_10.jpg,4x4,4,4,8,NEQR,1024,aer,12,4,8,131,91,63,"{""h"": 4, ""x"": 64, ""mcx"": 63}",0.0008963749860413373,0.001827833999413997,2.1792016923427582e-05,1.9625003915280104e-05,0.003274124988820404,0.0,100.0,1.0
16cea865,2026-10-07T20:14:55.686996,NEU-DET,inclusion,inclusion_100.jpg,4x4,4,4,8,FRQI,1024,aer,5,4,1,1092,705,384,"{""h"": 132, ""x"": 64, ""cx"": 384, ""tdg"": 192, ""t"": 256, ""ry"": 64}",0.0011187500203959644,0.004700666991993785,3.245798870921135e-05,6.487499922513962e-05,0.007324207981582731,0.002707514475567978,25.674292127663577,0.40453112895157095
29bdf979,2026-10-07T20:14:55.694343,NEU-DET,inclusion,inclusion_100.jpg,4x4,4,4,8,NEQR,1024,aer,12,4,8,133,93,65,"{""h"": 4, ""x"": 64, ""mcx"": 65}",0.0008977910038083792,0.0017822079826146364,1.937500201165676e-05,1.8041988369077444e-05,0.003193749987985939,0.0,100.0,1.0
3616af8d,2026-10-07T20:14:55.698079,NEU-DET,inclusion,inclusion_101.jpg,4x4,4,4,8,FRQI,1024,aer,5,4,1,1092,705,384,"{""h"": 132, ""x"": 64, ""cx"": 384, ""tdg"": 192, ""t"": 256, ""ry"": 64}",0.001056874985806644,0.004648250003810972,3.4791999496519566e-05,6.874999962747097e-05,0.00723658298375085,0.0025565394172267037,25.92347506848229,0.5109382820481414
3ab6a3c8,2026-10-07T20:14:55.705340,NEU-DET,inclusion,inclusion_101.jpg,4x4,4,4,8,NEQR,1024,aer,12,4,8,129,89,61,"{""h"": 4, ""x"": 64, ""mcx"": 61}",0.0014855419867672026,0.0016791250091046095,2.195901470258832e-05,2.0666979253292084e-05,0.0037322909920476377,0.0,100.0,1.0
b246d53e,2026-10-07T20:14:55.709694,NEU-DET,inclusion,inclusion_102.jpg,4x4,4,4,8,FRQI,1024,aer,5,4,1,1092,705,384,"{""h"": 132, ""x"": 64, ""cx"": 384, ""tdg"": 192, ""t"": 256, ""ry"": 64}",0.001054749998729676,0.005348832986783236,3.412499791011214e-05,6.416701944544911e-05,0.007898999960161746,0.0021364039731605654,26.70316623026386,0.46271681877076154
0395b324,2026-10-07T20:14:55.717616,NEU-DET,inclusion,inclusion_102.jpg,4x4,4,4,8,NEQR,1024,aer,12,4,8,135,95,67,"{""h"": 4, ""x"": 64, ""mcx"": 67}",0.0009498330182395875,0.001766249944921583,1.9874947611242533e-05,1.912500010803342e-05,0.003316999995149672,0.0,100.0,1.0
0ee24b55,2026-10-07T20:14:55.721300,NEU-DET,inclusion,inclusion_103.jpg,4x4,4,4,8,FRQI,1024,aer,5,4,1,1092,705,384,"{""h"": 132, ""x"": 64, ""cx"": 384, ""tdg"": 192, ""t"": 256, ""ry"": 64}",0.002338708029128611,0.006602042005397379,3.483402542769909e-05,7.037498289719224e-05,0.01057141600176692,0.002051450367185601,26.87938985895785,0.5509080371204765
61307867,2026-10-07T20:14:55.731897,NEU-DET,inclusion,inclusion_103.jpg,4x4,4,4,8,NEQR,1024,aer,12,4,8,124,84,56,"{""h"": 4, ""x"": 64, ""mcx"": 56}",0.0007992920000106096,0.001547791005577892,1.837499439716339e-05,1.679197885096073e-05,0.0028319170232862234,0.0,100.0,1.0
d801f22d,2026-10-07T20:14:55.735232,NEU-DET,inclusion,inclusion_104.jpg,4x4,4,4,8,FRQI,1024,aer,5,4,1,1092,705,384,"{""h"": 132, ""x"": 64, ""cx"": 384, ""tdg"": 192, ""t"": 256, ""ry"": 64}",0.001138749998062849,0.004842832975555211,3.545801155269146e-05,6.612500874325633e-05,0.007605208025779575,0.0021878971069008123,26.599731059930573,0.4148290252509507
7e091f12,2026-10-07T20:14:55.742860,NEU-DET,inclusion,inclusion_104.jpg,4x4,4,4,8,NEQR,1024,aer,12,4,8,133,93,65,"{""h"": 4, ""x"": 64, ""mcx"": 65}",0.0010886660311371088,0.001795666990801692,2.1874962840229273e-05,1.9832979887723923e-05,0.0038069169968366623,0.0,100.0,1.0
70f3481f,2026-10-07T20:14:55.747111,NEU-DET,inclusion,inclusion_105.jpg,4x4,4,4,8,FRQI,1024,aer,5,4,1,1092,705,384,"{""h"": 132, ""x"": 64, ""cx"": 384, ""tdg"": 192, ""t"": 256, ""ry"": 64}",0.0013231660122983158,0.004747957980725914,3.304204437881708e-05,6.516702705994248e-05,0.009147249977104366,0.003040470972326576,25.170591384833667,0.4165682482769883
e09aec97,2026-10-07T20:14:55.756281,NEU-DET,inclusion,inclusion_105.jpg,4x4,4,4,8,NEQR,1024,aer,12,4,8,134,94,66,"{""h"": 4, ""x"": 64, ""mcx"": 66}",0.0009149169782176614,0.0017584580346010625,1.8666964024305344e-05,1.7625046893954277e-05,0.0032050000154413283,0.0,100.0,1.0
2a9b3220,2026-10-07T20:14:55.760025,NEU-DET,inclusion,inclusion_106.jpg,4x4,4,4,8,FRQI,1024,aer,5,4,1,1092,705,384,"{""h"": 132, ""x"": 64, ""cx"": 384, ""tdg"": 192, ""t"": 256, ""ry"": 64}",0.002369333989918232,0.006842541974037886,3.816699609160423e-05,6.35830219835043e-05,0.0122938749846071,0.0015215446572186414,28.17715296609121,0.5597464360635056
01ba29a6,2026-10-07T20:14:55.772344,NEU-DET,inclusion,inclusion_106.jpg,4x4,4,4,8,NEQR,1024,aer,12,4,8,128,88,60,"{""h"": 4, ""x"": 64, ""mcx"": 60}",0.0008452920010313392,0.001642166986130178,2.295902231708169e-05,1.991703175008297e-05,0.003001250035595149,0.0,100.0,1.0
9f735e7d,2026-10-07T20:14:55.775845,NEU-DET,inclusion,inclusion_107.jpg,4x4,4,4,8,FRQI,1024,aer,5,4,1,1092,705,384,"{""h"": 132, ""x"": 64, ""cx"": 384, ""tdg"": 192, ""t"": 256, ""ry"": 64}",0.0010548750287853181,0.012984625005628914,7.895799353718758e-05,0.0001461250358261168,0.019700791977811605,0.002791618122903072,25.54143990941034,0.6856539793308101
79f2b82c,2026-10-07T20:14:55.795597,NEU-DET,inclusion,inclusion_107.jpg,4x4,4,4,8,NEQR,1024,aer,12,4,8,129,89,61,"{""h"": 4, ""x"": 64, ""mcx"": 61}",0.004839250002987683,0.004602125030942261,5.579099524766207e-05,4.5707973185926676e-05,0.010664750006981194,0.0,100.0,1.0
8fe36d26,2026-10-07T20:14:55.808129,NEU-DET,inclusion,inclusion_108.jpg,4x4,4,4,8,FRQI,1024,aer,5,4,1,1092,705,384,"{""h"": 132, ""x"": 64, ""cx"": 384, ""tdg"": 192, ""t"": 256, ""ry"": 64}",0.0030634169816039503,0.00991495797643438,4.125002305954695e-05,7.054198067635298e-05,0.015644750033970922,0.002180248503323313,26.61494002968201,0.5688382029740464
7d8df5b7,2026-10-07T20:14:55.823811,NEU-DET,inclusion,inclusion_108.jpg,4x4,4,4,8,NEQR,1024,aer,12,4,8,124,84,56,"{""h"": 4, ""x"": 64, ""mcx"": 56}",0.0008098749676719308,0.002336208999622613,2.4834007490426302e-05,2.120796125382185e-05,0.003746958973351866,0.0,100.0,1.0
740ff2f3,2026-10-07T20:14:55.827955,NEU-DET,inclusion,inclusion_109.jpg,4x4,4,4,8,FRQI,1024,aer,5,4,1,1092,705,384,"{""h"": 132, ""x"": 64, ""cx"": 384, ""tdg"": 192, ""t"": 256, ""ry"": 64}",0.0010557500063441694,0.004805249976925552,3.708404256030917e-05,6.649998249486089e-05,0.007379167014732957,0.0013836534735893551,28.589726623009057,0.753352448556189
b4006bfe,2026-10-07T20:14:55.835361,NEU-DET,inclusion,inclusion_109.jpg,4x4,4,4,8,NEQR,1024,aer,12,4,8,125,85,57,"{""h"": 4, ""x"": 64, ""mcx"": 57}",0.0008132499642670155,0.002722750010434538,2.295902231708169e-05,2.041697734966874e-05,0.004075000004377216,0.0,100.0,1.0
37ab5731,2026-10-07T20:14:55.839852,NEU-DET,inclusion,inclusion_11.jpg,4x4,4,4,8,FRQI,1024,aer,5,4,1,1092,705,384,"{""h"": 132, ""x"": 64, ""cx"": 384, ""tdg"": 192, ""t"": 256, ""ry"": 64}",0.0011132500367239118,0.00871041597565636,3.1582952942699194e-05,6.129202665761113e-05,0.01132508396403864,0.002117296974117498,26.74218223144948,0.3440805321667171
f97d4570,2026-10-07T20:14:55.851202,NEU-DET,inclusion,inclusion_11.jpg,4x4,4,4,8,NEQR,1024,aer,12,4,8,128,88,60,"{""h"": 4, ""x"": 64, ""mcx"": 60}",0.0008116670069284737,0.0017603330197744071,4.82079922221601e-05,3.92910442315042e-05,0.003224500047508627,0.0,100.0,1.0
9b89b2af,2026-10-07T20:14:55.854954,NEU-DET,inclusion,inclusion_110.jpg,4x4,4,4,8,FRQI,1024,aer,5,4,1,1092,705,384,"{""h"": 132, ""x"": 64, ""cx"": 384, ""tdg"": 192, ""t"": 256, ""ry"": 64}",0.002369374968111515,0.006264291994739324,3.604200901463628e-05,6.83749676682055e-05,0.011724541953299195,0.002272777680054125,26.434430442784887,0.36427774930512835
344449de,2026-10-07T20:14:55.866708,NEU-DET,inclusion,inclusion_110.jpg,4x4,4,4,8,NEQR,1024,aer,12,4,8,129,89,61,"{""h"": 4, ""x"": 64, ""mcx"": 61}",0.0009746670257300138,0.0017566669848747551,2.279196633026004e-05,1.89170241355896e-05,0.003259541990701109,0.0,100.0,1.0
aa2c3163,2026-10-07T20:14:55.870601,NEU-DET,inclusion,inclusion_111.jpg,4x4,4,4,8,FRQI,1024,aer,5,4,1,1092,705,384,"{""h"": 132, ""x"": 64, ""cx"": 384, ""tdg"": 192, ""t"": 256, ""ry"": 64}",0.002557167026679963,0.0045367919956333935,3.516697324812412e-05,6.558402674272656e-05,0.008852042024955153,0.0024230719605552956,26.156336879640158,0.35753533122848663
e0fa2a69,2026-10-07T20:14:55.879478,NEU-DET,inclusion,inclusion_111.jpg,4x4,4,4,8,NEQR,1024,aer,12,4,8,130,90,62,"{""h"": 4, ""x"": 64, ""mcx"": 62}",0.0008345840033143759,0.0016810829984024167,2.1208019461482763e-05,1.9499973859637976e-05,0.0030827910522930324,0.0,100.0,1.0
31993e96,2026-10-07T20:14:55.883113,NEU-DET,inclusion,inclusion_112.jpg,4x4,4,4,8,FRQI,1024,aer,5,4,1,1092,705,384,"{""h"": 132, ""x"": 64, ""cx"": 384, ""tdg"": 192, ""t"": 256, ""ry"": 64}",0.0010275840177200735,0.005837459000758827,3.620801726356149e-05,6.7666987888515e-05,0.00844725000206381,0.001731705871701237,27.61525870485308,0.667415417621413
58ef6c00,2026-10-07T20:14:55.891586,NEU-DET,inclusion,inclusion_112.jpg,4x4,4,4,8,NEQR,1024,aer,12,4,8,129,89,61,"{""h"": 4, ""x"": 64, ""mcx"": 61}",0.0008573749801144004,0.0017729999963194132,2.562499139457941e-05,2.0208011846989393e-05,0.003179707971867174,0.0,100.0,1.0
959a367a,2026-10-07T20:14:55.895174,NEU-DET,inclusion,inclusion_113.jpg,4x4,4,4,8,FRQI,1024,aer,5,4,1,1092,705,384,"{""h"": 132, ""x"": 64, ""cx"": 384, ""tdg"": 192, ""t"": 256, ""ry"": 64}",0.001035124994814396,0.0046963749919086695,3.3582968171685934e-05,6.254197796806693e-05,0.008449000015389174,0.0018910631933728023,27.232939581594337,0.40705950232410903
84794867,2026-10-07T20:14:55.903647,NEU-DET,inclusion,inclusion_113.jpg,4x4,4,4,8,NEQR,1024,aer,12,4,8,133,93,65,"{""h"": 4, ""x"": 64, ""mcx"": 65}",0.000901999999769032,0.001756999990902841,2.3541972041130066e-05,1.991703175008297e-05,0.003186292015016079,0.0,100.0,1.0
c25306f1,2026-10-07T20:14:55.907244,NEU-DET,inclusion,inclusion_114.jpg,4x4,4,4,8,FRQI,1024,aer,5,4,1,1092,705,384,"{""h"": 132, ""x"": 64, ""cx"": 384, ""tdg"": 192, ""t"": 256, ""ry"": 64}",0.0011051669716835022,0.005208207992836833,3.766699228435755e-05,6.70839799568057e-05,0.007874082948546857,0.0025692376946647826,25.901957148438232,0.35457983723461073
47a5be9f,2026-10-07T20:14:55.915141,NEU-DET,inclusion,inclusion_114.jpg,4x4,4,4,8,NEQR,1024,aer,12,4,8,130,90,62,"{""h"": 4, ""x"": 64, ""mcx"": 62}",0.0019941249629482627,0.0016702080029062927,1.9875005818903446e-05,1.895800232887268e-05,0.004554542014375329,0.0,100.0,1.0
c1bc6eff,2026-10-07T20:14:55.920087,NEU-DET,inclusion,inclusion_115.jpg,4x4,4,4,8,FRQI,1024,aer,5,4,1,1092,705,384,"{""h"": 132, ""x"": 64, ""cx"": 384, ""tdg"": 192, ""t"": 256, ""ry"": 64}",0.0011320830089971423,0.005088333040475845,3.312499029561877e-05,6.154202856123447e-05,0.007797500002197921,0.0022148029167244018,26.546649132274336,0.46373054092568466
ead38b84,2026-10-07T20:14:55.927909,NEU-DET,inclusion,inclusion_115.jpg,4x4,4,4,8,NEQR,1024,aer,12,4,8,138,98,70,"{""h"": 4, ""x"": 64, ""mcx"": 70}",0.0009607080137357116,0.0017039169906638563,1.8416030798107386e-05,1.6707985196262598e-05,0.003200708015356213,0.0,100.0,1.0
42a86ec7,2026-10-07T20:14:55.931476,NEU-DET,inclusion,inclusion_116.jpg,4x4,4,4,8,FRQI,1024,aer,5,4,1,1092,705,384,"{""h"": 132, ""x"": 64, ""cx"": 384, ""tdg"": 192, ""t"": 256, ""ry"": 64}",0.0022917500464245677,0.0076684170053340495,3.574998117983341e-05,6.695801857858896e-05,0.01306591700995341,0.0029992070504121175,25.229935516637667,0.4354153619465976
93faf202,2026-10-07T20:14:55.944571,NEU-DET,inclusion,inclusion_116.jpg,4x4,4,4,8,NEQR,1024,aer,12,4,8,134,94,66,"{""h"": 4, ""x"": 64, ""mcx"": 66}",0.0009900000295601785,0.0018357910448685288,2.1499989088624716e-05,2.0832987502217293e-05,0.0033863330027088523,0.0,100.0,1.0
f38fb6e2,2026-10-07T20:14:55.949424,NEU-DET,patches,patches_1.jpg,4x4,4,4,8,FRQI,1024,aer,5,4,1,1092,705,384,"{""h"": 132, ""x"": 64, ""cx"": 384, ""tdg"": 192, ""t"": 256, ""ry"": 64}",0.001430167001672089,0.008444749983027577,3.712502075359225e-05,7.033400470390916e-05,0.011825249996036291,0.0014362716785947364,28.427634031614364,0.9651145427636123
1f936993,2026-10-07T20:14:55.961279,NEU-DET,patches,patches_1.jpg,4x4,4,4,8,NEQR,1024,aer,12,4,8,136,96,68,"{""h"": 4, ""x"": 64, ""mcx"": 68}",0.0009692079620435834,0.0022437500301748514,2.1832995116710663e-05,2.195802517235279e-05,0.003985833027400076,0.0,100.0,1.0
81ad5d24,2026-10-07T20:14:55.965873,NEU-DET,patches,patches_10.jpg,4x4,4,4,8,FRQI,1024,aer,5,4,1,1092,705,384,"{""h"": 132, ""x"": 64, ""cx"": 384, ""tdg"": 192, ""t"": 256, ""ry"": 64}",0.0011177920387126505,0.03421199996955693,3.787502646446228e-05,7.524999091401696e-05,0.036916499957442284,0.0031577790645896256,25.00618258870515,0.9439190939937632
86eadb15,2026-10-07T20:14:56.002821,NEU-DET,patches,patches_10.jpg,4x4,4,4,8,NEQR,1024,aer,12,4,8,136,96,68,"{""h"": 4, ""x"": 64, ""mcx"": 68}",0.0009495840058661997,0.0020220830338075757,2.1875021047890186e-05,2.041697734966874e-05,0.0036000830004923046,0.0,100.0,1.0
7b2d6442,2026-10-07T20:14:56.007045,NEU-DET,patches,patches_100.jpg,4x4,4,4,8,FRQI,1024,aer,5,4,1,1092,705,384,"{""h"": 132, ""x"": 64, ""cx"": 384, ""tdg"": 192, ""t"": 256, ""ry"": 64}",0.001070583995897323,0.004682332975789905,3.466603811830282e-05,6.895797559991479e-05,0.007294582959730178,0.002194807387293233,26.58603586723048,0.9768092655295937
3f4354ae,2026-10-07T20:14:56.014366,NEU-DET,patches,patches_100.jpg,4x4,4,4,8,NEQR,1024,aer,12,4,8,127,87,59,"{""h"": 4, ""x"": 64, ""mcx"": 59}",0.0009355000220239162,0.00206716702086851,2.2958964109420776e-05,2.2332998923957348e-05,0.0035893750027753413,0.0,100.0,1.0
2d6e438a,2026-10-07T20:14:56.018518,NEU-DET,patches,patches_101.jpg,4x4,4,4,8,FRQI,1024,aer,5,4,1,1092,705,384,"{""h"": 132, ""x"": 64, ""cx"": 384, ""tdg"": 192, ""t"": 256, ""ry"": 64}",0.0023308329982683063,0.00522833300055936,3.3791991882026196e-05,6.604194641113281e-05,0.010590582969598472,0.0012865090548196709,28.905871527537677,0.980039671091761
e5a1d6ef,2026-10-07T20:14:56.029136,NEU-DET,patches,patches_101.jpg,4x4,4,4,8,NEQR,1024,aer,12,4,8,129,89,61,"{""h"": 4, ""x"": 64, ""mcx"": 61}",0.0008735419833101332,0.0018220000201836228,2.1249987185001373e-05,1.937500201165676e-05,0.003214124997612089,0.0,100.0,1.0
9bb30cde,2026-10-07T20:14:56.032902,NEU-DET,patches,patches_102.jpg,4x4,4,4,8,FRQI,1024,aer,5,4,1,1092,705,384,"{""h"": 132, ""x"": 64, ""cx"": 384, ""tdg"": 192, ""t"": 256, ""ry"": 64}",0.001141499960795045,0.004843625007197261,3.583298530429602e-05,6.916600978001952e-05,0.007542666979134083,0.0024450590146102833,26.117106541639636,0.9322232715761959
ba590ce6,2026-10-07T20:14:56.040474,NEU-DET,patches,patches_102.jpg,4x4,4,4,8,NEQR,1024,aer,12,4,8,136,96,68,"{""h"": 4, ""x"": 64, ""mcx"": 68}",0.0009509159717708826,0.0021111660171300173,2.3625034373253584e-05,2.0749983377754688e-05,0.0036412920453585684,0.0,100.0,1.0
8cc9aaf2,2026-10-07T20:14:56.044671,NEU-DET,patches,patches_103.jpg,4x4,4,4,8,FRQI,1024,aer,5,4,1,1092,705,384,"{""h"": 132, ""x"": 64, ""cx"": 384, ""tdg"": 192, ""t"": 256, ""ry"": 64}",0.001026540994644165,0.0070465419557876885,3.649998689070344e-05,6.925000343471766e-05,0.00961083295987919,0.0020550131983435166,26.87185384518154,0.9402181285610239
d3c63824,2026-10-07T20:14:56.054303,NEU-DET,patches,patches_103.jpg,4x4,4,4,8,NEQR,1024,aer,12,4,8,127,87,59,"{""h"": 4, ""x"": 64, ""mcx"": 59}",0.000934540992602706,0.001958334003575146,2.316699828952551e-05,1.912500010803342e-05,0.003425832954235375,0.0,100.0,1.0
d910d19c,2026-10-07T20:14:56.058227,NEU-DET,patches,patches_104.jpg,4x4,4,4,8,FRQI,1024,aer,5,4,1,1092,705,384,"{""h"": 132, ""x"": 64, ""cx"": 384, ""tdg"": 192, ""t"": 256, ""ry"": 64}",0.0011240830062888563,0.004869958036579192,3.216695040464401e-05,6.779195973649621e-05,0.007535541953984648,0.002206249252317747,26.56345424447403,0.9350557878587259
48dc2ea1,2026-10-07T20:14:56.065787,NEU-DET,patches,patches_104.jpg,4x4,4,4,8,NEQR,1024,aer,12,4,8,148,108,80,"{""h"": 4, ""x"": 64, ""mcx"": 80}",0.0010885000228881836,0.0022082499926909804,2.237502485513687e-05,1.9042054191231728e-05,0.003953125036787242,0.0,100.0,1.0
2f80968f,2026-10-07T20:14:56.070352,NEU-DET,patches,patches_105.jpg,4x4,4,4,8,FRQI,1024,aer,5,4,1,1092,705,384,"{""h"": 132, ""x"": 64, ""cx"": 384, ""tdg"": 192, ""t"": 256, ""ry"": 64}",0.0012139169848524034,0.004670291033107787,3.2167008612304926e-05,6.154103903099895e-05,0.0074056669836863875,0.0012865090548196709,28.905871527537677,0.980039671091761
e641d1cc,2026-10-07T20:14:56.077780,NEU-DET,patches,patches_105.jpg,4x4,4,4,8,NEQR,1024,aer,12,4,8,129,89,61,"{""h"": 4, ""x"": 64, ""mcx"": 61}",0.000843707995954901,0.016693417041096836,2.4957989808171988e-05,2.3874978069216013e-05,0.01809033303288743,0.0,100.0,1.0
3438a110,2026-10-07T20:14:56.097792,NEU-DET,patches,patches_106.jpg,4x4,4,4,8,FRQI,1024,aer,5,4,1,1092,705,384,"{""h"": 132, ""x"": 64, ""cx"": 384, ""tdg"": 192, ""t"": 256, ""ry"": 64}",0.0024806250003166497,0.004835166968405247,3.474997356534004e-05,6.954197306185961e-05,0.010539459006395191,0.0014026227556445255,28.530591195434084,0.8329705517218753
e0239dde,2026-10-07T20:14:56.108367,NEU-DET,patches,patches_106.jpg,4x4,4,4,8,NEQR,1024,aer,12,4,8,127,87,59,"{""h"": 4, ""x"": 64, ""mcx"": 59}",0.0008496670052409172,0.0014132080250419676,2.0209001377224922e-05,1.850002445280552e-05,0.002882333006709814,0.0,100.0,1.0
17bd02f6,2026-10-07T20:14:56.111844,NEU-DET,patches,patches_107.jpg,4x4,4,4,8,FRQI,1024,aer,5,4,1,1092,705,384,"{""h"": 132, ""x"": 64, ""cx"": 384, ""tdg"": 192, ""t"": 256, ""ry"": 64}",0.0014778339536860585,0.004618916020262986,3.350002225488424e-05,6.225000834092498e-05,0.007686332974117249,0.002521268092566792,25.983809722799304,0.9477576775636715
538e4067,2026-10-07T20:14:56.119552,NEU-DET,patches,patches_107.jpg,4x4,4,4,8,NEQR,1024,aer,12,4,8,136,96,68,"{""h"": 4, ""x"": 64, ""mcx"": 68}",0.0009296250063925982,0.0019721249700523913,5.329196574166417e-05,3.995798761025071e-05,0.003569458029232919,0.0,100.0,1.0
57f2c2c1,2026-10-07T20:14:56.123818,NEU-DET,patches,patches_108.jpg,4x4,4,4,8,FRQI,1024,aer,5,4,1,1092,705,384,"{""h"": 132, ""x"": 64, ""cx"": 384, ""tdg"": 192, ""t"": 256, ""ry"": 64}",0.0010297499829903245,0.0050416659796610475,3.987504169344902e-05,7.18749943189323e-05,0.007599250006023794,0.0035017274139731705,24.55717663853607,0.9586689552795236
5df2a97c,2026-10-07T20:14:56.131447,NEU-DET,patches,patches_108.jpg,4x4,4,4,8,NEQR,1024,aer,12,4,8,140,100,72,"{""h"": 4, ""x"": 64, ""mcx"": 72}",0.0023985410225577652,0.0021289169671945274,2.31250305660069e-05,2.258399035781622e-05,0.0056671249913051724,0.0,100.0,1.0
8f06312a,2026-10-07T20:14:56.137719,NEU-DET,patches,patches_109.jpg,4x4,4,4,8,FRQI,1024,aer,5,4,1,1092,705,384,"{""h"": 132, ""x"": 64, ""cx"": 384, ""tdg"": 192, ""t"": 256, ""ry"": 64}",0.0011661670287139714,0.004757374990731478,3.412499791011214e-05,6.59169745631516e-05,0.007506375026423484,0.002822281580793925,25.493996585886222,0.9037273550551231
5d30843f,2026-10-07T20:14:56.145249,NEU-DET,patches,patches_109.jpg,4x4,4,4,8,NEQR,1024,aer,12,4,8,134,94,66,"{""h"": 4, ""x"": 64, ""mcx"": 66}",0.0009302080143243074,0.0019141249940730631,5.124998278915882e-05,3.883300814777613e-05,0.003514292009640485,0.0,100.0,1.0
f58fff58,2026-10-07T20:14:56.149506,NEU-DET,patches,patches_11.jpg,4x4,4,4,8,FRQI,1024,aer,5,4,1,1092,705,384,"{""h"": 132, ""x"": 64, ""cx"": 384, ""tdg"": 192, ""t"": 256, ""ry"": 64}",0.0023909169831313193,0.004659166967030615,3.5334029234945774e-05,6.370799383148551e-05,0.008970291004516184,0.0017767524719809176,27.503730716548187,0.9797220114902935
8f74dac9,2026-10-07T20:14:56.158504,NEU-DET,patches,patches_11.jpg,4x4,4,4,8,NEQR,1024,aer,12,4,8,143,103,75,"{""h"": 4, ""x"": 64, ""mcx"": 75}",0.0009829589980654418,0.0021834580111317337,2.162496093660593e-05,1.837499439716339e-05,0.0037049170350655913,0.0,100.0,1.0
53dcd3e9,2026-10-07T20:14:56.163095,NEU-DET,patches,patches_110.jpg,4x4,4,4,8,FRQI,1024,aer,5,4,1,1092,705,384,"{""h"": 132, ""x"": 64, ""cx"": 384, ""tdg"": 192, ""t"": 256, ""ry"": 64}",0.0025010419776663184,0.004834208986721933,3.416603431105614e-05,6.770796608179808e-05,0.01048175001051277,0.0027199141509106867,25.654448034563,0.9759518437064241
75aebe0f,2026-10-07T20:14:56.173609,NEU-DET,patches,patches_110.jpg,4x4,4,4,8,NEQR,1024,aer,12,4,8,136,96,68,"{""h"": 4, ""x"": 64, ""mcx"": 68}",0.0009448329801671207,0.0021391670452430844,2.062495332211256e-05,1.9458006136119366e-05,0.0036144580226391554,0.0,100.0,1.0
b9ea0bf9,2026-10-07T20:14:56.177783,NEU-DET,patches,patches_111.jpg,4x4,4,4,8,FRQI,1024,aer,5,4,1,1092,705,384,"{""h"": 132, ""x"": 64, ""cx"": 384, ""tdg"": 192, ""t"": 256, ""ry"": 64}",0.001175207959022373,0.0075026670238003135,3.104202914983034e-05,6.558396853506565e-05,0.010202166973613203,0.0037371192146166796,24.274630478757103,0.9666263737336215
d4faa91e,2026-10-07T20:14:56.188007,NEU-DET,patches,patches_111.jpg,4x4,4,4,8,NEQR,1024,aer,12,4,8,137,97,69,"{""h"": 4, ""x"": 64, ""mcx"": 69}",0.0010425840155221522,0.0019862079643644392,2.3457978386431932e-05,2.1041021682322025e-05,0.0036033749929629266,0.0,100.0,1.0
b22d01da,2026-10-07T20:14:56.192176,NEU-DET,patches,patches_112.jpg,4x4,4,4,8,FRQI,1024,aer,5,4,1,1092,705,384,"{""h"": 132, ""x"": 64, ""cx"": 384, ""tdg"": 192, ""t"": 256, ""ry"": 64}",0.0010815830319188535,0.00515579100465402,3.60840349458158e-05,6.587500683963299e-05,0.007776999962516129,0.001662626403068868,27.79205327036298,0.9826045357512195
9aed3eb4,2026-10-07T20:14:56.199975,NEU-DET,patches,patches_112.jpg,4x4,4,4,8,NEQR,1024,aer,12,4,8,139,99,71,"{""h"": 4, ""x"": 64, ""mcx"": 71}",0.0010342919849790633,0.0038065420230850577,2.7416972443461418e-05,2.212502295151353e-05,0.0055246250121854246,0.0,100.0,1.0
7134afdc,2026-10-07T20:14:56.206202,NEU-DET,patches,patches_113.jpg,4x4,4,4,8,FRQI,1024,aer,5,4,1,1092,705,384,"{""h"": 132, ""x"": 64, ""cx"": 384, ""tdg"": 192, ""t"": 256, ""ry"": 64}",0.0010652090422809124,0.004640875034965575,3.087497316300869e-05,6.216700421646237e-05,0.0072079579695127904,0.0018820980418926408,27.25357757134086,0.9798904113329805
28e259a4,2026-10-07T20:14:56.213431,NEU-DET,patches,patches_113.jpg,4x4,4,4,8,NEQR,1024,aer,12,4,8,136,96,68,"{""h"": 4, ""x"": 64, ""mcx"": 68}",0.0015790410107001662,0.0021527920034714043,2.0332983694970608e-05,2.0250037778168917e-05,0.004747416009195149,0.0,100.0,1.0
9197d4c7,2026-10-07T20:14:56.218891,NEU-DET,patches,patches_114.jpg,4x4,4,4,8,FRQI,1024,aer,5,4,1,1092,705,384,"{""h"": 132, ""x"": 64, ""cx"": 384, ""tdg"": 192, ""t"": 256, ""ry"": 64}",0.0010198749951086938,0.004682416969444603,3.16659570671618e-05,6.024999311193824e-05,0.007181041000876576,0.003002223758143632,25.225569425705523,0.9329201494083852
59bc9c13,2026-10-07T20:14:56.226092,NEU-DET,patches,patches_114.jpg,4x4,4,4,8,NEQR,1024,aer,12,4,8,130,90,62,"{""h"": 4, ""x"": 64, ""mcx"": 62}",0.0008430419838987291,0.0018440000130794942,1.8708000425249338e-05,1.7375044990330935e-05,0.0031951250275596976,0.0,100.0,1.0
18c2e41c,2026-10-07T20:14:56.229863,NEU-DET,patches,patches_115.jpg,4x4,4,4,8,FRQI,1024,aer,5,4,1,1092,705,384,"{""h"": 132, ""x"": 64, ""cx"": 384, ""tdg"": 192, ""t"": 256, ""ry"": 64}",0.0013611250324174762,0.005317041999660432,3.6792014725506306e-05,6.937497528269887e-05,0.008257666020654142,0.0026908950975101944,25.7010323254486,0.9525988715494007
8c15f771,2026-10-07T20:14:56.238145,NEU-DET,patches,patches_115.jpg,4x4,4,4,8,NEQR,1024,aer,12,4,8,135,95,67,"{""h"": 4, ""x"": 64, ""mcx"": 67}",0.0009335419745184481,0.0018839170224964619,2.0541949197649956e-05,1.8583028577268124e-05,0.0033435000223107636,0.0,100.0,1.0
ba8e1e40,2026-10-07T20:14:56.242029,NEU-DET,patches,patches_116.jpg,4x4,4,4,8,FRQI,1024,aer,5,4,1,1092,705,384,"{""h"": 132, ""x"": 64, ""cx"": 384, ""tdg"": 192, ""t"": 256, ""ry"": 64}",0.0011563749867491424,0.0052368330070748925,3.4541008062660694e-05,6.262498209252954e-05,0.007930333958938718,0.0020200199265286026,26.946443464252916,0.9593122578893926
d4121180,2026-10-07T20:14:56.249985,NEU-DET,patches,patches_116.jpg,4x4,4,4,8,NEQR,1024,aer,12,4,8,133,93,65,"{""h"": 4, ""x"": 64, ""mcx"": 65}",0.0020208339556120336,0.0020113339996896684,2.4457986000925303e-05,2.4582957848906517e-05,0.004999875032808632,0.0,100.0,1.0
666050de,2026-10-07T20:14:56.256061,NEU-DET,pitted_surface,pitted_surface_1.jpg,4x4,4,4,8,FRQI,1024,aer,5,4,1,1092,705,384,"{""h"": 132, ""x"": 64, ""cx"": 384, ""tdg"": 192, ""t"": 256, ""ry"": 64}",0.001533667033072561,0.007791999960318208,3.6959012504667044e-05,7.233297219499946e-05,0.011812666023615748,0.0017825660809500518,27.489543615826765,0.8229315632431145
5ecd410c,2026-10-07T20:14:56.267902,NEU-DET,pitted_surface,pitted_surface_1.jpg,4x4,4,4,8,NEQR,1024,aer,12,4,8,135,95,67,"{""h"": 4, ""x"": 64, ""mcx"": 67}",0.0014018340152688324,0.0018574580317363143,2.4541979655623436e-05,2.2499996703118086e-05,0.003933125000912696,0.0,100.0,1.0
175db165,2026-10-07T20:14:56.272324,NEU-DET,pitted_surface,pitted_surface_10.jpg,4x4,4,4,8,FRQI,1024,aer,5,4,1,1092,705,384,"{""h"": 132, ""x"": 64, ""cx"": 384, ""tdg"": 192, ""t"": 256, ""ry"": 64}",0.0011604579631239176,0.004737999988719821,3.754196222871542e-05,7.379200542345643e-05,0.0074866669601760805,0.001633044309565425,27.870020313449665,0.9293803330939451
056e445f,2026-10-07T20:14:56.279840,NEU-DET,pitted_surface,pitted_surface_10.jpg,4x4,4,4,8,NEQR,1024,aer,12,4,8,136,96,68,"{""h"": 4, ""x"": 64, ""mcx"": 68}",0.0009723749826662242,0.0036204999778419733,2.4083012249320745e-05,2.3124972358345985e-05,0.005222292034886777,0.0,100.0,1.0
fa606bae,2026-10-07T20:14:56.285533,NEU-DET,pitted_surface,pitted_surface_100.jpg,4x4,4,4,8,FRQI,1024,aer,5,4,1,1092,705,384,"{""h"": 132, ""x"": 64, ""cx"": 384, ""tdg"": 192, ""t"": 256, ""ry"": 64}",0.0011377089540474117,0.004874458012636751,2.6458001229912043e-05,6.470899097621441e-05,0.008739166951272637,0.0021528089573522825,26.669945082392033,0.5805638308214313
2dee9d1a,2026-10-07T20:14:56.294304,NEU-DET,pitted_surface,pitted_surface_100.jpg,4x4,4,4,8,NEQR,1024,aer,12,4,8,166,126,98,"{""h"": 4, ""x"": 64, ""mcx"": 98}",0.002255542029161006,0.002793000021483749,2.3874978069216013e-05,2.191704697906971e-05,0.006312999990768731,0.0,100.0,1.0
fedce452,2026-10-07T20:14:56.301040,NEU-DET,pitted_surface,pitted_surface_101.jpg,4x4,4,4,8,FRQI,1024,aer,5,4,1,1092,705,384,"{""h"": 132, ""x"": 64, ""cx"": 384, ""tdg"": 192, ""t"": 256, ""ry"": 64}",0.0011308749672025442,0.004846790980082005,2.7749978471547365e-05,6.445799954235554e-05,0.0075142079731449485,0.0021093786591579004,26.758454521137317,0.7445295124153841
405fc9e8,2026-10-07T20:14:56.308579,NEU-DET,pitted_surface,pitted_surface_101.jpg,4x4,4,4,8,NEQR,1024,aer,12,4,8,154,114,86,"{""h"": 4, ""x"": 64, ""mcx"": 86}",0.001158249971922487,0.002633000025525689,2.1957966964691877e-05,2.216699067503214e-05,0.004403416009154171,0.0,100.0,1.0
88497673,2026-10-07T20:14:56.313458,NEU-DET,pitted_surface,pitted_surface_102.jpg,4x4,4,4,8,FRQI,1024,aer,5,4,1,1092,705,384,"{""h"": 132, ""x"": 64, ""cx"": 384, ""tdg"": 192, ""t"": 256, ""ry"": 64}",0.001092290971428156,0.005317625007592142,2.8582988306879997e-05,7.091602310538292e-05,0.009429041005205363,0.003806613956843308,24.194611644028058,0.3254472149393415
0749473a,2026-10-07T20:14:56.322918,NEU-DET,pitted_surface,pitted_surface_102.jpg,4x4,4,4,8,NEQR,1024,aer,12,4,8,164,124,96,"{""h"": 4, ""x"": 64, ""mcx"": 96}",0.0012575840228237212,0.002820541965775192,2.091703936457634e-05,2.1000043489038944e-05,0.004750666965264827,0.0,100.0,1.0
97a3658c,2026-10-07T20:14:56.328209,NEU-DET,pitted_surface,pitted_surface_103.jpg,4x4,4,4,8,FRQI,1024,aer,5,4,1,1092,705,384,"{""h"": 132, ""x"": 64, ""cx"": 384, ""tdg"": 192, ""t"": 256, ""ry"": 64}",0.0011189999640919268,0.005034916976001114,3.6209006793797016e-05,6.816699169576168e-05,0.009017625008709729,0.0035100500778549267,24.546866874142566,0.9276039035695594
e14a62bf,2026-10-07T20:14:56.337260,NEU-DET,pitted_surface,pitted_surface_103.jpg,4x4,4,4,8,NEQR,1024,aer,12,4,8,141,101,73,"{""h"": 4, ""x"": 64, ""mcx"": 73}",0.0010001250193454325,0.0022451250115409493,1.9041995983570814e-05,1.89170241355896e-05,0.0037875830312259495,0.0,100.0,1.0
f165277f,2026-10-07T20:14:56.341610,NEU-DET,pitted_surface,pitted_surface_104.jpg,4x4,4,4,8,FRQI,1024,aer,5,4,1,1092,705,384,"{""h"": 132, ""x"": 64, ""cx"": 384, ""tdg"": 192, ""t"": 256, ""ry"": 64}",0.001097167027182877,0.004944207961671054,3.308302257210016e-05,6.749999010935426e-05,0.007610458007548004,0.002033321973627247,26.9179384600633,0.865992368228408
8b3ba8e5,2026-10-07T20:14:56.349243,NEU-DET,pitted_surface,pitted_surface_104.jpg,4x4,4,4,8,NEQR,1024,aer,12,4,8,130,90,62,"{""h"": 4, ""x"": 64, ""mcx"": 62}",0.001067084027454257,0.0024801670224405825,2.400000812485814e-05,2.2374966647475958e-05,0.00408812501700595,0.0,100.0,1.0
a22dcfd0,2026-10-07T20:14:56.353826,NEU-DET,pitted_surface,pitted_surface_105.jpg,4x4,4,4,8,FRQI,1024,aer,5,4,1,1092,705,384,"{""h"": 132, ""x"": 64, ""cx"": 384, ""tdg"": 192, ""t"": 256, ""ry"": 64}",0.0011025830172002316,0.004831583006307483,3.720802487805486e-05,7.275003008544445e-05,0.007533875002991408,0.0016646367602783036,27.78680519044808,0.7361446877090356
2c3bb5cc,2026-10-07T20:14:56.361385,NEU-DET,pitted_surface,pitted_surface_105.jpg,4x4,4,4,8,NEQR,1024,aer,12,4,8,143,103,75,"{""h"": 4, ""x"": 64, ""mcx"": 75}",0.001026500016450882,0.002528583980165422,2.4957989808171988e-05,2.1499989088624716e-05,0.004222583025693893,0.0,100.0,1.0
e76ada40,2026-10-07T20:14:56.366028,NEU-DET,pitted_surface,pitted_surface_106.jpg,4x4,4,4,8,FRQI,1024,aer,5,4,1,1092,705,384,"{""h"": 132, ""x"": 64, ""cx"": 384, ""tdg"": 192, ""t"": 256, ""ry"": 64}",0.0010067920084111392,0.005721917026676238,3.225001273676753e-05,6.612500874325633e-05,0.008247041958384216,0.002550196159193086,25.934264126724607,0.9090141080486207
364dbadb,2026-10-07T20:14:56.374299,NEU-DET,pitted_surface,pitted_surface_106.jpg,4x4,4,4,8,NEQR,1024,aer,12,4,8,124,84,56,"{""h"": 4, ""x"": 64, ""mcx"": 56}",0.0008266660152003169,0.0018777920049615204,2.0250037778168917e-05,1.791701652109623e-05,0.003202791966032237,0.0,100.0,1.0
39f3088d,2026-10-07T20:14:56.378040,NEU-DET,pitted_surface,pitted_surface_107.jpg,4x4,4,4,8,FRQI,1024,aer,5,4,1,1092,705,384,"{""h"": 132, ""x"": 64, ""cx"": 384, ""tdg"": 192, ""t"": 256, ""ry"": 64}",0.002347624977119267,0.004761709016747773,3.508396912366152e-05,7.158401422202587e-05,0.00879945803899318,0.002131655541730347,26.712829724465358,0.917226843842459
99aea29d,2026-10-07T20:14:56.386869,NEU-DET,pitted_surface,pitted_surface_107.jpg,4x4,4,4,8,NEQR,1024,aer,12,4,8,124,84,56,"{""h"": 4, ""x"": 64, ""mcx"": 56}",0.0018797090160660446,0.0016827499493956566,1.9208004232496023e-05,1.9625003915280104e-05,0.004432042012922466,0.0,100.0,1.0
e46213f9,2026-10-07T20:14:56.391935,NEU-DET,pitted_surface,pitted_surface_108.jpg,4x4,4,4,8,FRQI,1024,aer,5,4,1,1092,705,384,"{""h"": 132, ""x"": 64, ""cx"": 384, ""tdg"": 192, ""t"": 256, ""ry"": 64}",0.002609417017083615,0.009113625041209161,3.629102138802409e-05,6.862496957182884e-05,0.014843584038317204,0.0017805058565121775,27.494565934883294,0.8025999290908439
70b7a801,2026-10-07T20:14:56.406811,NEU-DET,pitted_surface,pitted_surface_108.jpg,4x4,4,4,8,NEQR,1024,aer,12,4,8,126,86,58,"{""h"": 4, ""x"": 64, ""mcx"": 58}",0.0008647080394439399,0.0018911249935626984,2.0665989723056555e-05,1.9708008039742708e-05,0.003284249978605658,0.0,100.0,1.0
8326a2ac,2026-10-07T20:14:56.410560,NEU-DET,pitted_surface,pitted_surface_109.jpg,4x4,4,4,8,FRQI,1024,aer,5,4,1,1092,705,384,"{""h"": 132, ""x"": 64, ""cx"": 384, ""tdg"": 192, ""t"": 256, ""ry"": 64}",0.0010790840024128556,0.005030790984164923,3.466696944087744e-05,6.699998630210757e-05,0.00765154097462073,0.0016428907761239398,27.843913086911982,0.8662045774866988
10c21344,2026-10-07T20:14:56.418235,NEU-DET,pitted_surface,pitted_surface_109.jpg,4x4,4,4,8,NEQR,1024,aer,12,4,8,135,95,67,"{""h"": 4, ""x"": 64, ""mcx"": 67}",0.0010339589789509773,0.0028571669827215374,2.2833002731204033e-05,2.358300844207406e-05,0.004480832954868674,0.0,100.0,1.0
5b9d43bd,2026-10-07T20:14:56.423155,NEU-DET,pitted_surface,pitted_surface_11.jpg,4x4,4,4,8,FRQI,1024,aer,5,4,1,1092,705,384,"{""h"": 132, ""x"": 64, ""cx"": 384, ""tdg"": 192, ""t"": 256, ""ry"": 64}",0.0010574159678071737,0.004839916015043855,3.74580267816782e-05,7.137499051168561e-05,0.007471415970940143,0.0031779369551588796,24.978547227039055,0.8450698783807398
e4ced040,2026-10-07T20:14:56.430657,NEU-DET,pitted_surface,pitted_surface_11.jpg,4x4,4,4,8,NEQR,1024,aer,12,4,8,134,94,66,"{""h"": 4, ""x"": 64, ""mcx"": 66}",0.001094167004339397,0.0034568330156616867,2.1832995116710663e-05,2.012500772252679e-05,0.005094667023513466,0.0,100.0,1.0
9f39beee,2026-10-07T20:14:56.436280,NEU-DET,pitted_surface,pitted_surface_110.jpg,4x4,4,4,8,FRQI,1024,aer,5,4,1,1092,705,384,"{""h"": 132, ""x"": 64, ""cx"": 384, ""tdg"": 192, ""t"": 256, ""ry"": 64}",0.001257791998796165,0.004769249993842095,3.429199568927288e-05,6.833299994468689e-05,0.007619708019774407,0.002606887199540603,25.838777604223615,0.8842550190046798
bc31897c,2026-10-07T20:14:56.443925,NEU-DET,pitted_surface,pitted_surface_110.jpg,4x4,4,4,8,NEQR,1024,aer,12,4,8,131,91,63,"{""h"": 4, ""x"": 64, ""mcx"": 63}",0.0009272089810110629,0.0023023340036161244,5.829200381413102e-05,4.675000673159957e-05,0.004502499999944121,0.0,100.0,1.0
b2d86511,2026-10-07T20:14:56.448921,NEU-DET,pitted_surface,pitted_surface_111.jpg,4x4,4,4,8,FRQI,1024,aer,5,4,1,1092,705,384,"{""h"": 132, ""x"": 64, ""cx"": 384, ""tdg"": 192, ""t"": 256, ""ry"": 64}",0.0011085830046795309,0.004925584013108164,3.812502836808562e-05,7.054099114611745e-05,0.008960624982137233,0.002456907451289305,26.09611202555886,0.9036255862725184
2046bcc8,2026-10-07T20:14:56.457911,NEU-DET,pitted_surface,pitted_surface_111.jpg,4x4,4,4,8,NEQR,1024,aer,12,4,8,139,99,71,"{""h"": 4, ""x"": 64, ""mcx"": 71}",0.0009807500173337758,0.002242457994725555,1.9291997887194157e-05,1.9708008039742708e-05,0.00377408298663795,0.0,100.0,1.0
fd8eea4b,2026-10-07T20:14:56.462164,NEU-DET,pitted_surface,pitted_surface_112.jpg,4x4,4,4,8,FRQI,1024,aer,5,4,1,1092,705,384,"{""h"": 132, ""x"": 64, ""cx"": 384, ""tdg"": 192, ""t"": 256, ""ry"": 64}",0.0011522910208441317,0.004829749988857657,3.379205008968711e-05,6.658298661932349e-05,0.007543416984844953,0.002047402047195702,26.88796866798311,0.9195682559958878
ea62d82e,2026-10-07T20:14:56.469733,NEU-DET,pitted_surface,pitted_surface_112.jpg,4x4,4,4,8,NEQR,1024,aer,12,4,8,136,96,68,"{""h"": 4, ""x"": 64, ""mcx"": 68}",0.0009525000350549817,0.003151874989271164,2.5290995836257935e-05,2.4749955628067255e-05,0.004864499962422997,0.0,100.0,1.0
7736210d,2026-10-07T20:14:56.475071,NEU-DET,pitted_surface,pitted_surface_113.jpg,4x4,4,4,8,FRQI,1024,aer,5,4,1,1092,705,384,"{""h"": 132, ""x"": 64, ""cx"": 384, ""tdg"": 192, ""t"": 256, ""ry"": 64}",0.001176416000816971,0.0060801669606007636,3.6375015042722225e-05,6.96660135872662e-05,0.008870207995641977,0.0027686719218211276,25.57728503620345,0.842126268438048
69f89a97,2026-10-07T20:14:56.483969,NEU-DET,pitted_surface,pitted_surface_113.jpg,4x4,4,4,8,NEQR,1024,aer,12,4,8,145,105,77,"{""h"": 4, ""x"": 64, ""mcx"": 77}",0.002393707982264459,0.002428709005471319,2.2082997020334005e-05,2.1083978936076164e-05,0.005861082987394184,0.0,100.0,1.0
16e363df,2026-10-07T20:14:56.490269,NEU-DET,pitted_surface,pitted_surface_114.jpg,4x4,4,4,8,FRQI,1024,aer,5,4,1,1092,705,384,"{""h"": 132, ""x"": 64, ""cx"": 384, ""tdg"": 192, ""t"": 256, ""ry"": 64}",0.0011677499860525131,0.0047746250056661665,3.0291033908724785e-05,6.729201413691044e-05,0.00749175000237301,0.0018472576970409538,27.334725151736095,0.9172527886605789
45e9221f,2026-10-07T20:14:56.498043,NEU-DET,pitted_surface,pitted_surface_114.jpg,4x4,4,4,8,NEQR,1024,aer,12,4,8,159,119,91,"{""h"": 4, ""x"": 64, ""mcx"": 91}",0.0032058340148068964,0.0027020000270567834,2.2792024537920952e-05,2.304196823388338e-05,0.0071591250016354024,0.0,100.0,1.0
9a166520,2026-10-07T20:14:56.505744,NEU-DET,pitted_surface,pitted_surface_115.jpg,4x4,4,4,8,FRQI,1024,aer,5,4,1,1092,705,384,"{""h"": 132, ""x"": 64, ""cx"": 384, ""tdg"": 192, ""t"": 256, ""ry"": 64}",0.001146750000771135,0.004841124988161027,2.9375019948929548e-05,6.687501445412636e-05,0.008822083997074515,0.0025967504705034106,25.855697810176117,0.652258243870319
ebcca5f3,2026-10-07T20:14:56.514592,NEU-DET,pitted_surface,pitted_surface_115.jpg,4x4,4,4,8,NEQR,1024,aer,12,4,8,164,124,96,"{""h"": 4, ""x"": 64, ""mcx"": 96}",0.0031102499924600124,0.002753541979473084,2.104195300489664e-05,2.0332983694970608e-05,0.007068999984767288,0.0,100.0,1.0
b0040979,2026-10-07T20:14:56.522096,NEU-DET,pitted_surface,pitted_surface_116.jpg,4x4,4,4,8,FRQI,1024,aer,5,4,1,1092,705,384,"{""h"": 132, ""x"": 64, ""cx"": 384, ""tdg"": 192, ""t"": 256, ""ry"": 64}",0.0011732499697245657,0.005455375008750707,3.249995643272996e-05,6.78329961374402e-05,0.008155582996550947,0.004285501078332568,23.67998391282886,0.6371020925500438
d152806c,2026-10-07T20:14:56.530277,NEU-DET,pitted_surface,pitted_surface_116.jpg,4x4,4,4,8,NEQR,1024,aer,12,4,8,150,110,82,"{""h"": 4, ""x"": 64, ""mcx"": 82}",0.0026158749824389815,0.0025587500422261655,2.1249987185001373e-05,2.0041014067828655e-05,0.006261333008296788,0.0,100.0,1.0
13924a75,2026-10-07T20:14:56.537605,NEU-DET,rolled-in_scale,rolled-in_scale_1.jpg,4x4,4,4,8,FRQI,1024,aer,5,4,1,1092,705,384,"{""h"": 132, ""x"": 64, ""cx"": 384, ""tdg"": 192, ""t"": 256, ""ry"": 64}",0.0010510829742997885,0.004792541032657027,3.166601527482271e-05,6.804196164011955e-05,0.007383791962638497,0.002253019905613003,26.47234971232362,0.6908876657737888
c8963721,2026-10-07T20:14:56.545014,NEU-DET,rolled-in_scale,rolled-in_scale_1.jpg,4x4,4,4,8,NEQR,1024,aer,12,4,8,129,89,61,"{""h"": 4, ""x"": 64, ""mcx"": 61}",0.0008792500011622906,0.0020967090385966003,2.0874955225735903e-05,1.941696973517537e-05,0.0035325419739820063,0.0,100.0,1.0
455dac9c,2026-10-07T20:14:56.548988,NEU-DET,rolled-in_scale,rolled-in_scale_10.jpg,4x4,4,4,8,FRQI,1024,aer,5,4,1,1092,705,384,"{""h"": 132, ""x"": 64, ""cx"": 384, ""tdg"": 192, ""t"": 256, ""ry"": 64}",0.0025208750157617033,0.005100790993310511,3.57080134563148e-05,7.095799082890153e-05,0.010553209052886814,0.0027168439624766162,25.659353038645385,0.5532313072242676
2a80809c,2026-10-07T20:14:56.559566,NEU-DET,rolled-in_scale,rolled-in_scale_10.jpg,4x4,4,4,8,NEQR,1024,aer,12,4,8,136,96,68,"{""h"": 4, ""x"": 64, ""mcx"": 68}",0.0009547080262564123,0.0019652079790830612,2.3291970137506723e-05,2.0666979253292084e-05,0.0034658750519156456,0.0,100.0,1.0
d97e26c7,2026-10-07T20:14:56.563517,NEU-DET,rolled-in_scale,rolled-in_scale_100.jpg,4x4,4,4,8,FRQI,1024,aer,5,4,1,1092,705,384,"{""h"": 132, ""x"": 64, ""cx"": 384, ""tdg"": 192, ""t"": 256, ""ry"": 64}",0.0015102910110726953,0.0048178750439547,3.345799632370472e-05,6.662501255050302e-05,0.007903957972303033,0.0029423893016849592,25.312998671665042,0.5727393464310123
a8a72492,2026-10-07T20:14:56.571446,NEU-DET,rolled-in_scale,rolled-in_scale_100.jpg,4x4,4,4,8,NEQR,1024,aer,12,4,8,131,91,63,"{""h"": 4, ""x"": 64, ""mcx"": 63}",0.0008883750415407121,0.001844500016886741,2.1916988771408796e-05,1.9208993762731552e-05,0.0032982080010697246,0.0,100.0,1.0
44931266,2026-10-07T20:14:56.575533,NEU-DET,rolled-in_scale,rolled-in_scale_101.jpg,4x4,4,4,8,FRQI,1024,aer,5,4,1,1092,705,384,"{""h"": 132, ""x"": 64, ""cx"": 384, ""tdg"": 192, ""t"": 256, ""ry"": 64}",0.0024848750326782465,0.010289666010066867,3.645801916718483e-05,7.408298552036285e-05,0.01598200004082173,0.0021692182539999596,26.636967496274643,0.7918412449588045
31ff61c8,2026-10-07T20:14:56.591549,NEU-DET,rolled-in_scale,rolled-in_scale_101.jpg,4x4,4,4,8,NEQR,1024,aer,12,4,8,138,98,70,"{""h"": 4, ""x"": 64, ""mcx"": 70}",0.001087707991246134,0.001954499981366098,2.3416010662913322e-05,2.0415987819433212e-05,0.003606832993682474,0.0,100.0,1.0
025efcfd,2026-10-07T20:14:56.595620,NEU-DET,rolled-in_scale,rolled-in_scale_102.jpg,4x4,4,4,8,FRQI,1024,aer,5,4,1,1092,705,384,"{""h"": 132, ""x"": 64, ""cx"": 384, ""tdg"": 192, ""t"": 256, ""ry"": 64}",0.0024911669897846878,0.00486104201991111,8.466700091958046e-05,0.00014708394883200526,0.009449083008803427,0.002715482785146683,25.661529460805234,0.6805055195982119
ac78b06c,2026-10-07T20:14:56.605116,NEU-DET,rolled-in_scale,rolled-in_scale_102.jpg,4x4,4,4,8,NEQR,1024,aer,12,4,8,136,96,68,"{""h"": 4, ""x"": 64, ""mcx"": 68}",0.0012008330086246133,0.0019210839527659118,2.3208034690469503e-05,2.2042018827050924e-05,0.003851959016174078,0.0,100.0,1.0
92fb872a,2026-10-07T20:14:56.609460,NEU-DET,rolled-in_scale,rolled-in_scale_103.jpg,4x4,4,4,8,FRQI,1024,aer,5,4,1,1092,705,384,"{""h"": 132, ""x"": 64, ""cx"": 384, ""tdg"": 192, ""t"": 256, ""ry"": 64}",0.0010759580181911588,0.007477250008378178,3.545900108292699e-05,6.979197496548295e-05,0.01012916601030156,0.0028049721144946193,25.52071451905613,0.6729454055830084
69102fd2,2026-10-07T20:14:56.619613,NEU-DET,rolled-in_scale,rolled-in_scale_103.jpg,4x4,4,4,8,NEQR,1024,aer,12,4,8,130,90,62,"{""h"": 4, ""x"": 64, ""mcx"": 62}",0.0008821670198813081,0.0020426660194061697,1.9915984012186527e-05,1.8291000742465258e-05,0.003415958024561405,0.0,100.0,1.0
e6d01118,2026-10-07T20:14:56.623793,NEU-DET,rolled-in_scale,rolled-in_scale_104.jpg,4x4,4,4,8,FRQI,1024,aer,5,4,1,1092,705,384,"{""h"": 132, ""x"": 64, ""cx"": 384, ""tdg"": 192, ""t"": 256, ""ry"": 64}",0.002515624975785613,0.0128340829978697,3.566598752513528e-05,6.962503539398313e-05,0.018475292017683387,0.003132730984150613,25.040768975265713,0.6760977294903492
6dcbef32,2026-10-07T20:14:56.642297,NEU-DET,rolled-in_scale,rolled-in_scale_104.jpg,4x4,4,4,8,NEQR,1024,aer,12,4,8,127,87,59,"{""h"": 4, ""x"": 64, ""mcx"": 59}",0.000848374969791621,0.0017738750320859253,1.9167026039212942e-05,1.8874998204410076e-05,0.0031385410111397505,0.0,100.0,1.0
56aaf741,2026-10-07T20:14:56.646070,NEU-DET,rolled-in_scale,rolled-in_scale_105.jpg,4x4,4,4,8,FRQI,1024,aer,5,4,1,1092,705,384,"{""h"": 132, ""x"": 64, ""cx"": 384, ""tdg"": 192, ""t"": 256, ""ry"": 64}",0.0011530829942785203,0.006319917039945722,3.425002796575427e-05,6.629101699218154e-05,0.009074750007130206,0.0025261280852615056,25.9754463267538,0.5904990716383599
9a3c915d,2026-10-07T20:14:56.655170,NEU-DET,rolled-in_scale,rolled-in_scale_105.jpg,4x4,4,4,8,NEQR,1024,aer,12,4,8,140,100,72,"{""h"": 4, ""x"": 64, ""mcx"": 72}",0.0009929579682648182,0.002041290979832411,2.0291015971451998e-05,1.8375052604824305e-05,0.0035755829885601997,0.0,100.0,1.0
98aa04dc,2026-10-07T20:14:56.659245,NEU-DET,rolled-in_scale,rolled-in_scale_106.jpg,4x4,4,4,8,FRQI,1024,aer,5,4,1,1092,705,384,"{""h"": 132, ""x"": 64, ""cx"": 384, ""tdg"": 192, ""t"": 256, ""ry"": 64}",0.0010637080413289368,0.00493874994572252,3.783300053328276e-05,7.058295886963606e-05,0.007625166967045516,0.0026616280436668207,25.748526362654772,0.4979130637266782
f7c2b9ff,2026-10-07T20:14:56.666901,NEU-DET,rolled-in_scale,rolled-in_scale_106.jpg,4x4,4,4,8,NEQR,1024,aer,12,4,8,139,99,71,"{""h"": 4, ""x"": 64, ""mcx"": 71}",0.002753332955762744,0.0020813330193050206,2.575002145022154e-05,2.5040993932634592e-05,0.0059209580067545176,0.0,100.0,1.0
ec6c5ca9,2026-10-07T20:14:56.673370,NEU-DET,rolled-in_scale,rolled-in_scale_107.jpg,4x4,4,4,8,FRQI,1024,aer,5,4,1,1092,705,384,"{""h"": 132, ""x"": 64, ""cx"": 384, ""tdg"": 192, ""t"": 256, ""ry"": 64}",0.0010726250475272536,0.006062040978576988,3.708299482241273e-05,7.112498860806227e-05,0.008761541976127774,0.0023336689180526162,26.319607580858467,0.6227410548789485
6cd35fcd,2026-10-07T20:14:56.682158,NEU-DET,rolled-in_scale,rolled-in_scale_107.jpg,4x4,4,4,8,NEQR,1024,aer,12,4,8,138,98,70,"{""h"": 4, ""x"": 64, ""mcx"": 70}",0.0011046670260839164,0.0019308340270072222,2.050003968179226e-05,2.0749983377754688e-05,0.003651166975032538,0.0,100.0,1.0
a36e9360,2026-10-07T20:14:56.686342,NEU-DET,rolled-in_scale,rolled-in_scale_108.jpg,4x4,4,4,8,FRQI,1024,aer,5,4,1,1092,705,384,"{""h"": 132, ""x"": 64, ""cx"": 384, ""tdg"": 192, ""t"": 256, ""ry"": 64}",0.0010650829644873738,0.00503075000597164,3.491697134450078e-05,7.050001295283437e-05,0.007672750041820109,0.0021809522216581717,26.61353848450412,0.5223853859335105
a0a7600e,2026-10-07T20:14:56.694044,NEU-DET,rolled-in_scale,rolled-in_scale_108.jpg,4x4,4,4,8,NEQR,1024,aer,12,4,8,148,108,80,"{""h"": 4, ""x"": 64, ""mcx"": 80}",0.0016582499956712127,0.0022775419638492167,2.241699257865548e-05,2.19999928958714e-05,0.0051568340277299285,0.0,100.0,1.0
344a7825,2026-10-07T20:14:56.699810,NEU-DET,rolled-in_scale,rolled-in_scale_109.jpg,4x4,4,4,8,FRQI,1024,aer,5,4,1,1092,705,384,"{""h"": 132, ""x"": 64, ""cx"": 384, ""tdg"": 192, ""t"": 256, ""ry"": 64}",0.0011114579974673688,0.0048212920082733035,3.6999990697950125e-05,7.025001104921103e-05,0.0075345420045778155,0.0026555773503132533,25.758410441507085,0.7616050469232956
9510a139,2026-10-07T20:14:56.707373,NEU-DET,rolled-in_scale,rolled-in_scale_109.jpg,4x4,4,4,8,NEQR,1024,aer,12,4,8,137,97,69,"{""h"": 4, ""x"": 64, ""mcx"": 69}",0.0009874579845927656,0.0018595419824123383,2.1792016923427582e-05,1.9916973542422056e-05,0.003523290972225368,0.0,100.0,1.0
74a7f25e,2026-10-07T20:14:56.711584,NEU-DET,rolled-in_scale,rolled-in_scale_11.jpg,4x4,4,4,8,FRQI,1024,aer,5,4,1,1092,705,384,"{""h"": 132, ""x"": 64, ""cx"": 384, ""tdg"": 192, ""t"": 256, ""ry"": 64}",0.0012222499935887754,0.004777625028509647,3.3833959605544806e-05,6.416602991521358e-05,0.0075468749855645,0.0022248740701363407,26.526945654437842,0.6969104231785708
6399e22e,2026-10-07T20:14:56.719152,NEU-DET,rolled-in_scale,rolled-in_scale_11.jpg,4x4,4,4,8,NEQR,1024,aer,12,4,8,132,92,64,"{""h"": 4, ""x"": 64, ""mcx"": 64}",0.0009609590051695704,0.002143374993465841,2.2707972675561905e-05,2.054200740531087e-05,0.0036494999658316374,0.0,100.0,1.0
567c03aa,2026-10-07T20:14:56.723459,NEU-DET,rolled-in_scale,rolled-in_scale_110.jpg,4x4,4,4,8,FRQI,1024,aer,5,4,1,1092,705,384,"{""h"": 132, ""x"": 64, ""cx"": 384, ""tdg"": 192, ""t"": 256, ""ry"": 64}",0.002548040996771306,0.005276791984215379,3.5999983083456755e-05,7.095799082890153e-05,0.011089000036008656,0.0024453519037157157,26.116586339453868,0.5306346588086415
12867a76,2026-10-07T20:14:56.734580,NEU-DET,rolled-in_scale,rolled-in_scale_110.jpg,4x4,4,4,8,NEQR,1024,aer,12,4,8,140,100,72,"{""h"": 4, ""x"": 64, ""mcx"": 72}",0.0010274159722030163,0.0020035000052303076,2.041697734966874e-05,1.850002445280552e-05,0.003625250014010817,0.0,100.0,1.0
a4998b7e,2026-10-07T20:14:56.738664,NEU-DET,rolled-in_scale,rolled-in_scale_111.jpg,4x4,4,4,8,FRQI,1024,aer,5,4,1,1092,705,384,"{""h"": 132, ""x"": 64, ""cx"": 384, ""tdg"": 192, ""t"": 256, ""ry"": 64}",0.00115462503163144,0.0055429579806514084,3.524997737258673e-05,6.870797369629145e-05,0.008280833018943667,0.0025553236978254064,25.925540774177442,0.6735328924608753
1d95e07f,2026-10-07T20:14:56.746968,NEU-DET,rolled-in_scale,rolled-in_scale_111.jpg,4x4,4,4,8,NEQR,1024,aer,12,4,8,138,98,70,"{""h"": 4, ""x"": 64, ""mcx"": 70}",0.0009666249970905483,0.002288916031830013,2.212502295151353e-05,2.0082981791347265e-05,0.0038410829729400575,0.0,100.0,1.0
cf1c01a2,2026-10-07T20:14:56.751238,NEU-DET,rolled-in_scale,rolled-in_scale_112.jpg,4x4,4,4,8,FRQI,1024,aer,5,4,1,1092,705,384,"{""h"": 132, ""x"": 64, ""cx"": 384, ""tdg"": 192, ""t"": 256, ""ry"": 64}",0.00108804099727422,0.005040624993853271,3.770797047764063e-05,8.91250092536211e-05,0.007785833964589983,0.0026613711040014195,25.74894562809464,0.5846586887351669
ec9a7abf,2026-10-07T20:14:56.759049,NEU-DET,rolled-in_scale,rolled-in_scale_112.jpg,4x4,4,4,8,NEQR,1024,aer,12,4,8,143,103,75,"{""h"": 4, ""x"": 64, ""mcx"": 75}",0.0010348749929107726,0.0019312090007588267,1.995800994336605e-05,2.0417035557329655e-05,0.0035288340295664966,0.0,100.0,1.0
4044664c,2026-10-07T20:14:56.763039,NEU-DET,rolled-in_scale,rolled-in_scale_113.jpg,4x4,4,4,8,FRQI,1024,aer,5,4,1,1092,705,384,"{""h"": 132, ""x"": 64, ""cx"": 384, ""tdg"": 192, ""t"": 256, ""ry"": 64}",0.0026548330206424,0.005364124954212457,3.5958015359938145e-05,6.983400089666247e-05,0.011224624991882592,0.002603341386768087,25.84468877350609,0.5789107717965287
56b0100e,2026-10-07T20:14:56.774288,NEU-DET,rolled-in_scale,rolled-in_scale_113.jpg,4x4,4,4,8,NEQR,1024,aer,12,4,8,147,107,79,"{""h"": 4, ""x"": 64, ""mcx"": 79}",0.0011920839897356927,0.002316166996024549,2.1249987185001373e-05,1.979200169444084e-05,0.00409037503413856,0.0,100.0,1.0
a7ca1012,2026-10-07T20:14:56.778880,NEU-DET,rolled-in_scale,rolled-in_scale_114.jpg,4x4,4,4,8,FRQI,1024,aer,5,4,1,1092,705,384,"{""h"": 132, ""x"": 64, ""cx"": 384, ""tdg"": 192, ""t"": 256, ""ry"": 64}",0.001098542008548975,0.0058750000316649675,3.479100996628404e-05,6.387499161064625e-05,0.008563917013816535,0.0030760256801692504,25.120100431523863,0.4017264640040453
097671a6,2026-10-07T20:14:56.787471,NEU-DET,rolled-in_scale,rolled-in_scale_114.jpg,4x4,4,4,8,NEQR,1024,aer,12,4,8,144,104,76,"{""h"": 4, ""x"": 64, ""mcx"": 76}",0.0014556670212186873,0.0023581249988637865,2.6166962925344706e-05,2.345896791666746e-05,0.0044455419993028045,0.0,100.0,1.0
424054cd,2026-10-07T20:14:56.792451,NEU-DET,rolled-in_scale,rolled-in_scale_115.jpg,4x4,4,4,8,FRQI,1024,aer,5,4,1,1092,705,384,"{""h"": 132, ""x"": 64, ""cx"": 384, ""tdg"": 192, ""t"": 256, ""ry"": 64}",0.0011125419987365603,0.0050651669735088944,3.6999990697950125e-05,7.354101398959756e-05,0.007789750001393259,0.0025336853312459716,25.962473229132186,0.48546529467262345
751193ae,2026-10-07T20:14:56.800274,NEU-DET,rolled-in_scale,rolled-in_scale_115.jpg,4x4,4,4,8,NEQR,1024,aer,12,4,8,148,108,80,"{""h"": 4, ""x"": 64, ""mcx"": 80}",0.0011075420188717544,0.0019370840163901448,2.2333988454192877e-05,1.8499966245144606e-05,0.0038029159768484533,0.0,100.0,1.0
f3fff027,2026-10-07T20:14:56.804740,NEU-DET,rolled-in_scale,rolled-in_scale_116.jpg,4x4,4,4,8,FRQI,1024,aer,5,4,1,1092,705,384,"{""h"": 132, ""x"": 64, ""cx"": 384, ""tdg"": 192, ""t"": 256, ""ry"": 64}",0.0011116669629700482,0.004825083015020937,3.358302637934685e-05,6.062502507120371e-05,0.00749250000808388,0.002487380748036298,26.04257731370684,0.683816760130579
16c7be5a,2026-10-07T20:14:56.812253,NEU-DET,rolled-in_scale,rolled-in_scale_116.jpg,4x4,4,4,8,NEQR,1024,aer,12,4,8,141,101,73,"{""h"": 4, ""x"": 64, ""mcx"": 73}",0.0009717079810798168,0.002926332992501557,6.287504220381379e-05,7.912499131634831e-05,0.005009500018786639,0.0,100.0,1.0
93e99723,2026-10-07T20:14:56.819268,NEU-DET,scratches,scratches_1.jpg,4x4,4,4,8,FRQI,1024,aer,5,4,1,1092,705,384,"{""h"": 132, ""x"": 64, ""cx"": 384, ""tdg"": 192, ""t"": 256, ""ry"": 64}",0.003107083961367607,0.006631208001635969,9.304197737947106e-05,7.637497037649155e-05,0.013134584005456418,0.0034321088656348933,24.64438944892492,0.3810413657738132
08c5c4e1,2026-10-07T20:14:56.832462,NEU-DET,scratches,scratches_1.jpg,4x4,4,4,8,NEQR,1024,aer,12,4,8,139,99,71,"{""h"": 4, ""x"": 64, ""mcx"": 71}",0.0013178749941289425,0.0021214589942246675,2.5124987587332726e-05,2.4833017960190773e-05,0.004352999967522919,0.0,100.0,1.0
97fe8d56,2026-10-07T20:14:56.837585,NEU-DET,scratches,scratches_10.jpg,4x4,4,4,8,FRQI,1024,aer,5,4,1,1092,705,384,"{""h"": 132, ""x"": 64, ""cx"": 384, ""tdg"": 192, ""t"": 256, ""ry"": 64}",0.0022282919962890446,0.004862625035457313,3.5334029234945774e-05,6.95830094628036e-05,0.00887195800896734,0.002391057361915988,26.214100049529154,0.7403874806063231
6b5e074e,2026-10-07T20:14:56.846489,NEU-DET,scratches,scratches_10.jpg,4x4,4,4,8,NEQR,1024,aer,12,4,8,131,91,63,"{""h"": 4, ""x"": 64, ""mcx"": 63}",0.0009055000264197588,0.0020056250505149364,2.0749983377754688e-05,1.958297798410058e-05,0.0034477919689379632,0.0,100.0,1.0
90c25a8e,2026-10-07T20:14:56.850508,NEU-DET,scratches,scratches_100.jpg,4x4,4,4,8,FRQI,1024,aer,5,4,1,1092,705,384,"{""h"": 132, ""x"": 64, ""cx"": 384, ""tdg"": 192, ""t"": 256, ""ry"": 64}",0.0011559160193428397,0.00502104201586917,3.6207959055900574e-05,6.737496005371213e-05,0.008328167023137212,0.0020457735768493928,26.891424350258287,0.7430237457526283
24cbf689,2026-10-07T20:14:56.858864,NEU-DET,scratches,scratches_100.jpg,4x4,4,4,8,NEQR,1024,aer,12,4,8,132,92,64,"{""h"": 4, ""x"": 64, ""mcx"": 64}",0.0009008329943753779,0.001925624965224415,1.999997766688466e-05,1.9875005818903446e-05,0.0033911250066012144,0.0,100.0,1.0
ffb14d3c,2026-10-07T20:14:56.863207,NEU-DET,scratches,scratches_101.jpg,4x4,4,4,8,FRQI,1024,aer,5,4,1,1092,705,384,"{""h"": 132, ""x"": 64, ""cx"": 384, ""tdg"": 192, ""t"": 256, ""ry"": 64}",0.0012197089963592589,0.010433832998387516,3.291695611551404e-05,6.654096068814397e-05,0.014679583022370934,0.0017441096479025443,27.584262155146124,0.9416472625386398
87a2ae45,2026-10-07T20:14:56.877914,NEU-DET,scratches,scratches_101.jpg,4x4,4,4,8,NEQR,1024,aer,12,4,8,129,89,61,"{""h"": 4, ""x"": 64, ""mcx"": 61}",0.0008670419920235872,0.0017578750266693532,2.4457986000925303e-05,2.0915991626679897e-05,0.0031481250189244747,0.0,100.0,1.0
bd592eac,2026-10-07T20:14:56.881592,NEU-DET,scratches,scratches_102.jpg,4x4,4,4,8,FRQI,1024,aer,5,4,1,1092,705,384,"{""h"": 132, ""x"": 64, ""cx"": 384, ""tdg"": 192, ""t"": 256, ""ry"": 64}",0.002653667004778981,0.005021999997552484,3.7582998629659414e-05,6.766599835827947e-05,0.011162583017721772,0.0021400102581586866,26.695841448512603,0.9017779397925897
97db21b5,2026-10-07T20:14:56.892791,NEU-DET,scratches,scratches_102.jpg,4x4,4,4,8,NEQR,1024,aer,12,4,8,132,92,64,"{""h"": 4, ""x"": 64, ""mcx"": 64}",0.0010222909622825682,0.0016277919639833272,2.4667009711265564e-05,2.112501533702016e-05,0.003194958029780537,0.0,100.0,1.0
4dbc5e52,2026-10-07T20:14:56.896620,NEU-DET,scratches,scratches_103.jpg,4x4,4,4,8,FRQI,1024,aer,5,4,1,1092,705,384,"{""h"": 132, ""x"": 64, ""cx"": 384, ""tdg"": 192, ""t"": 256, ""ry"": 64}",0.002902458014432341,0.006844000017736107,4.279200220480561e-05,7.737497799098492e-05,0.013014541997108608,0.001342385665310935,28.721226941119188,0.7427940655295233
d9b232c4,2026-10-07T20:14:56.909674,NEU-DET,scratches,scratches_103.jpg,4x4,4,4,8,NEQR,1024,aer,12,4,8,120,80,52,"{""h"": 4, ""x"": 64, ""mcx"": 52}",0.0016653750208206475,0.001494458003435284,2.3416010662913322e-05,2.1708954591304064e-05,0.004224832984618843,0.0,100.0,1.0
65dc4e25,2026-10-07T20:14:56.914331,NEU-DET,scratches,scratches_104.jpg,4x4,4,4,8,FRQI,1024,aer,5,4,1,1092,705,384,"{""h"": 132, ""x"": 64, ""cx"": 384, ""tdg"": 192, ""t"": 256, ""ry"": 64}",0.0018041249713860452,0.004854540980886668,3.50830378010869e-05,7.07499566487968e-05,0.008244791999459267,0.0022748789397084657,26.430417098708283,0.7755649112175026
0b856b3c,2026-10-07T20:14:56.922606,NEU-DET,scratches,scratches_104.jpg,4x4,4,4,8,NEQR,1024,aer,12,4,8,132,92,64,"{""h"": 4, ""x"": 64, ""mcx"": 64}",0.0009360829717479646,0.001851750013884157,2.4042034056037664e-05,2.2874970454722643e-05,0.003383624949492514,0.0,100.0,1.0
cd838670,2026-10-07T20:14:56.926449,NEU-DET,scratches,scratches_105.jpg,4x4,4,4,8,FRQI,1024,aer,5,4,1,1092,705,384,"{""h"": 132, ""x"": 64, ""cx"": 384, ""tdg"": 192, ""t"": 256, ""ry"": 64}",0.0011848749709315598,0.005524790962226689,3.462500171735883e-05,6.95830094628036e-05,0.008289124991279095,0.001791959266125921,27.466718667150786,0.8937340119749
72cbbe8f,2026-10-07T20:14:56.934767,NEU-DET,scratches,scratches_105.jpg,4x4,4,4,8,NEQR,1024,aer,12,4,8,140,100,72,"{""h"": 4, ""x"": 64, ""mcx"": 72}",0.001039166992995888,0.0020397499902173877,2.1292013116180897e-05,2.0791019778698683e-05,0.0036979580181650817,0.0,100.0,1.0
88116f2e,2026-10-07T20:14:56.938927,NEU-DET,scratches,scratches_106.jpg,4x4,4,4,8,FRQI,1024,aer,5,4,1,1092,705,384,"{""h"": 132, ""x"": 64, ""cx"": 384, ""tdg"": 192, ""t"": 256, ""ry"": 64}",0.0011581250000745058,0.005861749988980591,8.916703518480062e-05,0.00016075000166893005,0.008884917013347149,0.0019852981052168196,27.021742719083363,0.7551239817206219
0a65031f,2026-10-07T20:14:56.947865,NEU-DET,scratches,scratches_106.jpg,4x4,4,4,8,NEQR,1024,aer,12,4,8,130,90,62,"{""h"": 4, ""x"": 64, ""mcx"": 62}",0.0011399579816497862,0.0022291250061243773,2.7375004719942808e-05,2.458301605656743e-05,0.004046125046443194,0.0,100.0,1.0
97a28c63,2026-10-07T20:14:56.952411,NEU-DET,scratches,scratches_107.jpg,4x4,4,4,8,FRQI,1024,aer,5,4,1,1092,705,384,"{""h"": 132, ""x"": 64, ""cx"": 384, ""tdg"": 192, ""t"": 256, ""ry"": 64}",0.0011936249793507159,0.004946459026541561,3.620801726356149e-05,7.216597441583872e-05,0.007802415988408029,0.002293337502289894,26.39532026998751,0.746211309292077
7e5379c1,2026-10-07T20:14:56.960241,NEU-DET,scratches,scratches_107.jpg,4x4,4,4,8,NEQR,1024,aer,12,4,8,121,81,53,"{""h"": 4, ""x"": 64, ""mcx"": 53}",0.0010187909938395023,0.0017430419684387743,2.1332991309463978e-05,2.0082981791347265e-05,0.0032920420053415,0.0,100.0,1.0
3579b347,2026-10-07T20:14:56.964128,NEU-DET,scratches,scratches_108.jpg,4x4,4,4,8,FRQI,1024,aer,5,4,1,1092,705,384,"{""h"": 132, ""x"": 64, ""cx"": 384, ""tdg"": 192, ""t"": 256, ""ry"": 64}",0.0013193750055506825,0.004848499957006425,3.516604192554951e-05,6.891600787639618e-05,0.00779433298157528,0.0019690598245896574,27.05741088791045,0.8621325522770529
74bdfcd0,2026-10-07T20:14:56.971945,NEU-DET,scratches,scratches_108.jpg,4x4,4,4,8,NEQR,1024,aer,12,4,8,122,82,54,"{""h"": 4, ""x"": 64, ""mcx"": 54}",0.0008221250027418137,0.001792415976524353,2.579198917374015e-05,2.2916006855666637e-05,0.0034905000356957316,0.0,100.0,1.0
2c50fb91,2026-10-07T20:14:56.975946,NEU-DET,scratches,scratches_109.jpg,4x4,4,4,8,FRQI,1024,aer,5,4,1,1092,705,384,"{""h"": 132, ""x"": 64, ""cx"": 384, ""tdg"": 192, ""t"": 256, ""ry"": 64}",0.0011355840251781046,0.009452249971218407,4.0417013224214315e-05,7.579202065244317e-05,0.012238499999511987,0.001745929696413308,27.579732480728758,0.8414139371049039
20179dd4,2026-10-07T20:14:56.988221,NEU-DET,scratches,scratches_109.jpg,4x4,4,4,8,NEQR,1024,aer,12,4,8,126,86,58,"{""h"": 4, ""x"": 64, ""mcx"": 58}",0.001702333043795079,0.0034293329808861017,2.779101487249136e-05,2.516602398827672e-05,0.006084333988837898,0.0,100.0,1.0
0b184c31,2026-10-07T20:14:56.994961,NEU-DET,scratches,scratches_11.jpg,4x4,4,4,8,FRQI,1024,aer,5,4,1,1092,705,384,"{""h"": 132, ""x"": 64, ""cx"": 384, ""tdg"": 192, ""t"": 256, ""ry"": 64}",0.0029895830084569752,0.005083375028334558,3.6041950806975365e-05,7.0915964897722e-05,0.011284292035270482,0.0029254851261130872,25.338021056077604,0.3975261781581999
df289006,2026-10-07T20:14:57.006277,NEU-DET,scratches,scratches_11.jpg,4x4,4,4,8,NEQR,1024,aer,12,4,8,119,79,51,"{""h"": 4, ""x"": 64, ""mcx"": 51}",0.0007665000157430768,0.001990624994505197,2.174999099224806e-05,2.145895268768072e-05,0.0033092089579440653,0.0,100.0,1.0
490ce824,2026-10-07T20:14:57.010006,NEU-DET,scratches,scratches_110.jpg,4x4,4,4,8,FRQI,1024,aer,5,4,1,1092,705,384,"{""h"": 132, ""x"": 64, ""cx"": 384, ""tdg"": 192, ""t"": 256, ""ry"": 64}",0.0011642919853329659,0.007490374962799251,3.662501694634557e-05,7.029203698039055e-05,0.010316542000509799,0.002973889566517391,25.266751627618106,0.8724159931860884
134e9308,2026-10-07T20:14:57.020347,NEU-DET,scratches,scratches_110.jpg,4x4,4,4,8,NEQR,1024,aer,12,4,8,123,83,55,"{""h"": 4, ""x"": 64, ""mcx"": 55}",0.0009357499657198787,0.0030804999987594783,2.2459018509835005e-05,2.0208011846989393e-05,0.004539249988738447,0.0,100.0,1.0
1cbfe1c0,2026-10-07T20:14:57.025397,NEU-DET,scratches,scratches_111.jpg,4x4,4,4,8,FRQI,1024,aer,5,4,1,1092,705,384,"{""h"": 132, ""x"": 64, ""cx"": 384, ""tdg"": 192, ""t"": 256, ""ry"": 64}",0.0020093749626539648,0.009830125025473535,4.025001544505358e-05,7.349997758865356e-05,0.015101833967491984,0.0027541095626236584,25.600187868472815,0.9321424432555921
56a9ae74,2026-10-07T20:14:57.040535,NEU-DET,scratches,scratches_111.jpg,4x4,4,4,8,NEQR,1024,aer,12,4,8,129,89,61,"{""h"": 4, ""x"": 64, ""mcx"": 61}",0.002043917018454522,0.0022647090372629464,2.9749993700534105e-05,8.425000123679638e-05,0.005742084002122283,0.0,100.0,1.0
7ad6471d,2026-10-07T20:14:57.046941,NEU-DET,scratches,scratches_112.jpg,4x4,4,4,8,FRQI,1024,aer,5,4,1,1092,705,384,"{""h"": 132, ""x"": 64, ""cx"": 384, ""tdg"": 192, ""t"": 256, ""ry"": 64}",0.002666209009476006,0.0058550420217216015,4.125002305954695e-05,8.38330015540123e-05,0.011836207995656878,0.002445110614507728,26.117014890214723,0.9353183645882531
7734db83,2026-10-07T20:14:57.058821,NEU-DET,scratches,scratches_112.jpg,4x4,4,4,8,NEQR,1024,aer,12,4,8,134,94,66,"{""h"": 4, ""x"": 64, ""mcx"": 66}",0.0010082079679705203,0.0030112499953247607,2.3250002413988113e-05,2.2584048565477133e-05,0.004680916958022863,0.0,100.0,1.0
0c8d4ec4,2026-10-07T20:14:57.064008,NEU-DET,scratches,scratches_113.jpg,4x4,4,4,8,FRQI,1024,aer,5,4,1,1092,705,384,"{""h"": 132, ""x"": 64, ""cx"": 384, ""tdg"": 192, ""t"": 256, ""ry"": 64}",0.0025929580442607403,0.010111166979186237,3.866601036861539e-05,0.00020662497263401747,0.016086333023849875,0.002511709656315009,26.000305647549006,0.9207986162751662
f395ee68,2026-10-07T20:14:57.080154,NEU-DET,scratches,scratches_113.jpg,4x4,4,4,8,NEQR,1024,aer,12,4,8,131,91,63,"{""h"": 4, ""x"": 64, ""mcx"": 63}",0.0021539999870583415,0.002083375002257526,2.4084001779556274e-05,2.2916006855666637e-05,0.005349750048480928,0.0,100.0,1.0
2e9ee110,2026-10-07T20:14:57.087026,NEU-DET,scratches,scratches_114.jpg,4x4,4,4,8,FRQI,1024,aer,5,4,1,1092,705,384,"{""h"": 132, ""x"": 64, ""cx"": 384, ""tdg"": 192, ""t"": 256, ""ry"": 64}",0.0013285839813761413,0.00501783296931535,3.724999260157347e-05,7.06250430084765e-05,0.00801550003234297,0.0019575632571669803,27.082841951475753,0.9112674640021937
eba9e1d7,2026-10-07T20:14:57.095073,NEU-DET,scratches,scratches_114.jpg,4x4,4,4,8,NEQR,1024,aer,12,4,8,133,93,65,"{""h"": 4, ""x"": 64, ""mcx"": 65}",0.0009510000236332417,0.003674958017654717,2.4374981876462698e-05,2.174999099224806e-05,0.005223917018156499,0.0,100.0,1.0
4ae9b449,2026-10-07T20:14:57.100748,NEU-DET,scratches,scratches_115.jpg,4x4,4,4,8,FRQI,1024,aer,5,4,1,1092,705,384,"{""h"": 132, ""x"": 64, ""cx"": 384, ""tdg"": 192, ""t"": 256, ""ry"": 64}",0.0011998750269412994,0.005133208993356675,3.550003748387098e-05,7.104198448359966e-05,0.00798241700977087,0.0029186627950365607,25.34816077918574,0.905968325169229
7db6e180,2026-10-07T20:14:57.108757,NEU-DET,scratches,scratches_115.jpg,4x4,4,4,8,NEQR,1024,aer,12,4,8,132,92,64,"{""h"": 4, ""x"": 64, ""mcx"": 64}",0.0023395829484798014,0.003412333026062697,3.1791976653039455e-05,3.0582945328205824e-05,0.006799041002523154,0.0,100.0,1.0
c8c9dcc7,2026-10-07T20:14:57.116013,NEU-DET,scratches,scratches_116.jpg,4x4,4,4,8,FRQI,1024,aer,5,4,1,1092,705,384,"{""h"": 132, ""x"": 64, ""cx"": 384, ""tdg"": 192, ""t"": 256, ""ry"": 64}",0.001153457968030125,0.00589095801115036,4.3208012357354164e-05,7.808394730091095e-05,0.009990832943003625,0.002313150667091378,26.35796078532742,0.8882492496652411
ac2cd692,2026-10-07T20:14:57.126040,NEU-DET,scratches,scratches_116.jpg,4x4,4,4,8,NEQR,1024,aer,12,4,8,132,92,64,"{""h"": 4, ""x"": 64, ""mcx"": 64}",0.000975416973233223,0.00199237500783056,2.1875021047890186e-05,2.170802326872945e-05,0.0036329999566078186,0.0,100.0,1.0
08875260,2026-10-07T23:03:58.301029,NEU-DET,crazing,crazing_117.jpg,4x4,4,4,8,FRQI,1024,aer,5,4,1,1092,705,384,"{""h"": 132, ""x"": 64, ""cx"": 384, ""tdg"": 192, ""t"": 256, ""ry"": 64}",0.0018515840056352317,0.007352333981543779,3.9790989831089973e-05,7.90000194683671e-05,0.011225708003621548,0.00256378899392626,25.911177211752236,0.6197765881823175
f1d2cb08,2026-10-07T23:03:58.314546,NEU-DET,crazing,crazing_117.jpg,4x4,4,4,8,NEQR,1024,aer,12,4,8,138,98,70,"{""h"": 4, ""x"": 64, ""mcx"": 70}",0.0014414169709198177,0.0020079159876331687,2.4457986000925303e-05,2.5499961338937283e-05,0.0047456249594688416,0.0,100.0,1.0
1ddc1629,2026-10-07T23:03:58.321288,NEU-DET,crazing,crazing_118.jpg,4x4,4,4,8,FRQI,1024,aer,5,4,1,1092,705,384,"{""h"": 132, ""x"": 64, ""cx"": 384, ""tdg"": 192, ""t"": 256, ""ry"": 64}",0.0010433749994263053,0.004494166991207749,8.716597221791744e-05,0.0001504159881733358,0.007298083044588566,0.002675016950465856,25.726734616911777,0.5184722344564747
1ef71bfd,2026-10-07T23:03:58.330538,NEU-DET,crazing,crazing_118.jpg,4x4,4,4,8,NEQR,1024,aer,12,4,8,129,89,61,"{""h"": 4, ""x"": 64, ""mcx"": 61}",0.0016997919883579016,0.0020570839988067746,3.4958997275680304e-05,2.416700590401888e-05,0.004453333967830986,0.0,100.0,1.0
a241537a,2026-10-07T23:03:58.336985,NEU-DET,crazing,crazing_119.jpg,4x4,4,4,8,FRQI,1024,aer,5,4,1,1092,705,384,"{""h"": 132, ""x"": 64, ""cx"": 384, ""tdg"": 192, ""t"": 256, ""ry"": 64}",0.001025000005029142,0.006036166974809021,3.391597419977188e-05,6.224995013326406e-05,0.008565958007238805,0.0023353681578279794,26.316446455862206,0.8466850644445215
756f189f,2026-10-07T23:03:58.347279,NEU-DET,crazing,crazing_119.jpg,4x4,4,4,8,NEQR,1024,aer,12,4,8,131,91,63,"{""h"": 4, ""x"": 64, ""mcx"": 63}",0.0013208750169724226,0.00234791700495407,2.5042041670531034e-05,2.5291054043918848e-05,0.004313666024245322,0.0,100.0,1.0
d86f08c9,2026-10-07T23:03:58.353918,NEU-DET,crazing,crazing_12.jpg,4x4,4,4,8,FRQI,1024,aer,5,4,1,1092,705,384,"{""h"": 132, ""x"": 64, ""cx"": 384, ""tdg"": 192, ""t"": 256, ""ry"": 64}",0.000996417016722262,0.004528583027422428,3.1917006708681583e-05,6.500002928078175e-05,0.007036082970444113,0.0015541052950660554,28.08519559848498,0.6719734011370725
470db7aa,2026-10-07T23:03:58.362741,NEU-DET,crazing,crazing_12.jpg,4x4,4,4,8,NEQR,1024,aer,12,4,8,137,97,69,"{""h"": 4, ""x"": 64, ""mcx"": 69}",0.0009248339920304716,0.002378583012614399,2.8499984182417393e-05,2.0833045709878206e-05,0.0038574999780394137,0.0,100.0,1.0
d7c4465a,2026-10-07T23:03:58.370458,NEU-DET,crazing,crazing_120.jpg,4x4,4,4,8,FRQI,1024,aer,5,4,1,1092,705,384,"{""h"": 132, ""x"": 64, ""cx"": 384, ""tdg"": 192, ""t"": 256, ""ry"": 64}",0.0010498749907128513,0.004625957983080298,3.154197474941611e-05,6.266700802370906e-05,0.007152375008445233,0.002401671604839487,26.194863765985225,0.6836769252499315
229c4125,2026-10-07T23:03:58.379403,NEU-DET,crazing,crazing_120.jpg,4x4,4,4,8,NEQR,1024,aer,12,4,8,131,91,63,"{""h"": 4, ""x"": 64, ""mcx"": 63}",0.0008526669698767364,0.0021976249990984797,4.941702354699373e-05,2.216699067503214e-05,0.0035932919709011912,0.0,100.0,1.0
3cd00641,2026-10-07T23:03:58.385037,NEU-DET,crazing,crazing_121.jpg,4x4,4,4,8,FRQI,1024,aer,5,4,1,1092,705,384,"{""h"": 132, ""x"": 64, ""cx"": 384, ""tdg"": 192, ""t"": 256, ""ry"": 64}",0.0010165839921683073,0.004618040984496474,3.108300734311342e-05,6.062502507120371e-05,0.007151875004637986,0.002662390558192184,25.747282355532466,0.8683169916276497
eb3f14aa,2026-10-07T23:03:58.393926,NEU-DET,crazing,crazing_121.jpg,4x4,4,4,8,NEQR,1024,aer,12,4,8,138,98,70,"{""h"": 4, ""x"": 64, ""mcx"": 70}",0.0009050840162672102,0.0017452079919166863,2.1208019461482763e-05,1.879199407994747e-05,0.00314400001661852,0.0,100.0,1.0
ae2f04fc,2026-10-07T23:03:58.399954,NEU-DET,crazing,crazing_122.jpg,4x4,4,4,8,FRQI,1024,aer,5,4,1,1092,705,384,"{""h"": 132, ""x"": 64, ""cx"": 384, ""tdg"": 192, ""t"": 256, ""ry"": 64}",0.0010067500406876206,0.004637958016246557,3.1374976970255375e-05,6.18330086581409e-05,0.007137625012546778,0.0018556453513782728,27.31505022005483,0.7278767088947367
79ce8952,2026-10-07T23:03:58.408914,NEU-DET,crazing,crazing_122.jpg,4x4,4,4,8,NEQR,1024,aer,12,4,8,127,87,59,"{""h"": 4, ""x"": 64, ""mcx"": 59}",0.0008120830170810223,0.0019257920212112367,2.2667052689939737e-05,1.8749968148767948e-05,0.0032522500259801745,0.0,100.0,1.0
20a1e156,2026-10-07T23:03:58.415141,NEU-DET,crazing,crazing_123.jpg,4x4,4,4,8,FRQI,1024,aer,5,4,1,1092,705,384,"{""h"": 132, ""x"": 64, ""cx"": 384, ""tdg"": 192, ""t"": 256, ""ry"": 64}",0.002370874979533255,0.004506875004153699,3.220903454348445e-05,6.799999391660094e-05,0.008597625012043864,0.001958304441354324,27.081197911220755,0.8615769997455973
ed7a59e8,2026-10-07T23:03:58.425567,NEU-DET,crazing,crazing_123.jpg,4x4,4,4,8,NEQR,1024,aer,12,4,8,124,84,56,"{""h"": 4, ""x"": 64, ""mcx"": 56}",0.0007759169675409794,0.0016950410208664834,2.195802517235279e-05,2.012500772252679e-05,0.0029502499965019524,0.0,100.0,1.0
1798da5c,2026-10-07T23:03:58.430648,NEU-DET,crazing,crazing_124.jpg,4x4,4,4,8,FRQI,1024,aer,5,4,1,1092,705,384,"{""h"": 132, ""x"": 64, ""cx"": 384, ""tdg"": 192, ""t"": 256, ""ry"": 64}",0.001022250042296946,0.00448066700482741,3.104103961959481e-05,6.079202285036445e-05,0.008593291975557804,0.002468655588243731,26.075394959565806,0.6742151227267
b273c06a,2026-10-07T23:03:58.441035,NEU-DET,crazing,crazing_124.jpg,4x4,4,4,8,NEQR,1024,aer,12,4,8,126,86,58,"{""h"": 4, ""x"": 64, ""mcx"": 58}",0.0007964160176925361,0.0019529999699443579,2.254103310406208e-05,1.9041995983570814e-05,0.003241125028580427,0.0,100.0,1.0
999a29a1,2026-10-07T23:03:58.446338,NEU-DET,crazing,crazing_125.jpg,4x4,4,4,8,FRQI,1024,aer,5,4,1,1092,705,384,"{""h"": 132, ""x"": 64, ""cx"": 384, ""tdg"": 192, ""t"": 256, ""ry"": 64}",0.001008374965749681,0.004679124976973981,3.358395770192146e-05,6.266596028581262e-05,0.007856209005694836,0.0024351940247263,26.134664305433827,0.8497909888797229
57d9e95f,2026-10-07T23:03:58.456028,NEU-DET,crazing,crazing_125.jpg,4x4,4,4,8,NEQR,1024,aer,12,4,8,127,87,59,"{""h"": 4, ""x"": 64, ""mcx"": 59}",0.0008041249820962548,0.0016091249999590218,2.0459003280848265e-05,1.7584010493010283e-05,0.0028789169737137854,0.0,100.0,1.0
e93cf869,2026-10-07T23:03:58.460960,NEU-DET,crazing,crazing_126.jpg,4x4,4,4,8,FRQI,1024,aer,5,4,1,1092,705,384,"{""h"": 132, ""x"": 64, ""cx"": 384, ""tdg"": 192, ""t"": 256, ""ry"": 64}",0.0009923750185407698,0.004604624991770834,3.7207966670393944e-05,6.1166996601969e-05,0.007111957995221019,0.0027275408234114238,25.642287405564367,0.6961558748327914
a9210d07,2026-10-07T23:03:58.469892,NEU-DET,crazing,crazing_126.jpg,4x4,4,4,8,NEQR,1024,aer,12,4,8,133,93,65,"{""h"": 4, ""x"": 64, ""mcx"": 65}",0.0008556669927202165,0.002051624993328005,1.9625003915280104e-05,1.729204086586833e-05,0.0033720830106176436,0.0,100.0,1.0
a94b5906,2026-10-07T23:03:58.475286,NEU-DET,crazing,crazing_127.jpg,4x4,4,4,8,FRQI,1024,aer,5,4,1,1092,705,384,"{""h"": 132, ""x"": 64, ""cx"": 384, ""tdg"": 192, ""t"": 256, ""ry"": 64}",0.0010025420342572033,0.004907832946628332,3.566604573279619e-05,6.833299994468689e-05,0.0074306249734945595,0.0022932184216619593,26.395545781506318,0.8632745058266913
bb350f59,2026-10-07T23:03:58.484628,NEU-DET,crazing,crazing_127.jpg,4x4,4,4,8,NEQR,1024,aer,12,4,8,126,86,58,"{""h"": 4, ""x"": 64, ""mcx"": 58}",0.000814041995909065,0.00333183299517259,2.237502485513687e-05,2.0458013750612736e-05,0.00463675003265962,0.0,100.0,1.0
347085b3,2026-10-07T23:03:58.491412,NEU-DET,crazing,crazing_128.jpg,4x4,4,4,8,FRQI,1024,aer,5,4,1,1092,705,384,"{""h"": 132, ""x"": 64, ""cx"": 384, ""tdg"": 192, ""t"": 256, ""ry"": 64}",0.0010202499688602984,0.004491416970267892,4.549999721348286e-05,6.279203807935119e-05,0.007037999981548637,0.002529612617557333,25.969459811714096,0.7502053532061908
7300b4b1,2026-10-07T23:03:58.501138,NEU-DET,crazing,crazing_128.jpg,4x4,4,4,8,NEQR,1024,aer,12,4,8,127,87,59,"{""h"": 4, ""x"": 64, ""mcx"": 59}",0.0008035840000957251,0.0022459999890998006,5.658302688971162e-05,4.429102409631014e-05,0.0036945840111002326,0.0,100.0,1.0
053dcea6,2026-10-07T23:03:58.509211,NEU-DET,crazing,crazing_129.jpg,4x4,4,4,8,FRQI,1024,aer,5,4,1,1092,705,384,"{""h"": 132, ""x"": 64, ""cx"": 384, ""tdg"": 192, ""t"": 256, ""ry"": 64}",0.0010567909921519458,0.005071249965112656,3.358302637934685e-05,6.366695743054152e-05,0.00762666598893702,0.0023869056105405772,26.22164754697431,0.7838782599495097
1a0760aa,2026-10-07T23:03:58.518759,NEU-DET,crazing,crazing_129.jpg,4x4,4,4,8,NEQR,1024,aer,12,4,8,128,88,60,"{""h"": 4, ""x"": 64, ""mcx"": 60}",0.0008225420024245977,0.0019220419926568866,2.2249994799494743e-05,1.7915968783199787e-05,0.003218166995793581,0.0,100.0,1.0
e77065d5,2026-10-07T23:03:58.524132,NEU-DET,crazing,crazing_13.jpg,4x4,4,4,8,FRQI,1024,aer,5,4,1,1092,705,384,"{""h"": 132, ""x"": 64, ""cx"": 384, ""tdg"": 192, ""t"": 256, ""ry"": 64}",0.0010219580144621432,0.005672624974977225,3.554200520738959e-05,7.266702596098185e-05,0.008231541025452316,0.0013740324541596668,28.62003009273556,0.8136410680122872
155d19fd,2026-10-07T23:03:58.534518,NEU-DET,crazing,crazing_13.jpg,4x4,4,4,8,NEQR,1024,aer,12,4,8,137,97,69,"{""h"": 4, ""x"": 64, ""mcx"": 69}",0.000937167031224817,0.002235832973383367,2.4958979338407516e-05,2.099998528137803e-05,0.0037072919658385217,0.0,100.0,1.0
1c818869,2026-10-07T23:03:58.540435,NEU-DET,crazing,crazing_130.jpg,4x4,4,4,8,FRQI,1024,aer,5,4,1,1092,705,384,"{""h"": 132, ""x"": 64, ""cx"": 384, ""tdg"": 192, ""t"": 256, ""ry"": 64}",0.0010197499650530517,0.005223209038376808,3.491697134450078e-05,7.658300455659628e-05,0.00799983402248472,0.0028348647724347363,25.474676528155527,0.29163967224056
404f3bcf,2026-10-07T23:03:58.551508,NEU-DET,crazing,crazing_130.jpg,4x4,4,4,8,NEQR,1024,aer,12,4,8,113,73,45,"{""h"": 4, ""x"": 64, ""mcx"": 45}",0.0007071250001899898,0.0035004999954253435,5.849997978657484e-05,4.675000673159957e-05,0.004902125045191497,0.0,100.0,1.0
9857757f,2026-10-07T23:03:58.560858,NEU-DET,crazing,crazing_131.jpg,4x4,4,4,8,FRQI,1024,aer,5,4,1,1092,705,384,"{""h"": 132, ""x"": 64, ""cx"": 384, ""tdg"": 192, ""t"": 256, ""ry"": 64}",0.0011129170306958258,0.009517833997961134,3.645900869742036e-05,8.116697426885366e-05,0.013170499994885176,0.002101632676180531,26.7744318775978,0.5115002344607311
ee011d56,2026-10-07T23:03:58.576094,NEU-DET,crazing,crazing_131.jpg,4x4,4,4,8,NEQR,1024,aer,12,4,8,123,83,55,"{""h"": 4, ""x"": 64, ""mcx"": 55}",0.0008244580239988863,0.002029084018431604,2.512504579499364e-05,2.2416003048419952e-05,0.003362584044225514,0.0,100.0,1.0
8ec89ba9,2026-10-07T23:03:58.582903,NEU-DET,crazing,crazing_132.jpg,4x4,4,4,8,FRQI,1024,aer,5,4,1,1092,705,384,"{""h"": 132, ""x"": 64, ""cx"": 384, ""tdg"": 192, ""t"": 256, ""ry"": 64}",0.0026693749823607504,0.0049554999568499625,3.549997927621007e-05,7.287500193342566e-05,0.01078212499851361,0.0030664760490275054,25.133604230573013,0.5218405830101142
6b2aa12d,2026-10-07T23:03:58.595779,NEU-DET,crazing,crazing_132.jpg,4x4,4,4,8,NEQR,1024,aer,12,4,8,128,88,60,"{""h"": 4, ""x"": 64, ""mcx"": 60}",0.0015604590298607945,0.002094542025588453,2.7082976885139942e-05,2.579198917374015e-05,0.004461500036995858,0.0,100.0,1.0
e07a9679,2026-10-07T23:03:58.602561,NEU-DET,crazing,crazing_133.jpg,4x4,4,4,8,FRQI,1024,aer,5,4,1,1092,705,384,"{""h"": 132, ""x"": 64, ""cx"": 384, ""tdg"": 192, ""t"": 256, ""ry"": 64}",0.0010779169970192015,0.0050119999796152115,3.729201853275299e-05,7.224996807053685e-05,0.007688332989346236,0.0019647331001957707,27.06696438156223,0.6876670592317127
af0c298d,2026-10-07T23:03:58.612385,NEU-DET,crazing,crazing_133.jpg,4x4,4,4,8,NEQR,1024,aer,12,4,8,125,85,57,"{""h"": 4, ""x"": 64, ""mcx"": 57}",0.0008141250000335276,0.0022874579881317914,2.3333006538450718e-05,2.2833002731204033e-05,0.003619916969910264,0.0,100.0,1.0
df11c066,2026-10-07T23:03:58.618304,NEU-DET,crazing,crazing_134.jpg,4x4,4,4,8,FRQI,1024,aer,5,4,1,1092,705,384,"{""h"": 132, ""x"": 64, ""cx"": 384, ""tdg"": 192, ""t"": 256, ""ry"": 64}",0.0010737499687820673,0.0051633340190164745,3.629201091825962e-05,6.824999582022429e-05,0.008034458965994418,0.002027432064252401,26.93053689331167,0.6755246464243994
3c505c9e,2026-10-07T23:03:58.628382,NEU-DET,crazing,crazing_134.jpg,4x4,4,4,8,NEQR,1024,aer,12,4,8,126,86,58,"{""h"": 4, ""x"": 64, ""mcx"": 58}",0.0008240000461228192,0.0020240000449121,2.2625026758760214e-05,2.112501533702016e-05,0.003359166963491589,0.0,100.0,1.0
da1f3931,2026-10-07T23:03:58.634246,NEU-DET,crazing,crazing_135.jpg,4x4,4,4,8,FRQI,1024,aer,5,4,1,1092,705,384,"{""h"": 132, ""x"": 64, ""cx"": 384, ""tdg"": 192, ""t"": 256, ""ry"": 64}",0.001038875023368746,0.004546250042039901,3.3999967854470015e-05,6.400002166628838e-05,0.007192166987806559,0.0023967984206489388,26.203684901553927,0.6728853168309566
0f8bb7ec,2026-10-07T23:03:58.643423,NEU-DET,crazing,crazing_135.jpg,4x4,4,4,8,NEQR,1024,aer,12,4,8,128,88,60,"{""h"": 4, ""x"": 64, ""mcx"": 60}",0.0008181660086847842,0.0019537920015864074,2.1458021365106106e-05,1.858395989984274e-05,0.003250500012654811,0.0,100.0,1.0
ac9d9fde,2026-10-07T23:03:58.649706,NEU-DET,crazing,crazing_136.jpg,4x4,4,4,8,FRQI,1024,aer,5,4,1,1092,705,384,"{""h"": 132, ""x"": 64, ""cx"": 384, ""tdg"": 192, ""t"": 256, ""ry"": 64}",0.001153833989519626,0.004594750003889203,3.508297959342599e-05,6.587500683963299e-05,0.007397083041723818,0.003068462249842318,25.130792153117817,0.6005491269175922
7b65db48,2026-10-07T23:03:58.659088,NEU-DET,crazing,crazing_136.jpg,4x4,4,4,8,NEQR,1024,aer,12,4,8,130,90,62,"{""h"": 4, ""x"": 64, ""mcx"": 62}",0.0008487499435432255,0.0018501249724067748,2.1874962840229273e-05,1.9874947611242533e-05,0.0031845420016907156,0.0,100.0,1.0
f8c46217,2026-10-07T23:03:58.664642,NEU-DET,crazing,crazing_137.jpg,4x4,4,4,8,FRQI,1024,aer,5,4,1,1092,705,384,"{""h"": 132, ""x"": 64, ""cx"": 384, ""tdg"": 192, ""t"": 256, ""ry"": 64}",0.0023936249781399965,0.004811791994143277,3.574998117983341e-05,6.954203126952052e-05,0.010394000040832907,0.0024316453283842214,26.140997695137614,0.5932498215099686
9f75c397,2026-10-07T23:03:58.677081,NEU-DET,crazing,crazing_137.jpg,4x4,4,4,8,NEQR,1024,aer,12,4,8,136,96,68,"{""h"": 4, ""x"": 64, ""mcx"": 68}",0.0009165409719571471,0.001976083032786846,1.9875005818903446e-05,1.9041995983570814e-05,0.003401125024538487,0.0,100.0,1.0
d034e145,2026-10-07T23:03:58.683130,NEU-DET,crazing,crazing_138.jpg,4x4,4,4,8,FRQI,1024,aer,5,4,1,1092,705,384,"{""h"": 132, ""x"": 64, ""cx"": 384, ""tdg"": 192, ""t"": 256, ""ry"": 64}",0.0010240409756079316,0.004914207966066897,3.2916024792939425e-05,6.516603752970695e-05,0.007515000004786998,0.0018688966482621615,27.284147148493698,0.9060866948081656
4ae44fa7,2026-10-07T23:03:58.692730,NEU-DET,crazing,crazing_138.jpg,4x4,4,4,8,NEQR,1024,aer,12,4,8,131,91,63,"{""h"": 4, ""x"": 64, ""mcx"": 63}",0.0008585830219089985,0.0019399999873712659,2.1292013116180897e-05,1.895899185910821e-05,0.0032929580193012953,0.0,100.0,1.0
cad5b6ef,2026-10-07T23:03:58.704460,NEU-DET,crazing,crazing_139.jpg,4x4,4,4,8,FRQI,1024,aer,5,4,1,1092,705,384,"{""h"": 132, ""x"": 64, ""cx"": 384, ""tdg"": 192, ""t"": 256, ""ry"": 64}",0.003857125004287809,0.01773479097755626,0.000316707999445498,7.604202255606651e-05,0.02692470804322511,0.0023331737958826107,26.320529098210947,0.7031882147065122
cf2bb6bb,2026-10-07T23:03:58.736284,NEU-DET,crazing,crazing_139.jpg,4x4,4,4,8,NEQR,1024,aer,12,4,8,125,85,57,"{""h"": 4, ""x"": 64, ""mcx"": 57}",0.0025123339728452265,0.004722042009234428,2.6958005037158728e-05,8.679204620420933e-05,0.00837254198268056,0.0,100.0,1.0
4da58fcb,2026-10-07T23:03:58.750086,NEU-DET,crazing,crazing_14.jpg,4x4,4,4,8,FRQI,1024,aer,5,4,1,1092,705,384,"{""h"": 132, ""x"": 64, ""cx"": 384, ""tdg"": 192, ""t"": 256, ""ry"": 64}",0.0011919999960809946,0.00457712501520291,3.416696563363075e-05,6.554200081154704e-05,0.0073282080120407045,0.0020387322484946733,26.9063980739342,0.911799340405738
707cc5e2,2026-10-07T23:03:58.759515,NEU-DET,crazing,crazing_14.jpg,4x4,4,4,8,NEQR,1024,aer,12,4,8,139,99,71,"{""h"": 4, ""x"": 64, ""mcx"": 71}",0.0009531659889034927,0.002033083001151681,2.2833992261439562e-05,2.01669754460454e-05,0.0035132920020259917,0.0,100.0,1.0
cf558100,2026-10-07T23:03:58.765437,NEU-DET,crazing,crazing_140.jpg,4x4,4,4,8,FRQI,1024,aer,5,4,1,1092,705,384,"{""h"": 132, ""x"": 64, ""cx"": 384, ""tdg"": 192, ""t"": 256, ""ry"": 64}",0.0010656249942258,0.004532165999989957,3.3125048503279686e-05,6.191700231283903e-05,0.00712970900349319,0.0012329388106232966,29.09058476419732,0.9233123815907991
98d2115b,2026-10-07T23:03:58.774590,NEU-DET,crazing,crazing_140.jpg,4x4,4,4,8,NEQR,1024,aer,12,4,8,128,88,60,"{""h"": 4, ""x"": 64, ""mcx"": 60}",0.000836457998957485,0.0018574579735286534,2.5332963559776545e-05,2.0082981791347265e-05,0.003191333031281829,0.0,100.0,1.0
7b3ade84,2026-10-07T23:03:58.780075,NEU-DET,crazing,crazing_141.jpg,4x4,4,4,8,FRQI,1024,aer,5,4,1,1092,705,384,"{""h"": 132, ""x"": 64, ""cx"": 384, ""tdg"": 192, ""t"": 256, ""ry"": 64}",0.0009851669892668724,0.004595958977006376,3.283401019871235e-05,6.104202475398779e-05,0.007197582977823913,0.0022069507973027282,26.562073490758245,0.5163496718517794
1546564d,2026-10-07T23:03:58.789289,NEU-DET,crazing,crazing_141.jpg,4x4,4,4,8,NEQR,1024,aer,12,4,8,123,83,55,"{""h"": 4, ""x"": 64, ""mcx"": 55}",0.0007693339721299708,0.0019462499767541885,2.158299321308732e-05,1.875002635642886e-05,0.0031721669947728515,0.0,100.0,1.0
230f43c7,2026-10-07T23:03:58.794706,NEU-DET,crazing,crazing_142.jpg,4x4,4,4,8,FRQI,1024,aer,5,4,1,1092,705,384,"{""h"": 132, ""x"": 64, ""cx"": 384, ""tdg"": 192, ""t"": 256, ""ry"": 64}",0.0010169169981963933,0.006326499977149069,2.9707967769354582e-05,6.11250288784504e-05,0.009222000022418797,0.0026037350798167654,25.84403205674755,0.8530611284037172
20da7362,2026-10-07T23:03:58.805964,NEU-DET,crazing,crazing_142.jpg,4x4,4,4,8,NEQR,1024,aer,12,4,8,135,95,67,"{""h"": 4, ""x"": 64, ""mcx"": 67}",0.0008997499826364219,0.0019445829675532877,2.4499953724443913e-05,2.116698306053877e-05,0.0033555409754626453,0.0,100.0,1.0
d8a56f53,2026-10-07T23:03:58.811816,NEU-DET,crazing,crazing_143.jpg,4x4,4,4,8,FRQI,1024,aer,5,4,1,1092,705,384,"{""h"": 132, ""x"": 64, ""cx"": 384, ""tdg"": 192, ""t"": 256, ""ry"": 64}",0.0010147920111194253,0.005339165974874049,3.629102138802409e-05,7.045804522931576e-05,0.007938915980048478,0.0028343748309063036,25.475427171690367,0.5378532666003631
ab1c5230,2026-10-07T23:03:58.821894,NEU-DET,crazing,crazing_143.jpg,4x4,4,4,8,NEQR,1024,aer,12,4,8,117,77,49,"{""h"": 4, ""x"": 64, ""mcx"": 49}",0.0007292910013347864,0.001946665986906737,2.274999860674143e-05,1.9875005818903446e-05,0.003155540965963155,0.0,100.0,1.0
13c56538,2026-10-07T23:03:58.827383,NEU-DET,crazing,crazing_144.jpg,4x4,4,4,8,FRQI,1024,aer,5,4,1,1092,705,384,"{""h"": 132, ""x"": 64, ""cx"": 384, ""tdg"": 192, ""t"": 256, ""ry"": 64}",0.0010328330099582672,0.008442249963991344,3.329198807477951e-05,6.833299994468689e-05,0.011109250015579164,0.0028609882292217467,25.43483928980672,0.7008435906191491
46a557f6,2026-10-07T23:03:58.840729,NEU-DET,crazing,crazing_144.jpg,4x4,4,4,8,NEQR,1024,aer,12,4,8,120,80,52,"{""h"": 4, ""x"": 64, ""mcx"": 52}",0.0007730000070296228,0.0019059170153923333,2.4500011932104826e-05,1.983396941795945e-05,0.003166290989611298,0.0,100.0,1.0
3099cca1,2026-10-07T23:03:58.846276,NEU-DET,crazing,crazing_145.jpg,4x4,4,4,8,FRQI,1024,aer,5,4,1,1092,705,384,"{""h"": 132, ""x"": 64, ""cx"": 384, ""tdg"": 192, ""t"": 256, ""ry"": 64}",0.0010677080135792494,0.005034041998442262,3.4416967537254095e-05,6.812496576458216e-05,0.007692040991969407,0.0022133311987029844,26.549535942034346,0.43065793282316506
d2e2c861,2026-10-07T23:03:58.856126,NEU-DET,crazing,crazing_145.jpg,4x4,4,4,8,NEQR,1024,aer,12,4,8,122,82,54,"{""h"": 4, ""x"": 64, ""mcx"": 54}",0.0008051659679040313,0.0018767500296235085,2.458301605656743e-05,2.1792016923427582e-05,0.003194666001945734,0.0,100.0,1.0
9acf17de,2026-10-07T23:03:58.861715,NEU-DET,crazing,crazing_146.jpg,4x4,4,4,8,FRQI,1024,aer,5,4,1,1092,705,384,"{""h"": 132, ""x"": 64, ""cx"": 384, ""tdg"": 192, ""t"": 256, ""ry"": 64}",0.0010963339591398835,0.005604042031336576,3.424996975809336e-05,7.208302849903703e-05,0.008285499992780387,0.0022758860454776355,26.428494870305773,0.5960523280537768
fb25e971,2026-10-07T23:03:58.872276,NEU-DET,crazing,crazing_146.jpg,4x4,4,4,8,NEQR,1024,aer,12,4,8,120,80,52,"{""h"": 4, ""x"": 64, ""mcx"": 52}",0.00077420799061656,0.0017749160178937018,2.0291947294026613e-05,1.8667022231966257e-05,0.0030277079786174,0.0,100.0,1.0
37329163,2026-10-07T23:03:58.877670,NEU-DET,crazing,crazing_147.jpg,4x4,4,4,8,FRQI,1024,aer,5,4,1,1092,705,384,"{""h"": 132, ""x"": 64, ""cx"": 384, ""tdg"": 192, ""t"": 256, ""ry"": 64}",0.001021832984406501,0.008428708009887487,3.466597991064191e-05,6.783404387533665e-05,0.011002750019542873,0.0027831156022565156,25.554687540039396,0.6914460175815984
c39a8d1a,2026-10-07T23:03:58.890864,NEU-DET,crazing,crazing_147.jpg,4x4,4,4,8,NEQR,1024,aer,12,4,8,115,75,47,"{""h"": 4, ""x"": 64, ""mcx"": 47}",0.0006979170138947666,0.0027145829517394304,2.4208042304962873e-05,2.095900708809495e-05,0.003915707988198847,0.0,100.0,1.0
686dec4b,2026-10-07T23:03:58.897122,NEU-DET,crazing,crazing_148.jpg,4x4,4,4,8,FRQI,1024,aer,5,4,1,1092,705,384,"{""h"": 132, ""x"": 64, ""cx"": 384, ""tdg"": 192, ""t"": 256, ""ry"": 64}",0.0010280419955961406,0.009094208013266325,3.7457968574017286e-05,7.420801557600498e-05,0.01306587498402223,0.0032796267146638896,24.841755846380963,0.42540304601977263
88b80546,2026-10-07T23:03:58.912446,NEU-DET,crazing,crazing_148.jpg,4x4,4,4,8,NEQR,1024,aer,12,4,8,123,83,55,"{""h"": 4, ""x"": 64, ""mcx"": 55}",0.0008085420122370124,0.001973791979253292,2.4333014152944088e-05,2.0458013750612736e-05,0.0032855839817784727,0.0,100.0,1.0
c3a0b9c1,2026-10-07T23:03:58.918603,NEU-DET,crazing,crazing_149.jpg,4x4,4,4,8,FRQI,1024,aer,5,4,1,1092,705,384,"{""h"": 132, ""x"": 64, ""cx"": 384, ""tdg"": 192, ""t"": 256, ""ry"": 64}",0.001052208011969924,0.004642417014110833,3.5375007428228855e-05,6.666698027402163e-05,0.007229999988339841,0.0024705855690498554,26.072000996686718,0.8093173224423614
84546c96,2026-10-07T23:03:58.927997,NEU-DET,crazing,crazing_149.jpg,4x4,4,4,8,NEQR,1024,aer,12,4,8,130,90,62,"{""h"": 4, ""x"": 64, ""mcx"": 62}",0.0008402079693041742,0.001923083036672324,2.3958971723914146e-05,2.037500962615013e-05,0.0032610829803161323,0.0,100.0,1.0
7b4cab2a,2026-10-07T23:03:58.935888,NEU-DET,crazing,crazing_15.jpg,4x4,4,4,8,FRQI,1024,aer,5,4,1,1092,705,384,"{""h"": 132, ""x"": 64, ""cx"": 384, ""tdg"": 192, ""t"": 256, ""ry"": 64}",0.0010521250078454614,0.004695999959949404,3.4958007745444775e-05,6.616703467443585e-05,0.007268708024639636,0.0017227647449826343,27.637740243114372,0.643522214220307
f339852c,2026-10-07T23:03:58.945323,NEU-DET,crazing,crazing_15.jpg,4x4,4,4,8,NEQR,1024,aer,12,4,8,130,90,62,"{""h"": 4, ""x"": 64, ""mcx"": 62}",0.0008454169728793204,0.0021201660274527967,6.508402293547988e-05,4.529202124103904e-05,0.0036478330148383975,0.0,100.0,1.0
9a44f86b,2026-10-07T23:03:58.952122,NEU-DET,crazing,crazing_150.jpg,4x4,4,4,8,FRQI,1024,aer,5,4,1,1092,705,384,"{""h"": 132, ""x"": 64, ""cx"": 384, ""tdg"": 192, ""t"": 256, ""ry"": 64}",0.001038457965478301,0.005164083035197109,3.504200140014291e-05,6.954203126952052e-05,0.007923250028397888,0.0017365759288597222,27.60306223142804,0.7432684102891847
f8f30d36,2026-10-07T23:03:58.962283,NEU-DET,crazing,crazing_150.jpg,4x4,4,4,8,NEQR,1024,aer,12,4,8,121,81,53,"{""h"": 4, ""x"": 64, ""mcx"": 53}",0.0007769160438328981,0.002137000032234937,2.4874985683709383e-05,2.1208019461482763e-05,0.003410250006709248,0.0,100.0,1.0
7cb40b62,2026-10-07T23:03:58.968153,NEU-DET,crazing,crazing_151.jpg,4x4,4,4,8,FRQI,1024,aer,5,4,1,1092,705,384,"{""h"": 132, ""x"": 64, ""cx"": 384, ""tdg"": 192, ""t"": 256, ""ry"": 64}",0.0010642920387908816,0.00489037501392886,3.833300434052944e-05,6.441696314141154e-05,0.0075142079731449485,0.0014025059965273798,28.530952732067853,0.8890124335330577
44e6f071,2026-10-07T23:03:58.977825,NEU-DET,crazing,crazing_151.jpg,4x4,4,4,8,NEQR,1024,aer,12,4,8,130,90,62,"{""h"": 4, ""x"": 64, ""mcx"": 62}",0.0008424999541603029,0.0015388330211862922,2.058298559859395e-05,1.85410026460886e-05,0.002857792016584426,0.0,100.0,1.0
cbce3411,2026-10-07T23:03:58.983590,NEU-DET,crazing,crazing_152.jpg,4x4,4,4,8,FRQI,1024,aer,5,4,1,1092,705,384,"{""h"": 132, ""x"": 64, ""cx"": 384, ""tdg"": 192, ""t"": 256, ""ry"": 64}",0.0010015000007115304,0.0068261249689385295,3.2957992516458035e-05,6.391602801159024e-05,0.00932037498569116,0.0026196213580325046,25.817614773828574,0.8452175275220635
7ccf7bbc,2026-10-07T23:03:58.995078,NEU-DET,crazing,crazing_152.jpg,4x4,4,4,8,NEQR,1024,aer,12,4,8,137,97,69,"{""h"": 4, ""x"": 64, ""mcx"": 69}",0.0009094999986700714,0.002269541029818356,2.2833992261439562e-05,2.0709005184471607e-05,0.0036757499910891056,0.0,100.0,1.0
0b73edaf,2026-10-07T23:03:59.003087,NEU-DET,crazing,crazing_153.jpg,4x4,4,4,8,FRQI,1024,aer,5,4,1,1092,705,384,"{""h"": 132, ""x"": 64, ""cx"": 384, ""tdg"": 192, ""t"": 256, ""ry"": 64}",0.0010309999925084412,0.004758875002153218,3.600004129111767e-05,7.045903475955129e-05,0.007300957979168743,0.0028781457739396384,25.408872134521193,0.8801175188532451
db1dfa1c,2026-10-07T23:03:59.012971,NEU-DET,crazing,crazing_153.jpg,4x4,4,4,8,NEQR,1024,aer,12,4,8,126,86,58,"{""h"": 4, ""x"": 64, ""mcx"": 58}",0.0008124590385705233,0.0020233329851180315,2.3209024220705032e-05,2.174999099224806e-05,0.003307833045255393,0.0,100.0,1.0
bc37a031,2026-10-07T23:03:59.018796,NEU-DET,crazing,crazing_154.jpg,4x4,4,4,8,FRQI,1024,aer,5,4,1,1092,705,384,"{""h"": 132, ""x"": 64, ""cx"": 384, ""tdg"": 192, ""t"": 256, ""ry"": 64}",0.0011022499529644847,0.00474024994764477,3.51249473169446e-05,7.245800225064158e-05,0.0073854580405168235,0.0024837113176192204,26.048988837171926,0.7897294459476768
3bcf04f2,2026-10-07T23:03:59.028432,NEU-DET,crazing,crazing_154.jpg,4x4,4,4,8,NEQR,1024,aer,12,4,8,123,83,55,"{""h"": 4, ""x"": 64, ""mcx"": 55}",0.0007915840251371264,0.001814124989323318,2.1249987185001373e-05,1.8332968465983868e-05,0.00308270804816857,0.0,100.0,1.0
1c9fd8d9,2026-10-07T23:03:59.033992,NEU-DET,crazing,crazing_155.jpg,4x4,4,4,8,FRQI,1024,aer,5,4,1,1092,705,384,"{""h"": 132, ""x"": 64, ""cx"": 384, ""tdg"": 192, ""t"": 256, ""ry"": 64}",0.0010362499742768705,0.004518959030974656,3.087497316300869e-05,5.929195322096348e-05,0.007022125006187707,0.0021035347194692505,26.770503154276017,0.5705421083647946
35584dd7,2026-10-07T23:03:59.043176,NEU-DET,crazing,crazing_155.jpg,4x4,4,4,8,NEQR,1024,aer,12,4,8,127,87,59,"{""h"": 4, ""x"": 64, ""mcx"": 59}",0.0008191249798983335,0.0019124579848721623,2.237502485513687e-05,1.8624996300786734e-05,0.003204333013854921,0.0,100.0,1.0
43d252f3,2026-10-07T23:03:59.048865,NEU-DET,crazing,crazing_156.jpg,4x4,4,4,8,FRQI,1024,aer,5,4,1,1092,705,384,"{""h"": 132, ""x"": 64, ""cx"": 384, ""tdg"": 192, ""t"": 256, ""ry"": 64}",0.0014159580459818244,0.004587874980643392,3.250001464039087e-05,6.07079709880054e-05,0.0074679169920273125,0.0028050292500823417,25.520626056794335,0.5421348032954442
1f8b229e,2026-10-07T23:03:59.058469,NEU-DET,crazing,crazing_156.jpg,4x4,4,4,8,NEQR,1024,aer,12,4,8,128,88,60,"{""h"": 4, ""x"": 64, ""mcx"": 60}",0.0008308749529533088,0.0019252919591963291,2.1290965378284454e-05,1.937500201165676e-05,0.00322620797669515,0.0,100.0,1.0
a33f86ce,2026-10-07T23:03:59.064234,NEU-DET,crazing,crazing_157.jpg,4x4,4,4,8,FRQI,1024,aer,5,4,1,1092,705,384,"{""h"": 132, ""x"": 64, ""cx"": 384, ""tdg"": 192, ""t"": 256, ""ry"": 64}",0.002386749954894185,0.004829209006857127,3.8207974284887314e-05,6.833299994468689e-05,0.010415833967272192,0.0022512235097310557,26.475813845090293,0.5336322261801222
020d9329,2026-10-07T23:03:59.076938,NEU-DET,crazing,crazing_157.jpg,4x4,4,4,8,NEQR,1024,aer,12,4,8,129,89,61,"{""h"": 4, ""x"": 64, ""mcx"": 61}",0.0008394159958697855,0.0036829999880865216,2.3916014470160007e-05,2.13750172406435e-05,0.005030083004385233,0.0,100.0,1.0
e876fb05,2026-10-07T23:03:59.084450,NEU-DET,crazing,crazing_158.jpg,4x4,4,4,8,FRQI,1024,aer,5,4,1,1092,705,384,"{""h"": 132, ""x"": 64, ""cx"": 384, ""tdg"": 192, ""t"": 256, ""ry"": 64}",0.0010232499917037785,0.004655333003029227,3.3958000130951405e-05,6.449996726587415e-05,0.007230749994050711,0.0018243839705707004,27.388837522189064,0.6546028928252297
415bbd5c,2026-10-07T23:03:59.093875,NEU-DET,crazing,crazing_158.jpg,4x4,4,4,8,NEQR,1024,aer,12,4,8,127,87,59,"{""h"": 4, ""x"": 64, ""mcx"": 59}",0.0008042919798754156,0.0019518330227583647,2.0666979253292084e-05,1.8249964341521263e-05,0.0032200420391745865,0.0,100.0,1.0
bf1e02f3,2026-10-07T23:03:59.100727,NEU-DET,crazing,crazing_159.jpg,4x4,4,4,8,FRQI,1024,aer,5,4,1,1092,705,384,"{""h"": 132, ""x"": 64, ""cx"": 384, ""tdg"": 192, ""t"": 256, ""ry"": 64}",0.0010455829906277359,0.005675665976013988,3.1917006708681583e-05,6.225000834092498e-05,0.008314125007018447,0.0021799834407297282,26.61546805306871,0.4815811058951901
fab7effc,2026-10-07T23:03:59.111626,NEU-DET,crazing,crazing_159.jpg,4x4,4,4,8,NEQR,1024,aer,12,4,8,133,93,65,"{""h"": 4, ""x"": 64, ""mcx"": 65}",0.0010464999941177666,0.002213458006735891,2.479198155924678e-05,2.037500962615013e-05,0.0038069160073064268,0.0,100.0,1.0
b5478dc0,2026-10-07T23:03:59.119010,NEU-DET,crazing,crazing_16.jpg,4x4,4,4,8,FRQI,1024,aer,5,4,1,1092,705,384,"{""h"": 132, ""x"": 64, ""cx"": 384, ""tdg"": 192, ""t"": 256, ""ry"": 64}",0.0011515420046634972,0.005977666995022446,3.5167031455785036e-05,6.358401151373982e-05,0.00866466702427715,0.0030287178207163727,25.18741187087884,0.8084646241476516
7b8a1416,2026-10-07T23:03:59.129993,NEU-DET,crazing,crazing_16.jpg,4x4,4,4,8,NEQR,1024,aer,12,4,8,137,97,69,"{""h"": 4, ""x"": 64, ""mcx"": 69}",0.000998291012365371,0.0021012499928474426,2.0832987502217293e-05,1.9041995983570814e-05,0.0036081249709241092,0.0,100.0,1.0
d59f7fda,2026-10-07T23:03:59.136307,NEU-DET,crazing,crazing_160.jpg,4x4,4,4,8,FRQI,1024,aer,5,4,1,1092,705,384,"{""h"": 132, ""x"": 64, ""cx"": 384, ""tdg"": 192, ""t"": 256, ""ry"": 64}",0.0019593749893829226,0.004583125002682209,3.658398054540157e-05,6.912503158673644e-05,0.00819491600850597,0.001963626924853042,27.0694102157373,0.6011674261227488
ba8bd8c6,2026-10-07T23:03:59.146868,NEU-DET,crazing,crazing_160.jpg,4x4,4,4,8,NEQR,1024,aer,12,4,8,129,89,61,"{""h"": 4, ""x"": 64, ""mcx"": 61}",0.0008724170038476586,0.0031901670154184103,2.2875028662383556e-05,1.9584025721997023e-05,0.004568542004562914,0.0,100.0,1.0
ae1fb947,2026-10-07T23:03:59.153972,NEU-DET,crazing,crazing_161.jpg,4x4,4,4,8,FRQI,1024,aer,5,4,1,1092,705,384,"{""h"": 132, ""x"": 64, ""cx"": 384, ""tdg"": 192, ""t"": 256, ""ry"": 64}",0.0010323749738745391,0.005155541992280632,3.529200330376625e-05,6.42910017631948e-05,0.007770917029120028,0.0025026768906871175,26.015952165721934,0.5595995058885537
2271f52a,2026-10-07T23:03:59.164123,NEU-DET,crazing,crazing_161.jpg,4x4,4,4,8,NEQR,1024,aer,12,4,8,131,91,63,"{""h"": 4, ""x"": 64, ""mcx"": 63}",0.0016612079925835133,0.0021101669990457594,2.395804040133953e-05,2.158398274332285e-05,0.004442708974238485,0.0,100.0,1.0
d7ff36be,2026-10-07T23:03:59.172777,NEU-DET,crazing,crazing_162.jpg,4x4,4,4,8,FRQI,1024,aer,5,4,1,1092,705,384,"{""h"": 132, ""x"": 64, ""cx"": 384, ""tdg"": 192, ""t"": 256, ""ry"": 64}",0.0010937090264633298,0.0046934999991208315,3.224995452910662e-05,6.237498018890619e-05,0.007319916971027851,0.0019928503731261055,27.00525307704482,0.6233393870186076
8368ee17,2026-10-07T23:03:59.183354,NEU-DET,crazing,crazing_162.jpg,4x4,4,4,8,NEQR,1024,aer,12,4,8,132,92,64,"{""h"": 4, ""x"": 64, ""mcx"": 64}",0.0009259159560315311,0.003041249990928918,2.5458051823079586e-05,2.0792009308934212e-05,0.004511083010584116,0.0,100.0,1.0
70eb7eba,2026-10-07T23:03:59.190587,NEU-DET,crazing,crazing_163.jpg,4x4,4,4,8,FRQI,1024,aer,5,4,1,1092,705,384,"{""h"": 132, ""x"": 64, ""cx"": 384, ""tdg"": 192, ""t"": 256, ""ry"": 64}",0.0010664170258678496,0.00472516700392589,3.474997356534004e-05,6.200000643730164e-05,0.007343957957345992,0.0027671720721329117,25.57963834117348,0.5624234213092362
097efd5f,2026-10-07T23:03:59.202193,NEU-DET,crazing,crazing_163.jpg,4x4,4,4,8,NEQR,1024,aer,12,4,8,123,83,55,"{""h"": 4, ""x"": 64, ""mcx"": 55}",0.001851750013884157,0.0019138329662382603,2.212502295151353e-05,1.8249964341521263e-05,0.004660415987018496,0.0,100.0,1.0
ab0fd923,2026-10-07T23:03:59.209395,NEU-DET,crazing,crazing_164.jpg,4x4,4,4,8,FRQI,1024,aer,5,4,1,1092,705,384,"{""h"": 132, ""x"": 64, ""cx"": 384, ""tdg"": 192, ""t"": 256, ""ry"": 64}",0.0010449160472489893,0.005971667007543147,3.487500362098217e-05,6.862502777948976e-05,0.008544583979528397,0.002643880023373612,25.77758256587691,0.6029551239505597
7cf722b8,2026-10-07T23:03:59.220321,NEU-DET,crazing,crazing_164.jpg,4x4,4,4,8,NEQR,1024,aer,12,4,8,116,76,48,"{""h"": 4, ""x"": 64, ""mcx"": 48}",0.0007130830199457705,0.0018535000272095203,2.141698496416211e-05,1.7624988686293364e-05,0.0030170839745551348,0.0,100.0,1.0
4d7ddae8,2026-10-07T23:03:59.225892,NEU-DET,crazing,crazing_165.jpg,4x4,4,4,8,FRQI,1024,aer,5,4,1,1092,705,384,"{""h"": 132, ""x"": 64, ""cx"": 384, ""tdg"": 192, ""t"": 256, ""ry"": 64}",0.001064457988832146,0.004688999964855611,3.62499849870801e-05,6.683298852294683e-05,0.007292916998267174,0.0022021300074651605,26.571570451017653,0.5465070136537076
eb7f5e06,2026-10-07T23:03:59.235562,NEU-DET,crazing,crazing_165.jpg,4x4,4,4,8,NEQR,1024,aer,12,4,8,122,82,54,"{""h"": 4, ""x"": 64, ""mcx"": 54}",0.0007870839908719063,0.001831541012506932,2.116599353030324e-05,1.837499439716339e-05,0.003081417002249509,0.0,100.0,1.0
7d5d50ca,2026-10-07T23:03:59.241913,NEU-DET,crazing,crazing_166.jpg,4x4,4,4,8,FRQI,1024,aer,5,4,1,1092,705,384,"{""h"": 132, ""x"": 64, ""cx"": 384, ""tdg"": 192, ""t"": 256, ""ry"": 64}",0.0010842079645954072,0.004861957975663245,3.4416967537254095e-05,6.225000834092498e-05,0.007486624992452562,0.0013133877029385805,28.816070542665756,0.8519039844301088
839c1386,2026-10-07T23:03:59.251786,NEU-DET,crazing,crazing_166.jpg,4x4,4,4,8,NEQR,1024,aer,12,4,8,124,84,56,"{""h"": 4, ""x"": 64, ""mcx"": 56}",0.0014594579697586596,0.0016244170255959034,2.3374974261969328e-05,2.0167033653706312e-05,0.003588207997381687,0.0,100.0,1.0
7ac78a4b,2026-10-07T23:03:59.258048,NEU-DET,crazing,crazing_167.jpg,4x4,4,4,8,FRQI,1024,aer,5,4,1,1092,705,384,"{""h"": 132, ""x"": 64, ""cx"": 384, ""tdg"": 192, ""t"": 256, ""ry"": 64}",0.0010731249931268394,0.010412416013423353,3.5040953662246466e-05,6.7666987888515e-05,0.013027790992055088,0.0022722232950913514,26.43548992036341,0.7445196738999854
d2758269,2026-10-07T23:03:59.273504,NEU-DET,crazing,crazing_167.jpg,4x4,4,4,8,NEQR,1024,aer,12,4,8,125,85,57,"{""h"": 4, ""x"": 64, ""mcx"": 57}",0.0008263750351034105,0.0019377919961698353,2.212502295151353e-05,1.9625003915280104e-05,0.0032687499769963324,0.0,100.0,1.0
34699650,2026-10-07T23:03:59.279399,NEU-DET,crazing,crazing_168.jpg,4x4,4,4,8,FRQI,1024,aer,5,4,1,1092,705,384,"{""h"": 132, ""x"": 64, ""cx"": 384, ""tdg"": 192, ""t"": 256, ""ry"": 64}",0.0010611659963615239,0.005664917000103742,3.4374999813735485e-05,6.0125021263957024e-05,0.008291415986604989,0.0021292481603374866,26.71773719311102,0.6633653368085374
09406dc6,2026-10-07T23:03:59.290000,NEU-DET,crazing,crazing_168.jpg,4x4,4,4,8,NEQR,1024,aer,12,4,8,126,86,58,"{""h"": 4, ""x"": 64, ""mcx"": 58}",0.0008271659607999027,0.0018942499882541597,2.3709028027951717e-05,2.062495332211256e-05,0.0032122500124387443,0.0,100.0,1.0
2972afc1,2026-10-07T23:03:59.295781,NEU-DET,crazing,crazing_169.jpg,4x4,4,4,8,FRQI,1024,aer,5,4,1,1092,705,384,"{""h"": 132, ""x"": 64, ""cx"": 384, ""tdg"": 192, ""t"": 256, ""ry"": 64}",0.0010143329855054617,0.007145665993448347,3.462500171735883e-05,6.308301817625761e-05,0.009641500015277416,0.002292384186567034,26.39712596074681,0.5187988453638308
84b25c55,2026-10-07T23:03:59.307782,NEU-DET,crazing,crazing_169.jpg,4x4,4,4,8,NEQR,1024,aer,12,4,8,133,93,65,"{""h"": 4, ""x"": 64, ""mcx"": 65}",0.0008753339643590152,0.0021165419602766633,2.2792024537920952e-05,2.0707957446575165e-05,0.003495040989946574,0.0,100.0,1.0
a344b8ea,2026-10-07T23:03:59.313844,NEU-DET,crazing,crazing_17.jpg,4x4,4,4,8,FRQI,1024,aer,5,4,1,1092,705,384,"{""h"": 132, ""x"": 64, ""cx"": 384, ""tdg"": 192, ""t"": 256, ""ry"": 64}",0.0024611250264570117,0.005196791025809944,3.6582991015166044e-05,6.908399518579245e-05,0.009540916013065726,0.0020229841884332037,26.94007511644937,0.4626952677731111
691349c0,2026-10-07T23:03:59.326924,NEU-DET,crazing,crazing_17.jpg,4x4,4,4,8,NEQR,1024,aer,12,4,8,128,88,60,"{""h"": 4, ""x"": 64, ""mcx"": 60}",0.0008598329732194543,0.0020840829820372164,2.3042026441544294e-05,2.0749983377754688e-05,0.0034648340079002082,0.0,100.0,1.0
7a085ba9,2026-10-07T23:03:59.334052,NEU-DET,crazing,crazing_170.jpg,4x4,4,4,8,FRQI,1024,aer,5,4,1,1092,705,384,"{""h"": 132, ""x"": 64, ""cx"": 384, ""tdg"": 192, ""t"": 256, ""ry"": 64}",0.0015274169854819775,0.004790084029082209,3.9082951843738556e-05,7.179199019446969e-05,0.008295583014842123,0.002748276640495256,25.609395534925596,0.5346374504281954
1f26fb2a,2026-10-07T23:03:59.344917,NEU-DET,crazing,crazing_170.jpg,4x4,4,4,8,NEQR,1024,aer,12,4,8,119,79,51,"{""h"": 4, ""x"": 64, ""mcx"": 51}",0.0007551659946329892,0.0019125420367345214,2.1666986867785454e-05,1.8874998204410076e-05,0.003146874951198697,0.0,100.0,1.0
7dacc2ac,2026-10-07T23:03:59.351633,NEU-DET,crazing,crazing_171.jpg,4x4,4,4,8,FRQI,1024,aer,5,4,1,1092,705,384,"{""h"": 132, ""x"": 64, ""cx"": 384, ""tdg"": 192, ""t"": 256, ""ry"": 64}",0.0010951249860227108,0.00480983400484547,3.2374984584748745e-05,6.59169745631516e-05,0.0074494589935056865,0.0012429338862156379,29.055519716120607,0.8184861598211077
fe300724,2026-10-07T23:03:59.361552,NEU-DET,crazing,crazing_171.jpg,4x4,4,4,8,NEQR,1024,aer,12,4,8,124,84,56,"{""h"": 4, ""x"": 64, ""mcx"": 56}",0.000810790981631726,0.0016418329905718565,2.2833002731204033e-05,2.0583043806254864e-05,0.002943707979284227,0.0,100.0,1.0
62ca3567,2026-10-07T23:03:59.367178,NEU-DET,crazing,crazing_172.jpg,4x4,4,4,8,FRQI,1024,aer,5,4,1,1092,705,384,"{""h"": 132, ""x"": 64, ""cx"": 384, ""tdg"": 192, ""t"": 256, ""ry"": 64}",0.001041291980072856,0.004874333972111344,3.608298720791936e-05,6.441597361117601e-05,0.007448333024512976,0.002396584984167101,26.20407166087832,0.6920074631788862
93fed7af,2026-10-07T23:03:59.377107,NEU-DET,crazing,crazing_172.jpg,4x4,4,4,8,NEQR,1024,aer,12,4,8,129,89,61,"{""h"": 4, ""x"": 64, ""mcx"": 61}",0.0008474580245092511,0.0017790410201996565,2.0625011529773474e-05,1.7458980437368155e-05,0.003095791966188699,0.0,100.0,1.0
d8d78d06,2026-10-07T23:03:59.382786,NEU-DET,crazing,crazing_173.jpg,4x4,4,4,8,FRQI,1024,aer,5,4,1,1092,705,384,"{""h"": 132, ""x"": 64, ""cx"": 384, ""tdg"": 192, ""t"": 256, ""ry"": 64}",0.0010159169905818999,0.00452291703550145,3.066699719056487e-05,5.862500984221697e-05,0.0069915829808451235,0.0021533214606137964,26.66891131277579,0.7423332956681192
923473f7,2026-10-07T23:03:59.392523,NEU-DET,crazing,crazing_173.jpg,4x4,4,4,8,NEQR,1024,aer,12,4,8,114,74,46,"{""h"": 4, ""x"": 64, ""mcx"": 46}",0.000761166971642524,0.001558292016852647,1.954101026058197e-05,1.77919864654541e-05,0.0027863329742103815,0.0,100.0,1.0
408a6fac,2026-10-07T23:03:59.397968,NEU-DET,crazing,crazing_174.jpg,4x4,4,4,8,FRQI,1024,aer,5,4,1,1092,705,384,"{""h"": 132, ""x"": 64, ""cx"": 384, ""tdg"": 192, ""t"": 256, ""ry"": 64}",0.0018592910491861403,0.004671750008128583,3.479100996628404e-05,6.604200461879373e-05,0.009105209028348327,0.0020817002590273557,26.815818037504997,0.7532885838989167
7450f85a,2026-10-07T23:03:59.409579,NEU-DET,crazing,crazing_174.jpg,4x4,4,4,8,NEQR,1024,aer,12,4,8,130,90,62,"{""h"": 4, ""x"": 64, ""mcx"": 62}",0.0008718339959159493,0.0018042500014416873,2.0832987502217293e-05,2.0292005501687527e-05,0.003168458992149681,0.0,100.0,1.0
c81e169f,2026-10-07T23:03:59.415479,NEU-DET,crazing,crazing_175.jpg,4x4,4,4,8,FRQI,1024,aer,5,4,1,1092,705,384,"{""h"": 132, ""x"": 64, ""cx"": 384, ""tdg"": 192, ""t"": 256, ""ry"": 64}",0.0010525000398047268,0.00730929197743535,3.3958989661186934e-05,6.7666987888515e-05,0.009900250006467104,0.001853535054005621,27.319991961910652,0.8088039058458161
3cbda7a7,2026-10-07T23:03:59.427887,NEU-DET,crazing,crazing_175.jpg,4x4,4,4,8,NEQR,1024,aer,12,4,8,129,89,61,"{""h"": 4, ""x"": 64, ""mcx"": 61}",0.001359499990940094,0.001995542028453201,2.2916006855666637e-05,2.0208011846989393e-05,0.004158333002123982,0.0,100.0,1.0
69fc5a60,2026-10-07T23:03:59.436642,NEU-DET,crazing,crazing_176.jpg,4x4,4,4,8,FRQI,1024,aer,5,4,1,1092,705,384,"{""h"": 132, ""x"": 64, ""cx"": 384, ""tdg"": 192, ""t"": 256, ""ry"": 64}",0.0010940409847535193,0.00469037500442937,3.366696182638407e-05,6.42079976387322e-05,0.007331290980800986,0.0019131190349753354,27.182580071684022,0.7838135483393467
8147ebb8,2026-10-07T23:03:59.446362,NEU-DET,crazing,crazing_176.jpg,4x4,4,4,8,NEQR,1024,aer,12,4,8,128,88,60,"{""h"": 4, ""x"": 64, ""mcx"": 60}",0.0008212079992517829,0.0031010000384412706,2.37500062212348e-05,1.9625003915280104e-05,0.004406167019624263,0.0,100.0,1.0
4727dc46,2026-10-07T23:03:59.453493,NEU-DET,crazing,crazing_177.jpg,4x4,4,4,8,FRQI,1024,aer,5,4,1,1092,705,384,"{""h"": 132, ""x"": 64, ""cx"": 384, ""tdg"": 192, ""t"": 256, ""ry"": 64}",0.0010257920366711915,0.005246250017080456,3.4374999813735485e-05,6.687501445412636e-05,0.007794166973326355,0.0017723414731602254,27.514525998180556,0.83239628850821
8e4f1fd4,2026-10-07T23:03:59.463843,NEU-DET,crazing,crazing_177.jpg,4x4,4,4,8,NEQR,1024,aer,12,4,8,135,95,67,"{""h"": 4, ""x"": 64, ""mcx"": 67}",0.0009792500059120357,0.0020547499880194664,2.216699067503214e-05,2.1082989405840635e-05,0.003589084022678435,0.0,100.0,1.0
0d61d7db,2026-10-07T23:03:59.470230,NEU-DET,crazing,crazing_178.jpg,4x4,4,4,8,FRQI,1024,aer,5,4,1,1092,705,384,"{""h"": 132, ""x"": 64, ""cx"": 384, ""tdg"": 192, ""t"": 256, ""ry"": 64}",0.0010642919805832207,0.00466308300383389,3.166700480505824e-05,6.350001785904169e-05,0.0072572920471429825,0.001560836616203301,28.066425552303294,0.6302659165886632
c699c077,2026-10-07T23:03:59.480224,NEU-DET,crazing,crazing_178.jpg,4x4,4,4,8,NEQR,1024,aer,12,4,8,134,94,66,"{""h"": 4, ""x"": 64, ""mcx"": 66}",0.0015681249788030982,0.002109540975652635,2.2332998923957348e-05,2.095801755785942e-05,0.004206291981972754,0.0,100.0,1.0
3110a7e0,2026-10-07T23:03:59.487175,NEU-DET,crazing,crazing_179.jpg,4x4,4,4,8,FRQI,1024,aer,5,4,1,1092,705,384,"{""h"": 132, ""x"": 64, ""cx"": 384, ""tdg"": 192, ""t"": 256, ""ry"": 64}",0.001052957959473133,0.00475449999794364,3.195903263986111e-05,6.34589814580977e-05,0.007498375023715198,0.002376452304701463,26.24070897553876,0.7005949361601018
67af3337,2026-10-07T23:03:59.497190,NEU-DET,crazing,crazing_179.jpg,4x4,4,4,8,NEQR,1024,aer,12,4,8,130,90,62,"{""h"": 4, ""x"": 64, ""mcx"": 62}",0.0008703750208951533,0.0036956669646315277,2.5707995519042015e-05,2.1333980839699507e-05,0.0050768330111168325,0.0,100.0,1.0
8646ef00,2026-10-07T23:03:59.505055,NEU-DET,crazing,crazing_18.jpg,4x4,4,4,8,FRQI,1024,aer,5,4,1,1092,705,384,"{""h"": 132, ""x"": 64, ""cx"": 384, ""tdg"": 192, ""t"": 256, ""ry"": 64}",0.0010593329789116979,0.005681583017576486,3.4542055800557137e-05,6.691599264740944e-05,0.008291665988508612,0.002123041949676481,26.730414244241942,0.7772672041078519
65d7b3cc,2026-10-07T23:03:59.515833,NEU-DET,crazing,crazing_18.jpg,4x4,4,4,8,NEQR,1024,aer,12,4,8,132,92,64,"{""h"": 4, ""x"": 64, ""mcx"": 64}",0.0013822500477544963,0.0019941249629482627,2.0875013433396816e-05,1.9041006453335285e-05,0.00388887501321733,0.0,100.0,1.0
55dd18fb,2026-10-07T23:03:59.522390,NEU-DET,crazing,crazing_180.jpg,4x4,4,4,8,FRQI,1024,aer,5,4,1,1092,705,384,"{""h"": 132, ""x"": 64, ""cx"": 384, ""tdg"": 192, ""t"": 256, ""ry"": 64}",0.0010383330518379807,0.005317792005371302,3.754196222871542e-05,7.354095578193665e-05,0.007874707982409745,0.001931471557492984,27.14111682815458,0.8269717982110407
4507593c,2026-10-07T23:03:59.533766,NEU-DET,crazing,crazing_180.jpg,4x4,4,4,8,NEQR,1024,aer,12,4,8,138,98,70,"{""h"": 4, ""x"": 64, ""mcx"": 70}",0.0010168330045416951,0.002172416017856449,2.2499996703118086e-05,1.995899947360158e-05,0.0037970420089550316,0.0,100.0,1.0
500f0141,2026-10-07T23:03:59.540337,NEU-DET,crazing,crazing_181.jpg,4x4,4,4,8,FRQI,1024,aer,5,4,1,1092,705,384,"{""h"": 132, ""x"": 64, ""cx"": 384, ""tdg"": 192, ""t"": 256, ""ry"": 64}",0.0010570829617790878,0.005151416000444442,3.570795524865389e-05,6.254197796806693e-05,0.007746540999505669,0.0021660364767986866,26.64334233980783,0.8366165934768393
73b0927c,2026-10-07T23:03:59.551628,NEU-DET,crazing,crazing_181.jpg,4x4,4,4,8,NEQR,1024,aer,12,4,8,124,84,56,"{""h"": 4, ""x"": 64, ""mcx"": 56}",0.0008193750400096178,0.001882124983239919,2.2957974579185247e-05,2.0415987819433212e-05,0.0032084169797599316,0.0,100.0,1.0
c0102e54,2026-10-07T23:03:59.557585,NEU-DET,crazing,crazing_182.jpg,4x4,4,4,8,FRQI,1024,aer,5,4,1,1092,705,384,"{""h"": 132, ""x"": 64, ""cx"": 384, ""tdg"": 192, ""t"": 256, ""ry"": 64}",0.0010444999788887799,0.005022042023483664,3.637495683506131e-05,6.683298852294683e-05,0.007603790960274637,0.002098548626265832,26.78080963133808,0.7697278589593075
4e572779,2026-10-07T23:03:59.567827,NEU-DET,crazing,crazing_182.jpg,4x4,4,4,8,NEQR,1024,aer,12,4,8,130,90,62,"{""h"": 4, ""x"": 64, ""mcx"": 62}",0.0008794169989414513,0.0016580840456299484,2.1541956812143326e-05,1.8624996300786734e-05,0.0030431249761022627,0.0,100.0,1.0
27658a00,2026-10-07T23:03:59.574736,NEU-DET,crazing,crazing_183.jpg,4x4,4,4,8,FRQI,1024,aer,5,4,1,1092,705,384,"{""h"": 132, ""x"": 64, ""cx"": 384, ""tdg"": 192, ""t"": 256, ""ry"": 64}",0.0010738749988377094,0.0054901670082472265,3.362499410286546e-05,6.533402483910322e-05,0.008125916996505111,0.0012603118249996132,28.99521988912553,0.817338323551625
fd9b38cc,2026-10-07T23:03:59.585479,NEU-DET,crazing,crazing_183.jpg,4x4,4,4,8,NEQR,1024,aer,12,4,8,116,76,48,"{""h"": 4, ""x"": 64, ""mcx"": 48}",0.0007392920088022947,0.0014777920441702008,2.0749983377754688e-05,1.95419997908175e-05,0.00267370801884681,0.0,100.0,1.0
df860703,2026-10-07T23:03:59.591180,NEU-DET,crazing,crazing_184.jpg,4x4,4,4,8,FRQI,1024,aer,5,4,1,1092,705,384,"{""h"": 132, ""x"": 64, ""cx"": 384, ""tdg"": 192, ""t"": 256, ""ry"": 64}",0.001933583989739418,0.005755915946792811,3.283302066847682e-05,6.883300375193357e-05,0.010693625023122877,0.001452007555615831,28.380311237504394,0.8859166314026823
d6dfa3bc,2026-10-07T23:03:59.604387,NEU-DET,crazing,crazing_184.jpg,4x4,4,4,8,NEQR,1024,aer,12,4,8,130,90,62,"{""h"": 4, ""x"": 64, ""mcx"": 62}",0.0008537080138921738,0.0024637090391479433,2.095900708809495e-05,1.9708997569978237e-05,0.0038070830050855875,0.0,100.0,1.0
12ed7fc1,2026-10-07T23:03:59.611027,NEU-DET,crazing,crazing_185.jpg,4x4,4,4,8,FRQI,1024,aer,5,4,1,1092,705,384,"{""h"": 132, ""x"": 64, ""cx"": 384, ""tdg"": 192, ""t"": 256, ""ry"": 64}",0.0010364169720560312,0.00575679203029722,3.883300814777613e-05,7.154099876061082e-05,0.009173833997920156,0.002724626418653401,25.646930366679822,0.6233711271610816
1b133b53,2026-10-07T23:03:59.622859,NEU-DET,crazing,crazing_185.jpg,4x4,4,4,8,NEQR,1024,aer,12,4,8,124,84,56,"{""h"": 4, ""x"": 64, ""mcx"": 56}",0.0008154580136761069,0.002022332977503538,2.462498378008604e-05,2.1249987185001373e-05,0.003341500007081777,0.0,100.0,1.0
08592340,2026-10-07T23:03:59.629095,NEU-DET,crazing,crazing_186.jpg,4x4,4,4,8,FRQI,1024,aer,5,4,1,1092,705,384,"{""h"": 132, ""x"": 64, ""cx"": 384, ""tdg"": 192, ""t"": 256, ""ry"": 64}",0.0010617910302244127,0.004773000022396445,7.883296348154545e-05,0.00014112499775364995,0.00820541603025049,0.002016252088423503,26.954551697627668,0.41376506078117437
f7898837,2026-10-07T23:03:59.640210,NEU-DET,crazing,crazing_186.jpg,4x4,4,4,8,NEQR,1024,aer,12,4,8,136,96,68,"{""h"": 4, ""x"": 64, ""mcx"": 68}",0.000934917014092207,0.0021412920323200524,2.445897553116083e-05,2.2833002731204033e-05,0.0036160419695079327,0.0,100.0,1.0
d0c7cf15,2026-10-07T23:03:59.647627,NEU-DET,crazing,crazing_187.jpg,4x4,4,4,8,FRQI,1024,aer,5,4,1,1092,705,384,"{""h"": 132, ""x"": 64, ""cx"": 384, ""tdg"": 192, ""t"": 256, ""ry"": 64}",0.001129375013988465,0.0051123330486007035,3.649998689070344e-05,6.987503729760647e-05,0.007844375038985163,0.0030144675177968244,25.207893914860072,0.8587512239553001
22f7832e,2026-10-07T23:03:59.658672,NEU-DET,crazing,crazing_187.jpg,4x4,4,4,8,NEQR,1024,aer,12,4,8,134,94,66,"{""h"": 4, ""x"": 64, ""mcx"": 66}",0.0009367080056108534,0.001994792022742331,2.166605554521084e-05,1.8832972273230553e-05,0.003454540972597897,0.0,100.0,1.0
fa63408f,2026-10-07T23:03:59.664973,NEU-DET,crazing,crazing_188.jpg,4x4,4,4,8,FRQI,1024,aer,5,4,1,1092,705,384,"{""h"": 132, ""x"": 64, ""cx"": 384, ""tdg"": 192, ""t"": 256, ""ry"": 64}",0.0022244580322876573,0.004719915974419564,3.6457960959523916e-05,7.304101018235087e-05,0.010124791995622218,0.00270907394489045,25.67179140622201,0.5919452996764776
550929c8,2026-10-07T23:03:59.677927,NEU-DET,crazing,crazing_188.jpg,4x4,4,4,8,NEQR,1024,aer,12,4,8,133,93,65,"{""h"": 4, ""x"": 64, ""mcx"": 65}",0.0008853329927660525,0.0022620829986408353,2.3957982193678617e-05,2.0832987502217293e-05,0.0036657089949585497,0.0,100.0,1.0
33524f84,2026-10-07T23:03:59.684490,NEU-DET,crazing,crazing_189.jpg,4x4,4,4,8,FRQI,1024,aer,5,4,1,1092,705,384,"{""h"": 132, ""x"": 64, ""cx"": 384, ""tdg"": 192, ""t"": 256, ""ry"": 64}",0.0010405000066384673,0.004980708006769419,3.6375015042722225e-05,7.149996235966682e-05,0.00756108300993219,0.0017898904958918676,27.471735380059332,0.6177243589169883
865c73ae,2026-10-07T23:03:59.694799,NEU-DET,crazing,crazing_189.jpg,4x4,4,4,8,NEQR,1024,aer,12,4,8,134,94,66,"{""h"": 4, ""x"": 64, ""mcx"": 66}",0.0009267079876735806,0.0026119580143131316,2.379098441451788e-05,2.1333980839699507e-05,0.004099584009964019,0.0,100.0,1.0
2cda1a52,2026-10-07T23:03:59.701809,NEU-DET,crazing,crazing_19.jpg,4x4,4,4,8,FRQI,1024,aer,5,4,1,1092,705,384,"{""h"": 132, ""x"": 64, ""cx"": 384, ""tdg"": 192, ""t"": 256, ""ry"": 64}",0.001091625017579645,0.007670708000659943,3.654195461422205e-05,7.00420350767672e-05,0.0103348339907825,0.001332936973698113,28.751903851864704,0.8656533660326348
279e3a2b,2026-10-07T23:03:59.714866,NEU-DET,crazing,crazing_19.jpg,4x4,4,4,8,NEQR,1024,aer,12,4,8,125,85,57,"{""h"": 4, ""x"": 64, ""mcx"": 57}",0.0019000419997610152,0.0016485829837620258,2.274999860674143e-05,2.13750172406435e-05,0.004454791021998972,0.0,100.0,1.0
baab8958,2026-10-07T23:03:59.722195,NEU-DET,crazing,crazing_190.jpg,4x4,4,4,8,FRQI,1024,aer,5,4,1,1092,705,384,"{""h"": 132, ""x"": 64, ""cx"": 384, ""tdg"": 192, ""t"": 256, ""ry"": 64}",0.0010330419754609466,0.004999666998628527,3.5165983717888594e-05,6.53750030323863e-05,0.007569916022475809,0.0015281431775597376,28.158359531483935,0.662739057193513
134af52d,2026-10-07T23:03:59.735737,NEU-DET,crazing,crazing_190.jpg,4x4,4,4,8,NEQR,1024,aer,12,4,8,138,98,70,"{""h"": 4, ""x"": 64, ""mcx"": 70}",0.0009865000029094517,0.003528833040036261,2.520799171179533e-05,2.1499989088624716e-05,0.005090000049676746,0.0,100.0,1.0
77df1606,2026-10-07T23:03:59.744227,NEU-DET,crazing,crazing_191.jpg,4x4,4,4,8,FRQI,1024,aer,5,4,1,1092,705,384,"{""h"": 132, ""x"": 64, ""cx"": 384, ""tdg"": 192, ""t"": 256, ""ry"": 64}",0.0010933750309050083,0.005263708997517824,3.625004319474101e-05,6.574997678399086e-05,0.007912041968666017,0.001379035711901666,28.604244870648966,0.7794067208863338
4ad11326,2026-10-07T23:03:59.754839,NEU-DET,crazing,crazing_191.jpg,4x4,4,4,8,NEQR,1024,aer,12,4,8,143,103,75,"{""h"": 4, ""x"": 64, ""mcx"": 75}",0.001019958988763392,0.002147542021702975,2.1166051737964153e-05,1.912500010803342e-05,0.0037015419802628458,0.0,100.0,1.0
8a17c9e6,2026-10-07T23:03:59.761541,NEU-DET,crazing,crazing_192.jpg,4x4,4,4,8,FRQI,1024,aer,5,4,1,1092,705,384,"{""h"": 132, ""x"": 64, ""cx"": 384, ""tdg"": 192, ""t"": 256, ""ry"": 64}",0.0010697919642552733,0.008208957966417074,3.145798109471798e-05,6.308400770649314e-05,0.010845958022400737,0.0019169780902160722,27.173828507905007,0.8326443466237274
929b0c3c,2026-10-07T23:03:59.777264,NEU-DET,crazing,crazing_192.jpg,4x4,4,4,8,NEQR,1024,aer,12,4,8,136,96,68,"{""h"": 4, ""x"": 64, ""mcx"": 68}",0.000930209003854543,0.0020917090005241334,2.2833992261439562e-05,1.9291997887194157e-05,0.003548417007550597,0.0,100.0,1.0
f86ab4c2,2026-10-07T23:03:59.783749,NEU-DET,crazing,crazing_193.jpg,4x4,4,4,8,FRQI,1024,aer,5,4,1,1092,705,384,"{""h"": 132, ""x"": 64, ""cx"": 384, ""tdg"": 192, ""t"": 256, ""ry"": 64}",0.0010200829710811377,0.006136250041890889,3.695895429700613e-05,7.050001295283437e-05,0.009190874989144504,0.003557883536921172,24.48808272131885,0.6038967064479448
1388773d,2026-10-07T23:03:59.795679,NEU-DET,crazing,crazing_193.jpg,4x4,4,4,8,NEQR,1024,aer,12,4,8,124,84,56,"{""h"": 4, ""x"": 64, ""mcx"": 56}",0.0008387499838136137,0.0018688340205699205,2.3124972358345985e-05,1.9291997887194157e-05,0.003210624970961362,0.0,100.0,1.0
5a9428c1,2026-10-07T23:03:59.804852,NEU-DET,crazing,crazing_194.jpg,4x4,4,4,8,FRQI,1024,aer,5,4,1,1092,705,384,"{""h"": 132, ""x"": 64, ""cx"": 384, ""tdg"": 192, ""t"": 256, ""ry"": 64}",0.0010983750107698143,0.007842833001632243,7.862498750910163e-05,0.00015195796731859446,0.010762208956293762,0.0026898401191446275,25.702735331711185,0.6832446418042742
e296b815,2026-10-07T23:03:59.821205,NEU-DET,crazing,crazing_194.jpg,4x4,4,4,8,NEQR,1024,aer,12,4,8,134,94,66,"{""h"": 4, ""x"": 64, ""mcx"": 66}",0.0010326249757781625,0.003334667009767145,2.879201201722026e-05,2.5540997739881277e-05,0.004982832993846387,0.0,100.0,1.0
991699f3,2026-10-07T23:03:59.829299,NEU-DET,crazing,crazing_195.jpg,4x4,4,4,8,FRQI,1024,aer,5,4,1,1092,705,384,"{""h"": 132, ""x"": 64, ""cx"": 384, ""tdg"": 192, ""t"": 256, ""ry"": 64}",0.0011338749900460243,0.006561583955772221,3.6833982449024916e-05,7.633300265297294e-05,0.009446082985959947,0.0022445346418890288,26.488736873596114,0.717947543440137
b61247d3,2026-10-07T23:03:59.842877,NEU-DET,crazing,crazing_195.jpg,4x4,4,4,8,NEQR,1024,aer,12,4,8,140,100,72,"{""h"": 4, ""x"": 64, ""mcx"": 72}",0.0010610410245135427,0.0019439579918980598,2.508395118638873e-05,2.466695150360465e-05,0.003637333051301539,0.0,100.0,1.0
730d6c8c,2026-10-07T23:03:59.850324,NEU-DET,crazing,crazing_196.jpg,4x4,4,4,8,FRQI,1024,aer,5,4,1,1092,705,384,"{""h"": 132, ""x"": 64, ""cx"": 384, ""tdg"": 192, ""t"": 256, ""ry"": 64}",0.0014783329679630697,0.004936999990604818,3.795797238126397e-05,7.570901652798057e-05,0.008033665944822133,0.0017032755536859386,27.687150867616474,0.6572381164086911
a1dac9dd,2026-10-07T23:03:59.861578,NEU-DET,crazing,crazing_196.jpg,4x4,4,4,8,NEQR,1024,aer,12,4,8,136,96,68,"{""h"": 4, ""x"": 64, ""mcx"": 68}",0.0009607080137357116,0.0025512499851174653,5.9542013332247734e-05,6.216601468622684e-05,0.004166750004515052,0.0,100.0,1.0
f4239a60,2026-10-07T23:03:59.869104,NEU-DET,crazing,crazing_197.jpg,4x4,4,4,8,FRQI,1024,aer,5,4,1,1092,705,384,"{""h"": 132, ""x"": 64, ""cx"": 384, ""tdg"": 192, ""t"": 256, ""ry"": 64}",0.0010922499932348728,0.004972500028088689,3.545801155269146e-05,7.191597251221538e-05,0.0076674160081893206,0.0015309337913496028,28.15043590930269,0.6368363896946095
9897d3ce,2026-10-07T23:03:59.879643,NEU-DET,crazing,crazing_197.jpg,4x4,4,4,8,NEQR,1024,aer,12,4,8,132,92,64,"{""h"": 4, ""x"": 64, ""mcx"": 64}",0.0008932499913498759,0.003121540998108685,2.441700780764222e-05,4.175002686679363e-05,0.004580500011797994,0.0,100.0,1.0
cc714043,2026-10-07T23:03:59.887494,NEU-DET,crazing,crazing_198.jpg,4x4,4,4,8,FRQI,1024,aer,5,4,1,1092,705,384,"{""h"": 132, ""x"": 64, ""cx"": 384, ""tdg"": 192, ""t"": 256, ""ry"": 64}",0.0010884160292334855,0.00654762500198558,4.141696263104677e-05,7.475004531443119e-05,0.009322208992671221,0.0015676822900885998,28.047419478008486,0.845598433219646
1d24e4c8,2026-10-07T23:03:59.900345,NEU-DET,crazing,crazing_198.jpg,4x4,4,4,8,NEQR,1024,aer,12,4,8,133,93,65,"{""h"": 4, ""x"": 64, ""mcx"": 65}",0.000960625009611249,0.002143791993148625,2.2332998923957348e-05,2.0292005501687527e-05,0.0036673329886980355,0.0,100.0,1.0
f1e5185d,2026-10-07T23:03:59.908105,NEU-DET,crazing,crazing_199.jpg,4x4,4,4,8,FRQI,1024,aer,5,4,1,1092,705,384,"{""h"": 132, ""x"": 64, ""cx"": 384, ""tdg"": 192, ""t"": 256, ""ry"": 64}",0.0010734160314314067,0.004984124971088022,6.77499920129776e-05,0.00013454101281240582,0.007807959045749158,0.0016273629520846004,27.885155752080276,0.6599290243215782
a06ca737,2026-10-07T23:03:59.919050,NEU-DET,crazing,crazing_199.jpg,4x4,4,4,8,NEQR,1024,aer,12,4,8,137,97,69,"{""h"": 4, ""x"": 64, ""mcx"": 69}",0.0009500409942120314,0.002235833031591028,2.4292035959661007e-05,0.0001075830077752471,0.004129750013817102,0.0,100.0,1.0
7c0cac1c,2026-10-07T23:03:59.928250,NEU-DET,crazing,crazing_2.jpg,4x4,4,4,8,FRQI,1024,aer,5,4,1,1092,705,384,"{""h"": 132, ""x"": 64, ""cx"": 384, ""tdg"": 192, ""t"": 256, ""ry"": 64}",0.0011911250185221434,0.005426542018540204,3.729097079485655e-05,7.095804903656244e-05,0.008216958958655596,0.001539394450729193,28.126500833358698,0.7911655669163427
09bb106c,2026-10-07T23:03:59.939304,NEU-DET,crazing,crazing_2.jpg,4x4,4,4,8,NEQR,1024,aer,12,4,8,138,98,70,"{""h"": 4, ""x"": 64, ""mcx"": 70}",0.000967083964496851,0.0033087499905377626,2.579198917374015e-05,2.258399035781622e-05,0.004830834048334509,0.0,100.0,1.0
4480dbc3,2026-10-07T23:03:59.947299,NEU-DET,crazing,crazing_20.jpg,4x4,4,4,8,FRQI,1024,aer,5,4,1,1092,705,384,"{""h"": 132, ""x"": 64, ""cx"": 384, ""tdg"": 192, ""t"": 256, ""ry"": 64}",0.0018783750128932297,0.004779208044055849,3.445800393819809e-05,7.02079851180315e-05,0.008295458974316716,0.002872677667238919,25.417131018858512,0.8866991981603961
c5f13ff8,2026-10-07T23:03:59.958502,NEU-DET,crazing,crazing_20.jpg,4x4,4,4,8,NEQR,1024,aer,12,4,8,136,96,68,"{""h"": 4, ""x"": 64, ""mcx"": 68}",0.0009900419972836971,0.0021100830053910613,2.2666994482278824e-05,2.195802517235279e-05,0.003665708005428314,0.0,100.0,1.0
76c70912,2026-10-07T23:03:59.965628,NEU-DET,crazing,crazing_200.jpg,4x4,4,4,8,FRQI,1024,aer,5,4,1,1092,705,384,"{""h"": 132, ""x"": 64, ""cx"": 384, ""tdg"": 192, ""t"": 256, ""ry"": 64}",0.01609216700308025,0.005026292055845261,4.074996104463935e-05,7.529201684519649e-05,0.02334462496219203,0.0016870020634845715,27.72884386196047,0.8251495328166233
44d84283,2026-10-07T23:03:59.991946,NEU-DET,crazing,crazing_200.jpg,4x4,4,4,8,NEQR,1024,aer,12,4,8,128,88,60,"{""h"": 4, ""x"": 64, ""mcx"": 60}",0.0008693329873494804,0.002088374982122332,2.13750172406435e-05,2.0332983694970608e-05,0.0034841670421883464,0.0,100.0,1.0
3d999920,2026-10-07T23:03:59.999601,NEU-DET,crazing,crazing_201.jpg,4x4,4,4,8,FRQI,1024,aer,5,4,1,1092,705,384,"{""h"": 132, ""x"": 64, ""cx"": 384, ""tdg"": 192, ""t"": 256, ""ry"": 64}",0.0011050000321120024,0.00477633299306035,3.429100615903735e-05,6.849999772384763e-05,0.007473542005755007,0.0030439920166951077,25.16556490899431,0.7848260056433833
63dcea5f,2026-10-07T23:04:00.010048,NEU-DET,crazing,crazing_201.jpg,4x4,4,4,8,NEQR,1024,aer,12,4,8,126,86,58,"{""h"": 4, ""x"": 64, ""mcx"": 58}",0.0008507919847033918,0.0020749589893966913,2.0625011529773474e-05,1.9625003915280104e-05,0.003428041993174702,0.0,100.0,1.0
4d70b4ed,2026-10-07T23:04:00.017552,NEU-DET,crazing,crazing_202.jpg,4x4,4,4,8,FRQI,1024,aer,5,4,1,1092,705,384,"{""h"": 132, ""x"": 64, ""cx"": 384, ""tdg"": 192, ""t"": 256, ""ry"": 64}",0.0010637500090524554,0.004830709018278867,3.545900108292699e-05,6.729102460667491e-05,0.007460208027623594,0.0022106622621411685,26.554776024653034,0.5111386150069561
73588085,2026-10-07T23:04:00.028037,NEU-DET,crazing,crazing_202.jpg,4x4,4,4,8,NEQR,1024,aer,12,4,8,132,92,64,"{""h"": 4, ""x"": 64, ""mcx"": 64}",0.0009340840042568743,0.0022034170106053352,2.4916953407227993e-05,2.0749983377754688e-05,0.003671834012493491,0.0,100.0,1.0
7b240e56,2026-10-07T23:04:00.035067,NEU-DET,crazing,crazing_203.jpg,4x4,4,4,8,FRQI,1024,aer,5,4,1,1092,705,384,"{""h"": 132, ""x"": 64, ""cx"": 384, ""tdg"": 192, ""t"": 256, ""ry"": 64}",0.0010314169921912253,0.004744417034089565,3.616698086261749e-05,7.079198257997632e-05,0.007331709028221667,0.0023564827325894292,26.277357382377225,0.8027783568816014
fe70499c,2026-10-07T23:04:00.045297,NEU-DET,crazing,crazing_203.jpg,4x4,4,4,8,NEQR,1024,aer,12,4,8,137,97,69,"{""h"": 4, ""x"": 64, ""mcx"": 69}",0.0009585830266587436,0.003839540993794799,2.2082997020334005e-05,2.0832987502217293e-05,0.00533412501681596,0.0,100.0,1.0
5a5bf711,2026-10-07T23:04:00.053686,NEU-DET,crazing,crazing_204.jpg,4x4,4,4,8,FRQI,1024,aer,5,4,1,1092,705,384,"{""h"": 132, ""x"": 64, ""cx"": 384, ""tdg"": 192, ""t"": 256, ""ry"": 64}",0.0010586670250631869,0.004879458982031792,3.63329891115427e-05,6.808404577895999e-05,0.007487915980163962,0.0022906526133857,26.40040768309063,0.4956440227545941
dab3d886,2026-10-07T23:04:00.064133,NEU-DET,crazing,crazing_204.jpg,4x4,4,4,8,NEQR,1024,aer,12,4,8,133,93,65,"{""h"": 4, ""x"": 64, ""mcx"": 65}",0.0009614170412532985,0.0017480420065112412,2.1792016923427582e-05,2.0792009308934212e-05,0.0032711669919081032,0.0,100.0,1.0
ca9c3238,2026-10-07T23:04:00.070503,NEU-DET,crazing,crazing_205.jpg,4x4,4,4,8,FRQI,1024,aer,5,4,1,1092,705,384,"{""h"": 132, ""x"": 64, ""cx"": 384, ""tdg"": 192, ""t"": 256, ""ry"": 64}",0.0011059159878641367,0.004886541981250048,3.6375015042722225e-05,7.004098733887076e-05,0.007542500039562583,0.0016297759922520257,27.87872083948391,0.8765521696105427
6ef64bb2,2026-10-07T23:04:00.081103,NEU-DET,crazing,crazing_205.jpg,4x4,4,4,8,NEQR,1024,aer,12,4,8,136,96,68,"{""h"": 4, ""x"": 64, ""mcx"": 68}",0.0022635830100625753,0.0019627909641712904,2.370803849771619e-05,2.116599353030324e-05,0.005247000022791326,0.0,100.0,1.0
3ff8a9cf,2026-10-07T23:04:00.089531,NEU-DET,crazing,crazing_206.jpg,4x4,4,4,8,FRQI,1024,aer,5,4,1,1092,705,384,"{""h"": 132, ""x"": 64, ""cx"": 384, ""tdg"": 192, ""t"": 256, ""ry"": 64}",0.0010378749575465918,0.004768041020724922,3.56250093318522e-05,6.395898526534438e-05,0.007333584013395011,0.002002025987368772,26.985302894453085,0.8208635353666629
dfe06287,2026-10-07T23:04:00.099735,NEU-DET,crazing,crazing_206.jpg,4x4,4,4,8,NEQR,1024,aer,12,4,8,129,89,61,"{""h"": 4, ""x"": 64, ""mcx"": 61}",0.002012957993429154,0.002198792004492134,2.3500004317611456e-05,1.9791012164205313e-05,0.005173249985091388,0.0,100.0,1.0
77968217,2026-10-07T23:04:00.108006,NEU-DET,crazing,crazing_207.jpg,4x4,4,4,8,FRQI,1024,aer,5,4,1,1092,705,384,"{""h"": 132, ""x"": 64, ""cx"": 384, ""tdg"": 192, ""t"": 256, ""ry"": 64}",0.001036625006236136,0.008736165997106582,3.349996404722333e-05,6.695900810882449e-05,0.011303125007543713,0.0017416070910325487,27.5904981571361,0.697281322231907
1255db0b,2026-10-07T23:04:00.122087,NEU-DET,crazing,crazing_207.jpg,4x4,4,4,8,NEQR,1024,aer,12,4,8,131,91,63,"{""h"": 4, ""x"": 64, ""mcx"": 63}",0.0008487500017508864,0.0021816249936819077,2.520799171179533e-05,2.1292013116180897e-05,0.0035674169776029885,0.0,100.0,1.0
ea1b54a0,2026-10-07T23:04:00.129886,NEU-DET,crazing,crazing_208.jpg,4x4,4,4,8,FRQI,1024,aer,5,4,1,1092,705,384,"{""h"": 132, ""x"": 64, ""cx"": 384, ""tdg"": 192, ""t"": 256, ""ry"": 64}",0.0011057499796152115,0.0047220829874277115,3.508297959342599e-05,6.295798812061548e-05,0.0077407920034602284,0.00217371063567694,26.62798269676101,0.7773947207449678
a9ff084e,2026-10-07T23:04:00.140728,NEU-DET,crazing,crazing_208.jpg,4x4,4,4,8,NEQR,1024,aer,12,4,8,131,91,63,"{""h"": 4, ""x"": 64, ""mcx"": 63}",0.0021422500140033662,0.002029041002970189,2.6500027161091566e-05,2.341700019314885e-05,0.004824541974812746,0.0,100.0,1.0
0d111391,2026-10-07T23:04:00.148835,NEU-DET,crazing,crazing_209.jpg,4x4,4,4,8,FRQI,1024,aer,5,4,1,1092,705,384,"{""h"": 132, ""x"": 64, ""cx"": 384, ""tdg"": 192, ""t"": 256, ""ry"": 64}",0.001580999989528209,0.004793541971594095,3.262498648837209e-05,6.699998630210757e-05,0.008038083033170551,0.0018125184061949136,27.417175744572194,0.7958809659073678
61031bdd,2026-10-07T23:04:00.159805,NEU-DET,crazing,crazing_209.jpg,4x4,4,4,8,NEQR,1024,aer,12,4,8,131,91,63,"{""h"": 4, ""x"": 64, ""mcx"": 63}",0.0009203339577652514,0.002194790984503925,2.2083986550569534e-05,1.89170241355896e-05,0.0036237920285202563,0.0,100.0,1.0
b530fa9b,2026-10-07T23:04:00.166477,NEU-DET,crazing,crazing_21.jpg,4x4,4,4,8,FRQI,1024,aer,5,4,1,1092,705,384,"{""h"": 132, ""x"": 64, ""cx"": 384, ""tdg"": 192, ""t"": 256, ""ry"": 64}",0.0010573329636827111,0.004923042026348412,3.041699528694153e-05,6.308301817625761e-05,0.007544375024735928,0.0016663607977178334,27.78230960016076,0.7263822326410816
c0c81e07,2026-10-07T23:04:00.176894,NEU-DET,crazing,crazing_21.jpg,4x4,4,4,8,NEQR,1024,aer,12,4,8,125,85,57,"{""h"": 4, ""x"": 64, ""mcx"": 57}",0.0008083749562501907,0.0020482499967329204,2.2249994799494743e-05,1.9417027942836285e-05,0.0033351670135743916,0.0,100.0,1.0
2a3599aa,2026-10-07T23:04:00.184434,NEU-DET,crazing,crazing_210.jpg,4x4,4,4,8,FRQI,1024,aer,5,4,1,1092,705,384,"{""h"": 132, ""x"": 64, ""cx"": 384, ""tdg"": 192, ""t"": 256, ""ry"": 64}",0.001135166035965085,0.004884042020421475,3.5582983400672674e-05,6.254203617572784e-05,0.007565791020169854,0.0025281980759738858,25.97188903517601,0.6572217109027259
008a8d58,2026-10-07T23:04:00.194899,NEU-DET,crazing,crazing_210.jpg,4x4,4,4,8,NEQR,1024,aer,12,4,8,132,92,64,"{""h"": 4, ""x"": 64, ""mcx"": 64}",0.0008849590085446835,0.0017813339945860207,2.762500662356615e-05,1.9166036508977413e-05,0.0031647920259274542,0.0,100.0,1.0
9c6ca164,2026-10-07T23:04:00.203986,NEU-DET,crazing,crazing_211.jpg,4x4,4,4,8,FRQI,1024,aer,5,4,1,1092,705,384,"{""h"": 132, ""x"": 64, ""cx"": 384, ""tdg"": 192, ""t"": 256, ""ry"": 64}",0.0010589170269668102,0.006429541972465813,3.345799632370472e-05,6.683304673060775e-05,0.009024333965498954,0.002402020213940046,26.194233421597236,0.7296844534486285
599619df,2026-10-07T23:04:00.216751,NEU-DET,crazing,crazing_211.jpg,4x4,4,4,8,NEQR,1024,aer,12,4,8,132,92,64,"{""h"": 4, ""x"": 64, ""mcx"": 64}",0.002042667008936405,0.0018534160335548222,2.2541964426636696e-05,2.1124957129359245e-05,0.004834083956666291,0.0,100.0,1.0
17af5987,2026-10-07T23:04:00.224713,NEU-DET,crazing,crazing_212.jpg,4x4,4,4,8,FRQI,1024,aer,5,4,1,1092,705,384,"{""h"": 132, ""x"": 64, ""cx"": 384, ""tdg"": 192, ""t"": 256, ""ry"": 64}",0.0010612920159474015,0.005992999998852611,3.412499791011214e-05,6.212497828528285e-05,0.008603708003647625,0.0013465293969349866,28.707841607914332,0.5103608793521125
be6ed9cc,2026-10-07T23:04:00.236176,NEU-DET,crazing,crazing_212.jpg,4x4,4,4,8,NEQR,1024,aer,12,4,8,137,97,69,"{""h"": 4, ""x"": 64, ""mcx"": 69}",0.0009454580140300095,0.0021636250312440097,2.1459010895341635e-05,1.9082974176853895e-05,0.0036076250253245234,0.0,100.0,1.0
60c67dfc,2026-10-07T23:04:00.243882,NEU-DET,crazing,crazing_213.jpg,4x4,4,4,8,FRQI,1024,aer,5,4,1,1092,705,384,"{""h"": 132, ""x"": 64, ""cx"": 384, ""tdg"": 192, ""t"": 256, ""ry"": 64}",0.0011205830378457904,0.005711207981221378,3.470800584182143e-05,6.608403054997325e-05,0.008444833976682276,0.0018339425253357943,27.36614278982595,0.7890039636602402
bb462679,2026-10-07T23:04:00.255247,NEU-DET,crazing,crazing_213.jpg,4x4,4,4,8,NEQR,1024,aer,12,4,8,128,88,60,"{""h"": 4, ""x"": 64, ""mcx"": 60}",0.0008627499919384718,0.0017250420060008764,2.3333006538450718e-05,1.9250030163675547e-05,0.0030871659982949495,0.0,100.0,1.0
2ba1bce4,2026-10-07T23:04:00.262374,NEU-DET,crazing,crazing_214.jpg,4x4,4,4,8,FRQI,1024,aer,5,4,1,1092,705,384,"{""h"": 132, ""x"": 64, ""cx"": 384, ""tdg"": 192, ""t"": 256, ""ry"": 64}",0.0010727079934440553,0.004937249992508441,3.404199378564954e-05,6.833404768258333e-05,0.007601334014907479,0.0016611610937446995,27.795882491067402,0.712189208900072
c4c9e414,2026-10-07T23:04:00.272953,NEU-DET,crazing,crazing_214.jpg,4x4,4,4,8,NEQR,1024,aer,12,4,8,128,88,60,"{""h"": 4, ""x"": 64, ""mcx"": 60}",0.0008495409856550395,0.0021194579894654453,1.995800994336605e-05,1.8000020645558834e-05,0.003445332986302674,0.0,100.0,1.0
b7409ce9,2026-10-07T23:04:00.279681,NEU-DET,crazing,crazing_215.jpg,4x4,4,4,8,FRQI,1024,aer,5,4,1,1092,705,384,"{""h"": 132, ""x"": 64, ""cx"": 384, ""tdg"": 192, ""t"": 256, ""ry"": 64}",0.001130083983298391,0.00475825002649799,3.445899346843362e-05,7.0915964897722e-05,0.007637707982212305,0.0018421116855186618,27.346840424703075,0.7643517233643647
c26a3276,2026-10-07T23:04:00.290383,NEU-DET,crazing,crazing_215.jpg,4x4,4,4,8,NEQR,1024,aer,12,4,8,124,84,56,"{""h"": 4, ""x"": 64, ""mcx"": 56}",0.0008196670096367598,0.0020093750208616257,2.4459033738821745e-05,2.012500772252679e-05,0.0033342499518767,0.0,100.0,1.0
6c458e1a,2026-10-07T23:04:00.300205,NEU-DET,crazing,crazing_216.jpg,4x4,4,4,8,FRQI,1024,aer,5,4,1,1092,705,384,"{""h"": 132, ""x"": 64, ""cx"": 384, ""tdg"": 192, ""t"": 256, ""ry"": 64}",0.0011705419747158885,0.004803249961696565,3.4917029552161694e-05,6.649998249486089e-05,0.007561874983366579,0.0015855906561573448,27.998089221368406,0.6937920941737346
3fdcc3be,2026-10-07T23:04:00.310804,NEU-DET,crazing,crazing_216.jpg,4x4,4,4,8,NEQR,1024,aer,12,4,8,128,88,60,"{""h"": 4, ""x"": 64, ""mcx"": 60}",0.0008576670079492033,0.0037667080177925527,2.274999860674143e-05,1.983396941795945e-05,0.005125374998897314,0.0,100.0,1.0
11b8c32f,2026-10-07T23:04:00.319222,NEU-DET,crazing,crazing_217.jpg,4x4,4,4,8,FRQI,1024,aer,5,4,1,1092,705,384,"{""h"": 132, ""x"": 64, ""cx"": 384, ""tdg"": 192, ""t"": 256, ""ry"": 64}",0.001131917000748217,0.004858583968598396,3.708299482241273e-05,6.920797750353813e-05,0.00759883300634101,0.0018678264987766141,27.28663467572439,0.7938608812203436
3cce1ac0,2026-10-07T23:04:00.329876,NEU-DET,crazing,crazing_217.jpg,4x4,4,4,8,NEQR,1024,aer,12,4,8,133,93,65,"{""h"": 4, ""x"": 64, ""mcx"": 65}",0.0009252919699065387,0.00375279103172943,5.416700150817633e-05,4.3874955736100674e-05,0.005379124952014536,0.0,100.0,1.0
3068dc0b,2026-10-07T23:04:00.342148,NEU-DET,crazing,crazing_218.jpg,4x4,4,4,8,FRQI,1024,aer,5,4,1,1092,705,384,"{""h"": 132, ""x"": 64, ""cx"": 384, ""tdg"": 192, ""t"": 256, ""ry"": 64}",0.0011169170029461384,0.005443333997391164,3.8457976188510656e-05,7.1291986387223e-05,0.008158750017173588,0.0019761562020842323,27.04178730283759,0.7002890759056899
07e7a209,2026-10-07T23:04:00.353549,NEU-DET,crazing,crazing_218.jpg,4x4,4,4,8,NEQR,1024,aer,12,4,8,128,88,60,"{""h"": 4, ""x"": 64, ""mcx"": 60}",0.0008867910364642739,0.0018664160161279142,2.3333996068686247e-05,2.041697734966874e-05,0.003278709016740322,0.0,100.0,1.0
0ca1e025,2026-10-07T23:04:00.360023,NEU-DET,crazing,crazing_219.jpg,4x4,4,4,8,FRQI,1024,aer,5,4,1,1092,705,384,"{""h"": 132, ""x"": 64, ""cx"": 384, ""tdg"": 192, ""t"": 256, ""ry"": 64}",0.0010924169910140336,0.008385416003875434,3.383302828297019e-05,6.741599645465612e-05,0.011018917022738606,0.0029115601390922777,25.358742349888313,0.6783160892462182
9a70cb19,2026-10-07T23:04:00.374121,NEU-DET,crazing,crazing_219.jpg,4x4,4,4,8,NEQR,1024,aer,12,4,8,131,91,63,"{""h"": 4, ""x"": 64, ""mcx"": 63}",0.0009130410035140812,0.001801458012778312,2.079096157103777e-05,2.01669754460454e-05,0.0032398750190623105,0.0,100.0,1.0
0d5611c2,2026-10-07T23:04:00.381668,NEU-DET,crazing,crazing_22.jpg,4x4,4,4,8,FRQI,1024,aer,5,4,1,1092,705,384,"{""h"": 132, ""x"": 64, ""cx"": 384, ""tdg"": 192, ""t"": 256, ""ry"": 64}",0.002502167015336454,0.004893666016869247,3.7375022657215595e-05,7.95419909991324e-05,0.010356708022300154,0.0031664957332145863,24.994210928388128,0.6616025419391989
a644215c,2026-10-07T23:04:00.395266,NEU-DET,crazing,crazing_22.jpg,4x4,4,4,8,NEQR,1024,aer,12,4,8,129,89,61,"{""h"": 4, ""x"": 64, ""mcx"": 61}",0.0008638339932076633,0.0020343749783933163,2.5707995519042015e-05,2.241699257865548e-05,0.0035299580194987357,0.0,100.0,1.0
973e7ca8,2026-10-07T23:04:00.405797,NEU-DET,crazing,crazing_220.jpg,4x4,4,4,8,FRQI,1024,aer,5,4,1,1092,705,384,"{""h"": 132, ""x"": 64, ""cx"": 384, ""tdg"": 192, ""t"": 256, ""ry"": 64}",0.001087249955162406,0.004906166985165328,3.358302637934685e-05,6.9500005338341e-05,0.007563750026747584,0.0019878192384237413,27.01623110544518,0.5371500763376633
e46c072a,2026-10-07T23:04:00.418257,NEU-DET,crazing,crazing_220.jpg,4x4,4,4,8,NEQR,1024,aer,12,4,8,136,96,68,"{""h"": 4, ""x"": 64, ""mcx"": 68}",0.0021802500123158097,0.0021304580150172114,2.3500004317611456e-05,2.2792024537920952e-05,0.005326708022039384,0.0,100.0,1.0
0880b679,2026-10-07T23:04:00.426875,NEU-DET,crazing,crazing_221.jpg,4x4,4,4,8,FRQI,1024,aer,5,4,1,1092,705,384,"{""h"": 132, ""x"": 64, ""cx"": 384, ""tdg"": 192, ""t"": 256, ""ry"": 64}",0.0010575000196695328,0.005284333950839937,3.458396531641483e-05,6.850005593150854e-05,0.00794450001558289,0.0020185992084273486,26.949499013868007,0.7104350263644603
a82e4156,2026-10-07T23:04:00.437941,NEU-DET,crazing,crazing_221.jpg,4x4,4,4,8,NEQR,1024,aer,12,4,8,130,90,62,"{""h"": 4, ""x"": 64, ""mcx"": 62}",0.0008997080149129033,0.002101958030834794,2.19999928958714e-05,2.0209001377224922e-05,0.0035227499902248383,0.0,100.0,1.0
b2ace864,2026-10-07T23:04:00.446753,NEU-DET,crazing,crazing_222.jpg,4x4,4,4,8,FRQI,1024,aer,5,4,1,1092,705,384,"{""h"": 132, ""x"": 64, ""cx"": 384, ""tdg"": 192, ""t"": 256, ""ry"": 64}",0.0011557090329006314,0.004718624986708164,3.516697324812412e-05,6.337498780339956e-05,0.008392291027121246,0.0021487194725454154,26.678202804034377,0.7824157949971854
300efa65,2026-10-07T23:04:00.458375,NEU-DET,crazing,crazing_222.jpg,4x4,4,4,8,NEQR,1024,aer,12,4,8,132,92,64,"{""h"": 4, ""x"": 64, ""mcx"": 64}",0.0009322079713456333,0.0022025409853085876,2.3250002413988113e-05,2.1082989405840635e-05,0.003664500021841377,0.0,100.0,1.0
947c9aea,2026-10-07T23:04:00.465480,NEU-DET,crazing,crazing_223.jpg,4x4,4,4,8,FRQI,1024,aer,5,4,1,1092,705,384,"{""h"": 132, ""x"": 64, ""cx"": 384, ""tdg"": 192, ""t"": 256, ""ry"": 64}",0.0011020840029232204,0.0053787080105394125,3.629102138802409e-05,6.795796798542142e-05,0.008942167041823268,0.0015092206979743657,28.212472473655463,0.8301573336923604
3854696e,2026-10-07T23:04:00.477711,NEU-DET,crazing,crazing_223.jpg,4x4,4,4,8,NEQR,1024,aer,12,4,8,131,91,63,"{""h"": 4, ""x"": 64, ""mcx"": 63}",0.0009012920199893415,0.0017107499879784882,2.4250010028481483e-05,1.937500201165676e-05,0.003125959017779678,0.0,100.0,1.0
cf9e6054,2026-10-07T23:04:00.487617,NEU-DET,crazing,crazing_224.jpg,4x4,4,4,8,FRQI,1024,aer,5,4,1,1092,705,384,"{""h"": 132, ""x"": 64, ""cx"": 384, ""tdg"": 192, ""t"": 256, ""ry"": 64}",0.0011226670467294753,0.005860250035766512,3.870896762236953e-05,7.233297219499946e-05,0.008566625008825213,0.001752858434686196,27.56253157218943,0.7178917386156907
0c28798f,2026-10-07T23:04:00.501483,NEU-DET,crazing,crazing_224.jpg,4x4,4,4,8,NEQR,1024,aer,12,4,8,132,92,64,"{""h"": 4, ""x"": 64, ""mcx"": 64}",0.0009132499690167606,0.0021473329979926348,2.458301605656743e-05,2.1292013116180897e-05,0.0035880840150639415,0.0,100.0,1.0
cd557501,2026-10-07T23:04:00.508410,NEU-DET,crazing,crazing_225.jpg,4x4,4,4,8,FRQI,1024,aer,5,4,1,1092,705,384,"{""h"": 132, ""x"": 64, ""cx"": 384, ""tdg"": 192, ""t"": 256, ""ry"": 64}",0.0011008330038748682,0.004939000005833805,3.4208991564810276e-05,6.708304863423109e-05,0.007603749982081354,0.0018448079815994623,27.34048831061353,0.7604408361923188
9f2f879c,2026-10-07T23:04:00.519242,NEU-DET,crazing,crazing_225.jpg,4x4,4,4,8,NEQR,1024,aer,12,4,8,140,100,72,"{""h"": 4, ""x"": 64, ""mcx"": 72}",0.0010161250247620046,0.0022451660479418933,2.141698496416211e-05,1.9749975763261318e-05,0.0038110410096123815,0.0,100.0,1.0
8d68851d,2026-10-07T23:04:00.526409,NEU-DET,crazing,crazing_226.jpg,4x4,4,4,8,FRQI,1024,aer,5,4,1,1092,705,384,"{""h"": 132, ""x"": 64, ""cx"": 384, ""tdg"": 192, ""t"": 256, ""ry"": 64}",0.0011380420182831585,0.004963125044014305,3.5958015359938145e-05,6.874999962747097e-05,0.007661834009923041,0.002153468654878971,26.668614452908265,0.5097834291480061
36430b0b,2026-10-07T23:04:00.537362,NEU-DET,crazing,crazing_226.jpg,4x4,4,4,8,NEQR,1024,aer,12,4,8,134,94,66,"{""h"": 4, ""x"": 64, ""mcx"": 66}",0.0009592919959686697,0.002117707976140082,2.095900708809495e-05,1.958297798410058e-05,0.003609374980442226,0.0,100.0,1.0
75ed2647,2026-10-07T23:04:00.545317,NEU-DET,crazing,crazing_227.jpg,4x4,4,4,8,FRQI,1024,aer,5,4,1,1092,705,384,"{""h"": 132, ""x"": 64, ""cx"": 384, ""tdg"": 192, ""t"": 256, ""ry"": 64}",0.0011133329826407135,0.005076291039586067,3.7165998946875334e-05,6.799999391660094e-05,0.00778295798227191,0.0019558707016190313,27.086598588681664,0.7877194657844951
953e4b2d,2026-10-07T23:04:00.556237,NEU-DET,crazing,crazing_227.jpg,4x4,4,4,8,NEQR,1024,aer,12,4,8,124,84,56,"{""h"": 4, ""x"": 64, ""mcx"": 56}",0.0007960419752635062,0.0020459999796003103,2.4457986000925303e-05,1.995800994336605e-05,0.003327000013086945,0.0,100.0,1.0
7a1839ac,2026-10-07T23:04:00.562982,NEU-DET,crazing,crazing_228.jpg,4x4,4,4,8,FRQI,1024,aer,5,4,1,1092,705,384,"{""h"": 132, ""x"": 64, ""cx"": 384, ""tdg"": 192, ""t"": 256, ""ry"": 64}",0.00104208302218467,0.004822832997888327,3.1790987122803926e-05,6.612495053559542e-05,0.007462459034286439,0.0015645455837735185,28.056117789588832,0.44883563184877817
3caf3e3e,2026-10-07T23:04:00.573738,NEU-DET,crazing,crazing_228.jpg,4x4,4,4,8,NEQR,1024,aer,12,4,8,139,99,71,"{""h"": 4, ""x"": 64, ""mcx"": 71}",0.0010034589795395732,0.0023789579863660038,2.2666994482278824e-05,1.8457998521625996e-05,0.003911333973519504,0.0,100.0,1.0
262321eb,2026-10-07T23:04:00.581078,NEU-DET,crazing,crazing_229.jpg,4x4,4,4,8,FRQI,1024,aer,5,4,1,1092,705,384,"{""h"": 132, ""x"": 64, ""cx"": 384, ""tdg"": 192, ""t"": 256, ""ry"": 64}",0.0023930000024847686,0.005983666982501745,3.5999983083456755e-05,6.941700121387839e-05,0.011487875017337501,0.0014968789255421146,28.24813325973205,0.6175070745425704
900d874d,2026-10-07T23:04:00.595812,NEU-DET,crazing,crazing_229.jpg,4x4,4,4,8,NEQR,1024,aer,12,4,8,133,93,65,"{""h"": 4, ""x"": 64, ""mcx"": 65}",0.0009014999959617853,0.0034970829728990793,2.562499139457941e-05,2.0082981791347265e-05,0.004922833002638072,0.0,100.0,1.0
e04af54a,2026-10-07T23:04:00.605021,NEU-DET,crazing,crazing_23.jpg,4x4,4,4,8,FRQI,1024,aer,5,4,1,1092,705,384,"{""h"": 132, ""x"": 64, ""cx"": 384, ""tdg"": 192, ""t"": 256, ""ry"": 64}",0.001141957996878773,0.004751874948851764,3.370799822732806e-05,6.375001976266503e-05,0.0074867079965770245,0.002888248468874759,25.393654482147454,0.932305038111354
35d91b2e,2026-10-07T23:04:00.615725,NEU-DET,crazing,crazing_23.jpg,4x4,4,4,8,NEQR,1024,aer,12,4,8,140,100,72,"{""h"": 4, ""x"": 64, ""mcx"": 72}",0.0010257090325467288,0.0019649589667096734,2.099998528137803e-05,1.7208978533744812e-05,0.003529332985635847,0.0,100.0,1.0
259d3063,2026-10-07T23:04:00.622500,NEU-DET,crazing,crazing_230.jpg,4x4,4,4,8,FRQI,1024,aer,5,4,1,1092,705,384,"{""h"": 132, ""x"": 64, ""cx"": 384, ""tdg"": 192, ""t"": 256, ""ry"": 64}",0.0010505419922992587,0.004756084003020078,3.250001464039087e-05,6.337498780339956e-05,0.007376124965958297,0.0017055762497902526,27.681288601774735,0.8146924995703875
609373d9,2026-10-07T23:04:00.634362,NEU-DET,crazing,crazing_230.jpg,4x4,4,4,8,NEQR,1024,aer,12,4,8,120,80,52,"{""h"": 4, ""x"": 64, ""mcx"": 52}",0.0017290000105276704,0.0015732499887235463,2.3500004317611456e-05,1.9041995983570814e-05,0.004193708009552211,0.0,100.0,1.0
9985f69e,2026-10-07T23:04:00.642027,NEU-DET,crazing,crazing_231.jpg,4x4,4,4,8,FRQI,1024,aer,5,4,1,1092,705,384,"{""h"": 132, ""x"": 64, ""cx"": 384, ""tdg"": 192, ""t"": 256, ""ry"": 64}",0.001080040994565934,0.00612425000872463,3.5582983400672674e-05,6.974994903430343e-05,0.00879587495001033,0.0021001212313101134,26.77755634518771,0.447263644022461
c388e9ab,2026-10-07T23:04:00.654220,NEU-DET,crazing,crazing_231.jpg,4x4,4,4,8,NEQR,1024,aer,12,4,8,134,94,66,"{""h"": 4, ""x"": 64, ""mcx"": 66}",0.0009648749837651849,0.002232832950539887,2.2499996703118086e-05,1.995899947360158e-05,0.003729332995135337,0.0,100.0,1.0
6fa8670f,2026-10-07T23:04:00.661537,NEU-DET,crazing,crazing_232.jpg,4x4,4,4,8,FRQI,1024,aer,5,4,1,1092,705,384,"{""h"": 132, ""x"": 64, ""cx"": 384, ""tdg"": 192, ""t"": 256, ""ry"": 64}",0.0015858329716138542,0.004836874955799431,8.13750084489584e-05,0.00014391698641702533,0.008288084005471319,0.0024296793661686524,26.144510345051142,0.6209914658834371
0ff959bd,2026-10-07T23:04:00.673404,NEU-DET,crazing,crazing_232.jpg,4x4,4,4,8,NEQR,1024,aer,12,4,8,134,94,66,"{""h"": 4, ""x"": 64, ""mcx"": 66}",0.0009512079996056855,0.0021778330556117,2.341700019314885e-05,2.0208011846989393e-05,0.003887958009727299,0.0,100.0,1.0
b8527e4e,2026-10-07T23:04:00.681292,NEU-DET,crazing,crazing_233.jpg,4x4,4,4,8,FRQI,1024,aer,5,4,1,1092,705,384,"{""h"": 132, ""x"": 64, ""cx"": 384, ""tdg"": 192, ""t"": 256, ""ry"": 64}",0.0018443750450387597,0.004772707994561642,3.370799822732806e-05,6.916699931025505e-05,0.008255833992734551,0.0014949605176095148,28.253702770457366,0.7656093085224432
11628cf9,2026-10-07T23:04:00.692920,NEU-DET,crazing,crazing_233.jpg,4x4,4,4,8,NEQR,1024,aer,12,4,8,139,99,71,"{""h"": 4, ""x"": 64, ""mcx"": 71}",0.0009980410104617476,0.002253167040180415,2.3250002413988113e-05,2.0458013750612736e-05,0.0037927920348010957,0.0,100.0,1.0
22d0581e,2026-10-07T23:04:00.701230,NEU-DET,crazing,crazing_234.jpg,4x4,4,4,8,FRQI,1024,aer,5,4,1,1092,705,384,"{""h"": 132, ""x"": 64, ""cx"": 384, ""tdg"": 192, ""t"": 256, ""ry"": 64}",0.0011130829807370901,0.0049277080106548965,3.445899346843362e-05,6.799999391660094e-05,0.007647750026080757,0.0013516181231372512,28.69145993631578,0.8418026314542061
edb9965c,2026-10-07T23:04:00.712344,NEU-DET,crazing,crazing_234.jpg,4x4,4,4,8,NEQR,1024,aer,12,4,8,131,91,63,"{""h"": 4, ""x"": 64, ""mcx"": 63}",0.0020460409577935934,0.0020765839726664126,2.1875021047890186e-05,2.1459010895341635e-05,0.00509787502232939,0.0,100.0,1.0
41a2e561,2026-10-07T23:04:00.720917,NEU-DET,crazing,crazing_235.jpg,4x4,4,4,8,FRQI,1024,aer,5,4,1,1092,705,384,"{""h"": 132, ""x"": 64, ""cx"": 384, ""tdg"": 192, ""t"": 256, ""ry"": 64}",0.0010969580034725368,0.004908250004518777,3.329198807477951e-05,6.566697265952826e-05,0.007974333013407886,0.0016137919254914216,27.92152461829749,0.8748116601348916
5254c998,2026-10-07T23:04:00.732482,NEU-DET,crazing,crazing_235.jpg,4x4,4,4,8,NEQR,1024,aer,12,4,8,134,94,66,"{""h"": 4, ""x"": 64, ""mcx"": 66}",0.0009635420283302665,0.001915458997245878,2.1792016923427582e-05,1.9583036191761494e-05,0.0034507079981267452,0.0,100.0,1.0
3709442b,2026-10-07T23:04:00.739413,NEU-DET,crazing,crazing_236.jpg,4x4,4,4,8,FRQI,1024,aer,5,4,1,1092,705,384,"{""h"": 132, ""x"": 64, ""cx"": 384, ""tdg"": 192, ""t"": 256, ""ry"": 64}",0.0011259160237386823,0.0048827920109033585,3.508402733132243e-05,6.620801286771894e-05,0.007629375031683594,0.0017614771820812184,27.54122978233746,0.5517322119626407
68bf2ae6,2026-10-07T23:04:00.750454,NEU-DET,crazing,crazing_236.jpg,4x4,4,4,8,NEQR,1024,aer,12,4,8,134,94,66,"{""h"": 4, ""x"": 64, ""mcx"": 66}",0.0009613329893909395,0.002179834002163261,2.2541964426636696e-05,1.912500010803342e-05,0.0036675420124083757,0.0,100.0,1.0
fcffa248,2026-10-07T23:04:00.758669,NEU-DET,crazing,crazing_237.jpg,4x4,4,4,8,FRQI,1024,aer,5,4,1,1092,705,384,"{""h"": 132, ""x"": 64, ""cx"": 384, ""tdg"": 192, ""t"": 256, ""ry"": 64}",0.0010679580154828727,0.0050702919834293425,3.412499791011214e-05,6.900000153109431e-05,0.007686791010200977,0.0014290659040671388,28.44947742438764,0.5808798078107744
cae1d07f,2026-10-07T23:04:00.769822,NEU-DET,crazing,crazing_237.jpg,4x4,4,4,8,NEQR,1024,aer,12,4,8,133,93,65,"{""h"": 4, ""x"": 64, ""mcx"": 65}",0.0009410410420969129,0.0023427080013789237,2.3083004634827375e-05,2.0832987502217293e-05,0.0038224589661695063,0.0,100.0,1.0
3b63c4c2,2026-10-07T23:04:00.777231,NEU-DET,crazing,crazing_238.jpg,4x4,4,4,8,FRQI,1024,aer,5,4,1,1092,705,384,"{""h"": 132, ""x"": 64, ""cx"": 384, ""tdg"": 192, ""t"": 256, ""ry"": 64}",0.0011428339639678597,0.005269583023618907,3.683299291878939e-05,7.262500002980232e-05,0.008650542004033923,0.0029958753859476764,25.23476255165103,0.6906355495223461
44ccb47c,2026-10-07T23:04:00.789535,NEU-DET,crazing,crazing_238.jpg,4x4,4,4,8,NEQR,1024,aer,12,4,8,139,99,71,"{""h"": 4, ""x"": 64, ""mcx"": 71}",0.0010221670381724834,0.003162209002766758,2.6709050871431828e-05,2.524995943531394e-05,0.004784790973644704,0.0,100.0,1.0
c4bf6905,2026-10-07T23:04:00.798013,NEU-DET,crazing,crazing_239.jpg,4x4,4,4,8,FRQI,1024,aer,5,4,1,1092,705,384,"{""h"": 132, ""x"": 64, ""cx"": 384, ""tdg"": 192, ""t"": 256, ""ry"": 64}",0.002479249960742891,0.00487316696671769,3.604200901463628e-05,7.100001676008105e-05,0.010431582981254905,0.0021607813433949007,26.65389178587185,0.7814966257434874
8db78f1a,2026-10-07T23:04:00.812719,NEU-DET,crazing,crazing_239.jpg,4x4,4,4,8,NEQR,1024,aer,12,4,8,146,106,78,"{""h"": 4, ""x"": 64, ""mcx"": 78}",0.001121708017308265,0.0024122910108417273,2.379197394475341e-05,2.26249685510993e-05,0.004188125021755695,0.0,100.0,1.0
822450f4,2026-10-07T23:04:00.821432,NEU-DET,crazing,crazing_24.jpg,4x4,4,4,8,FRQI,1024,aer,5,4,1,1092,705,384,"{""h"": 132, ""x"": 64, ""cx"": 384, ""tdg"": 192, ""t"": 256, ""ry"": 64}",0.0011386250262148678,0.0049960000324063,3.5959004890173674e-05,7.36669753678143e-05,0.007769291987642646,0.0016281618812300155,27.88302417241791,0.7265604981115934
824583fe,2026-10-07T23:04:00.834765,NEU-DET,crazing,crazing_24.jpg,4x4,4,4,8,NEQR,1024,aer,12,4,8,131,91,63,"{""h"": 4, ""x"": 64, ""mcx"": 63}",0.0010328750358894467,0.0020606659818440676,2.3083004634827375e-05,2.270803088322282e-05,0.003729332995135337,0.0,100.0,1.0
2d3b968d,2026-10-07T23:04:00.842275,NEU-DET,crazing,crazing_240.jpg,4x4,4,4,8,FRQI,1024,aer,5,4,1,1092,705,384,"{""h"": 132, ""x"": 64, ""cx"": 384, ""tdg"": 192, ""t"": 256, ""ry"": 64}",0.001952415972482413,0.005995333020109683,3.6040961276739836e-05,7.308402564376593e-05,0.011126291996333748,0.0028008130379124085,25.52715880577701,0.7301280861390544
0cdcfa07,2026-10-07T23:04:00.856907,NEU-DET,crazing,crazing_240.jpg,4x4,4,4,8,NEQR,1024,aer,12,4,8,140,100,72,"{""h"": 4, ""x"": 64, ""mcx"": 72}",0.0010383750195614994,0.0023698749719187617,2.3416010662913322e-05,2.2249994799494743e-05,0.00398325000423938,0.0,100.0,1.0
4b01fb9b,2026-10-07T23:04:00.864569,NEU-DET,crazing,crazing_25.jpg,4x4,4,4,8,FRQI,1024,aer,5,4,1,1092,705,384,"{""h"": 132, ""x"": 64, ""cx"": 384, ""tdg"": 192, ""t"": 256, ""ry"": 64}",0.0016355830011889338,0.005871040979400277,3.362505231052637e-05,6.741698598489165e-05,0.009417332999873906,0.0018730596936887803,27.274483816068592,0.5372390514656317
2b190dc2,2026-10-07T23:04:00.877537,NEU-DET,crazing,crazing_25.jpg,4x4,4,4,8,NEQR,1024,aer,12,4,8,131,91,63,"{""h"": 4, ""x"": 64, ""mcx"": 63}",0.0009350419859401882,0.0021696669864468277,2.4500011932104826e-05,2.2332998923957348e-05,0.003658333036582917,0.0,100.0,1.0
610b7e10,2026-10-07T23:04:00.888004,NEU-DET,crazing,crazing_26.jpg,4x4,4,4,8,FRQI,1024,aer,5,4,1,1092,705,384,"{""h"": 132, ""x"": 64, ""cx"": 384, ""tdg"": 192, ""t"": 256, ""ry"": 64}",0.0011007919674739242,0.004838875029236078,3.458303399384022e-05,7.270899368450046e-05,0.007581416983157396,0.001991314095493848,27.008602320966265,0.604367632795292
6f53d38c,2026-10-07T23:04:00.899806,NEU-DET,crazing,crazing_26.jpg,4x4,4,4,8,NEQR,1024,aer,12,4,8,128,88,60,"{""h"": 4, ""x"": 64, ""mcx"": 60}",0.0019557499908842146,0.002216000051703304,2.300000051036477e-05,2.2916996385902166e-05,0.005137500003911555,0.0,100.0,1.0
f29ec5e0,2026-10-07T23:04:00.909715,NEU-DET,crazing,crazing_27.jpg,4x4,4,4,8,FRQI,1024,aer,5,4,1,1092,705,384,"{""h"": 132, ""x"": 64, ""cx"": 384, ""tdg"": 192, ""t"": 256, ""ry"": 64}",0.00111158296931535,0.005613499961327761,3.749999450519681e-05,7.100001676008105e-05,0.008291708014439791,0.002027717895898511,26.92992465895248,0.7472762089211202
1f9a0eb0,2026-10-07T23:04:00.921544,NEU-DET,crazing,crazing_27.jpg,4x4,4,4,8,NEQR,1024,aer,12,4,8,121,81,53,"{""h"": 4, ""x"": 64, ""mcx"": 53}",0.0008067499729804695,0.0020497090299613774,2.0499981474131346e-05,1.9249971956014633e-05,0.0033486669999547303,0.0,100.0,1.0
7b47a829,2026-10-07T23:04:00.929481,NEU-DET,crazing,crazing_28.jpg,4x4,4,4,8,FRQI,1024,aer,5,4,1,1092,705,384,"{""h"": 132, ""x"": 64, ""cx"": 384, ""tdg"": 192, ""t"": 256, ""ry"": 64}",0.0011408329592086375,0.004938250000122935,3.850000211969018e-05,7.170799653977156e-05,0.008264292031526566,0.002831473444848021,25.47987507076495,0.8548715740986101
08529a76,2026-10-07T23:04:00.941399,NEU-DET,crazing,crazing_28.jpg,4x4,4,4,8,NEQR,1024,aer,12,4,8,130,90,62,"{""h"": 4, ""x"": 64, ""mcx"": 62}",0.0009101250325329602,0.0018923329771496356,6.47500273771584e-05,4.7667010221630335e-05,0.003508333000354469,0.0,100.0,1.0
f49584f1,2026-10-07T23:04:00.950770,NEU-DET,crazing,crazing_29.jpg,4x4,4,4,8,FRQI,1024,aer,5,4,1,1092,705,384,"{""h"": 132, ""x"": 64, ""cx"": 384, ""tdg"": 192, ""t"": 256, ""ry"": 64}",0.0011524580186232924,0.00898149999557063,3.766699228435755e-05,7.250002818182111e-05,0.01177216600626707,0.0016508186176846962,27.823006418589934,0.904390502378069
c1d53ca1,2026-10-07T23:04:00.966602,NEU-DET,crazing,crazing_29.jpg,4x4,4,4,8,NEQR,1024,aer,12,4,8,125,85,57,"{""h"": 4, ""x"": 64, ""mcx"": 57}",0.0008837909554131329,0.0018411669880151749,2.4500011932104826e-05,2.1209008991718292e-05,0.0032877919729799032,0.0,100.0,1.0
1617651c,2026-10-07T23:04:00.973618,NEU-DET,crazing,crazing_3.jpg,4x4,4,4,8,FRQI,1024,aer,5,4,1,1092,705,384,"{""h"": 132, ""x"": 64, ""cx"": 384, ""tdg"": 192, ""t"": 256, ""ry"": 64}",0.0010849590180441737,0.004904000030364841,3.524997737258673e-05,6.59169745631516e-05,0.007574374962132424,0.003020578047575465,25.199099382184286,0.6913717225484178
70c0ac4d,2026-10-07T23:04:00.985407,NEU-DET,crazing,crazing_3.jpg,4x4,4,4,8,NEQR,1024,aer,12,4,8,138,98,70,"{""h"": 4, ""x"": 64, ""mcx"": 70}",0.0010262920404784381,0.0020289169624447823,2.662499900907278e-05,2.220796886831522e-05,0.003641334013082087,0.0,100.0,1.0
1a252dc7,2026-10-07T23:04:00.992819,NEU-DET,crazing,crazing_30.jpg,4x4,4,4,8,FRQI,1024,aer,5,4,1,1092,705,384,"{""h"": 132, ""x"": 64, ""cx"": 384, ""tdg"": 192, ""t"": 256, ""ry"": 64}",0.001106457959394902,0.00535395898623392,3.60840349458158e-05,6.987497908994555e-05,0.008020417008083314,0.0028829079738915894,25.401692206256516,0.6280626117354488
5e7c5235,2026-10-07T23:04:01.004431,NEU-DET,crazing,crazing_30.jpg,4x4,4,4,8,NEQR,1024,aer,12,4,8,133,93,65,"{""h"": 4, ""x"": 64, ""mcx"": 65}",0.0009500830201432109,0.002066875051241368,2.2875028662383556e-05,1.912500010803342e-05,0.003543332975823432,0.0,100.0,1.0
c8504422,2026-10-07T23:04:01.011716,NEU-DET,crazing,crazing_31.jpg,4x4,4,4,8,FRQI,1024,aer,5,4,1,1092,705,384,"{""h"": 132, ""x"": 64, ""cx"": 384, ""tdg"": 192, ""t"": 256, ""ry"": 64}",0.0011186249903403223,0.005314375041052699,3.9499951526522636e-05,7.24999699741602e-05,0.008052832970861346,0.003565404072311171,24.478912438119487,0.6317652521311804
74abd902,2026-10-07T23:04:01.023357,NEU-DET,crazing,crazing_31.jpg,4x4,4,4,8,NEQR,1024,aer,12,4,8,135,95,67,"{""h"": 4, ""x"": 64, ""mcx"": 67}",0.0009793330100364983,0.002680416975636035,2.4958979338407516e-05,2.1916988771408796e-05,0.004220957984216511,0.0,100.0,1.0
9006a3bd,2026-10-07T23:04:01.031738,NEU-DET,crazing,crazing_32.jpg,4x4,4,4,8,FRQI,1024,aer,5,4,1,1092,705,384,"{""h"": 132, ""x"": 64, ""cx"": 384, ""tdg"": 192, ""t"": 256, ""ry"": 64}",0.001375082996673882,0.007113167026545852,3.791699418798089e-05,7.391598774120212e-05,0.010298750014044344,0.002695177358093429,25.694126504746905,0.8948751885481514
902961f0,2026-10-07T23:04:01.045785,NEU-DET,crazing,crazing_32.jpg,4x4,4,4,8,NEQR,1024,aer,12,4,8,131,91,63,"{""h"": 4, ""x"": 64, ""mcx"": 63}",0.002167833037674427,0.0020421670051291585,3.0125025659799576e-05,2.5165965780615807e-05,0.005006749997846782,0.0,100.0,1.0
003b8960,2026-10-07T23:04:01.055335,NEU-DET,crazing,crazing_33.jpg,4x4,4,4,8,FRQI,1024,aer,5,4,1,1092,705,384,"{""h"": 132, ""x"": 64, ""cx"": 384, ""tdg"": 192, ""t"": 256, ""ry"": 64}",0.001231459027621895,0.0077516669989563525,4.0000013541430235e-05,7.90830235928297e-05,0.011010250018443912,0.0015604853179347787,28.067403131056047,0.6890374065242172
1076081f,2026-10-07T23:04:01.070990,NEU-DET,crazing,crazing_33.jpg,4x4,4,4,8,NEQR,1024,aer,12,4,8,142,102,74,"{""h"": 4, ""x"": 64, ""mcx"": 74}",0.002797666995320469,0.0037768750335089862,3.15000070258975e-05,2.5999965146183968e-05,0.007747583964373916,0.0,100.0,1.0
687cc58a,2026-10-07T23:04:01.082831,NEU-DET,crazing,crazing_34.jpg,4x4,4,4,8,FRQI,1024,aer,5,4,1,1092,705,384,"{""h"": 132, ""x"": 64, ""cx"": 384, ""tdg"": 192, ""t"": 256, ""ry"": 64}",0.001165541005320847,0.004994917020667344,3.566703526303172e-05,7.233297219499946e-05,0.007782832952216268,0.002630599548168197,25.79945258815654,0.8949288713661775
14d1c9f7,2026-10-07T23:04:01.094584,NEU-DET,crazing,crazing_34.jpg,4x4,4,4,8,NEQR,1024,aer,12,4,8,135,95,67,"{""h"": 4, ""x"": 64, ""mcx"": 67}",0.0009919580188579857,0.001998624997213483,2.6124995201826096e-05,2.154201501980424e-05,0.0035862079821527004,0.0,100.0,1.0
7695e474,2026-10-07T23:04:01.102003,NEU-DET,crazing,crazing_35.jpg,4x4,4,4,8,FRQI,1024,aer,5,4,1,1092,705,384,"{""h"": 132, ""x"": 64, ""cx"": 384, ""tdg"": 192, ""t"": 256, ""ry"": 64}",0.0011079170508310199,0.004864291986450553,3.7750054616481066e-05,6.662501255050302e-05,0.007640458992682397,0.002689882599471677,25.70266674463861,0.8914413396601002
24bf0034,2026-10-07T23:04:01.113322,NEU-DET,crazing,crazing_35.jpg,4x4,4,4,8,NEQR,1024,aer,12,4,8,130,90,62,"{""h"": 4, ""x"": 64, ""mcx"": 62}",0.0009310419554822147,0.0023500840179622173,2.7332978788763285e-05,2.383295213803649e-05,0.0038398330216296017,0.0,100.0,1.0
72da0d76,2026-10-07T23:04:01.120940,NEU-DET,crazing,crazing_36.jpg,4x4,4,4,8,FRQI,1024,aer,5,4,1,1092,705,384,"{""h"": 132, ""x"": 64, ""cx"": 384, ""tdg"": 192, ""t"": 256, ""ry"": 64}",0.0011103329597972333,0.007291874964721501,3.608298720791936e-05,7.208401802927256e-05,0.010018999979365617,0.002889477456364046,25.391806895398336,0.8235031204692439
201d1644,2026-10-07T23:04:01.134664,NEU-DET,crazing,crazing_36.jpg,4x4,4,4,8,NEQR,1024,aer,12,4,8,128,88,60,"{""h"": 4, ""x"": 64, ""mcx"": 60}",0.00091104197781533,0.0019150410080328584,2.3333996068686247e-05,2.0665989723056555e-05,0.003356916015036404,0.0,100.0,1.0
f26e90e8,2026-10-07T23:04:01.141820,NEU-DET,crazing,crazing_37.jpg,4x4,4,4,8,FRQI,1024,aer,5,4,1,1092,705,384,"{""h"": 132, ""x"": 64, ""cx"": 384, ""tdg"": 192, ""t"": 256, ""ry"": 64}",0.0016424590139649808,0.0048958330298773944,3.454094985499978e-05,6.591598503291607e-05,0.008152125054039061,0.0025622932118100645,25.913711739727244,0.9015599122358036
11fa9a72,2026-10-07T23:04:01.153530,NEU-DET,crazing,crazing_37.jpg,4x4,4,4,8,NEQR,1024,aer,12,4,8,130,90,62,"{""h"": 4, ""x"": 64, ""mcx"": 62}",0.0008974169613793492,0.0018396250088699162,2.179096918553114e-05,1.8416030798107386e-05,0.003232375020161271,0.0,100.0,1.0
4ba01d7d,2026-10-07T23:04:01.161589,NEU-DET,crazing,crazing_38.jpg,4x4,4,4,8,FRQI,1024,aer,5,4,1,1092,705,384,"{""h"": 132, ""x"": 64, ""cx"": 384, ""tdg"": 192, ""t"": 256, ""ry"": 64}",0.001116667001042515,0.004813333973288536,3.4917029552161694e-05,6.525003118440509e-05,0.007526000030338764,0.0030030539953983687,25.22436859045527,0.9175607617604391
f87da27b,2026-10-07T23:04:01.172704,NEU-DET,crazing,crazing_38.jpg,4x4,4,4,8,NEQR,1024,aer,12,4,8,122,82,54,"{""h"": 4, ""x"": 64, ""mcx"": 54}",0.0008129170164465904,0.0018344579730182886,2.216699067503214e-05,1.937500201165676e-05,0.003136624989565462,0.0,100.0,1.0
46f02922,2026-10-07T23:04:01.180831,NEU-DET,crazing,crazing_39.jpg,4x4,4,4,8,FRQI,1024,aer,5,4,1,1092,705,384,"{""h"": 132, ""x"": 64, ""cx"": 384, ""tdg"": 192, ""t"": 256, ""ry"": 64}",0.0011183330207131803,0.004743833967950195,3.2167008612304926e-05,6.070802919566631e-05,0.007416082953568548,0.004061460857850262,23.91317727903367,0.7964899386594784
9a3995aa,2026-10-07T23:04:01.191727,NEU-DET,crazing,crazing_39.jpg,4x4,4,4,8,NEQR,1024,aer,12,4,8,129,89,61,"{""h"": 4, ""x"": 64, ""mcx"": 61}",0.0008723330101929605,0.0018350000027567148,2.0916981156915426e-05,1.812499249354005e-05,0.003190541989170015,0.0,100.0,1.0
e38fc14c,2026-10-07T23:04:01.199567,NEU-DET,crazing,crazing_4.jpg,4x4,4,4,8,FRQI,1024,aer,5,4,1,1092,705,384,"{""h"": 132, ""x"": 64, ""cx"": 384, ""tdg"": 192, ""t"": 256, ""ry"": 64}",0.0011022919788956642,0.004885957983788103,3.02919652312994e-05,6.0375023167580366e-05,0.007539584010373801,0.0016130315944838111,27.92357125992565,0.685336733978954
1f9b3340,2026-10-07T23:04:01.210615,NEU-DET,crazing,crazing_4.jpg,4x4,4,4,8,NEQR,1024,aer,12,4,8,133,93,65,"{""h"": 4, ""x"": 64, ""mcx"": 65}",0.0009289580048061907,0.003930624981876463,2.212502295151353e-05,1.7915968783199787e-05,0.005355500034056604,0.0,100.0,1.0
1d75a178,2026-10-07T23:04:01.219711,NEU-DET,crazing,crazing_40.jpg,4x4,4,4,8,FRQI,1024,aer,5,4,1,1092,705,384,"{""h"": 132, ""x"": 64, ""cx"": 384, ""tdg"": 192, ""t"": 256, ""ry"": 64}",0.0015226249815896153,0.004713582980912179,2.924998989328742e-05,5.6958990171551704e-05,0.009315416973549873,0.0023084832815796455,26.366732663344116,0.8063665832890443
1d427d7e,2026-10-07T23:04:01.232477,NEU-DET,crazing,crazing_40.jpg,4x4,4,4,8,NEQR,1024,aer,12,4,8,136,96,68,"{""h"": 4, ""x"": 64, ""mcx"": 68}",0.0009597080061212182,0.0020885830163024366,2.054101787507534e-05,1.754198456183076e-05,0.0035439589992165565,0.0,100.0,1.0
f25f8a5c,2026-10-07T23:04:01.240737,NEU-DET,crazing,crazing_41.jpg,4x4,4,4,8,FRQI,1024,aer,5,4,1,1092,705,384,"{""h"": 132, ""x"": 64, ""cx"": 384, ""tdg"": 192, ""t"": 256, ""ry"": 64}",0.001089792000129819,0.004861292021814734,3.454199759289622e-05,6.262498209252954e-05,0.007543792016804218,0.0021080814165695063,26.761126201748304,0.5634338930261176
c6ee8417,2026-10-07T23:04:01.251863,NEU-DET,crazing,crazing_41.jpg,4x4,4,4,8,NEQR,1024,aer,12,4,8,138,98,70,"{""h"": 4, ""x"": 64, ""mcx"": 70}",0.0009844580199569464,0.0021618749597109854,1.9834027625620365e-05,1.7291982658207417e-05,0.003646249999292195,0.0,100.0,1.0
b1514a90,2026-10-07T23:04:01.259180,NEU-DET,crazing,crazing_42.jpg,4x4,4,4,8,FRQI,1024,aer,5,4,1,1092,705,384,"{""h"": 132, ""x"": 64, ""cx"": 384, ""tdg"": 192, ""t"": 256, ""ry"": 64}",0.001055459026247263,0.004904832981992513,3.345799632370472e-05,6.0959020629525185e-05,0.007511832984164357,0.0023750125702452296,26.24334087439665,0.7675892844014212
0a7fe5a1,2026-10-07T23:04:01.270204,NEU-DET,crazing,crazing_42.jpg,4x4,4,4,8,NEQR,1024,aer,12,4,8,127,87,59,"{""h"": 4, ""x"": 64, ""mcx"": 59}",0.0008659170125611126,0.0020308749517425895,2.0292005501687527e-05,1.72910513356328e-05,0.0033795410417951643,0.0,100.0,1.0
ce54fa28,2026-10-07T23:04:01.277177,NEU-DET,crazing,crazing_43.jpg,4x4,4,4,8,FRQI,1024,aer,5,4,1,1092,705,384,"{""h"": 132, ""x"": 64, ""cx"": 384, ""tdg"": 192, ""t"": 256, ""ry"": 64}",0.0014562919968739152,0.005089333979412913,3.195804310962558e-05,6.095797289162874e-05,0.009651832981035113,0.002375156761292391,26.24307721484361,0.8654109279914047
1f5eb63f,2026-10-07T23:04:01.290359,NEU-DET,crazing,crazing_43.jpg,4x4,4,4,8,NEQR,1024,aer,12,4,8,137,97,69,"{""h"": 4, ""x"": 64, ""mcx"": 69}",0.0009762499830685556,0.0018482079613022506,2.116698306053877e-05,1.8708000425249338e-05,0.003336167021188885,0.0,100.0,1.0
01141643,2026-10-07T23:04:01.298434,NEU-DET,crazing,crazing_44.jpg,4x4,4,4,8,FRQI,1024,aer,5,4,1,1092,705,384,"{""h"": 132, ""x"": 64, ""cx"": 384, ""tdg"": 192, ""t"": 256, ""ry"": 64}",0.0010858329478651285,0.004806332988664508,3.079103771597147e-05,5.8542005717754364e-05,0.007425583025906235,0.0030100901524180573,25.214204970601855,0.8662821942443653
bbdd90b5,2026-10-07T23:04:01.309375,NEU-DET,crazing,crazing_44.jpg,4x4,4,4,8,NEQR,1024,aer,12,4,8,130,90,62,"{""h"": 4, ""x"": 64, ""mcx"": 62}",0.0008916669758036733,0.0018490409711375833,2.150004729628563e-05,1.8624996300786734e-05,0.0032314169802702963,0.0,100.0,1.0
5147c1a6,2026-10-07T23:04:01.321441,NEU-DET,crazing,crazing_45.jpg,4x4,4,4,8,FRQI,1024,aer,5,4,1,1092,705,384,"{""h"": 132, ""x"": 64, ""cx"": 384, ""tdg"": 192, ""t"": 256, ""ry"": 64}",0.0037098749889992177,0.0051654590060934424,3.629195271059871e-05,7.379200542345643e-05,0.01137779199052602,0.0024180124227325393,26.165414722468213,0.9263912656555883
3fc1535e,2026-10-07T23:04:01.336589,NEU-DET,crazing,crazing_45.jpg,4x4,4,4,8,NEQR,1024,aer,12,4,8,137,97,69,"{""h"": 4, ""x"": 64, ""mcx"": 69}",0.00105945800896734,0.002596000034827739,2.2667052689939737e-05,2.274999860674143e-05,0.004433874972164631,0.0,100.0,1.0
f2bbb5a5,2026-10-07T23:04:01.345292,NEU-DET,crazing,crazing_46.jpg,4x4,4,4,8,FRQI,1024,aer,5,4,1,1092,705,384,"{""h"": 132, ""x"": 64, ""cx"": 384, ""tdg"": 192, ""t"": 256, ""ry"": 64}",0.0018454169621691108,0.009536582976579666,4.408403765410185e-05,8.558295667171478e-05,0.015403666999191046,0.001424349098876346,28.46383554846223,0.7462748146103602
81fa260e,2026-10-07T23:04:01.369117,NEU-DET,crazing,crazing_46.jpg,4x4,4,4,8,NEQR,1024,aer,12,4,8,141,101,73,"{""h"": 4, ""x"": 64, ""mcx"": 73}",0.0018299589864909649,0.0024587090010754764,2.679100725799799e-05,2.6708992663770914e-05,0.0050540000083856285,0.0,100.0,1.0
6a07d5d2,2026-10-07T23:04:01.382608,NEU-DET,crazing,crazing_47.jpg,4x4,4,4,8,FRQI,1024,aer,5,4,1,1092,705,384,"{""h"": 132, ""x"": 64, ""cx"": 384, ""tdg"": 192, ""t"": 256, ""ry"": 64}",0.001112916972488165,0.0049777080421335995,3.6167039070278406e-05,7.00420350767672e-05,0.007710207952186465,0.0015623189030338548,28.06230312525489,0.5762153597213522
683b3311,2026-10-07T23:04:01.394124,NEU-DET,crazing,crazing_47.jpg,4x4,4,4,8,NEQR,1024,aer,12,4,8,134,94,66,"{""h"": 4, ""x"": 64, ""mcx"": 66}",0.0009704999974928796,0.002238082990515977,2.1292013116180897e-05,1.937500201165676e-05,0.0037463330081664026,0.0,100.0,1.0
ec3a3fa9,2026-10-07T23:04:01.401701,NEU-DET,crazing,crazing_48.jpg,4x4,4,4,8,FRQI,1024,aer,5,4,1,1092,705,384,"{""h"": 132, ""x"": 64, ""cx"": 384, ""tdg"": 192, ""t"": 256, ""ry"": 64}",0.00109570799395442,0.005327166989445686,3.712496254593134e-05,6.800005212426186e-05,0.008021041983738542,0.00256138409819874,25.915252910277516,0.6433701709150638
4a9f35ab,2026-10-07T23:04:01.413493,NEU-DET,crazing,crazing_48.jpg,4x4,4,4,8,NEQR,1024,aer,12,4,8,142,102,74,"{""h"": 4, ""x"": 64, ""mcx"": 74}",0.0010445829830132425,0.002302040986251086,2.412503818050027e-05,1.954101026058197e-05,0.003931790997739881,0.0,100.0,1.0
4e26f52a,2026-10-07T23:04:01.422245,NEU-DET,crazing,crazing_49.jpg,4x4,4,4,8,FRQI,1024,aer,5,4,1,1092,705,384,"{""h"": 132, ""x"": 64, ""cx"": 384, ""tdg"": 192, ""t"": 256, ""ry"": 64}",0.0011052920017391443,0.004916167003102601,3.595795715227723e-05,6.683397805318236e-05,0.007952374988235533,0.0024353336049258295,26.134415384105118,0.536498347613726
0c975e01,2026-10-07T23:04:01.433980,NEU-DET,crazing,crazing_49.jpg,4x4,4,4,8,NEQR,1024,aer,12,4,8,142,102,74,"{""h"": 4, ""x"": 64, ""mcx"": 74}",0.0010317499982193112,0.002289625001139939,2.1916988771408796e-05,1.9291997887194157e-05,0.0038584580179303885,0.0,100.0,1.0
ba96e82d,2026-10-07T23:04:01.441637,NEU-DET,crazing,crazing_5.jpg,4x4,4,4,8,FRQI,1024,aer,5,4,1,1092,705,384,"{""h"": 132, ""x"": 64, ""cx"": 384, ""tdg"": 192, ""t"": 256, ""ry"": 64}",0.0011476249783299863,0.00487320899264887,3.4999975468963385e-05,6.979203317314386e-05,0.007621791970450431,0.0022255042074901614,26.5257158031292,0.6498534712350765
3ef5e6a2,2026-10-07T23:04:01.452977,NEU-DET,crazing,crazing_5.jpg,4x4,4,4,8,NEQR,1024,aer,12,4,8,131,91,63,"{""h"": 4, ""x"": 64, ""mcx"": 63}",0.0009215000318363309,0.002285208029206842,2.5291985366493464e-05,2.2707972675561905e-05,0.003734625002834946,0.0,100.0,1.0
dbc7c7aa,2026-10-07T23:04:01.460792,NEU-DET,crazing,crazing_50.jpg,4x4,4,4,8,FRQI,1024,aer,5,4,1,1092,705,384,"{""h"": 132, ""x"": 64, ""cx"": 384, ""tdg"": 192, ""t"": 256, ""ry"": 64}",0.0010977910133078694,0.004881334025412798,3.583298530429602e-05,6.862502777948976e-05,0.0075768749811686575,0.002222134467596071,26.532296642214327,0.8016064172017623
492b80ae,2026-10-07T23:04:01.472080,NEU-DET,crazing,crazing_50.jpg,4x4,4,4,8,NEQR,1024,aer,12,4,8,144,104,76,"{""h"": 4, ""x"": 64, ""mcx"": 76}",0.0010665840236470103,0.002345832996070385,2.0749983377754688e-05,1.8667022231966257e-05,0.004089374968316406,0.0,100.0,1.0
3cf62563,2026-10-07T23:04:01.480110,NEU-DET,crazing,crazing_51.jpg,4x4,4,4,8,FRQI,1024,aer,5,4,1,1092,705,384,"{""h"": 132, ""x"": 64, ""cx"": 384, ""tdg"": 192, ""t"": 256, ""ry"": 64}",0.001056582957971841,0.0049762080307118595,3.625004319474101e-05,6.979203317314386e-05,0.007608500018250197,0.002234068531612615,26.509035087295008,0.6825345729855001
5c40932d,2026-10-07T23:04:01.491538,NEU-DET,crazing,crazing_51.jpg,4x4,4,4,8,NEQR,1024,aer,12,4,8,142,102,74,"{""h"": 4, ""x"": 64, ""mcx"": 74}",0.0010478749754838645,0.001971165998838842,2.1291023585945368e-05,1.9416038412600756e-05,0.0035691250232048333,0.0,100.0,1.0
5fd99896,2026-10-07T23:04:01.499052,NEU-DET,crazing,crazing_52.jpg,4x4,4,4,8,FRQI,1024,aer,5,4,1,1092,705,384,"{""h"": 132, ""x"": 64, ""cx"": 384, ""tdg"": 192, ""t"": 256, ""ry"": 64}",0.0015774169587530196,0.004904207948129624,3.4750031773000956e-05,6.933300755918026e-05,0.009665208985097706,0.0020806154932696327,26.81808171869325,0.7951631112587694
a7d5f48e,2026-10-07T23:04:01.512530,NEU-DET,crazing,crazing_52.jpg,4x4,4,4,8,NEQR,1024,aer,12,4,8,134,94,66,"{""h"": 4, ""x"": 64, ""mcx"": 66}",0.0009593750000931323,0.001928167010191828,2.3874978069216013e-05,2.054200740531087e-05,0.0034276669612154365,0.0,100.0,1.0
d1663ba9,2026-10-07T23:04:01.519952,NEU-DET,crazing,crazing_53.jpg,4x4,4,4,8,FRQI,1024,aer,5,4,1,1092,705,384,"{""h"": 132, ""x"": 64, ""cx"": 384, ""tdg"": 192, ""t"": 256, ""ry"": 64}",0.001695167040452361,0.005037417053245008,3.4416967537254095e-05,7.058295886963606e-05,0.00916020799195394,0.0020907092637909956,26.797063564267724,0.7836445571610999
789de67c,2026-10-07T23:04:01.532969,NEU-DET,crazing,crazing_53.jpg,4x4,4,4,8,NEQR,1024,aer,12,4,8,118,78,50,"{""h"": 4, ""x"": 64, ""mcx"": 50}",0.0007798749720677733,0.0015572499833069742,2.1832995116710663e-05,1.958297798410058e-05,0.002829666016623378,0.0,100.0,1.0
cc5a7c6e,2026-10-07T23:04:01.539754,NEU-DET,crazing,crazing_54.jpg,4x4,4,4,8,FRQI,1024,aer,5,4,1,1092,705,384,"{""h"": 132, ""x"": 64, ""cx"": 384, ""tdg"": 192, ""t"": 256, ""ry"": 64}",0.001151791017036885,0.005037584051024169,3.7750054616481066e-05,7.270899368450046e-05,0.007869458000641316,0.00225140123369426,26.475471002677438,0.6252556118675338
90a3c816,2026-10-07T23:04:01.551428,NEU-DET,crazing,crazing_54.jpg,4x4,4,4,8,NEQR,1024,aer,12,4,8,139,99,71,"{""h"": 4, ""x"": 64, ""mcx"": 71}",0.0010209160391241312,0.001956749998498708,2.116698306053877e-05,1.9625003915280104e-05,0.003519084013532847,0.0,100.0,1.0
48ec0300,2026-10-07T23:04:01.558961,NEU-DET,crazing,crazing_55.jpg,4x4,4,4,8,FRQI,1024,aer,5,4,1,1092,705,384,"{""h"": 132, ""x"": 64, ""cx"": 384, ""tdg"": 192, ""t"": 256, ""ry"": 64}",0.0010819999733939767,0.004901708976831287,3.370799822732806e-05,6.549997488036752e-05,0.007556749973446131,0.00245257750516488,26.103772593675586,0.9079223081016643
ccf5d6a2,2026-10-07T23:04:01.570527,NEU-DET,crazing,crazing_55.jpg,4x4,4,4,8,NEQR,1024,aer,12,4,8,129,89,61,"{""h"": 4, ""x"": 64, ""mcx"": 61}",0.0008886249852366745,0.001953250030055642,2.2792024537920952e-05,1.933303428813815e-05,0.0033509170170873404,0.0,100.0,1.0
435e1636,2026-10-07T23:04:01.578027,NEU-DET,crazing,crazing_56.jpg,4x4,4,4,8,FRQI,1024,aer,5,4,1,1092,705,384,"{""h"": 132, ""x"": 64, ""cx"": 384, ""tdg"": 192, ""t"": 256, ""ry"": 64}",0.0010725829633884132,0.005075833993032575,3.3374992199242115e-05,6.166601087898016e-05,0.007724500028416514,0.00293104852415594,25.32976991660943,0.8513322609613452
0b59f7d1,2026-10-07T23:04:01.589614,NEU-DET,crazing,crazing_56.jpg,4x4,4,4,8,NEQR,1024,aer,12,4,8,133,93,65,"{""h"": 4, ""x"": 64, ""mcx"": 65}",0.000938250042963773,0.0028901249752379954,2.1082989405840635e-05,1.7707992810755968e-05,0.004333166987635195,0.0,100.0,1.0
f2f404e3,2026-10-07T23:04:01.598968,NEU-DET,crazing,crazing_57.jpg,4x4,4,4,8,FRQI,1024,aer,5,4,1,1092,705,384,"{""h"": 132, ""x"": 64, ""cx"": 384, ""tdg"": 192, ""t"": 256, ""ry"": 64}",0.0010714579839259386,0.0048733329749666154,3.312499029561877e-05,6.508303340524435e-05,0.007517707999795675,0.003097201325315046,25.09030563570689,0.8914148093387178
665fd1de,2026-10-07T23:04:01.610464,NEU-DET,crazing,crazing_57.jpg,4x4,4,4,8,NEQR,1024,aer,12,4,8,132,92,64,"{""h"": 4, ""x"": 64, ""mcx"": 64}",0.0020671249949373305,0.001942250004503876,2.2332998923957348e-05,1.929205609485507e-05,0.004887999966740608,0.0,100.0,1.0
9925cf1f,2026-10-07T23:04:01.620485,NEU-DET,crazing,crazing_58.jpg,4x4,4,4,8,FRQI,1024,aer,5,4,1,1092,705,384,"{""h"": 132, ""x"": 64, ""cx"": 384, ""tdg"": 192, ""t"": 256, ""ry"": 64}",0.001104000024497509,0.004919958999380469,3.2542040571570396e-05,6.104196654632688e-05,0.007588750042486936,0.002348261033957488,26.292536283331955,0.6937073138397589
b2df3d63,2026-10-07T23:04:01.632564,NEU-DET,crazing,crazing_58.jpg,4x4,4,4,8,NEQR,1024,aer,12,4,8,137,97,69,"{""h"": 4, ""x"": 64, ""mcx"": 69}",0.0009755829814821482,0.002154707966838032,1.9666971638798714e-05,1.754099503159523e-05,0.0036260420456528664,0.0,100.0,1.0
35b8f6ed,2026-10-07T23:04:01.641139,NEU-DET,crazing,crazing_59.jpg,4x4,4,4,8,FRQI,1024,aer,5,4,1,1092,705,384,"{""h"": 132, ""x"": 64, ""cx"": 384, ""tdg"": 192, ""t"": 256, ""ry"": 64}",0.0010595420026220381,0.005201999971177429,3.362505231052637e-05,6.412499351426959e-05,0.007818542013410479,0.003164930981696322,24.996357562928388,0.8061812948940674
bfb91915,2026-10-07T23:04:01.652811,NEU-DET,crazing,crazing_59.jpg,4x4,4,4,8,NEQR,1024,aer,12,4,8,128,88,60,"{""h"": 4, ""x"": 64, ""mcx"": 60}",0.0008758339681662619,0.001809083973057568,2.3667002096772194e-05,1.995899947360158e-05,0.0031853749533183873,0.0,100.0,1.0
cf149f2b,2026-10-07T23:04:01.660204,NEU-DET,crazing,crazing_6.jpg,4x4,4,4,8,FRQI,1024,aer,5,4,1,1092,705,384,"{""h"": 132, ""x"": 64, ""cx"": 384, ""tdg"": 192, ""t"": 256, ""ry"": 64}",0.0011377499904483557,0.004833916027564555,3.408303018659353e-05,6.200000643730164e-05,0.007526167028117925,0.0011995247261837672,29.20990795353933,0.8235659036669463
a30d0c42,2026-10-07T23:04:01.671525,NEU-DET,crazing,crazing_6.jpg,4x4,4,4,8,NEQR,1024,aer,12,4,8,137,97,69,"{""h"": 4, ""x"": 64, ""mcx"": 69}",0.0009829160408116877,0.0022145829861983657,2.1332991309463978e-05,1.8708000425249338e-05,0.0037474999553523958,0.0,100.0,1.0
22c747cc,2026-10-07T23:04:01.679324,NEU-DET,crazing,crazing_60.jpg,4x4,4,4,8,FRQI,1024,aer,5,4,1,1092,705,384,"{""h"": 132, ""x"": 64, ""cx"": 384, ""tdg"": 192, ""t"": 256, ""ry"": 64}",0.0010851669940166175,0.00504966703010723,3.3999967854470015e-05,7.012503920122981e-05,0.0077217090292833745,0.002769438148434367,25.576083297747843,0.900244934177445
31c2d0c0,2026-10-07T23:04:01.691053,NEU-DET,crazing,crazing_60.jpg,4x4,4,4,8,NEQR,1024,aer,12,4,8,133,93,65,"{""h"": 4, ""x"": 64, ""mcx"": 65}",0.0009796249796636403,0.002028374990914017,2.2458028979599476e-05,1.9458006136119366e-05,0.003536416043061763,0.0,100.0,1.0
a4464268,2026-10-07T23:04:01.698586,NEU-DET,crazing,crazing_61.jpg,4x4,4,4,8,FRQI,1024,aer,5,4,1,1092,705,384,"{""h"": 132, ""x"": 64, ""cx"": 384, ""tdg"": 192, ""t"": 256, ""ry"": 64}",0.0010870830155909061,0.004994250019080937,3.3208983950316906e-05,6.670801667496562e-05,0.009124625008553267,0.002197973694034525,26.579775096395583,0.9187022011040145
cdda06a8,2026-10-07T23:04:01.711612,NEU-DET,crazing,crazing_61.jpg,4x4,4,4,8,NEQR,1024,aer,12,4,8,132,92,64,"{""h"": 4, ""x"": 64, ""mcx"": 64}",0.000920457998290658,0.0020752919954247773,2.3250002413988113e-05,1.9416038412600756e-05,0.003511749964673072,0.0,100.0,1.0
1ea476e9,2026-10-07T23:04:01.719188,NEU-DET,crazing,crazing_62.jpg,4x4,4,4,8,FRQI,1024,aer,5,4,1,1092,705,384,"{""h"": 132, ""x"": 64, ""cx"": 384, ""tdg"": 192, ""t"": 256, ""ry"": 64}",0.0010755829862318933,0.005021290970034897,3.674998879432678e-05,7.141701644286513e-05,0.00769716699142009,0.0016212783853713972,27.901424072056287,0.8773355123633655
7c05dee2,2026-10-07T23:04:01.734715,NEU-DET,crazing,crazing_62.jpg,4x4,4,4,8,NEQR,1024,aer,12,4,8,134,94,66,"{""h"": 4, ""x"": 64, ""mcx"": 66}",0.0009742080001160502,0.0022338330163620412,2.3666012566536665e-05,2.0042003598064184e-05,0.0037480000173673034,0.0,100.0,1.0
cdc307cd,2026-10-07T23:04:01.743762,NEU-DET,crazing,crazing_63.jpg,4x4,4,4,8,FRQI,1024,aer,5,4,1,1092,705,384,"{""h"": 132, ""x"": 64, ""cx"": 384, ""tdg"": 192, ""t"": 256, ""ry"": 64}",0.0010896659805439413,0.004891166987363249,3.637495683506131e-05,6.624998059123755e-05,0.007573375012725592,0.0036515701774993644,24.375203484778623,0.8515172351387279
0b5f2ec0,2026-10-07T23:04:01.755396,NEU-DET,crazing,crazing_63.jpg,4x4,4,4,8,NEQR,1024,aer,12,4,8,132,92,64,"{""h"": 4, ""x"": 64, ""mcx"": 64}",0.0009241249645128846,0.0021561250323429704,2.19999928958714e-05,1.9084021914750338e-05,0.0035922079696319997,0.0,100.0,1.0
dcb5b09c,2026-10-07T23:04:01.764109,NEU-DET,crazing,crazing_64.jpg,4x4,4,4,8,FRQI,1024,aer,5,4,1,1092,705,384,"{""h"": 132, ""x"": 64, ""cx"": 384, ""tdg"": 192, ""t"": 256, ""ry"": 64}",0.0011335419840179384,0.0048969159834086895,3.329198807477951e-05,6.474996916949749e-05,0.007589749991893768,0.0030686871755215926,25.13047381646143,0.7537228244573296
55fa859e,2026-10-07T23:04:01.775719,NEU-DET,crazing,crazing_64.jpg,4x4,4,4,8,NEQR,1024,aer,12,4,8,130,90,62,"{""h"": 4, ""x"": 64, ""mcx"": 62}",0.0008872909820638597,0.0018713329918682575,2.041697734966874e-05,1.8708000425249338e-05,0.003240165999159217,0.0,100.0,1.0
a1a53339,2026-10-07T23:04:01.786568,NEU-DET,crazing,crazing_65.jpg,4x4,4,4,8,FRQI,1024,aer,5,4,1,1092,705,384,"{""h"": 132, ""x"": 64, ""cx"": 384, ""tdg"": 192, ""t"": 256, ""ry"": 64}",0.0010844999924302101,0.00501037499634549,3.683299291878939e-05,6.733299233019352e-05,0.007688458019401878,0.0020201495666318384,26.94616475326525,0.7055443972369531
3b72cc95,2026-10-07T23:04:01.798251,NEU-DET,crazing,crazing_65.jpg,4x4,4,4,8,NEQR,1024,aer,12,4,8,127,87,59,"{""h"": 4, ""x"": 64, ""mcx"": 59}",0.0008695409633219242,0.0019926250097341835,2.1584040950983763e-05,1.8708000425249338e-05,0.0033511670189909637,0.0,100.0,1.0
66e21a85,2026-10-07T23:04:01.805746,NEU-DET,crazing,crazing_66.jpg,4x4,4,4,8,FRQI,1024,aer,5,4,1,1092,705,384,"{""h"": 132, ""x"": 64, ""cx"": 384, ""tdg"": 192, ""t"": 256, ""ry"": 64}",0.0010791250388137996,0.004956124990712851,3.683299291878939e-05,6.64590043015778e-05,0.00761249999050051,0.0026576110598994576,25.755085775314114,0.5922218934039548
b0af8de4,2026-10-07T23:04:01.817311,NEU-DET,crazing,crazing_66.jpg,4x4,4,4,8,NEQR,1024,aer,12,4,8,130,90,62,"{""h"": 4, ""x"": 64, ""mcx"": 62}",0.0009043750469572842,0.0024547920329496264,5.87090034969151e-05,4.2416038922965527e-05,0.0040463750483468175,0.0,100.0,1.0
83e8121b,2026-10-07T23:04:01.825866,NEU-DET,crazing,crazing_67.jpg,4x4,4,4,8,FRQI,1024,aer,5,4,1,1092,705,384,"{""h"": 132, ""x"": 64, ""cx"": 384, ""tdg"": 192, ""t"": 256, ""ry"": 64}",0.001164084009360522,0.005137124971952289,3.520800964906812e-05,6.616604514420033e-05,0.007949667051434517,0.00260504476108734,25.841848100511264,0.5038154205542988
83e14226,2026-10-07T23:04:01.837756,NEU-DET,crazing,crazing_67.jpg,4x4,4,4,8,NEQR,1024,aer,12,4,8,144,104,76,"{""h"": 4, ""x"": 64, ""mcx"": 76}",0.0010485420352779329,0.002223999996203929,2.4374981876462698e-05,2.0374951418489218e-05,0.0038155419752001762,0.0,100.0,1.0
4a26ddfd,2026-10-07T23:04:01.845924,NEU-DET,crazing,crazing_68.jpg,4x4,4,4,8,FRQI,1024,aer,5,4,1,1092,705,384,"{""h"": 132, ""x"": 64, ""cx"": 384, ""tdg"": 192, ""t"": 256, ""ry"": 64}",0.0010864590294659138,0.004972374998033047,3.454199759289622e-05,7.320800796151161e-05,0.007658832997549325,0.003203107545771906,24.94428479459442,0.9489127533616045
7ea86f8b,2026-10-07T23:04:01.857627,NEU-DET,crazing,crazing_68.jpg,4x4,4,4,8,NEQR,1024,aer,12,4,8,132,92,64,"{""h"": 4, ""x"": 64, ""mcx"": 64}",0.0009173749713227153,0.0019104999955743551,2.562499139457941e-05,2.1083978936076164e-05,0.0033537500421516597,0.0,100.0,1.0
1e7577f8,2026-10-07T23:04:01.867264,NEU-DET,crazing,crazing_69.jpg,4x4,4,4,8,FRQI,1024,aer,5,4,1,1092,705,384,"{""h"": 132, ""x"": 64, ""cx"": 384, ""tdg"": 192, ""t"": 256, ""ry"": 64}",0.0011243339977227151,0.00508137495489791,3.3709045965224504e-05,6.770802428945899e-05,0.007806500012520701,0.0018257199312365735,27.38565843257,0.8353130481786752
2aaae7a8,2026-10-07T23:04:01.879204,NEU-DET,crazing,crazing_69.jpg,4x4,4,4,8,NEQR,1024,aer,12,4,8,132,92,64,"{""h"": 4, ""x"": 64, ""mcx"": 64}",0.0009565000073052943,0.0037392910453490913,2.2082997020334005e-05,1.9000028260052204e-05,0.005212916003074497,0.0,100.0,1.0
35cf9cac,2026-10-07T23:04:01.888610,NEU-DET,crazing,crazing_7.jpg,4x4,4,4,8,FRQI,1024,aer,5,4,1,1092,705,384,"{""h"": 132, ""x"": 64, ""cx"": 384, ""tdg"": 192, ""t"": 256, ""ry"": 64}",0.0010747499763965607,0.00498929200693965,3.7165998946875334e-05,7.058295886963606e-05,0.007684250012971461,0.0015121282888038987,28.204113617738837,0.7388812304348498
29b36ae4,2026-10-07T23:04:01.901052,NEU-DET,crazing,crazing_7.jpg,4x4,4,4,8,NEQR,1024,aer,12,4,8,145,105,77,"{""h"": 4, ""x"": 64, ""mcx"": 77}",0.0010932920267805457,0.0023925830028019845,2.1625019144266844e-05,2.0458013750612736e-05,0.004336084006354213,0.0,100.0,1.0
d98e67fb,2026-10-07T23:04:01.909622,NEU-DET,crazing,crazing_70.jpg,4x4,4,4,8,FRQI,1024,aer,5,4,1,1092,705,384,"{""h"": 132, ""x"": 64, ""cx"": 384, ""tdg"": 192, ""t"": 256, ""ry"": 64}",0.0010966669651679695,0.0048983750166371465,3.854196984320879e-05,6.816699169576168e-05,0.00759737502085045,0.0019290418705137187,27.146583457435106,0.8175895808194225
c2ebeefc,2026-10-07T23:04:01.921367,NEU-DET,crazing,crazing_70.jpg,4x4,4,4,8,NEQR,1024,aer,12,4,8,133,93,65,"{""h"": 4, ""x"": 64, ""mcx"": 65}",0.0009634579764679074,0.0022576250485144556,2.4165958166122437e-05,2.195901470258832e-05,0.0039010420441627502,0.0,100.0,1.0
93c3f7f1,2026-10-07T23:04:01.929610,NEU-DET,crazing,crazing_71.jpg,4x4,4,4,8,FRQI,1024,aer,5,4,1,1092,705,384,"{""h"": 132, ""x"": 64, ""cx"": 384, ""tdg"": 192, ""t"": 256, ""ry"": 64}",0.001121375011280179,0.004916624980978668,3.350002225488424e-05,6.420898716896772e-05,0.007613416004460305,0.0013943991618108633,28.55612886957319,0.7538273358453644
0df2670b,2026-10-07T23:04:01.941295,NEU-DET,crazing,crazing_71.jpg,4x4,4,4,8,NEQR,1024,aer,12,4,8,137,97,69,"{""h"": 4, ""x"": 64, ""mcx"": 69}",0.0010129159782081842,0.00329354201676324,2.2250053007155657e-05,1.979200169444084e-05,0.0048368750140070915,0.0,100.0,1.0
fa54648a,2026-10-07T23:04:01.950351,NEU-DET,crazing,crazing_72.jpg,4x4,4,4,8,FRQI,1024,aer,5,4,1,1092,705,384,"{""h"": 132, ""x"": 64, ""cx"": 384, ""tdg"": 192, ""t"": 256, ""ry"": 64}",0.0011684999917633832,0.0050825829966925085,3.483297768980265e-05,6.558402674272656e-05,0.007912667002528906,0.0014758155126044755,28.309679290072513,0.7357140910397669
6c26f022,2026-10-07T23:04:01.962336,NEU-DET,crazing,crazing_72.jpg,4x4,4,4,8,NEQR,1024,aer,12,4,8,126,86,58,"{""h"": 4, ""x"": 64, ""mcx"": 58}",0.0008464579586870968,0.0017255839775316417,2.0708015654236078e-05,1.8667022231966257e-05,0.003049874969292432,0.0,100.0,1.0
2c619a2f,2026-10-07T23:04:01.970760,NEU-DET,crazing,crazing_73.jpg,4x4,4,4,8,FRQI,1024,aer,5,4,1,1092,705,384,"{""h"": 132, ""x"": 64, ""cx"": 384, ""tdg"": 192, ""t"": 256, ""ry"": 64}",0.0010955830221064389,0.004961708036717027,3.516604192554951e-05,6.862496957182884e-05,0.007668124977499247,0.002664097576967491,25.744498724587686,0.6229241097050962
2bb9c2b4,2026-10-07T23:04:01.982511,NEU-DET,crazing,crazing_73.jpg,4x4,4,4,8,NEQR,1024,aer,12,4,8,127,87,59,"{""h"": 4, ""x"": 64, ""mcx"": 59}",0.0008629590156488121,0.0018026670441031456,2.26249685510993e-05,2.0249979570508003e-05,0.0031729170004837215,0.0,100.0,1.0
9d131e26,2026-10-07T23:04:01.989869,NEU-DET,crazing,crazing_74.jpg,4x4,4,4,8,FRQI,1024,aer,5,4,1,1092,705,384,"{""h"": 132, ""x"": 64, ""cx"": 384, ""tdg"": 192, ""t"": 256, ""ry"": 64}",0.0010941249784082174,0.0048708750400692225,3.5582983400672674e-05,6.504199700430036e-05,0.0075540830148383975,0.002070509549008636,26.83922762228884,0.8864891295343008
5f2a42b6,2026-10-07T23:04:02.001571,NEU-DET,crazing,crazing_74.jpg,4x4,4,4,8,NEQR,1024,aer,12,4,8,134,94,66,"{""h"": 4, ""x"": 64, ""mcx"": 66}",0.0009662910015322268,0.001853582973126322,2.274999860674143e-05,1.816696021705866e-05,0.003338625014293939,0.0,100.0,1.0
25dfaf5a,2026-10-07T23:04:02.009524,NEU-DET,crazing,crazing_75.jpg,4x4,4,4,8,FRQI,1024,aer,5,4,1,1092,705,384,"{""h"": 132, ""x"": 64, ""cx"": 384, ""tdg"": 192, ""t"": 256, ""ry"": 64}",0.0011132500367239118,0.004854667000472546,3.304204437881708e-05,6.304099224507809e-05,0.007545959029812366,0.0030082469577474846,25.21686513830226,0.8260032031128308
777acf23,2026-10-07T23:04:02.021267,NEU-DET,crazing,crazing_75.jpg,4x4,4,4,8,NEQR,1024,aer,12,4,8,131,91,63,"{""h"": 4, ""x"": 64, ""mcx"": 63}",0.0009435419924557209,0.0018777079530991614,2.1332991309463978e-05,1.8040998838841915e-05,0.0033239999902434647,0.0,100.0,1.0
94d17ef2,2026-10-07T23:04:02.029882,NEU-DET,crazing,crazing_76.jpg,4x4,4,4,8,FRQI,1024,aer,5,4,1,1092,705,384,"{""h"": 132, ""x"": 64, ""cx"": 384, ""tdg"": 192, ""t"": 256, ""ry"": 64}",0.001091000041924417,0.0049193750019185245,3.554200520738959e-05,6.495800334960222e-05,0.007633916044142097,0.001937648138358849,27.1272508458298,0.6000649002565328
03a7aeea,2026-10-07T23:04:02.041659,NEU-DET,crazing,crazing_76.jpg,4x4,4,4,8,NEQR,1024,aer,12,4,8,133,93,65,"{""h"": 4, ""x"": 64, ""mcx"": 65}",0.000934917014092207,0.001705958042293787,2.0374951418489218e-05,1.737498678267002e-05,0.003143457986880094,0.0,100.0,1.0
06543db7,2026-10-07T23:04:02.049011,NEU-DET,crazing,crazing_77.jpg,4x4,4,4,8,FRQI,1024,aer,5,4,1,1092,705,384,"{""h"": 132, ""x"": 64, ""cx"": 384, ""tdg"": 192, ""t"": 256, ""ry"": 64}",0.0011038330267183483,0.00475016696145758,3.408303018659353e-05,6.179104093462229e-05,0.007421708956826478,0.0014673487079998934,28.334666660040142,0.7920856963657056
42f475b8,2026-10-07T23:04:02.060646,NEU-DET,crazing,crazing_77.jpg,4x4,4,4,8,NEQR,1024,aer,12,4,8,120,80,52,"{""h"": 4, ""x"": 64, ""mcx"": 52}",0.00077420799061656,0.0016116669867187738,1.833302667364478e-05,1.7375044990330935e-05,0.0028278750251047313,0.0,100.0,1.0
ecb13f05,2026-10-07T23:04:02.067840,NEU-DET,crazing,crazing_78.jpg,4x4,4,4,8,FRQI,1024,aer,5,4,1,1092,705,384,"{""h"": 132, ""x"": 64, ""cx"": 384, ""tdg"": 192, ""t"": 256, ""ry"": 64}",0.0013068750267848372,0.0050192499766126275,3.287498839199543e-05,6.412499351426959e-05,0.007948833983391523,0.002124604391145855,26.727219252547233,0.5518142360719442
025077ee,2026-10-07T23:04:02.080176,NEU-DET,crazing,crazing_78.jpg,4x4,4,4,8,NEQR,1024,aer,12,4,8,136,96,68,"{""h"": 4, ""x"": 64, ""mcx"": 68}",0.0009898749995045364,0.004590458003804088,2.2167048882693052e-05,1.8499966245144606e-05,0.006108291971031576,0.0,100.0,1.0
9fda1d9d,2026-10-07T23:04:02.090429,NEU-DET,crazing,crazing_79.jpg,4x4,4,4,8,FRQI,1024,aer,5,4,1,1092,705,384,"{""h"": 132, ""x"": 64, ""cx"": 384, ""tdg"": 192, ""t"": 256, ""ry"": 64}",0.0010622080299071968,0.005207040987443179,3.2374984584748745e-05,6.333400961011648e-05,0.007823040999937803,0.0019391544131813095,27.123876070520275,0.7047619574438826
79e9dd39,2026-10-07T23:04:02.102436,NEU-DET,crazing,crazing_79.jpg,4x4,4,4,8,NEQR,1024,aer,12,4,8,128,88,60,"{""h"": 4, ""x"": 64, ""mcx"": 60}",0.0009147910168394446,0.003822374972514808,2.4124979972839355e-05,1.9584025721997023e-05,0.005260709032882005,0.0,100.0,1.0
4a17af4e,2026-10-07T23:04:02.112292,NEU-DET,crazing,crazing_8.jpg,4x4,4,4,8,FRQI,1024,aer,5,4,1,1092,705,384,"{""h"": 132, ""x"": 64, ""cx"": 384, ""tdg"": 192, ""t"": 256, ""ry"": 64}",0.0014397500199265778,0.0051241659675724804,3.787496825680137e-05,7.587502477690578e-05,0.008521625015418977,0.0017037727644396844,27.685883284253606,0.8902418994459432
1a264060,2026-10-07T23:04:02.125104,NEU-DET,crazing,crazing_8.jpg,4x4,4,4,8,NEQR,1024,aer,12,4,8,133,93,65,"{""h"": 4, ""x"": 64, ""mcx"": 65}",0.0009714590269140899,0.00196674995822832,1.9875005818903446e-05,1.8665974494069815e-05,0.003462957974988967,0.0,100.0,1.0
64744cb2,2026-10-07T23:04:02.132964,NEU-DET,crazing,crazing_80.jpg,4x4,4,4,8,FRQI,1024,aer,5,4,1,1092,705,384,"{""h"": 132, ""x"": 64, ""cx"": 384, ""tdg"": 192, ""t"": 256, ""ry"": 64}",0.0011508750030770898,0.004997791023924947,3.470800584182143e-05,6.295798812061548e-05,0.007777791994158179,0.002920017080091126,25.346146082202008,0.8695181536617265
6e50d1e7,2026-10-07T23:04:02.145052,NEU-DET,crazing,crazing_80.jpg,4x4,4,4,8,NEQR,1024,aer,12,4,8,135,95,67,"{""h"": 4, ""x"": 64, ""mcx"": 67}",0.0010146250133402646,0.003579125041142106,2.4291977752000093e-05,2.2124964743852615e-05,0.005163582973182201,0.0,100.0,1.0
121ba31c,2026-10-07T23:04:02.156007,NEU-DET,crazing,crazing_81.jpg,4x4,4,4,8,FRQI,1024,aer,5,4,1,1092,705,384,"{""h"": 132, ""x"": 64, ""cx"": 384, ""tdg"": 192, ""t"": 256, ""ry"": 64}",0.0011963750002905726,0.005086874996777624,3.441702574491501e-05,6.595900049433112e-05,0.007978792011272162,0.0014919485376079947,28.262461569024453,0.7787942180721238
7a8feca6,2026-10-07T23:04:02.168254,NEU-DET,crazing,crazing_81.jpg,4x4,4,4,8,NEQR,1024,aer,12,4,8,136,96,68,"{""h"": 4, ""x"": 64, ""mcx"": 68}",0.0009741249959915876,0.0023134169750846922,2.3374974261969328e-05,2.1874962840229273e-05,0.0038297080318443477,0.0,100.0,1.0
07c35beb,2026-10-07T23:04:02.176629,NEU-DET,crazing,crazing_82.jpg,4x4,4,4,8,FRQI,1024,aer,5,4,1,1092,705,384,"{""h"": 132, ""x"": 64, ""cx"": 384, ""tdg"": 192, ""t"": 256, ""ry"": 64}",0.0011580409482121468,0.005071958003100008,3.233295865356922e-05,6.187497638165951e-05,0.00787195801967755,0.0026649000363113432,25.743190772537744,0.9177660373478774
4ade5e78,2026-10-07T23:04:02.188674,NEU-DET,crazing,crazing_82.jpg,4x4,4,4,8,NEQR,1024,aer,12,4,8,128,88,60,"{""h"": 4, ""x"": 64, ""mcx"": 60}",0.0008644170011393726,0.001779459009412676,2.279196633026004e-05,2.0084029529243708e-05,0.003137958003208041,0.0,100.0,1.0
a6a7a731,2026-10-07T23:04:02.196073,NEU-DET,crazing,crazing_83.jpg,4x4,4,4,8,FRQI,1024,aer,5,4,1,1092,705,384,"{""h"": 132, ""x"": 64, ""cx"": 384, ""tdg"": 192, ""t"": 256, ""ry"": 64}",0.001153541961684823,0.0049234579782933,3.254198236390948e-05,6.262498209252954e-05,0.007708917022682726,0.0012917861367604208,28.888093805458936,0.8153620631065016
57805e98,2026-10-07T23:04:02.207911,NEU-DET,crazing,crazing_83.jpg,4x4,4,4,8,NEQR,1024,aer,12,4,8,139,99,71,"{""h"": 4, ""x"": 64, ""mcx"": 71}",0.0010430420516058803,0.002307125017978251,2.158398274332285e-05,1.9041995983570814e-05,0.003971957950852811,0.0,100.0,1.0
ad1c1801,2026-10-07T23:04:02.216242,NEU-DET,crazing,crazing_84.jpg,4x4,4,4,8,FRQI,1024,aer,5,4,1,1092,705,384,"{""h"": 132, ""x"": 64, ""cx"": 384, ""tdg"": 192, ""t"": 256, ""ry"": 64}",0.0011751250131055713,0.004980458004865795,3.341602860018611e-05,6.033299723640084e-05,0.007759333006106317,0.0017472949840395702,27.576337698161204,0.6832108161739908
a4dba921,2026-10-07T23:04:02.228059,NEU-DET,crazing,crazing_84.jpg,4x4,4,4,8,NEQR,1024,aer,12,4,8,144,104,76,"{""h"": 4, ""x"": 64, ""mcx"": 76}",0.001056250010151416,0.0023507080040872097,2.0042003598064184e-05,1.708301715552807e-05,0.003922000003512949,0.0,100.0,1.0
de5c6fb1,2026-10-07T23:04:02.236146,NEU-DET,crazing,crazing_85.jpg,4x4,4,4,8,FRQI,1024,aer,5,4,1,1092,705,384,"{""h"": 132, ""x"": 64, ""cx"": 384, ""tdg"": 192, ""t"": 256, ""ry"": 64}",0.0011148329940624535,0.00494012504350394,3.02919652312994e-05,5.9999991208314896e-05,0.00769100000616163,0.003930326016167207,24.05571423886654,0.8472649934040382
b4dbadb9,2026-10-07T23:04:02.248002,NEU-DET,crazing,crazing_85.jpg,4x4,4,4,8,NEQR,1024,aer,12,4,8,120,80,52,"{""h"": 4, ""x"": 64, ""mcx"": 52}",0.0007908340194262564,0.001819166005589068,2.195802517235279e-05,1.8874998204410076e-05,0.003081624978221953,0.0,100.0,1.0
4b084296,2026-10-07T23:04:02.256278,NEU-DET,crazing,crazing_86.jpg,4x4,4,4,8,FRQI,1024,aer,5,4,1,1092,705,384,"{""h"": 132, ""x"": 64, ""cx"": 384, ""tdg"": 192, ""t"": 256, ""ry"": 64}",0.001047791971359402,0.004854500002693385,3.204098902642727e-05,6.029196083545685e-05,0.00743437500204891,0.002013059095054938,26.96143475841818,0.6320254807909337
398f98c6,2026-10-07T23:04:02.267916,NEU-DET,crazing,crazing_86.jpg,4x4,4,4,8,NEQR,1024,aer,12,4,8,133,93,65,"{""h"": 4, ""x"": 64, ""mcx"": 65}",0.000912124989554286,0.0022334170062094927,1.999997766688466e-05,1.6417005099356174e-05,0.0036198340239934623,0.0,100.0,1.0
c0fa0e14,2026-10-07T23:04:02.275705,NEU-DET,crazing,crazing_87.jpg,4x4,4,4,8,FRQI,1024,aer,5,4,1,1092,705,384,"{""h"": 132, ""x"": 64, ""cx"": 384, ""tdg"": 192, ""t"": 256, ""ry"": 64}",0.0010697499965317547,0.0049429580103605986,3.341602860018611e-05,6.35830219835043e-05,0.007565000036265701,0.0029122026551468266,25.35778406505421,0.9424886985059815
357b48c7,2026-10-07T23:04:02.287633,NEU-DET,crazing,crazing_87.jpg,4x4,4,4,8,NEQR,1024,aer,12,4,8,126,86,58,"{""h"": 4, ""x"": 64, ""mcx"": 58}",0.0008275840082205832,0.001845291000790894,1.8791004549711943e-05,1.6583944670856e-05,0.003117959015071392,0.0,100.0,1.0
53e098d8,2026-10-07T23:04:02.295040,NEU-DET,crazing,crazing_88.jpg,4x4,4,4,8,FRQI,1024,aer,5,4,1,1092,705,384,"{""h"": 132, ""x"": 64, ""cx"": 384, ""tdg"": 192, ""t"": 256, ""ry"": 64}",0.00107104197377339,0.005063417018391192,3.454199759289622e-05,6.024999311193824e-05,0.007690583996009082,0.0015599505326406489,28.068891732749137,0.6976197708191636
ecc0939e,2026-10-07T23:04:02.307002,NEU-DET,crazing,crazing_88.jpg,4x4,4,4,8,NEQR,1024,aer,12,4,8,134,94,66,"{""h"": 4, ""x"": 64, ""mcx"": 66}",0.0009679169743321836,0.0022463329951278865,2.0250037778168917e-05,1.8458988051861525e-05,0.0037151669966988266,0.0,100.0,1.0
572c57ad,2026-10-07T23:04:02.314942,NEU-DET,crazing,crazing_89.jpg,4x4,4,4,8,FRQI,1024,aer,5,4,1,1092,705,384,"{""h"": 132, ""x"": 64, ""cx"": 384, ""tdg"": 192, ""t"": 256, ""ry"": 64}",0.0010433329734951258,0.0048920419649221,3.2167008612304926e-05,6.037496495991945e-05,0.007478917017579079,0.0011546431700182114,29.37552209049234,0.9396331867225127
ee8138ac,2026-10-07T23:04:02.326713,NEU-DET,crazing,crazing_89.jpg,4x4,4,4,8,NEQR,1024,aer,12,4,8,135,95,67,"{""h"": 4, ""x"": 64, ""mcx"": 67}",0.00093812495470047,0.001853250025305897,1.899997005239129e-05,1.6666948795318604e-05,0.0032665409962646663,0.0,100.0,1.0
795b944c,2026-10-07T23:04:02.334296,NEU-DET,crazing,crazing_9.jpg,4x4,4,4,8,FRQI,1024,aer,5,4,1,1092,705,384,"{""h"": 132, ""x"": 64, ""cx"": 384, ""tdg"": 192, ""t"": 256, ""ry"": 64}",0.0010622079716995358,0.004829208017326891,3.420800203457475e-05,6.487499922513962e-05,0.0074487089877948165,0.0018572574838394583,27.311278829813492,0.9142335226372015
82f6cda9,2026-10-07T23:04:02.346215,NEU-DET,crazing,crazing_9.jpg,4x4,4,4,8,NEQR,1024,aer,12,4,8,138,98,70,"{""h"": 4, ""x"": 64, ""mcx"": 70}",0.0022245830041356385,0.0021186250378377736,1.875002635642886e-05,1.7375044990330935e-05,0.0052676250343210995,0.0,100.0,1.0
2bb7f677,2026-10-07T23:04:02.355806,NEU-DET,crazing,crazing_90.jpg,4x4,4,4,8,FRQI,1024,aer,5,4,1,1092,705,384,"{""h"": 132, ""x"": 64, ""cx"": 384, ""tdg"": 192, ""t"": 256, ""ry"": 64}",0.0011048750020563602,0.004958666977472603,3.425002796575427e-05,6.233301246538758e-05,0.007676250010263175,0.0018228900150472523,27.392395339226596,0.6980345346553927
3dc6854e,2026-10-07T23:04:02.367627,NEU-DET,crazing,crazing_90.jpg,4x4,4,4,8,NEQR,1024,aer,12,4,8,132,92,64,"{""h"": 4, ""x"": 64, ""mcx"": 64}",0.0009144169744104147,0.0018129170057363808,2.1874962840229273e-05,2.0041014067828655e-05,0.00323075003689155,0.0,100.0,1.0
34bd498c,2026-10-07T23:04:02.376258,NEU-DET,crazing,crazing_91.jpg,4x4,4,4,8,FRQI,1024,aer,5,4,1,1092,705,384,"{""h"": 132, ""x"": 64, ""cx"": 384, ""tdg"": 192, ""t"": 256, ""ry"": 64}",0.0010787500068545341,0.004952625022269785,3.508297959342599e-05,6.52919989079237e-05,0.007608792046085,0.0018102306307851866,27.422660907128105,0.7252329572421345
985b035e,2026-10-07T23:04:02.388086,NEU-DET,crazing,crazing_91.jpg,4x4,4,4,8,NEQR,1024,aer,12,4,8,140,100,72,"{""h"": 4, ""x"": 64, ""mcx"": 72}",0.0010005420190282166,0.0022810419904999435,2.058298559859395e-05,1.8874998204410076e-05,0.003796834032982588,0.0,100.0,1.0
a7578995,2026-10-07T23:04:02.398290,NEU-DET,crazing,crazing_92.jpg,4x4,4,4,8,FRQI,1024,aer,5,4,1,1092,705,384,"{""h"": 132, ""x"": 64, ""cx"": 384, ""tdg"": 192, ""t"": 256, ""ry"": 64}",0.0011780839995481074,0.004822499991860241,3.2917014323174953e-05,6.137497257441282e-05,0.007641125004738569,0.00287185927165486,25.41836845432932,0.6631748820247398
8f2e8fb4,2026-10-07T23:04:02.410343,NEU-DET,crazing,crazing_92.jpg,4x4,4,4,8,NEQR,1024,aer,12,4,8,132,92,64,"{""h"": 4, ""x"": 64, ""mcx"": 64}",0.0009705409756861627,0.0021035830141045153,1.9832979887723923e-05,1.6375037375837564e-05,0.0035953340120613575,0.0,100.0,1.0
9b4daac0,2026-10-07T23:04:02.418242,NEU-DET,crazing,crazing_93.jpg,4x4,4,4,8,FRQI,1024,aer,5,4,1,1092,705,384,"{""h"": 132, ""x"": 64, ""cx"": 384, ""tdg"": 192, ""t"": 256, ""ry"": 64}",0.0011154160019941628,0.005049167026299983,3.520800964906812e-05,6.579200271517038e-05,0.007791709038428962,0.0017677936387147217,27.52568433213333,0.5506956885003129
abb50dc6,2026-10-07T23:04:02.430331,NEU-DET,crazing,crazing_93.jpg,4x4,4,4,8,NEQR,1024,aer,12,4,8,131,91,63,"{""h"": 4, ""x"": 64, ""mcx"": 63}",0.0009429999627172947,0.002310333016794175,2.300000051036477e-05,1.9082974176853895e-05,0.003770417009945959,0.0,100.0,1.0
b4cfadd9,2026-10-07T23:04:02.438607,NEU-DET,crazing,crazing_94.jpg,4x4,4,4,8,FRQI,1024,aer,5,4,1,1092,705,384,"{""h"": 132, ""x"": 64, ""cx"": 384, ""tdg"": 192, ""t"": 256, ""ry"": 64}",0.0011583750019781291,0.012493084010202438,4.3707957956939936e-05,7.883401121944189e-05,0.01534799998626113,0.0016107852782798655,27.92962348266888,0.9103664819771256
7f1cbdf2,2026-10-07T23:04:02.472963,NEU-DET,crazing,crazing_94.jpg,4x4,4,4,8,NEQR,1024,aer,12,4,8,130,90,62,"{""h"": 4, ""x"": 64, ""mcx"": 62}",0.00226116698468104,0.002911041956394911,2.5916961021721363e-05,2.5082961656153202e-05,0.005834667012095451,0.0,100.0,1.0
9ca06a2c,2026-10-07T23:04:02.483815,NEU-DET,crazing,crazing_95.jpg,4x4,4,4,8,FRQI,1024,aer,5,4,1,1092,705,384,"{""h"": 132, ""x"": 64, ""cx"": 384, ""tdg"": 192, ""t"": 256, ""ry"": 64}",0.0011269589886069298,0.005082625022623688,3.566697705537081e-05,7.204199209809303e-05,0.008144583029206842,0.0024518208697813133,26.105112625823796,0.7277549459459647
76b460f9,2026-10-07T23:04:02.496457,NEU-DET,crazing,crazing_95.jpg,4x4,4,4,8,NEQR,1024,aer,12,4,8,137,97,69,"{""h"": 4, ""x"": 64, ""mcx"": 69}",0.0010943330125883222,0.002341417013667524,2.3374974261969328e-05,2.1083978936076164e-05,0.0040311249904334545,0.0,100.0,1.0
80db2522,2026-10-07T23:04:02.505075,NEU-DET,crazing,crazing_96.jpg,4x4,4,4,8,FRQI,1024,aer,5,4,1,1092,705,384,"{""h"": 132, ""x"": 64, ""cx"": 384, ""tdg"": 192, ""t"": 256, ""ry"": 64}",0.0011792079894803464,0.005068292026408017,3.704201662912965e-05,7.041700882837176e-05,0.00792183296289295,0.0018489685907030304,27.330704663422956,0.4392230478463978
4c69b418,2026-10-07T23:04:02.517639,NEU-DET,crazing,crazing_96.jpg,4x4,4,4,8,NEQR,1024,aer,12,4,8,133,93,65,"{""h"": 4, ""x"": 64, ""mcx"": 65}",0.0009829159826040268,0.002241416019387543,2.3083004634827375e-05,1.9291997887194157e-05,0.0037659580120816827,0.0,100.0,1.0
83acb204,2026-10-07T23:04:02.525935,NEU-DET,crazing,crazing_97.jpg,4x4,4,4,8,FRQI,1024,aer,5,4,1,1092,705,384,"{""h"": 132, ""x"": 64, ""cx"": 384, ""tdg"": 192, ""t"": 256, ""ry"": 64}",0.0011631670058704913,0.005188833049032837,3.774999640882015e-05,7.104198448359966e-05,0.008015708008315414,0.001809271924717393,27.42496155899041,0.7277302259290098
33863648,2026-10-07T23:04:02.538452,NEU-DET,crazing,crazing_97.jpg,4x4,4,4,8,NEQR,1024,aer,12,4,8,124,84,56,"{""h"": 4, ""x"": 64, ""mcx"": 56}",0.0008760420023463666,0.0021294590551406145,2.2792024537920952e-05,1.8624996300786734e-05,0.0035187919856980443,0.0,100.0,1.0
719afca0,2026-10-07T23:04:02.546255,NEU-DET,crazing,crazing_98.jpg,4x4,4,4,8,FRQI,1024,aer,5,4,1,1092,705,384,"{""h"": 132, ""x"": 64, ""cx"": 384, ""tdg"": 192, ""t"": 256, ""ry"": 64}",0.0011427500285208225,0.005001499957870692,3.620801726356149e-05,6.637501064687967e-05,0.007842082995921373,0.00243681065581425,26.131782148980477,0.8276307223225465
4628492d,2026-10-07T23:04:02.558543,NEU-DET,crazing,crazing_98.jpg,4x4,4,4,8,NEQR,1024,aer,12,4,8,135,95,67,"{""h"": 4, ""x"": 64, ""mcx"": 67}",0.0009536250145174563,0.0020241669844835997,2.2249994799494743e-05,1.912500010803342e-05,0.003490875009447336,0.0,100.0,1.0
6b60c020,2026-10-07T23:04:02.568426,NEU-DET,crazing,crazing_99.jpg,4x4,4,4,8,FRQI,1024,aer,5,4,1,1092,705,384,"{""h"": 132, ""x"": 64, ""cx"": 384, ""tdg"": 192, ""t"": 256, ""ry"": 64}",0.0011117919930256903,0.005085541983135045,3.383401781320572e-05,6.024999311193824e-05,0.007806250010617077,0.0018949981056256412,27.22391219847224,0.8878291163921086
542ad5f9,2026-10-07T23:04:02.580379,NEU-DET,crazing,crazing_99.jpg,4x4,4,4,8,NEQR,1024,aer,12,4,8,130,90,62,"{""h"": 4, ""x"": 64, ""mcx"": 62}",0.0008883750415407121,0.0017724999925121665,2.4209031835198402e-05,1.895899185910821e-05,0.0031714579672552645,0.0,100.0,1.0
ed579251,2026-10-07T23:04:02.588558,NEU-DET,inclusion,inclusion_117.jpg,4x4,4,4,8,FRQI,1024,aer,5,4,1,1092,705,384,"{""h"": 132, ""x"": 64, ""cx"": 384, ""tdg"": 192, ""t"": 256, ""ry"": 64}",0.0011290829861536622,0.004968374967575073,3.220798680558801e-05,5.8165984228253365e-05,0.0076837080414406955,0.0023031625400959377,26.376754116771814,0.3585734023113382
9852be6e,2026-10-07T23:04:02.600502,NEU-DET,inclusion,inclusion_117.jpg,4x4,4,4,8,NEQR,1024,aer,12,4,8,132,92,64,"{""h"": 4, ""x"": 64, ""mcx"": 64}",0.0009339590324088931,0.003524666011799127,2.2082997020334005e-05,1.7624988686293364e-05,0.0049884579493664205,0.0,100.0,1.0
5ccc0f55,2026-10-07T23:04:02.609716,NEU-DET,inclusion,inclusion_118.jpg,4x4,4,4,8,FRQI,1024,aer,5,4,1,1092,705,384,"{""h"": 132, ""x"": 64, ""cx"": 384, ""tdg"": 192, ""t"": 256, ""ry"": 64}",0.00105516699841246,0.0050768330111168325,3.670796286314726e-05,6.474996916949749e-05,0.007746499963104725,0.002819966235784379,25.497560915743676,0.3842662619091497
b73df4c2,2026-10-07T23:04:02.621895,NEU-DET,inclusion,inclusion_118.jpg,4x4,4,4,8,NEQR,1024,aer,12,4,8,137,97,69,"{""h"": 4, ""x"": 64, ""mcx"": 69}",0.0010204580030404031,0.0019608750008046627,2.1665997337549925e-05,1.9250030163675547e-05,0.003518457990139723,0.0,100.0,1.0
8c4e7c8c,2026-10-07T23:04:02.631365,NEU-DET,inclusion,inclusion_119.jpg,4x4,4,4,8,FRQI,1024,aer,5,4,1,1092,705,384,"{""h"": 132, ""x"": 64, ""cx"": 384, ""tdg"": 192, ""t"": 256, ""ry"": 64}",0.001147041970398277,0.004859208012931049,3.441702574491501e-05,6.395898526534438e-05,0.007575249997898936,0.001986743071073736,27.018582929453657,0.4643683309447073
5a8c26ab,2026-10-07T23:04:02.643188,NEU-DET,inclusion,inclusion_119.jpg,4x4,4,4,8,NEQR,1024,aer,12,4,8,139,99,71,"{""h"": 4, ""x"": 64, ""mcx"": 71}",0.0010481249773874879,0.001973999955225736,1.9415980204939842e-05,1.633400097489357e-05,0.003536500036716461,0.0,100.0,1.0
eeb7a0cd,2026-10-07T23:04:02.651131,NEU-DET,inclusion,inclusion_12.jpg,4x4,4,4,8,FRQI,1024,aer,5,4,1,1092,705,384,"{""h"": 132, ""x"": 64, ""cx"": 384, ""tdg"": 192, ""t"": 256, ""ry"": 64}",0.0010670000337995589,0.004885416012257338,3.483303589746356e-05,6.287498399615288e-05,0.007513958960771561,0.002486094068462945,26.04482442612529,0.41657584752618587
8537081f,2026-10-07T23:04:02.662983,NEU-DET,inclusion,inclusion_12.jpg,4x4,4,4,8,NEQR,1024,aer,12,4,8,131,91,63,"{""h"": 4, ""x"": 64, ""mcx"": 63}",0.0009085829951800406,0.0018064590403810143,2.054200740531087e-05,1.695798709988594e-05,0.0032037500059232116,0.0,100.0,1.0
609af64f,2026-10-07T23:04:02.670483,NEU-DET,inclusion,inclusion_120.jpg,4x4,4,4,8,FRQI,1024,aer,5,4,1,1092,705,384,"{""h"": 132, ""x"": 64, ""cx"": 384, ""tdg"": 192, ""t"": 256, ""ry"": 64}",0.0010774999973364174,0.004993125039618462,3.3958000130951405e-05,6.279197987169027e-05,0.007675083994399756,0.00239070805859286,26.214734545338445,0.6135337485650998
bd9d4f10,2026-10-07T23:04:02.682556,NEU-DET,inclusion,inclusion_120.jpg,4x4,4,4,8,NEQR,1024,aer,12,4,8,138,98,70,"{""h"": 4, ""x"": 64, ""mcx"": 70}",0.0009764999849721789,0.0018701250082813203,1.91659783013165e-05,1.675001112744212e-05,0.0033439580001868308,0.0,100.0,1.0
eaa216a8,2026-10-07T23:04:02.694487,NEU-DET,inclusion,inclusion_121.jpg,4x4,4,4,8,FRQI,1024,aer,5,4,1,1092,705,384,"{""h"": 132, ""x"": 64, ""cx"": 384, ""tdg"": 192, ""t"": 256, ""ry"": 64}",0.0010973329772241414,0.0050087919807992876,3.6375015042722225e-05,6.833299994468689e-05,0.0077162079978734255,0.0020903637215806173,26.797781404286777,0.5439106325365399
f8c79dab,2026-10-07T23:04:02.706680,NEU-DET,inclusion,inclusion_121.jpg,4x4,4,4,8,NEQR,1024,aer,12,4,8,146,106,78,"{""h"": 4, ""x"": 64, ""mcx"": 78}",0.0011222499888390303,0.0021038749837316573,2.2457970771938562e-05,1.95419997908175e-05,0.0037928340025246143,0.0,100.0,1.0
3917d6ca,2026-10-07T23:04:02.714868,NEU-DET,inclusion,inclusion_122.jpg,4x4,4,4,8,FRQI,1024,aer,5,4,1,1092,705,384,"{""h"": 132, ""x"": 64, ""cx"": 384, ""tdg"": 192, ""t"": 256, ""ry"": 64}",0.0010709589696489275,0.004899167048279196,3.3582968171685934e-05,5.9542013332247734e-05,0.007554583018645644,0.0026545961517287805,25.76001539522686,0.5213696176783938
2407bd49,2026-10-07T23:04:02.726883,NEU-DET,inclusion,inclusion_122.jpg,4x4,4,4,8,NEQR,1024,aer,12,4,8,153,113,85,"{""h"": 4, ""x"": 64, ""mcx"": 85}",0.0012103330227546394,0.002095124975312501,2.2374966647475958e-05,1.8667022231966257e-05,0.0039002500125207007,0.0,100.0,1.0
6c9aa1ed,2026-10-07T23:04:02.735067,NEU-DET,inclusion,inclusion_123.jpg,4x4,4,4,8,FRQI,1024,aer,5,4,1,1092,705,384,"{""h"": 132, ""x"": 64, ""cx"": 384, ""tdg"": 192, ""t"": 256, ""ry"": 64}",0.001109000004362315,0.0051514580263756216,3.662501694634557e-05,6.48329732939601e-05,0.00786520802648738,0.0025903396397711025,25.86643288425382,0.513747911122441
971dcdad,2026-10-07T23:04:02.747513,NEU-DET,inclusion,inclusion_123.jpg,4x4,4,4,8,NEQR,1024,aer,12,4,8,143,103,75,"{""h"": 4, ""x"": 64, ""mcx"": 75}",0.0010432080016471446,0.0019420409807935357,2.1042011212557554e-05,1.7167010810226202e-05,0.003509792033582926,0.0,100.0,1.0
96ad16e7,2026-10-07T23:04:02.755427,NEU-DET,inclusion,inclusion_124.jpg,4x4,4,4,8,FRQI,1024,aer,5,4,1,1092,705,384,"{""h"": 132, ""x"": 64, ""cx"": 384, ""tdg"": 192, ""t"": 256, ""ry"": 64}",0.0010728329652920365,0.004892500001005828,3.262498648837209e-05,6.141600897535682e-05,0.00751437502913177,0.0027093309768879185,25.671379375080488,0.6179602670928664
5f2e8218,2026-10-07T23:04:02.767356,NEU-DET,inclusion,inclusion_124.jpg,4x4,4,4,8,NEQR,1024,aer,12,4,8,144,104,76,"{""h"": 4, ""x"": 64, ""mcx"": 76}",0.001144082983955741,0.00209650001488626,2.316699828952551e-05,2.0459003280848265e-05,0.004076458979398012,0.0,100.0,1.0
610fdf80,2026-10-07T23:04:02.776907,NEU-DET,inclusion,inclusion_125.jpg,4x4,4,4,8,FRQI,1024,aer,5,4,1,1092,705,384,"{""h"": 132, ""x"": 64, ""cx"": 384, ""tdg"": 192, ""t"": 256, ""ry"": 64}",0.0011899580131284893,0.005116124986670911,3.366603050380945e-05,7.054198067635298e-05,0.00797641696408391,0.0020448128795283738,26.893464280509942,0.6053259189577764
0fd5b350,2026-10-07T23:04:02.789636,NEU-DET,inclusion,inclusion_125.jpg,4x4,4,4,8,NEQR,1024,aer,12,4,8,135,95,67,"{""h"": 4, ""x"": 64, ""mcx"": 67}",0.001004750025458634,0.002228916040621698,2.2707972675561905e-05,2.1458021365106106e-05,0.0038132499903440475,0.0,100.0,1.0
d5e51539,2026-10-07T23:04:02.798333,NEU-DET,inclusion,inclusion_126.jpg,4x4,4,4,8,FRQI,1024,aer,5,4,1,1092,705,384,"{""h"": 132, ""x"": 64, ""cx"": 384, ""tdg"": 192, ""t"": 256, ""ry"": 64}",0.0011157499975524843,0.005128582997713238,4.008301766589284e-05,7.937499321997166e-05,0.009332749992609024,0.002357243440414089,26.27595564115878,0.583876189244702
9e258086,2026-10-07T23:04:02.812728,NEU-DET,inclusion,inclusion_126.jpg,4x4,4,4,8,NEQR,1024,aer,12,4,8,132,92,64,"{""h"": 4, ""x"": 64, ""mcx"": 64}",0.000999332987703383,0.002026916015893221,2.3707980290055275e-05,2.2416003048419952e-05,0.0037525829975493252,0.0,100.0,1.0
46e44cbe,2026-10-07T23:04:02.821206,NEU-DET,inclusion,inclusion_127.jpg,4x4,4,4,8,FRQI,1024,aer,5,4,1,1092,705,384,"{""h"": 132, ""x"": 64, ""cx"": 384, ""tdg"": 192, ""t"": 256, ""ry"": 64}",0.0011628749780356884,0.005120499990880489,3.6750047001987696e-05,7.499998901039362e-05,0.007971624960191548,0.0016910046707656879,27.71855192825107,0.783012580956292
352a25d6,2026-10-07T23:04:02.833987,NEU-DET,inclusion,inclusion_127.jpg,4x4,4,4,8,NEQR,1024,aer,12,4,8,124,84,56,"{""h"": 4, ""x"": 64, ""mcx"": 56}",0.0008787089609540999,0.0031642079702578485,2.441700780764222e-05,2.320797648280859e-05,0.004604667017702013,0.0,100.0,1.0
6c8eb212,2026-10-07T23:04:02.843373,NEU-DET,inclusion,inclusion_128.jpg,4x4,4,4,8,FRQI,1024,aer,5,4,1,1092,705,384,"{""h"": 132, ""x"": 64, ""cx"": 384, ""tdg"": 192, ""t"": 256, ""ry"": 64}",0.001169166003819555,0.00513733399566263,4.137499490752816e-05,8.220801828429103e-05,0.009359707997646183,0.0014856509141908556,28.28083225468301,0.7504436626902953
ebbc5375,2026-10-07T23:04:02.859393,NEU-DET,inclusion,inclusion_128.jpg,4x4,4,4,8,NEQR,1024,aer,12,4,8,121,81,53,"{""h"": 4, ""x"": 64, ""mcx"": 53}",0.0009402920259162784,0.0018202080391347408,2.5333021767437458e-05,2.208305522799492e-05,0.0033153339754790068,0.0,100.0,1.0
c249c053,2026-10-07T23:04:02.867618,NEU-DET,inclusion,inclusion_129.jpg,4x4,4,4,8,FRQI,1024,aer,5,4,1,1092,705,384,"{""h"": 132, ""x"": 64, ""cx"": 384, ""tdg"": 192, ""t"": 256, ""ry"": 64}",0.0013976669870316982,0.005114791973028332,3.8583006244152784e-05,7.245800225064158e-05,0.008894124999642372,0.0027596714560222794,25.591426184165563,0.6084533855145733
de04ecee,2026-10-07T23:04:02.881075,NEU-DET,inclusion,inclusion_129.jpg,4x4,4,4,8,NEQR,1024,aer,12,4,8,125,85,57,"{""h"": 4, ""x"": 64, ""mcx"": 57}",0.0008816670160740614,0.0017575420206412673,2.3874978069216013e-05,2.1208019461482763e-05,0.0031875420245341957,0.0,100.0,1.0
c1bad315,2026-10-07T23:04:02.889048,NEU-DET,inclusion,inclusion_13.jpg,4x4,4,4,8,FRQI,1024,aer,5,4,1,1092,705,384,"{""h"": 132, ""x"": 64, ""cx"": 384, ""tdg"": 192, ""t"": 256, ""ry"": 64}",0.0013535830075852573,0.005008582957088947,3.620801726356149e-05,7.666699821129441e-05,0.008088500006124377,0.0019247298862131413,27.156302101337744,0.30331561903715687
878b7939,2026-10-07T23:04:02.901733,NEU-DET,inclusion,inclusion_13.jpg,4x4,4,4,8,NEQR,1024,aer,12,4,8,126,86,58,"{""h"": 4, ""x"": 64, ""mcx"": 58}",0.0016235840157605708,0.0019070839625783265,2.3917004000395536e-05,2.2707972675561905e-05,0.0041183329885825515,0.0,100.0,1.0
e1237c06,2026-10-07T23:04:02.910661,NEU-DET,inclusion,inclusion_130.jpg,4x4,4,4,8,FRQI,1024,aer,5,4,1,1092,705,384,"{""h"": 132, ""x"": 64, ""cx"": 384, ""tdg"": 192, ""t"": 256, ""ry"": 64}",0.00116470898501575,0.005084040982183069,5.2499992307275534e-05,7.18339579179883e-05,0.007994082989171147,0.0023167509089605156,26.35120657914507,0.5612853234624264
b753638f,2026-10-07T23:04:02.925813,NEU-DET,inclusion,inclusion_130.jpg,4x4,4,4,8,NEQR,1024,aer,12,4,8,129,89,61,"{""h"": 4, ""x"": 64, ""mcx"": 61}",0.0009832089999690652,0.0020004999823868275,2.8333975933492184e-05,2.300000051036477e-05,0.003594874986447394,0.0,100.0,1.0
e937854c,2026-10-07T23:04:02.934244,NEU-DET,inclusion,inclusion_131.jpg,4x4,4,4,8,FRQI,1024,aer,5,4,1,1092,705,384,"{""h"": 132, ""x"": 64, ""cx"": 384, ""tdg"": 192, ""t"": 256, ""ry"": 64}",0.0011599580175243318,0.005101208051200956,3.749999450519681e-05,7.654097862541676e-05,0.008045124995987862,0.0025859615876134305,25.873779305041257,0.6225987447001323
676b6bf1,2026-10-07T23:04:02.947112,NEU-DET,inclusion,inclusion_131.jpg,4x4,4,4,8,NEQR,1024,aer,12,4,8,122,82,54,"{""h"": 4, ""x"": 64, ""mcx"": 54}",0.0008591249934397638,0.001724708010442555,2.400000812485814e-05,2.1832995116710663e-05,0.0031174590112641454,0.0,100.0,1.0
e2d1f0d7,2026-10-07T23:04:02.957566,NEU-DET,inclusion,inclusion_132.jpg,4x4,4,4,8,FRQI,1024,aer,5,4,1,1092,705,384,"{""h"": 132, ""x"": 64, ""cx"": 384, ""tdg"": 192, ""t"": 256, ""ry"": 64}",0.0014216670533642173,0.005109624995384365,3.6582991015166044e-05,7.058295886963606e-05,0.00836354203056544,0.0017955453977259127,27.458036099015352,0.46795059129619937
5689a260,2026-10-07T23:04:02.970457,NEU-DET,inclusion,inclusion_132.jpg,4x4,4,4,8,NEQR,1024,aer,12,4,8,124,84,56,"{""h"": 4, ""x"": 64, ""mcx"": 56}",0.000855332997161895,0.002810667036101222,2.5500019546598196e-05,2.3084052372723818e-05,0.004212957981508225,0.0,100.0,1.0
5ab41c9d,2026-10-07T23:04:02.980523,NEU-DET,inclusion,inclusion_133.jpg,4x4,4,4,8,FRQI,1024,aer,5,4,1,1092,705,384,"{""h"": 132, ""x"": 64, ""cx"": 384, ""tdg"": 192, ""t"": 256, ""ry"": 64}",0.0017315829754807055,0.006050791998859495,4.57499991171062e-05,8.270802209153771e-05,0.00962070794776082,0.001617129983571238,27.91255070459141,0.6400307783703515
92d3498c,2026-10-07T23:04:02.994963,NEU-DET,inclusion,inclusion_133.jpg,4x4,4,4,8,NEQR,1024,aer,12,4,8,127,87,59,"{""h"": 4, ""x"": 64, ""mcx"": 59}",0.0019349170033819973,0.0018120829481631517,2.479099202901125e-05,2.295803278684616e-05,0.004658124991692603,0.0,100.0,1.0
34b45b13,2026-10-07T23:04:03.004546,NEU-DET,inclusion,inclusion_134.jpg,4x4,4,4,8,FRQI,1024,aer,5,4,1,1092,705,384,"{""h"": 132, ""x"": 64, ""cx"": 384, ""tdg"": 192, ""t"": 256, ""ry"": 64}",0.001175292010884732,0.0050327079952694476,4.037498729303479e-05,7.43749551475048e-05,0.007924166973680258,0.0022428629373620317,26.491972655905176,0.4226619424533574
768ed16c,2026-10-07T23:04:03.017356,NEU-DET,inclusion,inclusion_134.jpg,4x4,4,4,8,NEQR,1024,aer,12,4,8,139,99,71,"{""h"": 4, ""x"": 64, ""mcx"": 71}",0.001088417018763721,0.00208829203620553,2.4916953407227993e-05,2.2124964743852615e-05,0.003810417023487389,0.0,100.0,1.0
3696e617,2026-10-07T23:04:03.026103,NEU-DET,inclusion,inclusion_135.jpg,4x4,4,4,8,FRQI,1024,aer,5,4,1,1092,705,384,"{""h"": 132, ""x"": 64, ""cx"": 384, ""tdg"": 192, ""t"": 256, ""ry"": 64}",0.001509666966740042,0.005028874962590635,3.991700941696763e-05,7.862498750910163e-05,0.008256374974735081,0.0021142189714662106,26.748500344483638,0.45604976445209666
ade36ba8,2026-10-07T23:04:03.039280,NEU-DET,inclusion,inclusion_135.jpg,4x4,4,4,8,NEQR,1024,aer,12,4,8,135,95,67,"{""h"": 4, ""x"": 64, ""mcx"": 67}",0.0016489580157212913,0.0019975409959442914,2.575002145022154e-05,2.3083004634827375e-05,0.004228541976772249,0.0,100.0,1.0
a241f8d4,2026-10-07T23:04:03.048586,NEU-DET,inclusion,inclusion_136.jpg,4x4,4,4,8,FRQI,1024,aer,5,4,1,1092,705,384,"{""h"": 132, ""x"": 64, ""cx"": 384, ""tdg"": 192, ""t"": 256, ""ry"": 64}",0.0021451670327223837,0.00528270797803998,3.92080401070416e-05,7.524999091401696e-05,0.009176708001177758,0.0031769710955838392,24.97986736411614,0.406282220442851
f6f056a8,2026-10-07T23:04:03.062453,NEU-DET,inclusion,inclusion_136.jpg,4x4,4,4,8,NEQR,1024,aer,12,4,8,128,88,60,"{""h"": 4, ""x"": 64, ""mcx"": 60}",0.0010093749733641744,0.0021302910172380507,2.6124995201826096e-05,2.2291031200438738e-05,0.0037359169800765812,0.0,100.0,1.0
db17f620,2026-10-07T23:04:03.070932,NEU-DET,inclusion,inclusion_137.jpg,4x4,4,4,8,FRQI,1024,aer,5,4,1,1092,705,384,"{""h"": 132, ""x"": 64, ""cx"": 384, ""tdg"": 192, ""t"": 256, ""ry"": 64}",0.0011342500220052898,0.005216417019255459,3.970798570662737e-05,7.708300836384296e-05,0.008061666041612625,0.002126303810549488,26.723746825132956,0.5847193009992013
ffba948e,2026-10-07T23:04:03.084757,NEU-DET,inclusion,inclusion_137.jpg,4x4,4,4,8,NEQR,1024,aer,12,4,8,135,95,67,"{""h"": 4, ""x"": 64, ""mcx"": 67}",0.002135832968633622,0.0021774580236524343,2.704199869185686e-05,2.5749963242560625e-05,0.005335875030141324,0.0,100.0,1.0
2390ceb0,2026-10-07T23:04:03.095330,NEU-DET,inclusion,inclusion_138.jpg,4x4,4,4,8,FRQI,1024,aer,5,4,1,1092,705,384,"{""h"": 132, ""x"": 64, ""cx"": 384, ""tdg"": 192, ""t"": 256, ""ry"": 64}",0.0011647079954855144,0.005183542030863464,3.912497777491808e-05,7.416598964482546e-05,0.009391917032189667,0.0017195854260643496,27.64576244298607,0.6912593257422373
9225c034,2026-10-07T23:04:03.109562,NEU-DET,inclusion,inclusion_138.jpg,4x4,4,4,8,NEQR,1024,aer,12,4,8,124,84,56,"{""h"": 4, ""x"": 64, ""mcx"": 56}",0.0008742909994907677,0.001735916011966765,2.5040993932634592e-05,2.3250002413988113e-05,0.003178875020239502,0.0,100.0,1.0
7f94a6af,2026-10-07T23:04:03.117688,NEU-DET,inclusion,inclusion_139.jpg,4x4,4,4,8,FRQI,1024,aer,5,4,1,1092,705,384,"{""h"": 132, ""x"": 64, ""cx"": 384, ""tdg"": 192, ""t"": 256, ""ry"": 64}",0.0011718749883584678,0.005031124979723245,3.779196413233876e-05,7.299997378140688e-05,0.009257624973542988,0.0015758589825564115,28.024826484186228,0.5511966679962994
aa38b1f7,2026-10-07T23:04:03.132179,NEU-DET,inclusion,inclusion_139.jpg,4x4,4,4,8,NEQR,1024,aer,12,4,8,125,85,57,"{""h"": 4, ""x"": 64, ""mcx"": 57}",0.0012760829995386302,0.001949917001184076,2.8541020583361387e-05,2.562499139457941e-05,0.004190500010736287,0.0,100.0,1.0
79f38508,2026-10-07T23:04:03.145218,NEU-DET,inclusion,inclusion_14.jpg,4x4,4,4,8,FRQI,1024,aer,5,4,1,1092,705,384,"{""h"": 132, ""x"": 64, ""cx"": 384, ""tdg"": 192, ""t"": 256, ""ry"": 64}",0.0025719169643707573,0.006909000047016889,4.429201362654567e-05,8.379097562283278e-05,0.012434667034540325,0.001973708529755029,27.047169819932822,0.3471608342108837
49383b55,2026-10-07T23:04:03.165689,NEU-DET,inclusion,inclusion_14.jpg,4x4,4,4,8,NEQR,1024,aer,12,4,8,125,85,57,"{""h"": 4, ""x"": 64, ""mcx"": 57}",0.0009042909950949252,0.0018162079504691064,2.704199869185686e-05,2.4374981876462698e-05,0.0032985840225592256,0.0,100.0,1.0
acc97ade,2026-10-07T23:04:03.175900,NEU-DET,inclusion,inclusion_140.jpg,4x4,4,4,8,FRQI,1024,aer,5,4,1,1092,705,384,"{""h"": 132, ""x"": 64, ""cx"": 384, ""tdg"": 192, ""t"": 256, ""ry"": 64}",0.002535291016101837,0.005245957989245653,4.454201553016901e-05,8.554203668609262e-05,0.010144416010007262,0.0026041769125357515,25.843295156767205,0.5183785700607805
3ae73a0f,2026-10-07T23:04:03.191882,NEU-DET,inclusion,inclusion_140.jpg,4x4,4,4,8,NEQR,1024,aer,12,4,8,128,88,60,"{""h"": 4, ""x"": 64, ""mcx"": 60}",0.0020919159869663417,0.0022044579964131117,2.7999980375170708e-05,2.7667032554745674e-05,0.005265457963105291,0.0,100.0,1.0
7fb0aef0,2026-10-07T23:04:03.204830,NEU-DET,inclusion,inclusion_141.jpg,4x4,4,4,8,FRQI,1024,aer,5,4,1,1092,705,384,"{""h"": 132, ""x"": 64, ""cx"": 384, ""tdg"": 192, ""t"": 256, ""ry"": 64}",0.0029153749928809702,0.007650292012840509,3.912503598257899e-05,8.104101289063692e-05,0.013442958996165544,0.0026512486189751304,25.765495446975923,0.38216861768520816
52fe75f8,2026-10-07T23:04:03.227608,NEU-DET,inclusion,inclusion_141.jpg,4x4,4,4,8,NEQR,1024,aer,12,4,8,130,90,62,"{""h"": 4, ""x"": 64, ""mcx"": 62}",0.0019582079839892685,0.0018855830421671271,2.7291011065244675e-05,2.579198917374015e-05,0.004687124979682267,0.0,100.0,1.0
8f5fe3bd,2026-10-07T23:04:03.237388,NEU-DET,inclusion,inclusion_142.jpg,4x4,4,4,8,FRQI,1024,aer,5,4,1,1092,705,384,"{""h"": 132, ""x"": 64, ""cx"": 384, ""tdg"": 192, ""t"": 256, ""ry"": 64}",0.002368166984524578,0.007605208025779575,3.666698466986418e-05,8.558400440961123e-05,0.012755667034070939,0.002276434825194848,26.427447791196492,0.5525859437746604
fc414082,2026-10-07T23:04:03.255043,NEU-DET,inclusion,inclusion_142.jpg,4x4,4,4,8,NEQR,1024,aer,12,4,8,129,89,61,"{""h"": 4, ""x"": 64, ""mcx"": 61}",0.0009563749772496521,0.003092499973718077,6.0458958614617586e-05,4.779099253937602e-05,0.005176167003810406,0.0,100.0,1.0
6c7aec82,2026-10-07T23:04:03.266422,NEU-DET,inclusion,inclusion_143.jpg,4x4,4,4,8,FRQI,1024,aer,5,4,1,1092,705,384,"{""h"": 132, ""x"": 64, ""cx"": 384, ""tdg"": 192, ""t"": 256, ""ry"": 64}",0.0011810000287368894,0.0061130409594625235,7.583299884572625e-05,0.00014229200314730406,0.009189625037834048,0.0021098622528015086,26.757458976885612,0.7048963857610917
c885b7b9,2026-10-07T23:04:03.284090,NEU-DET,inclusion,inclusion_143.jpg,4x4,4,4,8,NEQR,1024,aer,12,4,8,121,81,53,"{""h"": 4, ""x"": 64, ""mcx"": 53}",0.0008367499685846269,0.0017469589947722852,2.704095095396042e-05,2.2792024537920952e-05,0.0031572500010952353,0.0,100.0,1.0
fb0f6476,2026-10-07T23:04:03.294767,NEU-DET,inclusion,inclusion_144.jpg,4x4,4,4,8,FRQI,1024,aer,5,4,1,1092,705,384,"{""h"": 132, ""x"": 64, ""cx"": 384, ""tdg"": 192, ""t"": 256, ""ry"": 64}",0.0024231660063378513,0.0050134999910369515,4.2625004425644875e-05,7.691700011491776e-05,0.009138958994299173,0.0020011348635928772,26.987236417283494,0.7577565955042262
2be421e8,2026-10-07T23:04:03.311231,NEU-DET,inclusion,inclusion_144.jpg,4x4,4,4,8,NEQR,1024,aer,12,4,8,128,88,60,"{""h"": 4, ""x"": 64, ""mcx"": 60}",0.0013204580172896385,0.002042874984908849,2.516701351851225e-05,2.420798409730196e-05,0.003973749990109354,0.0,100.0,1.0
c5eb1e39,2026-10-07T23:04:03.320433,NEU-DET,inclusion,inclusion_145.jpg,4x4,4,4,8,FRQI,1024,aer,5,4,1,1092,705,384,"{""h"": 132, ""x"": 64, ""cx"": 384, ""tdg"": 192, ""t"": 256, ""ry"": 64}",0.001172457996290177,0.0052194169838912785,4.5249995309859514e-05,0.00010245898738503456,0.008456167008262128,0.0027259213672268237,25.644866761139756,0.3563035901608765
58b14f8d,2026-10-07T23:04:03.334101,NEU-DET,inclusion,inclusion_145.jpg,4x4,4,4,8,NEQR,1024,aer,12,4,8,133,93,65,"{""h"": 4, ""x"": 64, ""mcx"": 65}",0.0009990829857997596,0.0019446659716777503,2.1707965061068535e-05,1.8250022549182177e-05,0.0035047910059802234,0.0,100.0,1.0
114d524d,2026-10-07T23:04:03.346205,NEU-DET,inclusion,inclusion_146.jpg,4x4,4,4,8,FRQI,1024,aer,5,4,1,1092,705,384,"{""h"": 132, ""x"": 64, ""cx"": 384, ""tdg"": 192, ""t"": 256, ""ry"": 64}",0.0011602499871514738,0.004937042016535997,3.625004319474101e-05,6.962503539398313e-05,0.007733834034297615,0.0019092790299250996,27.191305973782725,0.5265269456897964
0c1bef15,2026-10-07T23:04:03.361735,NEU-DET,inclusion,inclusion_146.jpg,4x4,4,4,8,NEQR,1024,aer,12,4,8,124,84,56,"{""h"": 4, ""x"": 64, ""mcx"": 56}",0.000859999970998615,0.0018231249996460974,2.441700780764222e-05,2.26249685510993e-05,0.003240250051021576,0.0,100.0,1.0
2969e84f,2026-10-07T23:04:03.372140,NEU-DET,inclusion,inclusion_147.jpg,4x4,4,4,8,FRQI,1024,aer,5,4,1,1092,705,384,"{""h"": 132, ""x"": 64, ""cx"": 384, ""tdg"": 192, ""t"": 256, ""ry"": 64}",0.0015663750236853957,0.006607791990973055,3.9000005926936865e-05,7.470801938325167e-05,0.01126658299472183,0.002598835824546135,25.85221155183771,0.6608645757170325
ed399e9f,2026-10-07T23:04:03.388225,NEU-DET,inclusion,inclusion_147.jpg,4x4,4,4,8,NEQR,1024,aer,12,4,8,133,93,65,"{""h"": 4, ""x"": 64, ""mcx"": 65}",0.0010419160244055092,0.002303791989106685,5.7582976296544075e-05,4.533299943432212e-05,0.004540916997939348,0.0,100.0,1.0
05086b14,2026-10-07T23:04:03.403124,NEU-DET,inclusion,inclusion_148.jpg,4x4,4,4,8,FRQI,1024,aer,5,4,1,1092,705,384,"{""h"": 132, ""x"": 64, ""cx"": 384, ""tdg"": 192, ""t"": 256, ""ry"": 64}",0.0011437920038588345,0.005852375004906207,4.099996294826269e-05,7.820798782631755e-05,0.008804249984677881,0.002266107479366947,26.44719495801383,0.3526044517900706
219c7850,2026-10-07T23:04:03.418279,NEU-DET,inclusion,inclusion_148.jpg,4x4,4,4,8,NEQR,1024,aer,12,4,8,132,92,64,"{""h"": 4, ""x"": 64, ""mcx"": 64}",0.0009925419581122696,0.0025101249921135604,2.141698496416211e-05,2.0749983377754688e-05,0.004085000022314489,0.0,100.0,1.0
3edf2ebf,2026-10-07T23:04:03.427695,NEU-DET,inclusion,inclusion_149.jpg,4x4,4,4,8,FRQI,1024,aer,5,4,1,1092,705,384,"{""h"": 132, ""x"": 64, ""cx"": 384, ""tdg"": 192, ""t"": 256, ""ry"": 64}",0.0025107080000452697,0.004968500055838376,3.6624958738684654e-05,7.449998520314693e-05,0.009235957986675203,0.0031282574370747884,25.0469751427571,0.3906632952375828
24982988,2026-10-07T23:04:03.442105,NEU-DET,inclusion,inclusion_149.jpg,4x4,4,4,8,NEQR,1024,aer,12,4,8,135,95,67,"{""h"": 4, ""x"": 64, ""mcx"": 67}",0.0010088339913636446,0.0021762920077890158,2.824998227879405e-05,2.441700780764222e-05,0.003780667029786855,0.0,100.0,1.0
a3baa1e5,2026-10-07T23:04:03.450919,NEU-DET,inclusion,inclusion_15.jpg,4x4,4,4,8,FRQI,1024,aer,5,4,1,1092,705,384,"{""h"": 132, ""x"": 64, ""cx"": 384, ""tdg"": 192, ""t"": 256, ""ry"": 64}",0.0011524580186232924,0.005081000039353967,3.895797999575734e-05,7.162499241530895e-05,0.007884167018346488,0.0033197165153811647,24.78899000953254,0.3018345906217953
d8f3935e,2026-10-07T23:04:03.464278,NEU-DET,inclusion,inclusion_15.jpg,4x4,4,4,8,NEQR,1024,aer,12,4,8,136,96,68,"{""h"": 4, ""x"": 64, ""mcx"": 68}",0.00102395802969113,0.0019995420007035136,2.9375019948929548e-05,2.3833010345697403e-05,0.003620165982283652,0.0,100.0,1.0
023996dd,2026-10-07T23:04:03.472864,NEU-DET,inclusion,inclusion_150.jpg,4x4,4,4,8,FRQI,1024,aer,5,4,1,1092,705,384,"{""h"": 132, ""x"": 64, ""cx"": 384, ""tdg"": 192, ""t"": 256, ""ry"": 64}",0.0011838329955935478,0.0051778750494122505,3.749999450519681e-05,7.516698678955436e-05,0.008068541996181011,0.003203014197007555,24.94441136369467,0.3244963934876776
bf1d3241,2026-10-07T23:04:03.486043,NEU-DET,inclusion,inclusion_150.jpg,4x4,4,4,8,NEQR,1024,aer,12,4,8,134,94,66,"{""h"": 4, ""x"": 64, ""mcx"": 66}",0.0010074159945361316,0.0022007919615134597,2.4500011932104826e-05,2.0875013433396816e-05,0.003770833951421082,0.0,100.0,1.0
3dece7d3,2026-10-07T23:04:03.495531,NEU-DET,inclusion,inclusion_151.jpg,4x4,4,4,8,FRQI,1024,aer,5,4,1,1092,705,384,"{""h"": 132, ""x"": 64, ""cx"": 384, ""tdg"": 192, ""t"": 256, ""ry"": 64}",0.002711915993131697,0.005139374989084899,3.6874960642308e-05,7.37080117687583e-05,0.011159790970850736,0.002754944403524459,25.59887161054001,0.689518451422849
efb78172,2026-10-07T23:04:03.512031,NEU-DET,inclusion,inclusion_151.jpg,4x4,4,4,8,NEQR,1024,aer,12,4,8,129,89,61,"{""h"": 4, ""x"": 64, ""mcx"": 61}",0.0009677080088295043,0.001996207982301712,2.37500062212348e-05,1.9834027625620365e-05,0.0035864999517798424,0.0,100.0,1.0
503762ae,2026-10-07T23:04:03.521359,NEU-DET,inclusion,inclusion_152.jpg,4x4,4,4,8,FRQI,1024,aer,5,4,1,1092,705,384,"{""h"": 132, ""x"": 64, ""cx"": 384, ""tdg"": 192, ""t"": 256, ""ry"": 64}",0.0011954169603995979,0.006451082997955382,3.891694359481335e-05,8.233299013227224e-05,0.010719040990807116,0.0030065014919018794,25.219385763105517,0.5878959261605753
dd53fe8e,2026-10-07T23:04:03.538832,NEU-DET,inclusion,inclusion_152.jpg,4x4,4,4,8,NEQR,1024,aer,12,4,8,131,91,63,"{""h"": 4, ""x"": 64, ""mcx"": 63}",0.002021165972109884,0.0020322910277172923,2.4833017960190773e-05,2.4083012249320745e-05,0.005054624984040856,0.0,100.0,1.0
c27bd2e3,2026-10-07T23:04:03.549541,NEU-DET,inclusion,inclusion_153.jpg,4x4,4,4,8,FRQI,1024,aer,5,4,1,1092,705,384,"{""h"": 132, ""x"": 64, ""cx"": 384, ""tdg"": 192, ""t"": 256, ""ry"": 64}",0.0012102909968234599,0.007052540953736752,4.0792045183479786e-05,0.00011674995766952634,0.010526291036512703,0.002376234659599655,26.241106738183362,0.6410746779830064
997edee9,2026-10-07T23:04:03.566397,NEU-DET,inclusion,inclusion_153.jpg,4x4,4,4,8,NEQR,1024,aer,12,4,8,136,96,68,"{""h"": 4, ""x"": 64, ""mcx"": 68}",0.001014583045616746,0.0029412919539026916,2.662499900907278e-05,2.475001383572817e-05,0.0046030000085011125,0.0,100.0,1.0
379007e7,2026-10-07T23:04:03.579120,NEU-DET,inclusion,inclusion_154.jpg,4x4,4,4,8,FRQI,1024,aer,5,4,1,1092,705,384,"{""h"": 132, ""x"": 64, ""cx"": 384, ""tdg"": 192, ""t"": 256, ""ry"": 64}",0.0016985830152407289,0.008768833999056369,3.5959004890173674e-05,7.449998520314693e-05,0.012515083013568074,0.002582200337819201,25.880100663940834,0.5760623477112511
310b0283,2026-10-07T23:04:03.597803,NEU-DET,inclusion,inclusion_154.jpg,4x4,4,4,8,NEQR,1024,aer,12,4,8,134,94,66,"{""h"": 4, ""x"": 64, ""mcx"": 66}",0.0022761249565519392,0.0029081670218147337,2.3833010345697403e-05,2.2667052689939737e-05,0.0062542500090785325,0.0,100.0,1.0
1e2b8b67,2026-10-07T23:04:03.612455,NEU-DET,inclusion,inclusion_155.jpg,4x4,4,4,8,FRQI,1024,aer,5,4,1,1092,705,384,"{""h"": 132, ""x"": 64, ""cx"": 384, ""tdg"": 192, ""t"": 256, ""ry"": 64}",0.0022981250076554716,0.010616499988827854,3.783300053328276e-05,7.754197577014565e-05,0.014661708031781018,0.0016586429184959374,27.802471011478353,0.7542441564309234
d2ac8aef,2026-10-07T23:04:03.632695,NEU-DET,inclusion,inclusion_155.jpg,4x4,4,4,8,NEQR,1024,aer,12,4,8,131,91,63,"{""h"": 4, ""x"": 64, ""mcx"": 63}",0.001757041027303785,0.0020977079984731972,2.5874993298202753e-05,2.4834007490426302e-05,0.0048187089851126075,0.0,100.0,1.0
c8949eac,2026-10-07T23:04:03.645823,NEU-DET,inclusion,inclusion_156.jpg,4x4,4,4,8,FRQI,1024,aer,5,4,1,1092,705,384,"{""h"": 132, ""x"": 64, ""cx"": 384, ""tdg"": 192, ""t"": 256, ""ry"": 64}",0.001179582963231951,0.00574554200284183,3.912497777491808e-05,7.770798401907086e-05,0.008670041977893561,0.002265231857647492,26.448873391948897,0.6751602775539638
7b21a962,2026-10-07T23:04:03.661407,NEU-DET,inclusion,inclusion_156.jpg,4x4,4,4,8,NEQR,1024,aer,12,4,8,124,84,56,"{""h"": 4, ""x"": 64, ""mcx"": 56}",0.0009252500021830201,0.0028555839671753347,5.787500413134694e-05,4.5459019020199776e-05,0.0045218749437481165,0.0,100.0,1.0
a2e7650b,2026-10-07T23:04:03.673785,NEU-DET,inclusion,inclusion_157.jpg,4x4,4,4,8,FRQI,1024,aer,5,4,1,1092,705,384,"{""h"": 132, ""x"": 64, ""cx"": 384, ""tdg"": 192, ""t"": 256, ""ry"": 64}",0.0024726249976083636,0.005944666976574808,4.133302718400955e-05,7.904198719188571e-05,0.01165462500648573,0.002211602288049715,26.552929694265316,0.4666042007374813
69757234,2026-10-07T23:04:03.691128,NEU-DET,inclusion,inclusion_157.jpg,4x4,4,4,8,NEQR,1024,aer,12,4,8,135,95,67,"{""h"": 4, ""x"": 64, ""mcx"": 67}",0.002220583031885326,0.002353625022806227,2.9416987672448158e-05,2.6458001229912043e-05,0.005682457995135337,0.0,100.0,1.0
e26b1b27,2026-10-07T23:04:03.705407,NEU-DET,inclusion,inclusion_158.jpg,4x4,4,4,8,FRQI,1024,aer,5,4,1,1092,705,384,"{""h"": 132, ""x"": 64, ""cx"": 384, ""tdg"": 192, ""t"": 256, ""ry"": 64}",0.001647958008106798,0.005630208004731685,3.866699989885092e-05,7.54580250941217e-05,0.010385125002358109,0.0024878188085161548,26.041812531319838,0.5612533746170114
0d67f209,2026-10-07T23:04:03.720879,NEU-DET,inclusion,inclusion_158.jpg,4x4,4,4,8,NEQR,1024,aer,12,4,8,145,105,77,"{""h"": 4, ""x"": 64, ""mcx"": 77}",0.00114958401536569,0.0034409999498166144,2.924998989328742e-05,2.4917011614888906e-05,0.005565500003285706,0.0,100.0,1.0
d5d3b19d,2026-10-07T23:04:03.734503,NEU-DET,inclusion,inclusion_159.jpg,4x4,4,4,8,FRQI,1024,aer,5,4,1,1092,705,384,"{""h"": 132, ""x"": 64, ""cx"": 384, ""tdg"": 192, ""t"": 256, ""ry"": 64}",0.0011462079710327089,0.008426500018686056,3.950000973418355e-05,7.19169620424509e-05,0.011191542027518153,0.001950831249236693,27.097802963128053,0.5333443294640634
18ee49cf,2026-10-07T23:04:03.750645,NEU-DET,inclusion,inclusion_159.jpg,4x4,4,4,8,NEQR,1024,aer,12,4,8,125,85,57,"{""h"": 4, ""x"": 64, ""mcx"": 57}",0.0008888340089470148,0.0017815830069594085,2.366595435887575e-05,2.0625011529773474e-05,0.0032005830435082316,0.0,100.0,1.0
78d44e57,2026-10-07T23:04:03.758943,NEU-DET,inclusion,inclusion_16.jpg,4x4,4,4,8,FRQI,1024,aer,5,4,1,1092,705,384,"{""h"": 132, ""x"": 64, ""cx"": 384, ""tdg"": 192, ""t"": 256, ""ry"": 64}",0.001402583031449467,0.0051452090265229344,3.454199759289622e-05,7.12089822627604e-05,0.008760709024500102,0.001901792435061565,27.208368844682546,0.4578898238773471
0f69c2e4,2026-10-07T23:04:03.772736,NEU-DET,inclusion,inclusion_16.jpg,4x4,4,4,8,NEQR,1024,aer,12,4,8,140,100,72,"{""h"": 4, ""x"": 64, ""mcx"": 72}",0.0011555840028449893,0.0031115830061025918,2.9207963962107897e-05,2.7708010748028755e-05,0.005053624976426363,0.0,100.0,1.0
15015131,2026-10-07T23:04:03.783270,NEU-DET,inclusion,inclusion_160.jpg,4x4,4,4,8,FRQI,1024,aer,5,4,1,1092,705,384,"{""h"": 132, ""x"": 64, ""cx"": 384, ""tdg"": 192, ""t"": 256, ""ry"": 64}",0.0012799999676644802,0.005136207968462259,3.587495302781463e-05,7.225002627819777e-05,0.008210166997741908,0.0017809802536225706,27.493408956913306,0.5318412633323961
376df745,2026-10-07T23:04:03.797075,NEU-DET,inclusion,inclusion_160.jpg,4x4,4,4,8,NEQR,1024,aer,12,4,8,129,89,61,"{""h"": 4, ""x"": 64, ""mcx"": 61}",0.000960333039984107,0.0018096660496667027,2.675002906471491e-05,2.216699067503214e-05,0.0033604579512029886,0.0,100.0,1.0
520d9242,2026-10-07T23:04:03.805500,NEU-DET,inclusion,inclusion_161.jpg,4x4,4,4,8,FRQI,1024,aer,5,4,1,1092,705,384,"{""h"": 132, ""x"": 64, ""cx"": 384, ""tdg"": 192, ""t"": 256, ""ry"": 64}",0.0012319589732214808,0.005406958982348442,3.6416982766240835e-05,7.583398837596178e-05,0.008613125013653189,0.00283511656283507,25.474290808432425,0.40270130839976387
9f5056d3,2026-10-07T23:04:03.819234,NEU-DET,inclusion,inclusion_161.jpg,4x4,4,4,8,NEQR,1024,aer,12,4,8,134,94,66,"{""h"": 4, ""x"": 64, ""mcx"": 66}",0.0010016659507527947,0.0019386669737286866,2.2625026758760214e-05,1.979200169444084e-05,0.0035048749996349216,0.0,100.0,1.0
b390879a,2026-10-07T23:04:03.828135,NEU-DET,inclusion,inclusion_162.jpg,4x4,4,4,8,FRQI,1024,aer,5,4,1,1092,705,384,"{""h"": 132, ""x"": 64, ""cx"": 384, ""tdg"": 192, ""t"": 256, ""ry"": 64}",0.0011791670112870634,0.005222708045039326,3.883300814777613e-05,6.879097782075405e-05,0.00808274996234104,0.0026236496449696814,25.810941599271906,0.6358392648607212
e255b36d,2026-10-07T23:04:03.841276,NEU-DET,inclusion,inclusion_162.jpg,4x4,4,4,8,NEQR,1024,aer,12,4,8,135,95,67,"{""h"": 4, ""x"": 64, ""mcx"": 67}",0.0010767500498332083,0.0020691250101663172,2.354104071855545e-05,2.1000043489038944e-05,0.004086915985681117,0.0,100.0,1.0
3058c0d1,2026-10-07T23:04:03.850564,NEU-DET,inclusion,inclusion_163.jpg,4x4,4,4,8,FRQI,1024,aer,5,4,1,1092,705,384,"{""h"": 132, ""x"": 64, ""cx"": 384, ""tdg"": 192, ""t"": 256, ""ry"": 64}",0.0011547089670784771,0.010675834026187658,3.304198617115617e-05,6.516597932204604e-05,0.01348233298631385,0.0025722802249067605,25.896817210116435,0.6834503666503976
eb733cd7,2026-10-07T23:04:03.869084,NEU-DET,inclusion,inclusion_163.jpg,4x4,4,4,8,NEQR,1024,aer,12,4,8,131,91,63,"{""h"": 4, ""x"": 64, ""mcx"": 63}",0.0010133330360986292,0.002095790987368673,2.6540947146713734e-05,2.1915999241173267e-05,0.003686874988488853,0.0,100.0,1.0
8370ad2e,2026-10-07T23:04:03.877884,NEU-DET,inclusion,inclusion_164.jpg,4x4,4,4,8,FRQI,1024,aer,5,4,1,1092,705,384,"{""h"": 132, ""x"": 64, ""cx"": 384, ""tdg"": 192, ""t"": 256, ""ry"": 64}",0.0011555840028449893,0.005038333998527378,3.441702574491501e-05,6.270897574722767e-05,0.00781787495361641,0.002655003320739444,25.75934931389324,0.6018946276907421
1320613f,2026-10-07T23:04:03.891469,NEU-DET,inclusion,inclusion_164.jpg,4x4,4,4,8,NEQR,1024,aer,12,4,8,143,103,75,"{""h"": 4, ""x"": 64, ""mcx"": 75}",0.0010996669880114496,0.00206191698089242,2.3541972041130066e-05,1.8667022231966257e-05,0.003726416965946555,0.0,100.0,1.0
88df5929,2026-10-07T23:04:03.901973,NEU-DET,inclusion,inclusion_165.jpg,4x4,4,4,8,FRQI,1024,aer,5,4,1,1092,705,384,"{""h"": 132, ""x"": 64, ""cx"": 384, ""tdg"": 192, ""t"": 256, ""ry"": 64}",0.0011153750238008797,0.005270958004985005,0.00010220904368907213,0.0001206250162795186,0.008136624994222075,0.0013589340808411318,28.66801609508336,0.8250952354657572
3ab210b7,2026-10-07T23:04:03.916994,NEU-DET,inclusion,inclusion_165.jpg,4x4,4,4,8,NEQR,1024,aer,12,4,8,134,94,66,"{""h"": 4, ""x"": 64, ""mcx"": 66}",0.0009665829711593688,0.001902707968838513,2.1041021682322025e-05,1.8457998521625996e-05,0.003404292045161128,0.0,100.0,1.0
77e3f08e,2026-10-07T23:04:03.925552,NEU-DET,inclusion,inclusion_166.jpg,4x4,4,4,8,FRQI,1024,aer,5,4,1,1092,705,384,"{""h"": 132, ""x"": 64, ""cx"": 384, ""tdg"": 192, ""t"": 256, ""ry"": 64}",0.0011252500116825104,0.005037874972913414,3.783300053328276e-05,7.100001676008105e-05,0.007805125031154603,0.0014021827066459263,28.53195393417655,0.757850239543669
7a535743,2026-10-07T23:04:03.938677,NEU-DET,inclusion,inclusion_166.jpg,4x4,4,4,8,NEQR,1024,aer,12,4,8,130,90,62,"{""h"": 4, ""x"": 64, ""mcx"": 62}",0.0009474160033278167,0.001927000004798174,2.4917011614888906e-05,2.095900708809495e-05,0.0034514169674366713,0.0,100.0,1.0
0e6fe3a3,2026-10-07T23:04:03.948534,NEU-DET,inclusion,inclusion_167.jpg,4x4,4,4,8,FRQI,1024,aer,5,4,1,1092,705,384,"{""h"": 132, ""x"": 64, ""cx"": 384, ""tdg"": 192, ""t"": 256, ""ry"": 64}",0.002207457961048931,0.005055749963503331,3.412499791011214e-05,7.112498860806227e-05,0.008943708031438291,0.0020859474796451716,26.806966305151615,0.7685442196399186
ef155c75,2026-10-07T23:04:03.962840,NEU-DET,inclusion,inclusion_167.jpg,4x4,4,4,8,NEQR,1024,aer,12,4,8,124,84,56,"{""h"": 4, ""x"": 64, ""mcx"": 56}",0.0008753339643590152,0.0017191249644383788,2.2249994799494743e-05,1.875002635642886e-05,0.003102125017903745,0.0,100.0,1.0
094d4c29,2026-10-07T23:04:03.971190,NEU-DET,inclusion,inclusion_168.jpg,4x4,4,4,8,FRQI,1024,aer,5,4,1,1092,705,384,"{""h"": 132, ""x"": 64, ""cx"": 384, ""tdg"": 192, ""t"": 256, ""ry"": 64}",0.0011477909865789115,0.005253583018202335,3.654195461422205e-05,7.066695252433419e-05,0.00837399996817112,0.00182974213353635,27.376101112932112,0.7260455398836322
45948a65,2026-10-07T23:04:03.985496,NEU-DET,inclusion,inclusion_168.jpg,4x4,4,4,8,NEQR,1024,aer,12,4,8,131,91,63,"{""h"": 4, ""x"": 64, ""mcx"": 63}",0.0009261250379495323,0.0018058749847114086,2.5250017642974854e-05,2.150004729628563e-05,0.00327316700713709,0.0,100.0,1.0
4d4d89bf,2026-10-07T23:04:03.994210,NEU-DET,inclusion,inclusion_169.jpg,4x4,4,4,8,FRQI,1024,aer,5,4,1,1092,705,384,"{""h"": 132, ""x"": 64, ""cx"": 384, ""tdg"": 192, ""t"": 256, ""ry"": 64}",0.0012960419990122318,0.005301082972437143,3.662501694634557e-05,7.516599725931883e-05,0.008322333975229412,0.001537920348768379,28.130661567232373,0.7108817269403747
26f54a78,2026-10-07T23:04:04.007753,NEU-DET,inclusion,inclusion_169.jpg,4x4,4,4,8,NEQR,1024,aer,12,4,8,120,80,52,"{""h"": 4, ""x"": 64, ""mcx"": 52}",0.0008314999868161976,0.0023851250298321247,2.3042026441544294e-05,2.0832987502217293e-05,0.003741874999832362,0.0,100.0,1.0
9263a4f4,2026-10-07T23:04:04.016686,NEU-DET,inclusion,inclusion_17.jpg,4x4,4,4,8,FRQI,1024,aer,5,4,1,1092,705,384,"{""h"": 132, ""x"": 64, ""cx"": 384, ""tdg"": 192, ""t"": 256, ""ry"": 64}",0.0011381250224076211,0.005109584017191082,3.733299672603607e-05,6.954203126952052e-05,0.007900249969679862,0.002737426127337215,25.62657591940939,0.29647177638376065
158e8ad0,2026-10-07T23:04:04.029908,NEU-DET,inclusion,inclusion_17.jpg,4x4,4,4,8,NEQR,1024,aer,12,4,8,137,97,69,"{""h"": 4, ""x"": 64, ""mcx"": 69}",0.0010933750309050083,0.0021011659991927445,2.279097680002451e-05,2.058298559859395e-05,0.0038206659955903888,0.0,100.0,1.0
a37fb9b3,2026-10-07T23:04:04.039005,NEU-DET,inclusion,inclusion_170.jpg,4x4,4,4,8,FRQI,1024,aer,5,4,1,1092,705,384,"{""h"": 132, ""x"": 64, ""cx"": 384, ""tdg"": 192, ""t"": 256, ""ry"": 64}",0.001274833979550749,0.004848166019655764,3.4334021620452404e-05,6.554200081154704e-05,0.009180541965179145,0.0029384028920690607,25.318886572161876,0.3511936478608559
72939bc4,2026-10-07T23:04:04.053602,NEU-DET,inclusion,inclusion_170.jpg,4x4,4,4,8,NEQR,1024,aer,12,4,8,126,86,58,"{""h"": 4, ""x"": 64, ""mcx"": 58}",0.0008921249536797404,0.0017701670294627547,2.3541972041130066e-05,2.0916981156915426e-05,0.0031721669947728515,0.0,100.0,1.0
0c20e2b7,2026-10-07T23:04:04.062184,NEU-DET,inclusion,inclusion_171.jpg,4x4,4,4,8,FRQI,1024,aer,5,4,1,1092,705,384,"{""h"": 132, ""x"": 64, ""cx"": 384, ""tdg"": 192, ""t"": 256, ""ry"": 64}",0.0011764590162783861,0.005293500027619302,3.816699609160423e-05,6.99590309523046e-05,0.0081128750462085,0.002208626663825519,26.558776890824902,0.40231256410403926
669148aa,2026-10-07T23:04:04.075674,NEU-DET,inclusion,inclusion_171.jpg,4x4,4,4,8,NEQR,1024,aer,12,4,8,139,99,71,"{""h"": 4, ""x"": 64, ""mcx"": 71}",0.0010487089748494327,0.0019846660434268415,2.1709012798964977e-05,2.054101787507534e-05,0.003838290984276682,0.0,100.0,1.0
5e9209d5,2026-10-07T23:04:04.084848,NEU-DET,inclusion,inclusion_172.jpg,4x4,4,4,8,FRQI,1024,aer,5,4,1,1092,705,384,"{""h"": 132, ""x"": 64, ""cx"": 384, ""tdg"": 192, ""t"": 256, ""ry"": 64}",0.0011952499626204371,0.005185334011912346,3.674998879432678e-05,6.520800525322556e-05,0.008091875002719462,0.003407765827831828,24.675302563861568,0.3180274622580778
821a9a96,2026-10-07T23:04:04.098132,NEU-DET,inclusion,inclusion_172.jpg,4x4,4,4,8,NEQR,1024,aer,12,4,8,131,91,63,"{""h"": 4, ""x"": 64, ""mcx"": 63}",0.0009437089902348816,0.003308959014248103,5.362502997741103e-05,3.987498348578811e-05,0.004948000016156584,0.0,100.0,1.0
e6f18c7f,2026-10-07T23:04:04.108770,NEU-DET,inclusion,inclusion_173.jpg,4x4,4,4,8,FRQI,1024,aer,5,4,1,1092,705,384,"{""h"": 132, ""x"": 64, ""cx"": 384, ""tdg"": 192, ""t"": 256, ""ry"": 64}",0.0011828330461867154,0.005190833006054163,3.400002606213093e-05,6.504199700430036e-05,0.008084666973445565,0.002633548812123373,25.794586276997514,0.40854728544827545
0c07c04a,2026-10-07T23:04:04.121878,NEU-DET,inclusion,inclusion_173.jpg,4x4,4,4,8,NEQR,1024,aer,12,4,8,142,102,74,"{""h"": 4, ""x"": 64, ""mcx"": 74}",0.0010633330093696713,0.0020771250128746033,2.2374966647475958e-05,1.9916973542422056e-05,0.0036866249865852296,0.0,100.0,1.0
9c2f147f,2026-10-07T23:04:04.130736,NEU-DET,inclusion,inclusion_174.jpg,4x4,4,4,8,FRQI,1024,aer,5,4,1,1092,705,384,"{""h"": 132, ""x"": 64, ""cx"": 384, ""tdg"": 192, ""t"": 256, ""ry"": 64}",0.001084333984181285,0.005243499996140599,3.470800584182143e-05,6.11250288784504e-05,0.007914250018075109,0.0026039636510647324,25.84365082412674,0.4567154455224578
1b747d3a,2026-10-07T23:04:04.143752,NEU-DET,inclusion,inclusion_174.jpg,4x4,4,4,8,NEQR,1024,aer,12,4,8,134,94,66,"{""h"": 4, ""x"": 64, ""mcx"": 66}",0.0009941249736584723,0.0021660839556716383,2.6833033189177513e-05,2.4290988221764565e-05,0.0037307500024326146,0.0,100.0,1.0
b5dbb1dc,2026-10-07T23:04:04.152888,NEU-DET,inclusion,inclusion_175.jpg,4x4,4,4,8,FRQI,1024,aer,5,4,1,1092,705,384,"{""h"": 132, ""x"": 64, ""cx"": 384, ""tdg"": 192, ""t"": 256, ""ry"": 64}",0.001139833009801805,0.005161790992133319,3.529101377353072e-05,6.59999786876142e-05,0.007959750015288591,0.002481639738684877,26.052612650843948,0.5542470093091502
1d09335a,2026-10-07T23:04:04.165933,NEU-DET,inclusion,inclusion_175.jpg,4x4,4,4,8,NEQR,1024,aer,12,4,8,136,96,68,"{""h"": 4, ""x"": 64, ""mcx"": 68}",0.0010017080348916352,0.001934290979988873,2.050003968179226e-05,1.7874990589916706e-05,0.0034747919999063015,0.0,100.0,1.0
5c61d430,2026-10-07T23:04:04.174464,NEU-DET,inclusion,inclusion_176.jpg,4x4,4,4,8,FRQI,1024,aer,5,4,1,1092,705,384,"{""h"": 132, ""x"": 64, ""cx"": 384, ""tdg"": 192, ""t"": 256, ""ry"": 64}",0.001145958958659321,0.005073833977803588,3.454199759289622e-05,6.416701944544911e-05,0.007859000004827976,0.0037983102879483098,24.204095601784093,0.27136853550678275
5a894966,2026-10-07T23:04:04.187427,NEU-DET,inclusion,inclusion_176.jpg,4x4,4,4,8,NEQR,1024,aer,12,4,8,130,90,62,"{""h"": 4, ""x"": 64, ""mcx"": 62}",0.0009252500021830201,0.0018523340113461018,2.0625011529773474e-05,1.716596307232976e-05,0.0032711250241845846,0.0,100.0,1.0
d6a1eb91,2026-10-07T23:04:04.195812,NEU-DET,inclusion,inclusion_177.jpg,4x4,4,4,8,FRQI,1024,aer,5,4,1,1092,705,384,"{""h"": 132, ""x"": 64, ""cx"": 384, ""tdg"": 192, ""t"": 256, ""ry"": 64}",0.0011023340048268437,0.004940750019159168,3.2374984584748745e-05,6.045796908438206e-05,0.007635999994818121,0.0023524121689040244,26.2848658268175,0.3895386870077788
f528b312,2026-10-07T23:04:04.208511,NEU-DET,inclusion,inclusion_177.jpg,4x4,4,4,8,NEQR,1024,aer,12,4,8,130,90,62,"{""h"": 4, ""x"": 64, ""mcx"": 62}",0.0009696659981273115,0.0021780829993076622,2.3416010662913322e-05,2.0499981474131346e-05,0.0036788330180570483,0.0,100.0,1.0
5d5bc99c,2026-10-07T23:04:04.217274,NEU-DET,inclusion,inclusion_178.jpg,4x4,4,4,8,FRQI,1024,aer,5,4,1,1092,705,384,"{""h"": 132, ""x"": 64, ""cx"": 384, ""tdg"": 192, ""t"": 256, ""ry"": 64}",0.0010626669973134995,0.005033124994952232,3.600004129111767e-05,6.704102270305157e-05,0.007742332993075252,0.0020299018985215,26.925249502445567,0.6163107742770331
305102a9,2026-10-07T23:04:04.230429,NEU-DET,inclusion,inclusion_178.jpg,4x4,4,4,8,NEQR,1024,aer,12,4,8,145,105,77,"{""h"": 4, ""x"": 64, ""mcx"": 77}",0.001119874999858439,0.00216358300531283,2.19999928958714e-05,1.699995482340455e-05,0.0038578330422751606,0.0,100.0,1.0
8f1aec11,2026-10-07T23:04:04.239385,NEU-DET,inclusion,inclusion_179.jpg,4x4,4,4,8,FRQI,1024,aer,5,4,1,1092,705,384,"{""h"": 132, ""x"": 64, ""cx"": 384, ""tdg"": 192, ""t"": 256, ""ry"": 64}",0.0010907080140896142,0.008068541006650776,3.8541038520634174e-05,7.120799273252487e-05,0.010802333010360599,0.0014667260331868138,28.336509995764377,0.7614550466882859
c4b25777,2026-10-07T23:04:04.255492,NEU-DET,inclusion,inclusion_179.jpg,4x4,4,4,8,NEQR,1024,aer,12,4,8,126,86,58,"{""h"": 4, ""x"": 64, ""mcx"": 58}",0.0009591249981895089,0.001779042009729892,2.2042018827050924e-05,1.9458006136119366e-05,0.003279375028796494,0.0,100.0,1.0
942a113c,2026-10-07T23:04:04.265295,NEU-DET,inclusion,inclusion_18.jpg,4x4,4,4,8,FRQI,1024,aer,5,4,1,1092,705,384,"{""h"": 132, ""x"": 64, ""cx"": 384, ""tdg"": 192, ""t"": 256, ""ry"": 64}",0.0011638749856501818,0.005065707955509424,3.56250093318522e-05,6.512500112876296e-05,0.007879125012550503,0.0019982140395956864,26.993579939695888,0.4085661112945145
5277a7a7,2026-10-07T23:04:04.280524,NEU-DET,inclusion,inclusion_18.jpg,4x4,4,4,8,NEQR,1024,aer,12,4,8,146,106,78,"{""h"": 4, ""x"": 64, ""mcx"": 78}",0.002464874996803701,0.0021237919572740793,2.5416957214474678e-05,2.216699067503214e-05,0.005280917044728994,0.0,100.0,1.0
585559e1,2026-10-07T23:04:04.291424,NEU-DET,inclusion,inclusion_180.jpg,4x4,4,4,8,FRQI,1024,aer,5,4,1,1092,705,384,"{""h"": 132, ""x"": 64, ""cx"": 384, ""tdg"": 192, ""t"": 256, ""ry"": 64}",0.0016872499836608768,0.005170040996745229,4.329101648181677e-05,7.97079992480576e-05,0.009342125034891069,0.002332312868732962,26.322131914558028,0.4148611047073583
1ff91472,2026-10-07T23:04:04.306400,NEU-DET,inclusion,inclusion_180.jpg,4x4,4,4,8,NEQR,1024,aer,12,4,8,134,94,66,"{""h"": 4, ""x"": 64, ""mcx"": 66}",0.0009672500309534371,0.0020709579694084823,2.524995943531394e-05,2.237502485513687e-05,0.00358625000808388,0.0,100.0,1.0
0afb6c7e,2026-10-07T23:04:04.316851,NEU-DET,inclusion,inclusion_181.jpg,4x4,4,4,8,FRQI,1024,aer,5,4,1,1092,705,384,"{""h"": 132, ""x"": 64, ""cx"": 384, ""tdg"": 192, ""t"": 256, ""ry"": 64}",0.001127416966482997,0.005074125016108155,3.724999260157347e-05,6.962497718632221e-05,0.007830040995031595,0.0016776481201462353,27.752991254526663,0.546270521757477
1fc99526,2026-10-07T23:04:04.330796,NEU-DET,inclusion,inclusion_181.jpg,4x4,4,4,8,NEQR,1024,aer,12,4,8,132,92,64,"{""h"": 4, ""x"": 64, ""mcx"": 64}",0.0009507919894531369,0.0016955409664660692,2.37500062212348e-05,2.0042003598064184e-05,0.0032019580248743296,0.0,100.0,1.0
13a3c073,2026-10-07T23:04:04.339403,NEU-DET,inclusion,inclusion_182.jpg,4x4,4,4,8,FRQI,1024,aer,5,4,1,1092,705,384,"{""h"": 132, ""x"": 64, ""cx"": 384, ""tdg"": 192, ""t"": 256, ""ry"": 64}",0.00119329197332263,0.00584816699847579,3.687501884996891e-05,6.679201032966375e-05,0.00876337505178526,0.0013653292456876523,28.647626069798818,0.6974362786152515
61d2d2a4,2026-10-07T23:04:04.353185,NEU-DET,inclusion,inclusion_182.jpg,4x4,4,4,8,NEQR,1024,aer,12,4,8,124,84,56,"{""h"": 4, ""x"": 64, ""mcx"": 56}",0.0008478750241920352,0.001787415996659547,2.1665997337549925e-05,1.9042054191231728e-05,0.003139208012726158,0.0,100.0,1.0
60788e0c,2026-10-07T23:04:04.361545,NEU-DET,inclusion,inclusion_183.jpg,4x4,4,4,8,FRQI,1024,aer,5,4,1,1092,705,384,"{""h"": 132, ""x"": 64, ""cx"": 384, ""tdg"": 192, ""t"": 256, ""ry"": 64}",0.0011938330135308206,0.005011082976125181,3.708299482241273e-05,6.729201413691044e-05,0.008557541004847735,0.0019252867402031648,27.155045802260386,0.6702922148059868
2c26ff3c,2026-10-07T23:04:04.375449,NEU-DET,inclusion,inclusion_183.jpg,4x4,4,4,8,NEQR,1024,aer,12,4,8,121,81,53,"{""h"": 4, ""x"": 64, ""mcx"": 53}",0.000822375004645437,0.0018819579854607582,2.13750172406435e-05,2.7959002181887627e-05,0.003201458021067083,0.0,100.0,1.0
6f2b278a,2026-10-07T23:04:04.384005,NEU-DET,inclusion,inclusion_184.jpg,4x4,4,4,8,FRQI,1024,aer,5,4,1,1092,705,384,"{""h"": 132, ""x"": 64, ""cx"": 384, ""tdg"": 192, ""t"": 256, ""ry"": 64}",0.0011723749921657145,0.005193290999159217,3.5375007428228855e-05,6.791698979213834e-05,0.008088083006441593,0.002136149733513689,26.70368308684861,0.564564938382936
2c4b2db9,2026-10-07T23:04:04.397416,NEU-DET,inclusion,inclusion_184.jpg,4x4,4,4,8,NEQR,1024,aer,12,4,8,124,84,56,"{""h"": 4, ""x"": 64, ""mcx"": 56}",0.0008735840092413127,0.001714958983939141,2.116698306053877e-05,1.8167018424719572e-05,0.0030910830246284604,0.0,100.0,1.0
816905e7,2026-10-07T23:04:04.405799,NEU-DET,inclusion,inclusion_185.jpg,4x4,4,4,8,FRQI,1024,aer,5,4,1,1092,705,384,"{""h"": 132, ""x"": 64, ""cx"": 384, ""tdg"": 192, ""t"": 256, ""ry"": 64}",0.001128625008277595,0.005001334007829428,3.2374984584748745e-05,6.208301056176424e-05,0.007738417014479637,0.0025013962307376533,26.018175089120113,0.6609986789021497
aa746d33,2026-10-07T23:04:04.418820,NEU-DET,inclusion,inclusion_185.jpg,4x4,4,4,8,NEQR,1024,aer,12,4,8,123,83,55,"{""h"": 4, ""x"": 64, ""mcx"": 55}",0.0008883750415407121,0.002878958999644965,2.3500004317611456e-05,1.9499973859637976e-05,0.0042663749773055315,0.0,100.0,1.0
a013de6b,2026-10-07T23:04:04.428385,NEU-DET,inclusion,inclusion_186.jpg,4x4,4,4,8,FRQI,1024,aer,5,4,1,1092,705,384,"{""h"": 132, ""x"": 64, ""cx"": 384, ""tdg"": 192, ""t"": 256, ""ry"": 64}",0.001107625022996217,0.00505433400394395,3.1542032957077026e-05,5.970802158117294e-05,0.00776504201348871,0.0021878319142068186,26.599860468434287,0.5159329764765987
44053a2c,2026-10-07T23:04:04.441265,NEU-DET,inclusion,inclusion_186.jpg,4x4,4,4,8,NEQR,1024,aer,12,4,8,137,97,69,"{""h"": 4, ""x"": 64, ""mcx"": 69}",0.0010057500330731273,0.0019550840370357037,2.0707957446575165e-05,1.8082966562360525e-05,0.003474250028375536,0.0,100.0,1.0
fcd4154a,2026-10-07T23:04:04.450033,NEU-DET,inclusion,inclusion_187.jpg,4x4,4,4,8,FRQI,1024,aer,5,4,1,1092,705,384,"{""h"": 132, ""x"": 64, ""cx"": 384, ""tdg"": 192, ""t"": 256, ""ry"": 64}",0.0011287079541943967,0.0052502090111374855,3.225001273676753e-05,5.962501745671034e-05,0.007999332970939577,0.0021476999300159864,26.68026397014234,0.49563227814332883
b2a26192,2026-10-07T23:04:04.463293,NEU-DET,inclusion,inclusion_187.jpg,4x4,4,4,8,NEQR,1024,aer,12,4,8,130,90,62,"{""h"": 4, ""x"": 64, ""mcx"": 62}",0.0009321250254288316,0.0017599579878151417,2.1332991309463978e-05,1.875002635642886e-05,0.0031990829738788307,0.0,100.0,1.0
66381631,2026-10-07T23:04:04.471832,NEU-DET,inclusion,inclusion_188.jpg,4x4,4,4,8,FRQI,1024,aer,5,4,1,1092,705,384,"{""h"": 132, ""x"": 64, ""cx"": 384, ""tdg"": 192, ""t"": 256, ""ry"": 64}",0.0010798750445246696,0.004830999998375773,3.170897252857685e-05,6.283301627263427e-05,0.007479832973331213,0.0028126002990824977,25.508919813920894,0.6251235976969542
f8ec130f,2026-10-07T23:04:04.484903,NEU-DET,inclusion,inclusion_188.jpg,4x4,4,4,8,NEQR,1024,aer,12,4,8,132,92,64,"{""h"": 4, ""x"": 64, ""mcx"": 64}",0.0010010830010287464,0.001983333029784262,2.258300082758069e-05,1.9000028260052204e-05,0.003521791019011289,0.0,100.0,1.0
e749ff23,2026-10-07T23:04:04.493580,NEU-DET,inclusion,inclusion_189.jpg,4x4,4,4,8,FRQI,1024,aer,5,4,1,1092,705,384,"{""h"": 132, ""x"": 64, ""cx"": 384, ""tdg"": 192, ""t"": 256, ""ry"": 64}",0.0010755829862318933,0.0049946249928325415,3.258301876485348e-05,6.0582999140024185e-05,0.007662124990019947,0.0026643033747726546,25.744163251142563,0.5499686481459265
dc0e07f8,2026-10-07T23:04:04.506432,NEU-DET,inclusion,inclusion_189.jpg,4x4,4,4,8,NEQR,1024,aer,12,4,8,134,94,66,"{""h"": 4, ""x"": 64, ""mcx"": 66}",0.0009712920291349292,0.002528665994759649,2.0332983694970608e-05,1.799996243789792e-05,0.003994333033915609,0.0,100.0,1.0
b8bf9584,2026-10-07T23:04:04.515945,NEU-DET,inclusion,inclusion_19.jpg,4x4,4,4,8,FRQI,1024,aer,5,4,1,1092,705,384,"{""h"": 132, ""x"": 64, ""cx"": 384, ""tdg"": 192, ""t"": 256, ""ry"": 64}",0.0011721249902620912,0.005261624988634139,3.229099093005061e-05,6.079202285036445e-05,0.008119083009660244,0.002829658181473303,25.48266023438911,0.3254872308326119
b08e91aa,2026-10-07T23:04:04.529361,NEU-DET,inclusion,inclusion_19.jpg,4x4,4,4,8,NEQR,1024,aer,12,4,8,149,109,81,"{""h"": 4, ""x"": 64, ""mcx"": 81}",0.0011487919837236404,0.002082750026602298,2.0000035874545574e-05,1.6584002878516912e-05,0.0037792500224895775,0.0,100.0,1.0
a7447632,2026-10-07T23:04:04.538555,NEU-DET,inclusion,inclusion_190.jpg,4x4,4,4,8,FRQI,1024,aer,5,4,1,1092,705,384,"{""h"": 132, ""x"": 64, ""cx"": 384, ""tdg"": 192, ""t"": 256, ""ry"": 64}",0.0010841250186786056,0.005239500023890287,3.4958997275680304e-05,6.212497828528285e-05,0.007935834000818431,0.002142235787657568,26.691327297492997,0.678634541196186
a523bb7a,2026-10-07T23:04:04.551663,NEU-DET,inclusion,inclusion_190.jpg,4x4,4,4,8,NEQR,1024,aer,12,4,8,132,92,64,"{""h"": 4, ""x"": 64, ""mcx"": 64}",0.0009055829723365605,0.0017962499987334013,1.95419997908175e-05,1.6707985196262598e-05,0.003175333025865257,0.0,100.0,1.0
9b147a35,2026-10-07T23:04:04.560126,NEU-DET,inclusion,inclusion_191.jpg,4x4,4,4,8,FRQI,1024,aer,5,4,1,1092,705,384,"{""h"": 132, ""x"": 64, ""cx"": 384, ""tdg"": 192, ""t"": 256, ""ry"": 64}",0.001075791020411998,0.0048491249908693135,3.0291033908724785e-05,5.7333032600581646e-05,0.00754837499698624,0.0024071500516006784,26.184968367914312,0.5463564677349247
05d1aed8,2026-10-07T23:04:04.572788,NEU-DET,inclusion,inclusion_191.jpg,4x4,4,4,8,NEQR,1024,aer,12,4,8,134,94,66,"{""h"": 4, ""x"": 64, ""mcx"": 66}",0.0009724169503897429,0.003444667032454163,2.9999995604157448e-05,2.2792024537920952e-05,0.004966874956153333,0.0,100.0,1.0
c55f5434,2026-10-07T23:04:04.595944,NEU-DET,inclusion,inclusion_192.jpg,4x4,4,4,8,FRQI,1024,aer,5,4,1,1092,705,384,"{""h"": 132, ""x"": 64, ""cx"": 384, ""tdg"": 192, ""t"": 256, ""ry"": 64}",0.0022609580191783607,0.005190707975998521,3.570795524865389e-05,7.333402754738927e-05,0.009284041996579617,0.0017943947010319692,27.460820219239594,0.7141378699103897
e9aa73e5,2026-10-07T23:04:04.611067,NEU-DET,inclusion,inclusion_192.jpg,4x4,4,4,8,NEQR,1024,aer,12,4,8,121,81,53,"{""h"": 4, ""x"": 64, ""mcx"": 53}",0.0009046660270541906,0.0019801249727606773,2.2625026758760214e-05,1.9082974176853895e-05,0.0034273340133950114,0.0,100.0,1.0
90907479,2026-10-07T23:04:04.619735,NEU-DET,inclusion,inclusion_193.jpg,4x4,4,4,8,FRQI,1024,aer,5,4,1,1092,705,384,"{""h"": 132, ""x"": 64, ""cx"": 384, ""tdg"": 192, ""t"": 256, ""ry"": 64}",0.001203124993480742,0.005108833021949977,3.383302828297019e-05,6.150000263005495e-05,0.007999250025022775,0.0016172901825225675,27.912120497524594,0.7774250784573349
45db96a4,2026-10-07T23:04:04.633000,NEU-DET,inclusion,inclusion_193.jpg,4x4,4,4,8,NEQR,1024,aer,12,4,8,127,87,59,"{""h"": 4, ""x"": 64, ""mcx"": 59}",0.0008913749479688704,0.0018760000239126384,2.4541979655623436e-05,2.0749983377754688e-05,0.0033050409983843565,0.0,100.0,1.0
348b2a80,2026-10-07T23:04:04.641790,NEU-DET,inclusion,inclusion_194.jpg,4x4,4,4,8,FRQI,1024,aer,5,4,1,1092,705,384,"{""h"": 132, ""x"": 64, ""cx"": 384, ""tdg"": 192, ""t"": 256, ""ry"": 64}",0.0011529169860295951,0.005557583994232118,8.095800876617432e-05,0.00014337495667859912,0.008559292007703334,0.0012904381090327274,28.892628199075038,0.7244578729943829
7ad1ff48,2026-10-07T23:04:04.656099,NEU-DET,inclusion,inclusion_194.jpg,4x4,4,4,8,NEQR,1024,aer,12,4,8,125,85,57,"{""h"": 4, ""x"": 64, ""mcx"": 57}",0.0009654999594204128,0.0017494999920018017,2.3916014470160007e-05,2.1915999241173267e-05,0.0032898749923333526,0.0,100.0,1.0
38d255cc,2026-10-07T23:04:04.665289,NEU-DET,inclusion,inclusion_195.jpg,4x4,4,4,8,FRQI,1024,aer,5,4,1,1092,705,384,"{""h"": 132, ""x"": 64, ""cx"": 384, ""tdg"": 192, ""t"": 256, ""ry"": 64}",0.0012424999731592834,0.0049878330319188535,4.112499300390482e-05,8.145900210365653e-05,0.009093458007555455,0.0023228022019058845,26.339877709480287,0.38878361441936626
491328a5,2026-10-07T23:04:04.680291,NEU-DET,inclusion,inclusion_195.jpg,4x4,4,4,8,NEQR,1024,aer,12,4,8,120,80,52,"{""h"": 4, ""x"": 64, ""mcx"": 52}",0.0008257090230472386,0.0017529590404592454,2.354203024879098e-05,2.016598591580987e-05,0.0030912499641999602,0.0,100.0,1.0
d705198a,2026-10-07T23:04:04.690179,NEU-DET,inclusion,inclusion_196.jpg,4x4,4,4,8,FRQI,1024,aer,5,4,1,1092,705,384,"{""h"": 132, ""x"": 64, ""cx"": 384, ""tdg"": 192, ""t"": 256, ""ry"": 64}",0.0011701660114340484,0.005343792028725147,3.729196032509208e-05,6.954098353162408e-05,0.008769458974711597,0.002475074454012318,26.06411732293904,0.5814360542838304
bf4d5324,2026-10-07T23:04:04.704701,NEU-DET,inclusion,inclusion_196.jpg,4x4,4,4,8,NEQR,1024,aer,12,4,8,142,102,74,"{""h"": 4, ""x"": 64, ""mcx"": 74}",0.001175583980511874,0.0021148749510757625,2.4540990125387907e-05,2.0915991626679897e-05,0.0039054579683579504,0.0,100.0,1.0
7fbbf9f1,2026-10-07T23:04:04.714115,NEU-DET,inclusion,inclusion_197.jpg,4x4,4,4,8,FRQI,1024,aer,5,4,1,1092,705,384,"{""h"": 132, ""x"": 64, ""cx"": 384, ""tdg"": 192, ""t"": 256, ""ry"": 64}",0.001177750003989786,0.005078749964013696,3.816594835370779e-05,6.799999391660094e-05,0.007984749972820282,0.0023195037041001737,26.346049296039492,0.4454481526048133
2fc1156c,2026-10-07T23:04:04.727621,NEU-DET,inclusion,inclusion_197.jpg,4x4,4,4,8,NEQR,1024,aer,12,4,8,124,84,56,"{""h"": 4, ""x"": 64, ""mcx"": 56}",0.0008656670106574893,0.0018016670364886522,2.1916988771408796e-05,1.7624988686293364e-05,0.0031590420403517783,0.0,100.0,1.0
c459bd45,2026-10-07T23:04:04.736124,NEU-DET,inclusion,inclusion_198.jpg,4x4,4,4,8,FRQI,1024,aer,5,4,1,1092,705,384,"{""h"": 132, ""x"": 64, ""cx"": 384, ""tdg"": 192, ""t"": 256, ""ry"": 64}",0.0011856249766424298,0.0052440830040723085,3.4333032090216875e-05,6.437499541789293e-05,0.008122375002130866,0.0020940643885500156,26.790099687115934,0.3015883700101296
d02eabdd,2026-10-07T23:04:04.749545,NEU-DET,inclusion,inclusion_198.jpg,4x4,4,4,8,NEQR,1024,aer,12,4,8,131,91,63,"{""h"": 4, ""x"": 64, ""mcx"": 63}",0.0009272909956052899,0.003406875010114163,2.0082981791347265e-05,1.7166021279990673e-05,0.004824541043490171,0.0,100.0,1.0
8fcae933,2026-10-07T23:04:04.759779,NEU-DET,inclusion,inclusion_199.jpg,4x4,4,4,8,FRQI,1024,aer,5,4,1,1092,705,384,"{""h"": 132, ""x"": 64, ""cx"": 384, ""tdg"": 192, ""t"": 256, ""ry"": 64}",0.0011971670319326222,0.0073828750173561275,3.487500362098217e-05,6.59169745631516e-05,0.010284417017828673,0.0023783857345157458,26.2371770868021,0.5631298945849463
817bb64c,2026-10-07T23:04:04.775590,NEU-DET,inclusion,inclusion_199.jpg,4x4,4,4,8,NEQR,1024,aer,12,4,8,136,96,68,"{""h"": 4, ""x"": 64, ""mcx"": 68}",0.0009990839753299952,0.0022432919940911233,2.0667037460952997e-05,1.6874982975423336e-05,0.0037514999858103693,0.0,100.0,1.0
ce00416c,2026-10-07T23:04:04.784937,NEU-DET,inclusion,inclusion_2.jpg,4x4,4,4,8,FRQI,1024,aer,5,4,1,1092,705,384,"{""h"": 132, ""x"": 64, ""cx"": 384, ""tdg"": 192, ""t"": 256, ""ry"": 64}",0.001094208040740341,0.006147375039290637,3.3125048503279686e-05,5.991599755361676e-05,0.008839499962050468,0.002847947693841303,25.454679913289652,0.5794524918853655
620e2e33,2026-10-07T23:04:04.799072,NEU-DET,inclusion,inclusion_2.jpg,4x4,4,4,8,NEQR,1024,aer,12,4,8,131,91,63,"{""h"": 4, ""x"": 64, ""mcx"": 63}",0.0016642920090816915,0.0018885830068029463,2.1332991309463978e-05,1.8458988051861525e-05,0.004172832996118814,0.0,100.0,1.0
6ea91d21,2026-10-07T23:04:04.808529,NEU-DET,inclusion,inclusion_20.jpg,4x4,4,4,8,FRQI,1024,aer,5,4,1,1092,705,384,"{""h"": 132, ""x"": 64, ""cx"": 384, ""tdg"": 192, ""t"": 256, ""ry"": 64}",0.0010824580094777048,0.004978584009222686,3.2167008612304926e-05,6.150000263005495e-05,0.007653334003407508,0.0009887138890283913,30.0492936501851,0.7293396210907963
ca7801a4,2026-10-07T23:04:04.821562,NEU-DET,inclusion,inclusion_20.jpg,4x4,4,4,8,NEQR,1024,aer,12,4,8,124,84,56,"{""h"": 4, ""x"": 64, ""mcx"": 56}",0.0008401669911108911,0.001929249963723123,1.912500010803342e-05,1.6832957044243813e-05,0.003229582973290235,0.0,100.0,1.0
f5f51c18,2026-10-07T23:04:04.830097,NEU-DET,inclusion,inclusion_200.jpg,4x4,4,4,8,FRQI,1024,aer,5,4,1,1092,705,384,"{""h"": 132, ""x"": 64, ""cx"": 384, ""tdg"": 192, ""t"": 256, ""ry"": 64}",0.0011935419752262533,0.004886583017650992,2.9708025977015495e-05,5.541701102629304e-05,0.007749415992293507,0.0012673234309854538,28.97112535576753,0.7611342919395643
e49e2943,2026-10-07T23:04:04.843232,NEU-DET,inclusion,inclusion_200.jpg,4x4,4,4,8,NEQR,1024,aer,12,4,8,126,86,58,"{""h"": 4, ""x"": 64, ""mcx"": 58}",0.0008707910310477018,0.0017349999980069697,2.274999860674143e-05,1.9875005818903446e-05,0.003096667001955211,0.0,100.0,1.0
3a6852b5,2026-10-07T23:04:04.851851,NEU-DET,inclusion,inclusion_201.jpg,4x4,4,4,8,FRQI,1024,aer,5,4,1,1092,705,384,"{""h"": 132, ""x"": 64, ""cx"": 384, ""tdg"": 192, ""t"": 256, ""ry"": 64}",0.0011413749889470637,0.005297374969813973,3.691698657348752e-05,7.283303420990705e-05,0.008105458982754499,0.001736132011415622,27.604172551678168,0.60613555782968
e61824fe,2026-10-07T23:04:04.866626,NEU-DET,inclusion,inclusion_201.jpg,4x4,4,4,8,NEQR,1024,aer,12,4,8,126,86,58,"{""h"": 4, ""x"": 64, ""mcx"": 58}",0.0018755830242298543,0.0017919579986482859,2.72089964710176e-05,2.3833010345697403e-05,0.004620124993380159,0.0,100.0,1.0
33401fe9,2026-10-07T23:04:04.878016,NEU-DET,inclusion,inclusion_202.jpg,4x4,4,4,8,FRQI,1024,aer,5,4,1,1092,705,384,"{""h"": 132, ""x"": 64, ""cx"": 384, ""tdg"": 192, ""t"": 256, ""ry"": 64}",0.001673041027970612,0.0056338749709539115,3.649998689070344e-05,6.770802428945899e-05,0.008927916991524398,0.002267064740289736,26.445360776021424,0.46097150341205917
ec201f22,2026-10-07T23:04:04.892553,NEU-DET,inclusion,inclusion_202.jpg,4x4,4,4,8,NEQR,1024,aer,12,4,8,125,85,57,"{""h"": 4, ""x"": 64, ""mcx"": 57}",0.0010571670136414468,0.002915209042839706,2.720800694078207e-05,2.300000051036477e-05,0.004543874994851649,0.0,100.0,1.0
6c5145c5,2026-10-07T23:04:04.902881,NEU-DET,inclusion,inclusion_203.jpg,4x4,4,4,8,FRQI,1024,aer,5,4,1,1092,705,384,"{""h"": 132, ""x"": 64, ""cx"": 384, ""tdg"": 192, ""t"": 256, ""ry"": 64}",0.0011783330119214952,0.004882083972916007,3.62499849870801e-05,6.862496957182884e-05,0.007681582996156067,0.001549174572761954,28.098996398810225,0.5187473733059964
96980533,2026-10-07T23:04:04.916321,NEU-DET,inclusion,inclusion_203.jpg,4x4,4,4,8,NEQR,1024,aer,12,4,8,122,82,54,"{""h"": 4, ""x"": 64, ""mcx"": 54}",0.0008812500163912773,0.001724374946206808,2.5499961338937283e-05,2.116599353030324e-05,0.0031300830305553973,0.0,100.0,1.0
6384e3f2,2026-10-07T23:04:04.924997,NEU-DET,inclusion,inclusion_204.jpg,4x4,4,4,8,FRQI,1024,aer,5,4,1,1092,705,384,"{""h"": 132, ""x"": 64, ""cx"": 384, ""tdg"": 192, ""t"": 256, ""ry"": 64}",0.0011400000075809658,0.006000916997436434,3.3292046282440424e-05,6.18330086581409e-05,0.008754124981351197,0.0021320406869855843,26.712045116695187,0.3014823815615387
24300730,2026-10-07T23:04:04.939151,NEU-DET,inclusion,inclusion_204.jpg,4x4,4,4,8,NEQR,1024,aer,12,4,8,131,91,63,"{""h"": 4, ""x"": 64, ""mcx"": 63}",0.0009572919807396829,0.0017883339896798134,2.2332998923957348e-05,1.7916958313435316e-05,0.003256708034314215,0.0,100.0,1.0
d0f57d24,2026-10-07T23:04:04.947726,NEU-DET,inclusion,inclusion_205.jpg,4x4,4,4,8,FRQI,1024,aer,5,4,1,1092,705,384,"{""h"": 132, ""x"": 64, ""cx"": 384, ""tdg"": 192, ""t"": 256, ""ry"": 64}",0.0010768750216811895,0.005446874944027513,3.3584015909582376e-05,6.312504410743713e-05,0.00815658300416544,0.001869021275723377,27.283857548669303,0.5388168074488984
0e7844f9,2026-10-07T23:04:04.961093,NEU-DET,inclusion,inclusion_205.jpg,4x4,4,4,8,NEQR,1024,aer,12,4,8,128,88,60,"{""h"": 4, ""x"": 64, ""mcx"": 60}",0.0008939169929362833,0.00203291600337252,2.4500011932104826e-05,1.9916973542422056e-05,0.003428791998885572,0.0,100.0,1.0
937cf0ff,2026-10-07T23:04:04.970104,NEU-DET,inclusion,inclusion_206.jpg,4x4,4,4,8,FRQI,1024,aer,5,4,1,1092,705,384,"{""h"": 132, ""x"": 64, ""cx"": 384, ""tdg"": 192, ""t"": 256, ""ry"": 64}",0.0011056659859605134,0.004958208010066301,3.329099854454398e-05,6.083300104364753e-05,0.007665833050850779,0.002390056100156442,26.21591905034107,0.5562001588159681
c642405a,2026-10-07T23:04:04.983021,NEU-DET,inclusion,inclusion_206.jpg,4x4,4,4,8,NEQR,1024,aer,12,4,8,134,94,66,"{""h"": 4, ""x"": 64, ""mcx"": 66}",0.0009256670018658042,0.0019976249895989895,2.0957959350198507e-05,1.9291997887194157e-05,0.0034131669672206044,0.0,100.0,1.0
f691f082,2026-10-07T23:04:04.993141,NEU-DET,inclusion,inclusion_207.jpg,4x4,4,4,8,FRQI,1024,aer,5,4,1,1092,705,384,"{""h"": 132, ""x"": 64, ""cx"": 384, ""tdg"": 192, ""t"": 256, ""ry"": 64}",0.001101750007364899,0.005020708020310849,3.1292031053453684e-05,5.8792007621377707e-05,0.007705166994128376,0.002161123930807069,26.65320327553418,0.41947119439299824
5f9c2b22,2026-10-07T23:04:05.006286,NEU-DET,inclusion,inclusion_207.jpg,4x4,4,4,8,NEQR,1024,aer,12,4,8,136,96,68,"{""h"": 4, ""x"": 64, ""mcx"": 68}",0.001036540954373777,0.0021147080115042627,2.054200740531087e-05,1.8167018424719572e-05,0.0036758339847438037,0.0,100.0,1.0
1ff74c9d,2026-10-07T23:04:05.015427,NEU-DET,inclusion,inclusion_208.jpg,4x4,4,4,8,FRQI,1024,aer,5,4,1,1092,705,384,"{""h"": 132, ""x"": 64, ""cx"": 384, ""tdg"": 192, ""t"": 256, ""ry"": 64}",0.0011522499844431877,0.004921375017147511,2.987496554851532e-05,5.5540993344038725e-05,0.007735583989415318,0.002933258055897802,25.32649727908481,0.5447946281304525
61d2fa4a,2026-10-07T23:04:05.028795,NEU-DET,inclusion,inclusion_208.jpg,4x4,4,4,8,NEQR,1024,aer,12,4,8,131,91,63,"{""h"": 4, ""x"": 64, ""mcx"": 63}",0.0009637499460950494,0.0018369999597780406,1.9667029846459627e-05,1.6499951016157866e-05,0.0032796249724924564,0.0,100.0,1.0
d2e99cb5,2026-10-07T23:04:05.037503,NEU-DET,inclusion,inclusion_209.jpg,4x4,4,4,8,FRQI,1024,aer,5,4,1,1092,705,384,"{""h"": 132, ""x"": 64, ""cx"": 384, ""tdg"": 192, ""t"": 256, ""ry"": 64}",0.001116541970986873,0.005041915981564671,3.041699528694153e-05,5.783297820016742e-05,0.007749582990072668,0.002710566243566516,25.66939974524744,0.5796084816332658
0d7665fb,2026-10-07T23:04:05.050700,NEU-DET,inclusion,inclusion_209.jpg,4x4,4,4,8,NEQR,1024,aer,12,4,8,143,103,75,"{""h"": 4, ""x"": 64, ""mcx"": 75}",0.0011296250158920884,0.0020639169961214066,2.274999860674143e-05,1.9249971956014633e-05,0.003752790973521769,0.0,100.0,1.0
23ac825b,2026-10-07T23:04:05.060113,NEU-DET,inclusion,inclusion_21.jpg,4x4,4,4,8,FRQI,1024,aer,5,4,1,1092,705,384,"{""h"": 132, ""x"": 64, ""cx"": 384, ""tdg"": 192, ""t"": 256, ""ry"": 64}",0.0010929580312222242,0.0051825420232489705,3.3165968488901854e-05,5.862500984221697e-05,0.007893542002420872,0.0017294586974872048,27.62089805241168,0.727713727936231
033a734a,2026-10-07T23:04:05.073385,NEU-DET,inclusion,inclusion_21.jpg,4x4,4,4,8,NEQR,1024,aer,12,4,8,122,82,54,"{""h"": 4, ""x"": 64, ""mcx"": 54}",0.0008213339606299996,0.0017894579796120524,2.195901470258832e-05,1.79160269908607e-05,0.003071082988753915,0.0,100.0,1.0
dafe43ee,2026-10-07T23:04:05.082104,NEU-DET,inclusion,inclusion_210.jpg,4x4,4,4,8,FRQI,1024,aer,5,4,1,1092,705,384,"{""h"": 132, ""x"": 64, ""cx"": 384, ""tdg"": 192, ""t"": 256, ""ry"": 64}",0.001086207979824394,0.006451834051404148,3.066699719056487e-05,5.708396201953292e-05,0.009132416977081448,0.0014615719593520158,28.351797976310973,0.7731120200371142
8ffe7e51,2026-10-07T23:04:05.096699,NEU-DET,inclusion,inclusion_210.jpg,4x4,4,4,8,NEQR,1024,aer,12,4,8,137,97,69,"{""h"": 4, ""x"": 64, ""mcx"": 69}",0.001048582955263555,0.0019249579636380076,2.1042011212557554e-05,1.7583020962774754e-05,0.0034970419947057962,0.0,100.0,1.0
8d28f7f1,2026-10-07T23:04:05.106636,NEU-DET,inclusion,inclusion_211.jpg,4x4,4,4,8,FRQI,1024,aer,5,4,1,1092,705,384,"{""h"": 132, ""x"": 64, ""cx"": 384, ""tdg"": 192, ""t"": 256, ""ry"": 64}",0.0010969169670715928,0.0049435829860158265,3.154197474941611e-05,6.091600516811013e-05,0.00762466702144593,0.003111931575041878,25.069699608174506,0.5331272291320444
e4d4db51,2026-10-07T23:04:05.119829,NEU-DET,inclusion,inclusion_211.jpg,4x4,4,4,8,NEQR,1024,aer,12,4,8,137,97,69,"{""h"": 4, ""x"": 64, ""mcx"": 69}",0.0010560000082477927,0.0020758750033564866,2.7791946195065975e-05,1.8416962120682e-05,0.0036810829769819975,0.0,100.0,1.0
4956a8ab,2026-10-07T23:04:05.128952,NEU-DET,inclusion,inclusion_212.jpg,4x4,4,4,8,FRQI,1024,aer,5,4,1,1092,705,384,"{""h"": 132, ""x"": 64, ""cx"": 384, ""tdg"": 192, ""t"": 256, ""ry"": 64}",0.0010820829775184393,0.00514383299741894,3.0957977287471294e-05,6.0041958931833506e-05,0.007808791007846594,0.0025710471180189097,25.898899642330235,0.451934728137364
b336a6e6,2026-10-07T23:04:05.142219,NEU-DET,inclusion,inclusion_212.jpg,4x4,4,4,8,NEQR,1024,aer,12,4,8,145,105,77,"{""h"": 4, ""x"": 64, ""mcx"": 77}",0.001665750052779913,0.0020764590008184314,2.195802517235279e-05,1.9875005818903446e-05,0.004314541001804173,0.0,100.0,1.0
c7630e86,2026-10-07T23:04:05.152513,NEU-DET,inclusion,inclusion_213.jpg,4x4,4,4,8,FRQI,1024,aer,5,4,1,1092,705,384,"{""h"": 132, ""x"": 64, ""cx"": 384, ""tdg"": 192, ""t"": 256, ""ry"": 64}",0.00117966701509431,0.005065667035523802,3.270799061283469e-05,6.337498780339956e-05,0.00793866702588275,0.002120126105745016,26.73638306335218,0.69468736171752
8ed9ee80,2026-10-07T23:04:05.166098,NEU-DET,inclusion,inclusion_213.jpg,4x4,4,4,8,NEQR,1024,aer,12,4,8,131,91,63,"{""h"": 4, ""x"": 64, ""mcx"": 63}",0.0009983750060200691,0.0019479159964248538,2.4250010028481483e-05,1.937500201165676e-05,0.0034905829816125333,0.0,100.0,1.0
5a6aa5e1,2026-10-07T23:04:05.175020,NEU-DET,inclusion,inclusion_214.jpg,4x4,4,4,8,FRQI,1024,aer,5,4,1,1092,705,384,"{""h"": 132, ""x"": 64, ""cx"": 384, ""tdg"": 192, ""t"": 256, ""ry"": 64}",0.0011651660315692425,0.005152957979589701,3.341602860018611e-05,6.137497257441282e-05,0.007999083027243614,0.0022743010642337236,26.431520454174716,0.4242501849279809
252c0ef7,2026-10-07T23:04:05.189355,NEU-DET,inclusion,inclusion_214.jpg,4x4,4,4,8,NEQR,1024,aer,12,4,8,132,92,64,"{""h"": 4, ""x"": 64, ""mcx"": 64}",0.0009475830011069775,0.0018207079847343266,2.116698306053877e-05,1.9291997887194157e-05,0.003281207988038659,0.0,100.0,1.0
b0263750,2026-10-07T23:04:05.198184,NEU-DET,inclusion,inclusion_215.jpg,4x4,4,4,8,FRQI,1024,aer,5,4,1,1092,705,384,"{""h"": 132, ""x"": 64, ""cx"": 384, ""tdg"": 192, ""t"": 256, ""ry"": 64}",0.0011228749644942582,0.005122583010233939,3.370898775756359e-05,6.283301627263427e-05,0.007849916990380734,0.0019366375772876634,27.129516456262316,0.5332480431414034
e6328e7e,2026-10-07T23:04:05.211836,NEU-DET,inclusion,inclusion_215.jpg,4x4,4,4,8,NEQR,1024,aer,12,4,8,130,90,62,"{""h"": 4, ""x"": 64, ""mcx"": 62}",0.0009112500119954348,0.0017955829971469939,1.9208004232496023e-05,1.7250014934688807e-05,0.0031874580308794975,0.0,100.0,1.0
20f46463,2026-10-07T23:04:05.220487,NEU-DET,inclusion,inclusion_216.jpg,4x4,4,4,8,FRQI,1024,aer,5,4,1,1092,705,384,"{""h"": 132, ""x"": 64, ""cx"": 384, ""tdg"": 192, ""t"": 256, ""ry"": 64}",0.0012193329748697579,0.005142875015735626,3.1374976970255375e-05,5.941599374637008e-05,0.00812316604424268,0.0013142755839437403,28.8131356016653,0.726702754954905
ae6e734c,2026-10-07T23:04:05.234036,NEU-DET,inclusion,inclusion_216.jpg,4x4,4,4,8,NEQR,1024,aer,12,4,8,125,85,57,"{""h"": 4, ""x"": 64, ""mcx"": 57}",0.0009022920276038349,0.0017305839573964477,2.141698496416211e-05,1.5958037693053484e-05,0.0030965410405769944,0.0,100.0,1.0
ce379d5a,2026-10-07T23:04:05.242748,NEU-DET,inclusion,inclusion_217.jpg,4x4,4,4,8,FRQI,1024,aer,5,4,1,1092,705,384,"{""h"": 132, ""x"": 64, ""cx"": 384, ""tdg"": 192, ""t"": 256, ""ry"": 64}",0.0011740000336430967,0.005162040994036943,3.2540992833673954e-05,5.9999991208314896e-05,0.008001415990293026,0.0020042619810568935,26.980455116016763,0.6092377402205402
ea9cb88f,2026-10-07T23:04:05.256164,NEU-DET,inclusion,inclusion_217.jpg,4x4,4,4,8,NEQR,1024,aer,12,4,8,123,83,55,"{""h"": 4, ""x"": 64, ""mcx"": 55}",0.0008254579734057188,0.0015931249945424497,1.912500010803342e-05,1.6625039279460907e-05,0.002872082986868918,0.0,100.0,1.0
8c61f3e8,2026-10-07T23:04:05.264446,NEU-DET,inclusion,inclusion_218.jpg,4x4,4,4,8,FRQI,1024,aer,5,4,1,1092,705,384,"{""h"": 132, ""x"": 64, ""cx"": 384, ""tdg"": 192, ""t"": 256, ""ry"": 64}",0.001128625008277595,0.005067209014669061,3.3374992199242115e-05,6.287498399615288e-05,0.007868791988585144,0.002581331891537398,25.88156152993264,0.261446871771428
97303f82,2026-10-07T23:04:05.277749,NEU-DET,inclusion,inclusion_218.jpg,4x4,4,4,8,NEQR,1024,aer,12,4,8,128,88,60,"{""h"": 4, ""x"": 64, ""mcx"": 60}",0.0008612920064479113,0.0017472499748691916,2.19999928958714e-05,1.8167018424719572e-05,0.003090999962296337,0.0,100.0,1.0
4b886dc2,2026-10-07T23:04:05.286672,NEU-DET,inclusion,inclusion_219.jpg,4x4,4,4,8,FRQI,1024,aer,5,4,1,1092,705,384,"{""h"": 132, ""x"": 64, ""cx"": 384, ""tdg"": 192, ""t"": 256, ""ry"": 64}",0.001109000004362315,0.005008209031075239,3.2374984584748745e-05,6.195897003635764e-05,0.007721250003669411,0.0025670746332563327,25.905615047838687,0.4744164938312607
fe18c070,2026-10-07T23:04:05.299872,NEU-DET,inclusion,inclusion_219.jpg,4x4,4,4,8,NEQR,1024,aer,12,4,8,142,102,74,"{""h"": 4, ""x"": 64, ""mcx"": 74}",0.001123625028412789,0.0020699999877251685,2.1499989088624716e-05,1.8000020645558834e-05,0.0037387500051409006,0.0,100.0,1.0
a509759c,2026-10-07T23:04:05.309033,NEU-DET,inclusion,inclusion_22.jpg,4x4,4,4,8,FRQI,1024,aer,5,4,1,1092,705,384,"{""h"": 132, ""x"": 64, ""cx"": 384, ""tdg"": 192, ""t"": 256, ""ry"": 64}",0.0010980829829350114,0.005169290991034359,3.5999983083456755e-05,6.887497147545218e-05,0.00857775000622496,0.0017214905497844458,27.6409535703583,0.8211425182117887
24d64096,2026-10-07T23:04:05.323464,NEU-DET,inclusion,inclusion_22.jpg,4x4,4,4,8,NEQR,1024,aer,12,4,8,121,81,53,"{""h"": 4, ""x"": 64, ""mcx"": 53}",0.0008280830224975944,0.0016391670214943588,2.300000051036477e-05,1.912500010803342e-05,0.0029617910040542483,0.0,100.0,1.0
915da09a,2026-10-07T23:04:05.332276,NEU-DET,inclusion,inclusion_220.jpg,4x4,4,4,8,FRQI,1024,aer,5,4,1,1092,705,384,"{""h"": 132, ""x"": 64, ""cx"": 384, ""tdg"": 192, ""t"": 256, ""ry"": 64}",0.0011953749926760793,0.005333749984856695,3.712502075359225e-05,6.724998820573092e-05,0.00824799999827519,0.002664512167126275,25.743822922728583,0.5265981412520084
6c80916f,2026-10-07T23:04:05.346349,NEU-DET,inclusion,inclusion_220.jpg,4x4,4,4,8,NEQR,1024,aer,12,4,8,134,94,66,"{""h"": 4, ""x"": 64, ""mcx"": 66}",0.0009979589958675206,0.0019428750383667648,2.2042018827050924e-05,1.9291997887194157e-05,0.003477166988886893,0.0,100.0,1.0
675763fd,2026-10-07T23:04:05.355656,NEU-DET,inclusion,inclusion_221.jpg,4x4,4,4,8,FRQI,1024,aer,5,4,1,1092,705,384,"{""h"": 132, ""x"": 64, ""cx"": 384, ""tdg"": 192, ""t"": 256, ""ry"": 64}",0.0011627920321188867,0.005170958989765495,3.2625044696033e-05,6.12910371273756e-05,0.008017582993488759,0.003003868078598538,25.22319144236028,0.5889549539076753
24ff2264,2026-10-07T23:04:05.369274,NEU-DET,inclusion,inclusion_221.jpg,4x4,4,4,8,NEQR,1024,aer,12,4,8,144,104,76,"{""h"": 4, ""x"": 64, ""mcx"": 76}",0.001111124991439283,0.0022045410005375743,2.5958986952900887e-05,2.1832995116710663e-05,0.003900957992300391,0.0,100.0,1.0
6c3922fd,2026-10-07T23:04:05.379225,NEU-DET,inclusion,inclusion_222.jpg,4x4,4,4,8,FRQI,1024,aer,5,4,1,1092,705,384,"{""h"": 132, ""x"": 64, ""cx"": 384, ""tdg"": 192, ""t"": 256, ""ry"": 64}",0.0011629589716903865,0.0052523339982144535,3.620801726356149e-05,7.183302659541368e-05,0.008089166949503124,0.0021116021675368283,26.753879008722535,0.5352650037810796
cd1eab9b,2026-10-07T23:04:05.393320,NEU-DET,inclusion,inclusion_222.jpg,4x4,4,4,8,NEQR,1024,aer,12,4,8,148,108,80,"{""h"": 4, ""x"": 64, ""mcx"": 80}",0.001169083989225328,0.002142000012099743,2.400000812485814e-05,2.099998528137803e-05,0.00390850001713261,0.0,100.0,1.0
2c27bfdb,2026-10-07T23:04:05.403064,NEU-DET,inclusion,inclusion_223.jpg,4x4,4,4,8,FRQI,1024,aer,5,4,1,1092,705,384,"{""h"": 132, ""x"": 64, ""cx"": 384, ""tdg"": 192, ""t"": 256, ""ry"": 64}",0.001154957979451865,0.005110833968501538,3.862503217533231e-05,7.191597251221538e-05,0.007936374982818961,0.0024359831284396605,26.13325723941843,0.6140239958248169
94483aea,2026-10-07T23:04:05.417271,NEU-DET,inclusion,inclusion_223.jpg,4x4,4,4,8,NEQR,1024,aer,12,4,8,140,100,72,"{""h"": 4, ""x"": 64, ""mcx"": 72}",0.0011298329918645322,0.002092875016387552,2.6166962925344706e-05,2.1667045075446367e-05,0.003821292018983513,0.0,100.0,1.0
8f86c2f9,2026-10-07T23:04:05.428263,NEU-DET,inclusion,inclusion_224.jpg,4x4,4,4,8,FRQI,1024,aer,5,4,1,1092,705,384,"{""h"": 132, ""x"": 64, ""cx"": 384, ""tdg"": 192, ""t"": 256, ""ry"": 64}",0.0011599169811233878,0.0052762089762836695,3.766699228435755e-05,6.954203126952052e-05,0.008091166033409536,0.0016884123355682076,27.72521483543433,0.7336096961222419
ada9d84f,2026-10-07T23:04:05.442320,NEU-DET,inclusion,inclusion_224.jpg,4x4,4,4,8,NEQR,1024,aer,12,4,8,125,85,57,"{""h"": 4, ""x"": 64, ""mcx"": 57}",0.0008869999437592924,0.0017709169769659638,2.2666994482278824e-05,2.1249987185001373e-05,0.003177124948706478,0.0,100.0,1.0
6ec72440,2026-10-07T23:04:05.451648,NEU-DET,inclusion,inclusion_225.jpg,4x4,4,4,8,FRQI,1024,aer,5,4,1,1092,705,384,"{""h"": 132, ""x"": 64, ""cx"": 384, ""tdg"": 192, ""t"": 256, ""ry"": 64}",0.001221582992002368,0.004940417013131082,3.2833951991051435e-05,6.366701563820243e-05,0.007889083994086832,0.0022649107637757095,26.449489042750983,0.547203760996412
ddab1074,2026-10-07T23:04:05.465277,NEU-DET,inclusion,inclusion_225.jpg,4x4,4,4,8,NEQR,1024,aer,12,4,8,126,86,58,"{""h"": 4, ""x"": 64, ""mcx"": 58}",0.0009360419935546815,0.0018711250158958137,2.2875028662383556e-05,1.9875005818903446e-05,0.0033480830024927855,0.0,100.0,1.0
956761c8,2026-10-07T23:04:05.475502,NEU-DET,inclusion,inclusion_226.jpg,4x4,4,4,8,FRQI,1024,aer,5,4,1,1092,705,384,"{""h"": 132, ""x"": 64, ""cx"": 384, ""tdg"": 192, ""t"": 256, ""ry"": 64}",0.0011117500253021717,0.005026124999858439,3.474997356534004e-05,6.241700612008572e-05,0.007749666983727366,0.002273154802797206,26.43370987631227,0.614091426979714
df7ba99b,2026-10-07T23:04:05.489040,NEU-DET,inclusion,inclusion_226.jpg,4x4,4,4,8,NEQR,1024,aer,12,4,8,128,88,60,"{""h"": 4, ""x"": 64, ""mcx"": 60}",0.0009010419598780572,0.0018689580028876662,2.1249987185001373e-05,1.8458988051861525e-05,0.0032789999968372285,0.0,100.0,1.0
5ab49fea,2026-10-07T23:04:05.498200,NEU-DET,inclusion,inclusion_227.jpg,4x4,4,4,8,FRQI,1024,aer,5,4,1,1092,705,384,"{""h"": 132, ""x"": 64, ""cx"": 384, ""tdg"": 192, ""t"": 256, ""ry"": 64}",0.0011020000092685223,0.006014459009747952,3.524997737258673e-05,6.574997678399086e-05,0.008777040988206863,0.002534631232274577,25.960852179630756,0.9117604713598162
c45ad5de,2026-10-07T23:04:05.512719,NEU-DET,inclusion,inclusion_227.jpg,4x4,4,4,8,NEQR,1024,aer,12,4,8,129,89,61,"{""h"": 4, ""x"": 64, ""mcx"": 61}",0.0009190409909933805,0.0020474999910220504,2.5083019863814116e-05,2.037500962615013e-05,0.0034880829625763,0.0,100.0,1.0
551be36b,2026-10-07T23:04:05.522146,NEU-DET,inclusion,inclusion_228.jpg,4x4,4,4,8,FRQI,1024,aer,5,4,1,1092,705,384,"{""h"": 132, ""x"": 64, ""cx"": 384, ""tdg"": 192, ""t"": 256, ""ry"": 64}",0.001136167033109814,0.005130874982569367,3.2542040571570396e-05,6.366596790030599e-05,0.00789270899258554,0.002354851993220031,26.280363838844668,0.8999469712053777
35f54d6e,2026-10-07T23:04:05.535758,NEU-DET,inclusion,inclusion_228.jpg,4x4,4,4,8,NEQR,1024,aer,12,4,8,136,96,68,"{""h"": 4, ""x"": 64, ""mcx"": 68}",0.0010687080211937428,0.002223040966782719,2.2916996385902166e-05,2.012500772252679e-05,0.004295291961170733,0.0,100.0,1.0
5731daf7,2026-10-07T23:04:05.545752,NEU-DET,inclusion,inclusion_229.jpg,4x4,4,4,8,FRQI,1024,aer,5,4,1,1092,705,384,"{""h"": 132, ""x"": 64, ""cx"": 384, ""tdg"": 192, ""t"": 256, ""ry"": 64}",0.0012496659765020013,0.005137166997883469,3.091699909418821e-05,5.995796527713537e-05,0.008166416955646127,0.0018992288029919893,27.214227119922487,0.8672078978678749
ff6d101b,2026-10-07T23:04:05.559819,NEU-DET,inclusion,inclusion_229.jpg,4x4,4,4,8,NEQR,1024,aer,12,4,8,142,102,74,"{""h"": 4, ""x"": 64, ""mcx"": 74}",0.001127875002566725,0.002612750045955181,2.0874955225735903e-05,1.8250022549182177e-05,0.004305000009480864,0.0,100.0,1.0
3e1f0fea,2026-10-07T23:04:05.569809,NEU-DET,inclusion,inclusion_23.jpg,4x4,4,4,8,FRQI,1024,aer,5,4,1,1092,705,384,"{""h"": 132, ""x"": 64, ""cx"": 384, ""tdg"": 192, ""t"": 256, ""ry"": 64}",0.0011360000353306532,0.005220124963670969,3.187498077750206e-05,5.94580196775496e-05,0.008025666000321507,0.002313239471111721,26.357794058809084,0.6836941168611617
031c1455,2026-10-07T23:04:05.583601,NEU-DET,inclusion,inclusion_23.jpg,4x4,4,4,8,NEQR,1024,aer,12,4,8,120,80,52,"{""h"": 4, ""x"": 64, ""mcx"": 52}",0.0012712909956462681,0.0016322919982485473,2.120895078405738e-05,1.8041988369077444e-05,0.003385749994777143,0.0,100.0,1.0
8acf42d0,2026-10-07T23:04:05.592730,NEU-DET,inclusion,inclusion_230.jpg,4x4,4,4,8,FRQI,1024,aer,5,4,1,1092,705,384,"{""h"": 132, ""x"": 64, ""cx"": 384, ""tdg"": 192, ""t"": 256, ""ry"": 64}",0.001090833975467831,0.005790000024717301,3.69579647667706e-05,6.620801286771894e-05,0.008493083994835615,0.0021561249346923115,26.663260779586473,0.8949567709941605
2ae9e8f2,2026-10-07T23:04:05.607295,NEU-DET,inclusion,inclusion_230.jpg,4x4,4,4,8,NEQR,1024,aer,12,4,8,141,101,73,"{""h"": 4, ""x"": 64, ""mcx"": 73}",0.0010644160211086273,0.002417958981823176,2.1708954591304064e-05,1.9458006136119366e-05,0.00402645900612697,0.0,100.0,1.0
06439fcb,2026-10-07T23:04:05.618154,NEU-DET,inclusion,inclusion_231.jpg,4x4,4,4,8,FRQI,1024,aer,5,4,1,1092,705,384,"{""h"": 132, ""x"": 64, ""cx"": 384, ""tdg"": 192, ""t"": 256, ""ry"": 64}",0.001121999986935407,0.005235125019680709,3.1333009246736765e-05,5.900004180148244e-05,0.00796970899682492,0.002731222331938724,25.63642945190199,0.8494233316176051
47593a40,2026-10-07T23:04:05.631852,NEU-DET,inclusion,inclusion_231.jpg,4x4,4,4,8,NEQR,1024,aer,12,4,8,144,104,76,"{""h"": 4, ""x"": 64, ""mcx"": 76}",0.0011569170164875686,0.002467582991812378,2.1666986867785454e-05,1.854199217632413e-05,0.004188416001852602,0.0,100.0,1.0
a9e853dd,2026-10-07T23:04:05.642026,NEU-DET,inclusion,inclusion_232.jpg,4x4,4,4,8,FRQI,1024,aer,5,4,1,1092,705,384,"{""h"": 132, ""x"": 64, ""cx"": 384, ""tdg"": 192, ""t"": 256, ""ry"": 64}",0.001185041037388146,0.005247750028502196,3.370799822732806e-05,6.091699469834566e-05,0.008116499986499548,0.0012488963519697938,29.03473602967267,0.9237607301114985
f4a4f7cf,2026-10-07T23:04:05.655628,NEU-DET,inclusion,inclusion_232.jpg,4x4,4,4,8,NEQR,1024,aer,12,4,8,135,95,67,"{""h"": 4, ""x"": 64, ""mcx"": 67}",0.0010316249681636691,0.002405332983471453,2.1875021047890186e-05,1.8916965927928686e-05,0.003973042010329664,0.0,100.0,1.0
e70d60f3,2026-10-07T23:04:05.665182,NEU-DET,inclusion,inclusion_233.jpg,4x4,4,4,8,FRQI,1024,aer,5,4,1,1092,705,384,"{""h"": 132, ""x"": 64, ""cx"": 384, ""tdg"": 192, ""t"": 256, ""ry"": 64}",0.0011384999961592257,0.0051014160271734,3.0416005756706e-05,5.8166973758488894e-05,0.00790220801718533,0.002296933021006222,26.3885166872814,0.8226210214764436
cc818b00,2026-10-07T23:04:05.678750,NEU-DET,inclusion,inclusion_233.jpg,4x4,4,4,8,NEQR,1024,aer,12,4,8,143,103,75,"{""h"": 4, ""x"": 64, ""mcx"": 75}",0.0010679170372895896,0.0025592910242266953,2.054200740531087e-05,1.8666032701730728e-05,0.004186125006526709,0.0,100.0,1.0
87915fb8,2026-10-07T23:04:05.688857,NEU-DET,inclusion,inclusion_234.jpg,4x4,4,4,8,FRQI,1024,aer,5,4,1,1092,705,384,"{""h"": 132, ""x"": 64, ""cx"": 384, ""tdg"": 192, ""t"": 256, ""ry"": 64}",0.0010887919925153255,0.005467458977364004,3.574998117983341e-05,7.12500186637044e-05,0.008229792001657188,0.0029341888772180537,25.325119335420304,0.7575481317076663
ec0ed475,2026-10-07T23:04:05.703150,NEU-DET,inclusion,inclusion_234.jpg,4x4,4,4,8,NEQR,1024,aer,12,4,8,137,97,69,"{""h"": 4, ""x"": 64, ""mcx"": 69}",0.001024792029056698,0.0025845839991234243,2.2499996703118086e-05,1.837499439716339e-05,0.004158790980000049,0.0,100.0,1.0
58b2b187,2026-10-07T23:04:05.713194,NEU-DET,inclusion,inclusion_235.jpg,4x4,4,4,8,FRQI,1024,aer,5,4,1,1092,705,384,"{""h"": 132, ""x"": 64, ""cx"": 384, ""tdg"": 192, ""t"": 256, ""ry"": 64}",0.0011235830024816096,0.005001374986022711,2.9124959837645292e-05,6.379099795594811e-05,0.007736208033747971,0.004000549419739048,23.97880360278215,0.7353917989039526
16d2757d,2026-10-07T23:04:05.727033,NEU-DET,inclusion,inclusion_235.jpg,4x4,4,4,8,NEQR,1024,aer,12,4,8,146,106,78,"{""h"": 4, ""x"": 64, ""mcx"": 78}",0.0011841660016216338,0.00281949999043718,2.3250002413988113e-05,2.0000035874545574e-05,0.004592332988977432,0.0,100.0,1.0
d798d658,2026-10-07T23:04:05.737566,NEU-DET,inclusion,inclusion_236.jpg,4x4,4,4,8,FRQI,1024,aer,5,4,1,1092,705,384,"{""h"": 132, ""x"": 64, ""cx"": 384, ""tdg"": 192, ""t"": 256, ""ry"": 64}",0.0011079999967478216,0.0052086659707129,3.604200901463628e-05,6.516603752970695e-05,0.007930167019367218,0.0025131628406331267,25.997793703420967,0.8878450343290062
db8d9312,2026-10-07T23:04:05.751316,NEU-DET,inclusion,inclusion_236.jpg,4x4,4,4,8,NEQR,1024,aer,12,4,8,141,101,73,"{""h"": 4, ""x"": 64, ""mcx"": 73}",0.0011302090133540332,0.0028385829646140337,2.0625011529773474e-05,1.6833015251904726e-05,0.0045251669944263995,0.0,100.0,1.0
96166a9d,2026-10-07T23:04:05.761555,NEU-DET,inclusion,inclusion_237.jpg,4x4,4,4,8,FRQI,1024,aer,5,4,1,1092,705,384,"{""h"": 132, ""x"": 64, ""cx"": 384, ""tdg"": 192, ""t"": 256, ""ry"": 64}",0.0011875839554704726,0.005183874978683889,2.6958005037158728e-05,6.154098082333803e-05,0.008062874956522137,0.00424530078321753,23.72091534191774,0.48123062737243155
a924616d,2026-10-07T23:04:05.775759,NEU-DET,inclusion,inclusion_237.jpg,4x4,4,4,8,NEQR,1024,aer,12,4,8,152,112,84,"{""h"": 4, ""x"": 64, ""mcx"": 84}",0.001272207999136299,0.0028447499498724937,2.3083004634827375e-05,1.9791943486779928e-05,0.004727083956822753,0.0,100.0,1.0
2055d0d4,2026-10-07T23:04:05.786197,NEU-DET,inclusion,inclusion_238.jpg,4x4,4,4,8,FRQI,1024,aer,5,4,1,1092,705,384,"{""h"": 132, ""x"": 64, ""cx"": 384, ""tdg"": 192, ""t"": 256, ""ry"": 64}",0.001154624973423779,0.005648999998811632,2.879102248698473e-05,5.879194941371679e-05,0.008477916999254376,0.0032291902447227753,24.90906368175945,0.7516844452265596
c73a673b,2026-10-07T23:04:05.800367,NEU-DET,inclusion,inclusion_238.jpg,4x4,4,4,8,NEQR,1024,aer,12,4,8,145,105,77,"{""h"": 4, ""x"": 64, ""mcx"": 77}",0.0011528340401127934,0.0027615000144578516,2.1833984646946192e-05,1.8457998521625996e-05,0.004494458029512316,0.0,100.0,1.0
0781d934,2026-10-07T23:04:05.810628,NEU-DET,inclusion,inclusion_239.jpg,4x4,4,4,8,FRQI,1024,aer,5,4,1,1092,705,384,"{""h"": 132, ""x"": 64, ""cx"": 384, ""tdg"": 192, ""t"": 256, ""ry"": 64}",0.001188750029541552,0.0051156250410713255,3.179203486070037e-05,5.929102189838886e-05,0.007991208985913545,0.003393735657820807,24.693219884239674,0.9062106629266444
2120aa0e,2026-10-07T23:04:05.824387,NEU-DET,inclusion,inclusion_239.jpg,4x4,4,4,8,NEQR,1024,aer,12,4,8,142,102,74,"{""h"": 4, ""x"": 64, ""mcx"": 74}",0.0010752910166047513,0.0024919999996200204,2.458301605656743e-05,2.0082981791347265e-05,0.004129291977733374,0.0,100.0,1.0
6f78f7d5,2026-10-07T23:04:05.834636,NEU-DET,inclusion,inclusion_24.jpg,4x4,4,4,8,FRQI,1024,aer,5,4,1,1092,705,384,"{""h"": 132, ""x"": 64, ""cx"": 384, ""tdg"": 192, ""t"": 256, ""ry"": 64}",0.0011197089916095138,0.005079417023807764,3.245897823944688e-05,6.216700421646237e-05,0.0078013340244069695,0.0020057778166299254,26.977171761788824,0.5567942767842261
e1aa71e6,2026-10-07T23:04:05.848535,NEU-DET,inclusion,inclusion_24.jpg,4x4,4,4,8,NEQR,1024,aer,12,4,8,116,76,48,"{""h"": 4, ""x"": 64, ""mcx"": 48}",0.0007938340422697365,0.0015241249930113554,2.0749983377754688e-05,1.799996243789792e-05,0.0027850420447066426,0.0,100.0,1.0
84a51807,2026-10-07T23:04:05.857352,NEU-DET,inclusion,inclusion_240.jpg,4x4,4,4,8,FRQI,1024,aer,5,4,1,1092,705,384,"{""h"": 132, ""x"": 64, ""cx"": 384, ""tdg"": 192, ""t"": 256, ""ry"": 64}",0.0010980830411426723,0.005042292003054172,2.62079993262887e-05,6.0958031099289656e-05,0.00772799999685958,0.0018231396098612343,27.391800732699796,0.8721544881390213
e965cbd2,2026-10-07T23:04:05.871135,NEU-DET,inclusion,inclusion_240.jpg,4x4,4,4,8,NEQR,1024,aer,12,4,8,155,115,87,"{""h"": 4, ""x"": 64, ""mcx"": 87}",0.0012978330487385392,0.0028853329713456333,2.041697734966874e-05,1.9208993762731552e-05,0.004778417001944035,0.0,100.0,1.0
7b8d6bbb,2026-10-07T23:04:05.881848,NEU-DET,inclusion,inclusion_25.jpg,4x4,4,4,8,FRQI,1024,aer,5,4,1,1092,705,384,"{""h"": 132, ""x"": 64, ""cx"": 384, ""tdg"": 192, ""t"": 256, ""ry"": 64}",0.0011585419997572899,0.005077167006675154,3.474997356534004e-05,5.949998740106821e-05,0.007905917009338737,0.0013138577408607847,28.814516558598086,0.7635160885944483
057cb471,2026-10-07T23:04:05.895682,NEU-DET,inclusion,inclusion_25.jpg,4x4,4,4,8,NEQR,1024,aer,12,4,8,125,85,57,"{""h"": 4, ""x"": 64, ""mcx"": 57}",0.0009067499777302146,0.0016990829608403146,2.0292005501687527e-05,1.791701652109623e-05,0.003101083042565733,0.0,100.0,1.0
98d4a19e,2026-10-07T23:04:05.904775,NEU-DET,inclusion,inclusion_26.jpg,4x4,4,4,8,FRQI,1024,aer,5,4,1,1092,705,384,"{""h"": 132, ""x"": 64, ""cx"": 384, ""tdg"": 192, ""t"": 256, ""ry"": 64}",0.0010885839583352208,0.005012584035284817,3.533298149704933e-05,6.53750030323863e-05,0.00771062501007691,0.0028455270144050566,25.458372870012344,0.32157868776506143
a671e4c5,2026-10-07T23:04:05.918669,NEU-DET,inclusion,inclusion_26.jpg,4x4,4,4,8,NEQR,1024,aer,12,4,8,137,97,69,"{""h"": 4, ""x"": 64, ""mcx"": 69}",0.0010697090183384717,0.0036709170090034604,2.2249994799494743e-05,1.775001874193549e-05,0.00527995900483802,0.0,100.0,1.0
2b274ced,2026-10-07T23:04:05.930014,NEU-DET,inclusion,inclusion_27.jpg,4x4,4,4,8,FRQI,1024,aer,5,4,1,1092,705,384,"{""h"": 132, ""x"": 64, ""cx"": 384, ""tdg"": 192, ""t"": 256, ""ry"": 64}",0.0011067910236306489,0.004966917040292174,3.1374976970255375e-05,6.091699469834566e-05,0.007670832972507924,0.0025071165530692156,26.008254757034525,0.46306769387133095
64400093,2026-10-07T23:04:05.943614,NEU-DET,inclusion,inclusion_27.jpg,4x4,4,4,8,NEQR,1024,aer,12,4,8,150,110,82,"{""h"": 4, ""x"": 64, ""mcx"": 82}",0.0011744169751182199,0.0020671249949373305,2.0082981791347265e-05,1.7832964658737183e-05,0.0039590829983353615,0.0,100.0,1.0
d2b9b031,2026-10-07T23:04:05.953589,NEU-DET,inclusion,inclusion_28.jpg,4x4,4,4,8,FRQI,1024,aer,5,4,1,1092,705,384,"{""h"": 132, ""x"": 64, ""cx"": 384, ""tdg"": 192, ""t"": 256, ""ry"": 64}",0.0011713329586200416,0.0050767919747158885,3.429199568927288e-05,6.916600978001952e-05,0.007921957992948592,0.0022919329558286857,26.39798090604957,0.3930135785273837
a8c51a6c,2026-10-07T23:04:05.967764,NEU-DET,inclusion,inclusion_28.jpg,4x4,4,4,8,NEQR,1024,aer,12,4,8,153,113,85,"{""h"": 4, ""x"": 64, ""mcx"": 85}",0.0012967499787919223,0.002261832996737212,1.9875005818903446e-05,1.912500010803342e-05,0.004176125046797097,0.0,100.0,1.0
fa0ee9bd,2026-10-07T23:04:05.978078,NEU-DET,inclusion,inclusion_29.jpg,4x4,4,4,8,FRQI,1024,aer,5,4,1,1092,705,384,"{""h"": 132, ""x"": 64, ""cx"": 384, ""tdg"": 192, ""t"": 256, ""ry"": 64}",0.0011732500279322267,0.0049997500027529895,3.987498348578811e-05,7.029203698039055e-05,0.008018792024813592,0.002675267523498626,25.726327825511973,0.5103431841604404
f5504fa1,2026-10-07T23:04:05.992264,NEU-DET,inclusion,inclusion_29.jpg,4x4,4,4,8,NEQR,1024,aer,12,4,8,143,103,75,"{""h"": 4, ""x"": 64, ""mcx"": 75}",0.0011631250381469727,0.0022232079645618796,2.337503246963024e-05,2.037500962615013e-05,0.003991584002505988,0.0,100.0,1.0
f86f57a8,2026-10-07T23:04:06.003590,NEU-DET,inclusion,inclusion_3.jpg,4x4,4,4,8,FRQI,1024,aer,5,4,1,1092,705,384,"{""h"": 132, ""x"": 64, ""cx"": 384, ""tdg"": 192, ""t"": 256, ""ry"": 64}",0.0011641249875538051,0.005080999981146306,3.6207959055900574e-05,7.345899939537048e-05,0.00794654100900516,0.0027864334015826253,25.549513325362984,0.4594247091762939
432ff75e,2026-10-07T23:04:06.017943,NEU-DET,inclusion,inclusion_3.jpg,4x4,4,4,8,NEQR,1024,aer,12,4,8,129,89,61,"{""h"": 4, ""x"": 64, ""mcx"": 61}",0.0009909170330502093,0.001851750013884157,2.3500004317611456e-05,1.9708997569978237e-05,0.003394459025003016,0.0,100.0,1.0
9bc47f06,2026-10-07T23:04:06.027562,NEU-DET,inclusion,inclusion_30.jpg,4x4,4,4,8,FRQI,1024,aer,5,4,1,1092,705,384,"{""h"": 132, ""x"": 64, ""cx"": 384, ""tdg"": 192, ""t"": 256, ""ry"": 64}",0.0011700420291163027,0.005183166998904198,3.470800584182143e-05,6.550003308802843e-05,0.008056875027250499,0.001330852322504752,28.75870133165101,0.6938933637584086
cf08d270,2026-10-07T23:04:06.042272,NEU-DET,inclusion,inclusion_30.jpg,4x4,4,4,8,NEQR,1024,aer,12,4,8,125,85,57,"{""h"": 4, ""x"": 64, ""mcx"": 57}",0.000886125024408102,0.0017741660121828318,2.1666986867785454e-05,1.82920484803617e-05,0.0031674999627284706,0.0,100.0,1.0
7305c41e,2026-10-07T23:04:06.051544,NEU-DET,inclusion,inclusion_31.jpg,4x4,4,4,8,FRQI,1024,aer,5,4,1,1092,705,384,"{""h"": 132, ""x"": 64, ""cx"": 384, ""tdg"": 192, ""t"": 256, ""ry"": 64}",0.0013043329818174243,0.005128624965436757,0.00010054197628051043,0.00013391696847975254,0.008288708049803972,0.002428510071341883,26.14660091112446,0.4837143061085689
56dfb877,2026-10-07T23:04:06.065810,NEU-DET,inclusion,inclusion_31.jpg,4x4,4,4,8,NEQR,1024,aer,12,4,8,140,100,72,"{""h"": 4, ""x"": 64, ""mcx"": 72}",0.0011059580137953162,0.002110999950673431,2.4875043891370296e-05,1.9666971638798714e-05,0.0037727910093963146,0.0,100.0,1.0
05a34289,2026-10-07T23:04:06.075785,NEU-DET,inclusion,inclusion_32.jpg,4x4,4,4,8,FRQI,1024,aer,5,4,1,1092,705,384,"{""h"": 132, ""x"": 64, ""cx"": 384, ""tdg"": 192, ""t"": 256, ""ry"": 64}",0.0011594169773161411,0.005141125002410263,3.229198046028614e-05,6.216601468622684e-05,0.007971207960508764,0.0014165161875050669,28.48778458133338,0.756635729148373
b805f86e,2026-10-07T23:04:06.089786,NEU-DET,inclusion,inclusion_32.jpg,4x4,4,4,8,NEQR,1024,aer,12,4,8,134,94,66,"{""h"": 4, ""x"": 64, ""mcx"": 66}",0.001018207985907793,0.001912292034830898,2.3667002096772194e-05,2.158299321308732e-05,0.0034793749800883234,0.0,100.0,1.0
0afa269d,2026-10-07T23:04:06.099502,NEU-DET,inclusion,inclusion_33.jpg,4x4,4,4,8,FRQI,1024,aer,5,4,1,1092,705,384,"{""h"": 132, ""x"": 64, ""cx"": 384, ""tdg"": 192, ""t"": 256, ""ry"": 64}",0.0011137499823234975,0.0051640410092659295,3.504101186990738e-05,6.437499541789293e-05,0.007957833004184067,0.0015851879155786971,27.999192470983157,0.7250607947973464
699d1c12,2026-10-07T23:04:06.113398,NEU-DET,inclusion,inclusion_33.jpg,4x4,4,4,8,NEQR,1024,aer,12,4,8,123,83,55,"{""h"": 4, ""x"": 64, ""mcx"": 55}",0.0008535830420441926,0.0016891670529730618,2.1499989088624716e-05,1.7707992810755968e-05,0.0030301250517368317,0.0,100.0,1.0
793692a1,2026-10-07T23:04:06.122486,NEU-DET,inclusion,inclusion_34.jpg,4x4,4,4,8,FRQI,1024,aer,5,4,1,1092,705,384,"{""h"": 132, ""x"": 64, ""cx"": 384, ""tdg"": 192, ""t"": 256, ""ry"": 64}",0.0012160000042058527,0.005211750045418739,3.366696182638407e-05,6.087496876716614e-05,0.008119750011246651,0.0018610665457205896,27.302380976255215,0.7274518599870781
6432c32d,2026-10-07T23:04:06.136571,NEU-DET,inclusion,inclusion_34.jpg,4x4,4,4,8,NEQR,1024,aer,12,4,8,124,84,56,"{""h"": 4, ""x"": 64, ""mcx"": 56}",0.00089291698532179,0.002798291970975697,2.3292028345167637e-05,1.9832979887723923e-05,0.00419670797418803,0.0,100.0,1.0
fc5f55b0,2026-10-07T23:04:06.146991,NEU-DET,inclusion,inclusion_35.jpg,4x4,4,4,8,FRQI,1024,aer,5,4,1,1092,705,384,"{""h"": 132, ""x"": 64, ""cx"": 384, ""tdg"": 192, ""t"": 256, ""ry"": 64}",0.0018608749960549176,0.00500854104757309,4.2208004742860794e-05,8.125003660097718e-05,0.009477542014792562,0.0021029558839782653,26.771698378917886,0.6293699336904411
e04fe5e6,2026-10-07T23:04:06.163084,NEU-DET,inclusion,inclusion_35.jpg,4x4,4,4,8,NEQR,1024,aer,12,4,8,127,87,59,"{""h"": 4, ""x"": 64, ""mcx"": 59}",0.0009161250200122595,0.0018247499829158187,2.6875000912696123e-05,2.3209024220705032e-05,0.0033644159557297826,0.0,100.0,1.0
0ee8dcb3,2026-10-07T23:04:06.172980,NEU-DET,inclusion,inclusion_36.jpg,4x4,4,4,8,FRQI,1024,aer,5,4,1,1092,705,384,"{""h"": 132, ""x"": 64, ""cx"": 384, ""tdg"": 192, ""t"": 256, ""ry"": 64}",0.0011636249837465584,0.005649957980494946,3.733299672603607e-05,7.474998710677028e-05,0.008494457986671478,0.0019924013611201507,27.006231702488446,0.7827992832254225
87f2dcb6,2026-10-07T23:04:06.188159,NEU-DET,inclusion,inclusion_36.jpg,4x4,4,4,8,NEQR,1024,aer,12,4,8,127,87,59,"{""h"": 4, ""x"": 64, ""mcx"": 59}",0.0014766249805688858,0.001770583970937878,2.6333960704505444e-05,2.4500011932104826e-05,0.004268208984285593,0.0,100.0,1.0
46c42e16,2026-10-07T23:04:06.199255,NEU-DET,inclusion,inclusion_37.jpg,4x4,4,4,8,FRQI,1024,aer,5,4,1,1092,705,384,"{""h"": 132, ""x"": 64, ""cx"": 384, ""tdg"": 192, ""t"": 256, ""ry"": 64}",0.0017930419999174774,0.0058504170156084,3.7375022657215595e-05,7.61249684728682e-05,0.009365875041112304,0.0011968686007846428,29.21953526357631,0.6162968466606678
bc5058a6,2026-10-07T23:04:06.215513,NEU-DET,inclusion,inclusion_37.jpg,4x4,4,4,8,NEQR,1024,aer,12,4,8,121,81,53,"{""h"": 4, ""x"": 64, ""mcx"": 53}",0.0009171250276267529,0.002453833003528416,2.5708985049277544e-05,2.258300082758069e-05,0.003941208007745445,0.0,100.0,1.0
acbb5c28,2026-10-07T23:04:06.230615,NEU-DET,inclusion,inclusion_38.jpg,4x4,4,4,8,FRQI,1024,aer,5,4,1,1092,705,384,"{""h"": 132, ""x"": 64, ""cx"": 384, ""tdg"": 192, ""t"": 256, ""ry"": 64}",0.0011996669927611947,0.005237708974163979,3.950000973418355e-05,7.65420263633132e-05,0.008134291972965002,0.0019788954937251945,27.035771404560045,0.6681066835680405
e2947243,2026-10-07T23:04:06.245269,NEU-DET,inclusion,inclusion_38.jpg,4x4,4,4,8,NEQR,1024,aer,12,4,8,122,82,54,"{""h"": 4, ""x"": 64, ""mcx"": 54}",0.0018757079960778356,0.0018430000054650009,2.7375004719942808e-05,2.5040993932634592e-05,0.004300375003367662,0.0,100.0,1.0
1a91dda4,2026-10-07T23:04:06.257149,NEU-DET,inclusion,inclusion_39.jpg,4x4,4,4,8,FRQI,1024,aer,5,4,1,1092,705,384,"{""h"": 132, ""x"": 64, ""cx"": 384, ""tdg"": 192, ""t"": 256, ""ry"": 64}",0.001770791015587747,0.005631082982290536,4.7250010538846254e-05,8.379202336072922e-05,0.010051957971882075,0.0011426587036370698,29.420834679958038,0.7670281506471402
352a10e5,2026-10-07T23:04:06.273877,NEU-DET,inclusion,inclusion_39.jpg,4x4,4,4,8,NEQR,1024,aer,12,4,8,126,86,58,"{""h"": 4, ""x"": 64, ""mcx"": 58}",0.0009172499994747341,0.0027329589938744903,5.512498319149017e-05,4.2249972466379404e-05,0.004372542025521398,0.0,100.0,1.0
5b87660b,2026-10-07T23:04:06.288608,NEU-DET,inclusion,inclusion_4.jpg,4x4,4,4,8,FRQI,1024,aer,5,4,1,1092,705,384,"{""h"": 132, ""x"": 64, ""cx"": 384, ""tdg"": 192, ""t"": 256, ""ry"": 64}",0.0014428750146180391,0.0075551249901764095,4.3290958274155855e-05,7.916701724752784e-05,0.011041709047276527,0.0028101255085839516,25.512742827752813,0.5463545020698033
f727aeda,2026-10-07T23:04:06.307947,NEU-DET,inclusion,inclusion_4.jpg,4x4,4,4,8,NEQR,1024,aer,12,4,8,141,101,73,"{""h"": 4, ""x"": 64, ""mcx"": 73}",0.012027833960019052,0.004949291993398219,2.7999980375170708e-05,2.7125002816319466e-05,0.017739499977324158,0.0,100.0,1.0
98354748,2026-10-07T23:04:06.336960,NEU-DET,inclusion,inclusion_40.jpg,4x4,4,4,8,FRQI,1024,aer,5,4,1,1092,705,384,"{""h"": 132, ""x"": 64, ""cx"": 384, ""tdg"": 192, ""t"": 256, ""ry"": 64}",0.018062249990180135,0.005907249986194074,4.5833003241568804e-05,8.216698188334703e-05,0.025679290993139148,0.0028142336672268174,25.506398457164444,0.5649817773577328
14ae2b57,2026-10-07T23:04:06.373623,NEU-DET,inclusion,inclusion_40.jpg,4x4,4,4,8,NEQR,1024,aer,12,4,8,138,98,70,"{""h"": 4, ""x"": 64, ""mcx"": 70}",0.002360584039706737,0.0034538329928182065,3.0374969355762005e-05,2.9041024390608072e-05,0.0069796249736100435,0.0,100.0,1.0
638ca462,2026-10-07T23:04:06.388596,NEU-DET,inclusion,inclusion_41.jpg,4x4,4,4,8,FRQI,1024,aer,5,4,1,1092,705,384,"{""h"": 132, ""x"": 64, ""cx"": 384, ""tdg"": 192, ""t"": 256, ""ry"": 64}",0.0016120410291478038,0.005685375013854355,4.133302718400955e-05,8.020800305530429e-05,0.010716916003730148,0.00244483717831955,26.117500587947433,0.748097803574121
8dee74b7,2026-10-07T23:04:06.406026,NEU-DET,inclusion,inclusion_41.jpg,4x4,4,4,8,NEQR,1024,aer,12,4,8,126,86,58,"{""h"": 4, ""x"": 64, ""mcx"": 58}",0.0009332500048913062,0.002392916998360306,6.212497828528285e-05,5.150004290044308e-05,0.004104625026229769,0.0,100.0,1.0
a5affa9b,2026-10-07T23:04:06.418567,NEU-DET,inclusion,inclusion_42.jpg,4x4,4,4,8,FRQI,1024,aer,5,4,1,1092,705,384,"{""h"": 132, ""x"": 64, ""cx"": 384, ""tdg"": 192, ""t"": 256, ""ry"": 64}",0.0012847499456256628,0.006493709050118923,3.975001163780689e-05,8.1458012573421e-05,0.010983666987158358,0.0019927557490850107,27.005459292599745,0.6379373226125713
e62e5520,2026-10-07T23:04:06.436377,NEU-DET,inclusion,inclusion_42.jpg,4x4,4,4,8,NEQR,1024,aer,12,4,8,126,86,58,"{""h"": 4, ""x"": 64, ""mcx"": 58}",0.0009563749772496521,0.002187958045396954,5.6541990488767624e-05,4.554103361442685e-05,0.0040651249582879245,0.0,100.0,1.0
675f9468,2026-10-07T23:04:06.448362,NEU-DET,inclusion,inclusion_43.jpg,4x4,4,4,8,FRQI,1024,aer,5,4,1,1092,705,384,"{""h"": 132, ""x"": 64, ""cx"": 384, ""tdg"": 192, ""t"": 256, ""ry"": 64}",0.0014877499779686332,0.0069651660160161555,4.600000102072954e-05,8.716597221791744e-05,0.01124937500571832,0.0028549730636495078,25.44397984918507,0.5474739100013852
edbec240,2026-10-07T23:04:06.470586,NEU-DET,inclusion,inclusion_43.jpg,4x4,4,4,8,NEQR,1024,aer,12,4,8,142,102,74,"{""h"": 4, ""x"": 64, ""mcx"": 74}",0.0011291250120848417,0.002934583986643702,5.604198668152094e-05,4.458398325368762e-05,0.004877999948803335,0.0,100.0,1.0
18f98f66,2026-10-07T23:04:06.483787,NEU-DET,inclusion,inclusion_44.jpg,4x4,4,4,8,FRQI,1024,aer,5,4,1,1092,705,384,"{""h"": 132, ""x"": 64, ""cx"": 384, ""tdg"": 192, ""t"": 256, ""ry"": 64}",0.0013080000062473118,0.005768999981228262,3.833399387076497e-05,7.97079992480576e-05,0.008923665969632566,0.0024104278748878307,26.1790585899817,0.4115393686154631
d587a5c4,2026-10-07T23:04:06.499950,NEU-DET,inclusion,inclusion_44.jpg,4x4,4,4,8,NEQR,1024,aer,12,4,8,141,101,73,"{""h"": 4, ""x"": 64, ""mcx"": 73}",0.0011233330005779862,0.003219707985408604,2.820801455527544e-05,2.4499953724443913e-05,0.004981749982107431,0.0,100.0,1.0
4273f7fe,2026-10-07T23:04:06.511727,NEU-DET,inclusion,inclusion_45.jpg,4x4,4,4,8,FRQI,1024,aer,5,4,1,1092,705,384,"{""h"": 132, ""x"": 64, ""cx"": 384, ""tdg"": 192, ""t"": 256, ""ry"": 64}",0.001474957971367985,0.005116917018312961,3.829202614724636e-05,7.575005292892456e-05,0.008468499989248812,0.002542524406109342,25.947348695211513,0.42823615794313935
01448edd,2026-10-07T23:04:06.528308,NEU-DET,inclusion,inclusion_45.jpg,4x4,4,4,8,NEQR,1024,aer,12,4,8,136,96,68,"{""h"": 4, ""x"": 64, ""mcx"": 68}",0.0019407920190133154,0.0021500830189324915,6.0624966863542795e-05,4.7708977945148945e-05,0.005106750002596527,0.0,100.0,1.0
1d92fb70,2026-10-07T23:04:06.546821,NEU-DET,inclusion,inclusion_46.jpg,4x4,4,4,8,FRQI,1024,aer,5,4,1,1092,705,384,"{""h"": 132, ""x"": 64, ""cx"": 384, ""tdg"": 192, ""t"": 256, ""ry"": 64}",0.0019837499712593853,0.009483291010838002,4.020804772153497e-05,8.566700853407383e-05,0.013465332973282784,0.0020023268241400926,26.984650345808475,0.6029701720773333
44be354b,2026-10-07T23:04:06.574489,NEU-DET,inclusion,inclusion_46.jpg,4x4,4,4,8,NEQR,1024,aer,12,4,8,116,76,48,"{""h"": 4, ""x"": 64, ""mcx"": 48}",0.0017742080381140113,0.002730540989432484,3.1167000997811556e-05,2.7125002816319466e-05,0.0055032080272212625,0.0,100.0,1.0
e6304c29,2026-10-07T23:04:06.588108,NEU-DET,inclusion,inclusion_47.jpg,4x4,4,4,8,FRQI,1024,aer,5,4,1,1092,705,384,"{""h"": 132, ""x"": 64, ""cx"": 384, ""tdg"": 192, ""t"": 256, ""ry"": 64}",0.0031571669969707727,0.010591500031296164,3.8833997678011656e-05,8.370901923626661e-05,0.017177333997096866,0.0010794308660940356,29.66805167535712,0.7328864245971481
da0b9fc3,2026-10-07T23:04:06.617372,NEU-DET,inclusion,inclusion_47.jpg,4x4,4,4,8,NEQR,1024,aer,12,4,8,123,83,55,"{""h"": 4, ""x"": 64, ""mcx"": 55}",0.00183516601100564,0.0019739159615710378,3.3374992199242115e-05,3.0207971576601267e-05,0.004839457978960127,0.0,100.0,1.0
39ea3e12,2026-10-07T23:04:06.629468,NEU-DET,inclusion,inclusion_48.jpg,4x4,4,4,8,FRQI,1024,aer,5,4,1,1092,705,384,"{""h"": 132, ""x"": 64, ""cx"": 384, ""tdg"": 192, ""t"": 256, ""ry"": 64}",0.0023992499918676913,0.005425499984994531,3.8833997678011656e-05,7.758301217108965e-05,0.010682999971322715,0.0022654737811901825,26.44840959638102,0.5147857577863151
65bc6282,2026-10-07T23:04:06.648504,NEU-DET,inclusion,inclusion_48.jpg,4x4,4,4,8,NEQR,1024,aer,12,4,8,127,87,59,"{""h"": 4, ""x"": 64, ""mcx"": 59}",0.0010337919811718166,0.0019606249989010394,2.6708992663770914e-05,2.2541964426636696e-05,0.003592457971535623,0.0,100.0,1.0
a55c06cf,2026-10-07T23:04:06.658788,NEU-DET,inclusion,inclusion_49.jpg,4x4,4,4,8,FRQI,1024,aer,5,4,1,1092,705,384,"{""h"": 132, ""x"": 64, ""cx"": 384, ""tdg"": 192, ""t"": 256, ""ry"": 64}",0.0025405000196769834,0.005638208007439971,4.1791005060076714e-05,7.908296538516879e-05,0.009977957990486175,0.0016171752875100672,27.912429038582832,0.6304973201397991
eb1ea11b,2026-10-07T23:04:06.675506,NEU-DET,inclusion,inclusion_49.jpg,4x4,4,4,8,NEQR,1024,aer,12,4,8,122,82,54,"{""h"": 4, ""x"": 64, ""mcx"": 54}",0.0009205000242218375,0.0018332499894313514,2.8375012334436178e-05,2.212502295151353e-05,0.003332209016662091,0.0,100.0,1.0
5055811e,2026-10-07T23:04:06.685584,NEU-DET,inclusion,inclusion_5.jpg,4x4,4,4,8,FRQI,1024,aer,5,4,1,1092,705,384,"{""h"": 132, ""x"": 64, ""cx"": 384, ""tdg"": 192, ""t"": 256, ""ry"": 64}",0.0012157500023022294,0.005479416984599084,3.749999450519681e-05,7.229199400171638e-05,0.008516457979567349,0.0025507246507072757,25.933364207052378,0.7569356033728908
033be253,2026-10-07T23:04:06.705155,NEU-DET,inclusion,inclusion_5.jpg,4x4,4,4,8,NEQR,1024,aer,12,4,8,134,94,66,"{""h"": 4, ""x"": 64, ""mcx"": 66}",0.0010243330034427345,0.002254542021546513,2.8041948098689318e-05,2.19999928958714e-05,0.003892374981660396,0.0,100.0,1.0
f4ac73ce,2026-10-07T23:04:06.717479,NEU-DET,inclusion,inclusion_50.jpg,4x4,4,4,8,FRQI,1024,aer,5,4,1,1092,705,384,"{""h"": 132, ""x"": 64, ""cx"": 384, ""tdg"": 192, ""t"": 256, ""ry"": 64}",0.0011678750161081553,0.005320125026628375,3.791600465774536e-05,7.48750171624124e-05,0.008201625023502856,0.002849116580553643,25.452897798741482,0.4218668545939999
2a539e4e,2026-10-07T23:04:06.732805,NEU-DET,inclusion,inclusion_50.jpg,4x4,4,4,8,NEQR,1024,aer,12,4,8,131,91,63,"{""h"": 4, ""x"": 64, ""mcx"": 63}",0.0009682090021669865,0.0022908750106580555,2.3875036276876926e-05,2.0707957446575165e-05,0.003819708013907075,0.0,100.0,1.0
8ad80ffb,2026-10-07T23:04:06.745216,NEU-DET,inclusion,inclusion_51.jpg,4x4,4,4,8,FRQI,1024,aer,5,4,1,1092,705,384,"{""h"": 132, ""x"": 64, ""cx"": 384, ""tdg"": 192, ""t"": 256, ""ry"": 64}",0.001312499982304871,0.005782291991636157,4.5833003241568804e-05,8.458300726488233e-05,0.009710541053209454,0.002277940805394421,26.42457565693521,0.495741325261776
6a76728d,2026-10-07T23:04:06.766384,NEU-DET,inclusion,inclusion_51.jpg,4x4,4,4,8,NEQR,1024,aer,12,4,8,137,97,69,"{""h"": 4, ""x"": 64, ""mcx"": 69}",0.0010618750238791108,0.001973833015654236,2.3333006538450718e-05,2.2709020413458347e-05,0.0036580419982783496,0.0,100.0,1.0
80892571,2026-10-07T23:04:06.776958,NEU-DET,inclusion,inclusion_52.jpg,4x4,4,4,8,FRQI,1024,aer,5,4,1,1092,705,384,"{""h"": 132, ""x"": 64, ""cx"": 384, ""tdg"": 192, ""t"": 256, ""ry"": 64}",0.002590833988506347,0.005457874969579279,4.083302337676287e-05,7.829198148101568e-05,0.010394458018708974,0.00204135597053786,26.90081256645839,0.3926843480783812
975175ed,2026-10-07T23:04:06.794117,NEU-DET,inclusion,inclusion_52.jpg,4x4,4,4,8,NEQR,1024,aer,12,4,8,134,94,66,"{""h"": 4, ""x"": 64, ""mcx"": 66}",0.0011632079840637743,0.00298941700020805,3.170798299834132e-05,2.7916976250708103e-05,0.004902207991108298,0.0,100.0,1.0
24a2684a,2026-10-07T23:04:06.809517,NEU-DET,inclusion,inclusion_53.jpg,4x4,4,4,8,FRQI,1024,aer,5,4,1,1092,705,384,"{""h"": 132, ""x"": 64, ""cx"": 384, ""tdg"": 192, ""t"": 256, ""ry"": 64}",0.0021923749591223896,0.0053073749877512455,4.04169550165534e-05,7.866596570238471e-05,0.010116750025190413,0.0026978418443161334,25.689835135796226,0.4726609245399145
3b09c1d2,2026-10-07T23:04:06.826590,NEU-DET,inclusion,inclusion_53.jpg,4x4,4,4,8,NEQR,1024,aer,12,4,8,140,100,72,"{""h"": 4, ""x"": 64, ""mcx"": 72}",0.0024026670143939555,0.0029257499845698476,3.7416000850498676e-05,3.0334049370139837e-05,0.006450209009926766,0.0,100.0,1.0
aa05925d,2026-10-07T23:04:06.844732,NEU-DET,inclusion,inclusion_54.jpg,4x4,4,4,8,FRQI,1024,aer,5,4,1,1092,705,384,"{""h"": 132, ""x"": 64, ""cx"": 384, ""tdg"": 192, ""t"": 256, ""ry"": 64}",0.0014534589718095958,0.006891291995998472,3.862503217533231e-05,7.741700392216444e-05,0.01016187499044463,0.0024039918175806623,26.190670148663095,0.4314367862775552
9a5e5cb0,2026-10-07T23:04:06.864528,NEU-DET,inclusion,inclusion_54.jpg,4x4,4,4,8,NEQR,1024,aer,12,4,8,132,92,64,"{""h"": 4, ""x"": 64, ""mcx"": 64}",0.0021599589963443577,0.0020390840363688767,5.258299643173814e-05,4.237500252202153e-05,0.0053077079937793314,0.0,100.0,1.0
1fc9799d,2026-10-07T23:04:06.881096,NEU-DET,inclusion,inclusion_55.jpg,4x4,4,4,8,FRQI,1024,aer,5,4,1,1092,705,384,"{""h"": 132, ""x"": 64, ""cx"": 384, ""tdg"": 192, ""t"": 256, ""ry"": 64}",0.0012197920004837215,0.005171582975890487,4.033400909975171e-05,7.841596379876137e-05,0.008120083017274737,0.0014877879997687278,28.274589485549395,0.7014021836890464
002e8ee2,2026-10-07T23:04:06.897664,NEU-DET,inclusion,inclusion_55.jpg,4x4,4,4,8,NEQR,1024,aer,12,4,8,125,85,57,"{""h"": 4, ""x"": 64, ""mcx"": 57}",0.0016055000014603138,0.001888333004899323,2.6416033506393433e-05,2.400000812485814e-05,0.004158041963819414,0.0,100.0,1.0
b4276804,2026-10-07T23:04:06.909751,NEU-DET,inclusion,inclusion_56.jpg,4x4,4,4,8,FRQI,1024,aer,5,4,1,1092,705,384,"{""h"": 132, ""x"": 64, ""cx"": 384, ""tdg"": 192, ""t"": 256, ""ry"": 64}",0.001987875031773001,0.00526779203210026,4.029198316857219e-05,8.249998791143298e-05,0.0092902920441702,0.002006070003141718,26.976539160575204,0.6238681773251593
7c03f03a,2026-10-07T23:04:06.927716,NEU-DET,inclusion,inclusion_56.jpg,4x4,4,4,8,NEQR,1024,aer,12,4,8,130,90,62,"{""h"": 4, ""x"": 64, ""mcx"": 62}",0.0016349999932572246,0.0019805830088444054,2.412503818050027e-05,2.274999860674143e-05,0.004227458033710718,0.0,100.0,1.0
c69873d1,2026-10-07T23:04:06.940540,NEU-DET,inclusion,inclusion_57.jpg,4x4,4,4,8,FRQI,1024,aer,5,4,1,1092,705,384,"{""h"": 132, ""x"": 64, ""cx"": 384, ""tdg"": 192, ""t"": 256, ""ry"": 64}",0.0015751249738968909,0.007550582988187671,3.429100615903735e-05,7.366703357547522e-05,0.012337125022895634,0.002190455080368506,26.594656484653147,0.42082308555403275
23705f42,2026-10-07T23:04:06.959791,NEU-DET,inclusion,inclusion_57.jpg,4x4,4,4,8,NEQR,1024,aer,12,4,8,124,84,56,"{""h"": 4, ""x"": 64, ""mcx"": 56}",0.0019543340313248336,0.001958749955520034,2.9499991796910763e-05,2.7375004719942808e-05,0.004948124988004565,0.0,100.0,1.0
c4f4e9cb,2026-10-07T23:04:06.971570,NEU-DET,inclusion,inclusion_58.jpg,4x4,4,4,8,FRQI,1024,aer,5,4,1,1092,705,384,"{""h"": 132, ""x"": 64, ""cx"": 384, ""tdg"": 192, ""t"": 256, ""ry"": 64}",0.002109416003804654,0.007218374987132847,4.533299943432212e-05,8.625001646578312e-05,0.012667874980252236,0.0022767505958702907,26.426845410887196,0.33437815324445774
0276ab7d,2026-10-07T23:04:06.992745,NEU-DET,inclusion,inclusion_58.jpg,4x4,4,4,8,NEQR,1024,aer,12,4,8,132,92,64,"{""h"": 4, ""x"": 64, ""mcx"": 64}",0.002063749998342246,0.003386833006516099,2.824998227879405e-05,2.6334018912166357e-05,0.006443041958846152,0.0,100.0,1.0
89ef9cf1,2026-10-07T23:04:07.007981,NEU-DET,inclusion,inclusion_59.jpg,4x4,4,4,8,FRQI,1024,aer,5,4,1,1092,705,384,"{""h"": 132, ""x"": 64, ""cx"": 384, ""tdg"": 192, ""t"": 256, ""ry"": 64}",0.0025852079852484167,0.0068269590265117586,4.429201362654567e-05,0.00015774997882544994,0.012856875022407621,0.0022570003063207182,26.464683819796644,0.5498683561894213
ef72c29a,2026-10-07T23:04:07.032075,NEU-DET,inclusion,inclusion_59.jpg,4x4,4,4,8,NEQR,1024,aer,12,4,8,120,80,52,"{""h"": 4, ""x"": 64, ""mcx"": 52}",0.001821249956265092,0.0018121670000255108,2.7082976885139942e-05,2.516701351851225e-05,0.004616916994564235,0.0,100.0,1.0
0bd7444a,2026-10-07T23:04:07.048371,NEU-DET,inclusion,inclusion_6.jpg,4x4,4,4,8,FRQI,1024,aer,5,4,1,1092,705,384,"{""h"": 132, ""x"": 64, ""cx"": 384, ""tdg"": 192, ""t"": 256, ""ry"": 64}",0.0013032500282861292,0.0051828749710693955,4.1166029404848814e-05,7.633399218320847e-05,0.008211791981011629,0.002392424497636299,26.211617592051766,0.8080917870874476
bc1c365d,2026-10-07T23:04:07.066580,NEU-DET,inclusion,inclusion_6.jpg,4x4,4,4,8,NEQR,1024,aer,12,4,8,126,86,58,"{""h"": 4, ""x"": 64, ""mcx"": 58}",0.0019335830002091825,0.0029285409837029874,2.9166985768824816e-05,2.6292051188647747e-05,0.005875917035154998,0.0,100.0,1.0
5ece7c5b,2026-10-07T23:04:07.083087,NEU-DET,inclusion,inclusion_60.jpg,4x4,4,4,8,FRQI,1024,aer,5,4,1,1092,705,384,"{""h"": 132, ""x"": 64, ""cx"": 384, ""tdg"": 192, ""t"": 256, ""ry"": 64}",0.0012015840038657188,0.007589332992210984,4.058296326547861e-05,0.00016929098637774587,0.010902167006861418,0.0024605803696982117,26.089624450796446,0.2581010857011042
6b7c33b8,2026-10-07T23:04:07.102044,NEU-DET,inclusion,inclusion_60.jpg,4x4,4,4,8,NEQR,1024,aer,12,4,8,132,92,64,"{""h"": 4, ""x"": 64, ""mcx"": 64}",0.001171582960523665,0.0019754580571316183,2.679199678823352e-05,2.3416010662913322e-05,0.003767833986785263,0.0,100.0,1.0
41bb5bc1,2026-10-07T23:04:07.114128,NEU-DET,inclusion,inclusion_61.jpg,4x4,4,4,8,FRQI,1024,aer,5,4,1,1092,705,384,"{""h"": 132, ""x"": 64, ""cx"": 384, ""tdg"": 192, ""t"": 256, ""ry"": 64}",0.001566957973409444,0.005356083041988313,4.2832980398088694e-05,7.933302549645305e-05,0.008654624980408698,0.0017610928469391541,27.542177469001956,0.8017395750385868
a9c7feed,2026-10-07T23:04:07.129889,NEU-DET,inclusion,inclusion_61.jpg,4x4,4,4,8,NEQR,1024,aer,12,4,8,123,83,55,"{""h"": 4, ""x"": 64, ""mcx"": 55}",0.0008746660314500332,0.0017539170221425593,2.6708992663770914e-05,2.3625034373253584e-05,0.0031876250286586583,0.0,100.0,1.0
f173a06e,2026-10-07T23:04:07.139930,NEU-DET,inclusion,inclusion_62.jpg,4x4,4,4,8,FRQI,1024,aer,5,4,1,1092,705,384,"{""h"": 132, ""x"": 64, ""cx"": 384, ""tdg"": 192, ""t"": 256, ""ry"": 64}",0.0023682499886490405,0.00539674999890849,3.9583013858646154e-05,0.00016599998343735933,0.010184457991272211,0.002038597931922177,26.9066842069855,0.2825453848278311
f3fd2bbf,2026-10-07T23:04:07.157442,NEU-DET,inclusion,inclusion_62.jpg,4x4,4,4,8,NEQR,1024,aer,12,4,8,134,94,66,"{""h"": 4, ""x"": 64, ""mcx"": 66}",0.0023026670096442103,0.0021849580225534737,2.816703636199236e-05,2.2666994482278824e-05,0.005125499970745295,0.0,100.0,1.0
b346c5e4,2026-10-07T23:04:07.169432,NEU-DET,inclusion,inclusion_63.jpg,4x4,4,4,8,FRQI,1024,aer,5,4,1,1092,705,384,"{""h"": 132, ""x"": 64, ""cx"": 384, ""tdg"": 192, ""t"": 256, ""ry"": 64}",0.0012297080247662961,0.005316250026226044,4.150002496317029e-05,7.462501525878906e-05,0.008317874977365136,0.0022435044648652378,26.490730618276285,0.4400365076447473
41aeef45,2026-10-07T23:04:07.184812,NEU-DET,inclusion,inclusion_63.jpg,4x4,4,4,8,NEQR,1024,aer,12,4,8,134,94,66,"{""h"": 4, ""x"": 64, ""mcx"": 66}",0.0010516670299693942,0.0020055000204592943,2.2291962523013353e-05,1.8832972273230553e-05,0.003668165998533368,0.0,100.0,1.0
8ae32e89,2026-10-07T23:04:07.195277,NEU-DET,inclusion,inclusion_64.jpg,4x4,4,4,8,FRQI,1024,aer,5,4,1,1092,705,384,"{""h"": 132, ""x"": 64, ""cx"": 384, ""tdg"": 192, ""t"": 256, ""ry"": 64}",0.0012986250221729279,0.0053229579934850335,3.879197174683213e-05,7.48750171624124e-05,0.009807583002839237,0.002649007998063073,25.769167304496868,0.7181953669789102
5f24ef1b,2026-10-07T23:04:07.212193,NEU-DET,inclusion,inclusion_64.jpg,4x4,4,4,8,NEQR,1024,aer,12,4,8,142,102,74,"{""h"": 4, ""x"": 64, ""mcx"": 74}",0.0011566249886527658,0.0022594580077566206,2.8332986403256655e-05,2.5374989490956068e-05,0.0043517499580048025,0.0,100.0,1.0
518e00ea,2026-10-07T23:04:07.224931,NEU-DET,inclusion,inclusion_65.jpg,4x4,4,4,8,FRQI,1024,aer,5,4,1,1092,705,384,"{""h"": 132, ""x"": 64, ""cx"": 384, ""tdg"": 192, ""t"": 256, ""ry"": 64}",0.001250833971425891,0.005483874992933124,3.420800203457475e-05,6.883300375193357e-05,0.008509042032528669,0.0018625054131263452,27.29902456358201,0.5646380036251722
e3bb2884,2026-10-07T23:04:07.240178,NEU-DET,inclusion,inclusion_65.jpg,4x4,4,4,8,NEQR,1024,aer,12,4,8,131,91,63,"{""h"": 4, ""x"": 64, ""mcx"": 63}",0.0010313329985365272,0.002156958042178303,2.4500011932104826e-05,2.1541956812143326e-05,0.003756667021661997,0.0,100.0,1.0
ea163d5f,2026-10-07T23:04:07.250952,NEU-DET,inclusion,inclusion_66.jpg,4x4,4,4,8,FRQI,1024,aer,5,4,1,1092,705,384,"{""h"": 132, ""x"": 64, ""cx"": 384, ""tdg"": 192, ""t"": 256, ""ry"": 64}",0.001204208005219698,0.005393249972257763,3.566598752513528e-05,7.150002056732774e-05,0.008333667006809264,0.0024635028854488603,26.084469247088272,0.7950919841590715
62a2b168,2026-10-07T23:04:07.266411,NEU-DET,inclusion,inclusion_66.jpg,4x4,4,4,8,NEQR,1024,aer,12,4,8,130,90,62,"{""h"": 4, ""x"": 64, ""mcx"": 62}",0.0009893749956972897,0.002261958026792854,2.779200440272689e-05,2.3874978069216013e-05,0.0038452919689007103,0.0,100.0,1.0
a500a1f4,2026-10-07T23:04:07.277383,NEU-DET,inclusion,inclusion_67.jpg,4x4,4,4,8,FRQI,1024,aer,5,4,1,1092,705,384,"{""h"": 132, ""x"": 64, ""cx"": 384, ""tdg"": 192, ""t"": 256, ""ry"": 64}",0.0021781250252388418,0.005343750002793968,3.6792014725506306e-05,7.512501906603575e-05,0.009387458034325391,0.0024763291698541613,26.061916265543896,0.6365935616651118
0f885278,2026-10-07T23:04:07.293839,NEU-DET,inclusion,inclusion_67.jpg,4x4,4,4,8,NEQR,1024,aer,12,4,8,138,98,70,"{""h"": 4, ""x"": 64, ""mcx"": 70}",0.0011074580252170563,0.0022084999945946038,2.500001573935151e-05,2.3374974261969328e-05,0.003927209007088095,0.0,100.0,1.0
d535757f,2026-10-07T23:04:07.305766,NEU-DET,inclusion,inclusion_68.jpg,4x4,4,4,8,FRQI,1024,aer,5,4,1,1092,705,384,"{""h"": 132, ""x"": 64, ""cx"": 384, ""tdg"": 192, ""t"": 256, ""ry"": 64}",0.0013246249873191118,0.005273957969620824,4.012498538941145e-05,7.687503239139915e-05,0.008337208011653274,0.001790402405355962,27.470493473527448,0.7957202462508722
5e8b3d02,2026-10-07T23:04:07.321230,NEU-DET,inclusion,inclusion_68.jpg,4x4,4,4,8,NEQR,1024,aer,12,4,8,125,85,57,"{""h"": 4, ""x"": 64, ""mcx"": 57}",0.0009257079800590873,0.002107500040438026,2.220796886831522e-05,1.9499973859637976e-05,0.0035619590198621154,0.0,100.0,1.0
a22fdf0f,2026-10-07T23:04:07.332797,NEU-DET,inclusion,inclusion_69.jpg,4x4,4,4,8,FRQI,1024,aer,5,4,1,1092,705,384,"{""h"": 132, ""x"": 64, ""cx"": 384, ""tdg"": 192, ""t"": 256, ""ry"": 64}",0.001201624982059002,0.00522329198429361,3.32500203512609e-05,6.42910017631948e-05,0.008150000008754432,0.0023428173226237563,26.302615734898616,0.7423845340571217
d4207ab2,2026-10-07T23:04:07.347747,NEU-DET,inclusion,inclusion_69.jpg,4x4,4,4,8,NEQR,1024,aer,12,4,8,128,88,60,"{""h"": 4, ""x"": 64, ""mcx"": 60}",0.0009642499499022961,0.002094375027809292,2.216699067503214e-05,1.89170241355896e-05,0.0035864579840563238,0.0,100.0,1.0
7ec1bfbc,2026-10-07T23:04:07.358201,NEU-DET,inclusion,inclusion_7.jpg,4x4,4,4,8,FRQI,1024,aer,5,4,1,1092,705,384,"{""h"": 132, ""x"": 64, ""cx"": 384, ""tdg"": 192, ""t"": 256, ""ry"": 64}",0.001291374966967851,0.005416166037321091,3.825000021606684e-05,6.804201984778047e-05,0.00854070798959583,0.002597179596068129,25.85498017685093,0.5020566539098732
44b70d92,2026-10-07T23:04:07.373607,NEU-DET,inclusion,inclusion_7.jpg,4x4,4,4,8,NEQR,1024,aer,12,4,8,130,90,62,"{""h"": 4, ""x"": 64, ""mcx"": 62}",0.0009904159815050662,0.0019771669758483768,2.2916006855666637e-05,1.85410026460886e-05,0.003500582999549806,0.0,100.0,1.0
0e855495,2026-10-07T23:04:07.384819,NEU-DET,inclusion,inclusion_70.jpg,4x4,4,4,8,FRQI,1024,aer,5,4,1,1092,705,384,"{""h"": 132, ""x"": 64, ""cx"": 384, ""tdg"": 192, ""t"": 256, ""ry"": 64}",0.0012471670052036643,0.004972708004061133,3.7165998946875334e-05,6.84160040691495e-05,0.008032165991608053,0.0022613715370524015,26.45628078417248,0.6585018127895763
f171565f,2026-10-07T23:04:07.399685,NEU-DET,inclusion,inclusion_70.jpg,4x4,4,4,8,NEQR,1024,aer,12,4,8,135,95,67,"{""h"": 4, ""x"": 64, ""mcx"": 67}",0.0010543750249780715,0.0020598749979399145,2.120796125382185e-05,1.77919864654541e-05,0.0036539589636959136,0.0,100.0,1.0
9c196338,2026-10-07T23:04:07.411168,NEU-DET,inclusion,inclusion_71.jpg,4x4,4,4,8,FRQI,1024,aer,5,4,1,1092,705,384,"{""h"": 132, ""x"": 64, ""cx"": 384, ""tdg"": 192, ""t"": 256, ""ry"": 64}",0.0012618330074474216,0.00537808402441442,3.612501313909888e-05,6.425002356991172e-05,0.008365917019546032,0.0019916432343305944,27.007884546864926,0.7876656624913053
86a91c6e,2026-10-07T23:04:07.426401,NEU-DET,inclusion,inclusion_71.jpg,4x4,4,4,8,NEQR,1024,aer,12,4,8,138,98,70,"{""h"": 4, ""x"": 64, ""mcx"": 70}",0.001073917024768889,0.002080083009786904,2.354203024879098e-05,2.1084037143737078e-05,0.003730083000846207,0.0,100.0,1.0
8b01be5a,2026-10-07T23:04:07.438238,NEU-DET,inclusion,inclusion_72.jpg,4x4,4,4,8,FRQI,1024,aer,5,4,1,1092,705,384,"{""h"": 132, ""x"": 64, ""cx"": 384, ""tdg"": 192, ""t"": 256, ""ry"": 64}",0.0014544589794240892,0.005371957959141582,3.712502075359225e-05,6.499997107312083e-05,0.008532833016943187,0.002141481497155477,26.69285673645647,0.8391435929390588
ceafdaeb,2026-10-07T23:04:07.453934,NEU-DET,inclusion,inclusion_72.jpg,4x4,4,4,8,NEQR,1024,aer,12,4,8,134,94,66,"{""h"": 4, ""x"": 64, ""mcx"": 66}",0.0010527910199016333,0.002141250006388873,2.4250010028481483e-05,2.012500772252679e-05,0.0037608749698847532,0.0,100.0,1.0
002569ca,2026-10-07T23:04:07.465123,NEU-DET,inclusion,inclusion_73.jpg,4x4,4,4,8,FRQI,1024,aer,5,4,1,1092,705,384,"{""h"": 132, ""x"": 64, ""cx"": 384, ""tdg"": 192, ""t"": 256, ""ry"": 64}",0.0012417079997248948,0.006060082989279181,3.69579647667706e-05,7.591699250042439e-05,0.009081457974389195,0.0014730787335595573,28.317740402336447,0.8352904786216024
ec19ee57,2026-10-07T23:04:07.481886,NEU-DET,inclusion,inclusion_73.jpg,4x4,4,4,8,NEQR,1024,aer,12,4,8,119,79,51,"{""h"": 4, ""x"": 64, ""mcx"": 51}",0.0008326249662786722,0.0017887920257635415,2.4499953724443913e-05,2.1292013116180897e-05,0.003168499970342964,0.0,100.0,1.0
974087c4,2026-10-07T23:04:07.492802,NEU-DET,inclusion,inclusion_74.jpg,4x4,4,4,8,FRQI,1024,aer,5,4,1,1092,705,384,"{""h"": 132, ""x"": 64, ""cx"": 384, ""tdg"": 192, ""t"": 256, ""ry"": 64}",0.0022129170247353613,0.005300457996781915,3.504101186990738e-05,7.229100447148085e-05,0.010596875043120235,0.001692584756500501,27.714495747203117,0.7992155136545647
bebc97fe,2026-10-07T23:04:07.510445,NEU-DET,inclusion,inclusion_74.jpg,4x4,4,4,8,NEQR,1024,aer,12,4,8,119,79,51,"{""h"": 4, ""x"": 64, ""mcx"": 51}",0.0009282079990953207,0.0018334590131416917,2.441700780764222e-05,2.0915991626679897e-05,0.0033272499567829072,0.0,100.0,1.0
6fbcbd79,2026-10-07T23:04:07.520659,NEU-DET,inclusion,inclusion_75.jpg,4x4,4,4,8,FRQI,1024,aer,5,4,1,1092,705,384,"{""h"": 132, ""x"": 64, ""cx"": 384, ""tdg"": 192, ""t"": 256, ""ry"": 64}",0.0011945829610340297,0.005260416015516967,3.533298149704933e-05,6.970897084102035e-05,0.008181541983503848,0.0016383839273456753,27.855843211408605,0.7394129367816752
8c4b208b,2026-10-07T23:04:07.535728,NEU-DET,inclusion,inclusion_75.jpg,4x4,4,4,8,NEQR,1024,aer,12,4,8,121,81,53,"{""h"": 4, ""x"": 64, ""mcx"": 53}",0.000869500043336302,0.0016615000204183161,2.037500962615013e-05,1.8125050701200962e-05,0.0030265420209616423,0.0,100.0,1.0
f89f0513,2026-10-07T23:04:07.546577,NEU-DET,inclusion,inclusion_76.jpg,4x4,4,4,8,FRQI,1024,aer,5,4,1,1092,705,384,"{""h"": 132, ""x"": 64, ""cx"": 384, ""tdg"": 192, ""t"": 256, ""ry"": 64}",0.0012481670128181577,0.005189625022467226,3.38749960064888e-05,6.241595838218927e-05,0.008141125028487295,0.0018315411760632372,27.371833132341976,0.8210170542623567
cd9c76fc,2026-10-07T23:04:07.561475,NEU-DET,inclusion,inclusion_76.jpg,4x4,4,4,8,NEQR,1024,aer,12,4,8,126,86,58,"{""h"": 4, ""x"": 64, ""mcx"": 58}",0.0009261660161428154,0.0018522499594837427,2.274999860674143e-05,1.9499973859637976e-05,0.00329799996688962,0.0,100.0,1.0
4c456238,2026-10-07T23:04:07.572706,NEU-DET,inclusion,inclusion_77.jpg,4x4,4,4,8,FRQI,1024,aer,5,4,1,1092,705,384,"{""h"": 132, ""x"": 64, ""cx"": 384, ""tdg"": 192, ""t"": 256, ""ry"": 64}",0.0010972500313073397,0.005092208972200751,3.816699609160423e-05,7.083400851115584e-05,0.007832999981474131,0.0020088579982251087,26.970507614931066,0.7930697992213716
cb18b5d1,2026-10-07T23:04:07.587295,NEU-DET,inclusion,inclusion_77.jpg,4x4,4,4,8,NEQR,1024,aer,12,4,8,132,92,64,"{""h"": 4, ""x"": 64, ""mcx"": 64}",0.0009803750435821712,0.0019345000036992133,2.1916988771408796e-05,1.8624996300786734e-05,0.0034527090028859675,0.0,100.0,1.0
1981c8a1,2026-10-07T23:04:07.598462,NEU-DET,inclusion,inclusion_78.jpg,4x4,4,4,8,FRQI,1024,aer,5,4,1,1092,705,384,"{""h"": 132, ""x"": 64, ""cx"": 384, ""tdg"": 192, ""t"": 256, ""ry"": 64}",0.0011796249891631305,0.008141791971866041,3.2416952308267355e-05,6.220798240974545e-05,0.011010915972292423,0.002073815239200423,26.83229938482189,0.7663580892497526
2818985a,2026-10-07T23:04:07.616183,NEU-DET,inclusion,inclusion_78.jpg,4x4,4,4,8,NEQR,1024,aer,12,4,8,125,85,57,"{""h"": 4, ""x"": 64, ""mcx"": 57}",0.0009165829978883266,0.0017414579633623362,2.2584048565477133e-05,1.954101026058197e-05,0.0031702500418759882,0.0,100.0,1.0
7e834a97,2026-10-07T23:04:07.627267,NEU-DET,inclusion,inclusion_79.jpg,4x4,4,4,8,FRQI,1024,aer,5,4,1,1092,705,384,"{""h"": 132, ""x"": 64, ""cx"": 384, ""tdg"": 192, ""t"": 256, ""ry"": 64}",0.0011400419753044844,0.005037916998844594,3.470800584182143e-05,6.258301436901093e-05,0.007793958997353911,0.0012924587101685388,28.885833223016352,0.8125629703558542
cf437e38,2026-10-07T23:04:07.641796,NEU-DET,inclusion,inclusion_79.jpg,4x4,4,4,8,NEQR,1024,aer,12,4,8,123,83,55,"{""h"": 4, ""x"": 64, ""mcx"": 55}",0.00090954196639359,0.0016318749985657632,2.279097680002451e-05,1.912500010803342e-05,0.00304379197768867,0.0,100.0,1.0
1d94e4b5,2026-10-07T23:04:07.652666,NEU-DET,inclusion,inclusion_8.jpg,4x4,4,4,8,FRQI,1024,aer,5,4,1,1092,705,384,"{""h"": 132, ""x"": 64, ""cx"": 384, ""tdg"": 192, ""t"": 256, ""ry"": 64}",0.0011544589651748538,0.005064458004198968,3.529200330376625e-05,6.524997297674417e-05,0.00783583300653845,0.001851516263645173,27.32472468772339,0.38690974630909347
250338e0,2026-10-07T23:04:07.667225,NEU-DET,inclusion,inclusion_8.jpg,4x4,4,4,8,NEQR,1024,aer,12,4,8,131,91,63,"{""h"": 4, ""x"": 64, ""mcx"": 63}",0.0009378750110045075,0.0026666250196285546,2.2333988454192877e-05,1.954101026058197e-05,0.004124334023799747,0.0,100.0,1.0
7a23d1ba,2026-10-07T23:04:07.678176,NEU-DET,inclusion,inclusion_80.jpg,4x4,4,4,8,FRQI,1024,aer,5,4,1,1092,705,384,"{""h"": 132, ""x"": 64, ""cx"": 384, ""tdg"": 192, ""t"": 256, ""ry"": 64}",0.0011617080308496952,0.0053328339708969,8.608296047896147e-05,0.00015066703781485558,0.008356959035154432,0.0016912938571007389,27.717809285170773,0.6340865233035579
5727f86c,2026-10-07T23:04:07.693497,NEU-DET,inclusion,inclusion_80.jpg,4x4,4,4,8,NEQR,1024,aer,12,4,8,125,85,57,"{""h"": 4, ""x"": 64, ""mcx"": 57}",0.0009405410382896662,0.0018970000091940165,2.3957982193678617e-05,2.0499981474131346e-05,0.003378208028152585,0.0,100.0,1.0
af3d079b,2026-10-07T23:04:07.703610,NEU-DET,inclusion,inclusion_81.jpg,4x4,4,4,8,FRQI,1024,aer,5,4,1,1092,705,384,"{""h"": 132, ""x"": 64, ""cx"": 384, ""tdg"": 192, ""t"": 256, ""ry"": 64}",0.0011637499555945396,0.005789416958577931,4.0457991417497396e-05,7.329101208597422e-05,0.008606709016021341,0.0022363776896625913,26.50454848958865,0.611459602611785
11eaf777,2026-10-07T23:04:07.719118,NEU-DET,inclusion,inclusion_81.jpg,4x4,4,4,8,NEQR,1024,aer,12,4,8,123,83,55,"{""h"": 4, ""x"": 64, ""mcx"": 55}",0.0009197919862344861,0.0017585840541869402,2.5208049919456244e-05,2.0875013433396816e-05,0.003218957979697734,0.0,100.0,1.0
5bff5a4a,2026-10-07T23:04:07.730063,NEU-DET,inclusion,inclusion_82.jpg,4x4,4,4,8,FRQI,1024,aer,5,4,1,1092,705,384,"{""h"": 132, ""x"": 64, ""cx"": 384, ""tdg"": 192, ""t"": 256, ""ry"": 64}",0.0011849580332636833,0.006110167014412582,3.612501313909888e-05,6.791600026190281e-05,0.00949854200007394,0.0014126873791419038,28.49953934779225,0.7689302418398208
ff6f42ba,2026-10-07T23:04:07.746571,NEU-DET,inclusion,inclusion_82.jpg,4x4,4,4,8,NEQR,1024,aer,12,4,8,126,86,58,"{""h"": 4, ""x"": 64, ""mcx"": 58}",0.0009340830147266388,0.0017380829667672515,2.704199869185686e-05,2.1833984646946192e-05,0.003321999975014478,0.0,100.0,1.0
c1e87adf,2026-10-07T23:04:07.757028,NEU-DET,inclusion,inclusion_83.jpg,4x4,4,4,8,FRQI,1024,aer,5,4,1,1092,705,384,"{""h"": 132, ""x"": 64, ""cx"": 384, ""tdg"": 192, ""t"": 256, ""ry"": 64}",0.0011663750046864152,0.0052697500213980675,3.4374999813735485e-05,6.349995965138078e-05,0.00814654101850465,0.002382108262579846,26.230385044936405,0.4042447144580379
bd858617,2026-10-07T23:04:07.771877,NEU-DET,inclusion,inclusion_83.jpg,4x4,4,4,8,NEQR,1024,aer,12,4,8,129,89,61,"{""h"": 4, ""x"": 64, ""mcx"": 61}",0.0009037089766934514,0.002817792003042996,2.2333988454192877e-05,1.999997766688466e-05,0.004225291952025145,0.0,100.0,1.0
6b61f0d4,2026-10-07T23:04:07.782923,NEU-DET,inclusion,inclusion_84.jpg,4x4,4,4,8,FRQI,1024,aer,5,4,1,1092,705,384,"{""h"": 132, ""x"": 64, ""cx"": 384, ""tdg"": 192, ""t"": 256, ""ry"": 64}",0.0011455839849077165,0.005458959029056132,3.474997356534004e-05,6.558297900483012e-05,0.008289165969472378,0.002634567675497925,25.792906410016833,0.1790707825147931
2dc84843,2026-10-07T23:04:07.798377,NEU-DET,inclusion,inclusion_84.jpg,4x4,4,4,8,NEQR,1024,aer,12,4,8,130,90,62,"{""h"": 4, ""x"": 64, ""mcx"": 62}",0.0009204170200973749,0.0017658749711699784,2.0792009308934212e-05,1.850002445280552e-05,0.0031839580042287707,0.0,100.0,1.0
a1062ed7,2026-10-07T23:04:07.808645,NEU-DET,inclusion,inclusion_85.jpg,4x4,4,4,8,FRQI,1024,aer,5,4,1,1092,705,384,"{""h"": 132, ""x"": 64, ""cx"": 384, ""tdg"": 192, ""t"": 256, ""ry"": 64}",0.0011734580039046705,0.005055417015682906,3.1916017178446054e-05,6.220897193998098e-05,0.007926291960757226,0.0023538143298677734,26.28227797522356,0.350546562312445
bc4427e7,2026-10-07T23:04:07.823495,NEU-DET,inclusion,inclusion_85.jpg,4x4,4,4,8,NEQR,1024,aer,12,4,8,135,95,67,"{""h"": 4, ""x"": 64, ""mcx"": 67}",0.001036625006236136,0.0019582080421969295,2.1292013116180897e-05,1.8207996618002653e-05,0.003554082999471575,0.0,100.0,1.0
35777fb8,2026-10-07T23:04:07.834935,NEU-DET,inclusion,inclusion_86.jpg,4x4,4,4,8,FRQI,1024,aer,5,4,1,1092,705,384,"{""h"": 132, ""x"": 64, ""cx"": 384, ""tdg"": 192, ""t"": 256, ""ry"": 64}",0.0012423750013113022,0.005377834022510797,3.3791991882026196e-05,6.412499351426959e-05,0.008413041010499,0.002327597801279151,26.330920617264283,0.2917855059130706
08c0c800,2026-10-07T23:04:07.850655,NEU-DET,inclusion,inclusion_86.jpg,4x4,4,4,8,NEQR,1024,aer,12,4,8,132,92,64,"{""h"": 4, ""x"": 64, ""mcx"": 64}",0.0010075420141220093,0.0019147080020047724,2.2459018509835005e-05,1.837499439716339e-05,0.0036352499737404287,0.0,100.0,1.0
cbc534c4,2026-10-07T23:04:07.862220,NEU-DET,inclusion,inclusion_87.jpg,4x4,4,4,8,FRQI,1024,aer,5,4,1,1092,705,384,"{""h"": 132, ""x"": 64, ""cx"": 384, ""tdg"": 192, ""t"": 256, ""ry"": 64}",0.0011840000515803695,0.005076042027212679,3.4374999813735485e-05,6.741698598489165e-05,0.00790016702376306,0.0015076309638014222,28.21704951568676,0.6319425445633602
116b9373,2026-10-07T23:04:07.877285,NEU-DET,inclusion,inclusion_87.jpg,4x4,4,4,8,NEQR,1024,aer,12,4,8,131,91,63,"{""h"": 4, ""x"": 64, ""mcx"": 63}",0.0010234999936074018,0.001989583019167185,2.3042026441544294e-05,1.9417027942836285e-05,0.003556499956175685,0.0,100.0,1.0
9c55dc37,2026-10-07T23:04:07.888954,NEU-DET,inclusion,inclusion_88.jpg,4x4,4,4,8,FRQI,1024,aer,5,4,1,1092,705,384,"{""h"": 132, ""x"": 64, ""cx"": 384, ""tdg"": 192, ""t"": 256, ""ry"": 64}",0.00120599998626858,0.005334166984539479,3.350002225488424e-05,6.649998249486089e-05,0.00824724999256432,0.0021759007054229463,26.623609270211084,0.5075454080684976
bc635ecc,2026-10-07T23:04:07.904041,NEU-DET,inclusion,inclusion_88.jpg,4x4,4,4,8,NEQR,1024,aer,12,4,8,143,103,75,"{""h"": 4, ""x"": 64, ""mcx"": 75}",0.0012247089762240648,0.002304249966982752,2.5999965146183968e-05,2.3291038814932108e-05,0.00420120800845325,0.0,100.0,1.0
deb64ff3,2026-10-07T23:04:07.915587,NEU-DET,inclusion,inclusion_89.jpg,4x4,4,4,8,FRQI,1024,aer,5,4,1,1092,705,384,"{""h"": 132, ""x"": 64, ""cx"": 384, ""tdg"": 192, ""t"": 256, ""ry"": 64}",0.001294707995839417,0.005134625011123717,3.899994771927595e-05,6.941700121387839e-05,0.008279125031549484,0.001962957956151968,27.07089002288299,0.5078093889354557
bf563c4e,2026-10-07T23:04:07.931076,NEU-DET,inclusion,inclusion_89.jpg,4x4,4,4,8,NEQR,1024,aer,12,4,8,142,102,74,"{""h"": 4, ""x"": 64, ""mcx"": 74}",0.0011455839849077165,0.0022494170116260648,2.5082961656153202e-05,2.1249987185001373e-05,0.004326124966610223,0.0,100.0,1.0
4b48d900,2026-10-07T23:04:07.942724,NEU-DET,inclusion,inclusion_9.jpg,4x4,4,4,8,FRQI,1024,aer,5,4,1,1092,705,384,"{""h"": 132, ""x"": 64, ""cx"": 384, ""tdg"": 192, ""t"": 256, ""ry"": 64}",0.001211083959788084,0.005438666965346783,3.8375030271708965e-05,7.229199400171638e-05,0.008414332987740636,0.00245184726132957,26.105065878354473,0.5698366995705321
34a494ec,2026-10-07T23:04:07.958393,NEU-DET,inclusion,inclusion_9.jpg,4x4,4,4,8,NEQR,1024,aer,12,4,8,137,97,69,"{""h"": 4, ""x"": 64, ""mcx"": 69}",0.0011580829741433263,0.002248042030259967,2.5874993298202753e-05,2.4457986000925303e-05,0.004038291983306408,0.0,100.0,1.0
92194501,2026-10-07T23:04:07.969615,NEU-DET,inclusion,inclusion_90.jpg,4x4,4,4,8,FRQI,1024,aer,5,4,1,1092,705,384,"{""h"": 132, ""x"": 64, ""cx"": 384, ""tdg"": 192, ""t"": 256, ""ry"": 64}",0.0011979580158367753,0.005402208014857024,3.783300053328276e-05,7.458397885784507e-05,0.008361416985280812,0.003193521009708918,24.957302223365474,0.3357399099357383
de49e8f0,2026-10-07T23:04:07.985390,NEU-DET,inclusion,inclusion_90.jpg,4x4,4,4,8,NEQR,1024,aer,12,4,8,130,90,62,"{""h"": 4, ""x"": 64, ""mcx"": 62}",0.001007041020784527,0.0020348330144770443,2.2875028662383556e-05,1.9625003915280104e-05,0.003597875009290874,0.0,100.0,1.0
7dfc3b56,2026-10-07T23:04:07.997234,NEU-DET,inclusion,inclusion_91.jpg,4x4,4,4,8,FRQI,1024,aer,5,4,1,1092,705,384,"{""h"": 132, ""x"": 64, ""cx"": 384, ""tdg"": 192, ""t"": 256, ""ry"": 64}",0.0012878329725936055,0.005140708002727479,3.512500552460551e-05,7.270899368450046e-05,0.008099124999716878,0.0021672881356659263,26.640833464507693,0.6523352450496194
057c407a,2026-10-07T23:04:08.012481,NEU-DET,inclusion,inclusion_91.jpg,4x4,4,4,8,NEQR,1024,aer,12,4,8,139,99,71,"{""h"": 4, ""x"": 64, ""mcx"": 71}",0.0010552079766057432,0.0021239169873297215,2.216699067503214e-05,2.0667037460952997e-05,0.0037627079873345792,0.0,100.0,1.0
4ddad771,2026-10-07T23:04:08.024604,NEU-DET,inclusion,inclusion_92.jpg,4x4,4,4,8,FRQI,1024,aer,5,4,1,1092,705,384,"{""h"": 132, ""x"": 64, ""cx"": 384, ""tdg"": 192, ""t"": 256, ""ry"": 64}",0.0012357080122455955,0.005184541048947722,3.633397864177823e-05,6.637501064687967e-05,0.008172083005774766,0.0019676772865058288,27.060461275419534,0.49699823813017485
24e4c7a9,2026-10-07T23:04:08.039988,NEU-DET,inclusion,inclusion_92.jpg,4x4,4,4,8,NEQR,1024,aer,12,4,8,147,107,79,"{""h"": 4, ""x"": 64, ""mcx"": 79}",0.0012119580060243607,0.0022286249441094697,2.19999928958714e-05,1.979200169444084e-05,0.004039207997266203,0.0,100.0,1.0
1868df8b,2026-10-07T23:04:08.051242,NEU-DET,inclusion,inclusion_93.jpg,4x4,4,4,8,FRQI,1024,aer,5,4,1,1092,705,384,"{""h"": 132, ""x"": 64, ""cx"": 384, ""tdg"": 192, ""t"": 256, ""ry"": 64}",0.0012775000068359077,0.005117499968037009,3.749999450519681e-05,6.791600026190281e-05,0.008134791976772249,0.0028364752746007195,25.472209978039402,0.33364517533671223
b39b1056,2026-10-07T23:04:08.066524,NEU-DET,inclusion,inclusion_93.jpg,4x4,4,4,8,NEQR,1024,aer,12,4,8,141,101,73,"{""h"": 4, ""x"": 64, ""mcx"": 73}",0.001048874983098358,0.00211237499024719,2.099998528137803e-05,1.8457998521625996e-05,0.0036860830150544643,0.0,100.0,1.0
303cb2e6,2026-10-07T23:04:08.078340,NEU-DET,inclusion,inclusion_94.jpg,4x4,4,4,8,FRQI,1024,aer,5,4,1,1092,705,384,"{""h"": 132, ""x"": 64, ""cx"": 384, ""tdg"": 192, ""t"": 256, ""ry"": 64}",0.0011409580474719405,0.00556741701439023,3.845803439617157e-05,7.037498289719224e-05,0.00834537495393306,0.0025784690867121755,25.88638070986294,0.5961510101700337
85d32ac9,2026-10-07T23:04:08.094005,NEU-DET,inclusion,inclusion_94.jpg,4x4,4,4,8,NEQR,1024,aer,12,4,8,139,99,71,"{""h"": 4, ""x"": 64, ""mcx"": 71}",0.0011723749921657145,0.0022952500148676336,2.575002145022154e-05,2.2291962523013353e-05,0.004083000007085502,0.0,100.0,1.0
701c64c0,2026-10-07T23:04:08.106135,NEU-DET,inclusion,inclusion_95.jpg,4x4,4,4,8,FRQI,1024,aer,5,4,1,1092,705,384,"{""h"": 132, ""x"": 64, ""cx"": 384, ""tdg"": 192, ""t"": 256, ""ry"": 64}",0.0012113749980926514,0.005290917004458606,3.62499849870801e-05,6.612500874325633e-05,0.008213582972530276,0.0029644754962027077,25.28052135100745,0.5922619538694965
a6262ce7,2026-10-07T23:04:08.121524,NEU-DET,inclusion,inclusion_95.jpg,4x4,4,4,8,NEQR,1024,aer,12,4,8,130,90,62,"{""h"": 4, ""x"": 64, ""mcx"": 62}",0.0009895419934764504,0.0020447910064831376,2.341700019314885e-05,2.0707957446575165e-05,0.0035719170118682086,0.0,100.0,1.0
edd2fbf4,2026-10-07T23:04:08.133499,NEU-DET,inclusion,inclusion_96.jpg,4x4,4,4,8,FRQI,1024,aer,5,4,1,1092,705,384,"{""h"": 132, ""x"": 64, ""cx"": 384, ""tdg"": 192, ""t"": 256, ""ry"": 64}",0.0012079589650966227,0.005366917001083493,3.5624951124191284e-05,7.041700882837176e-05,0.008302457979880273,0.0015543371873734267,28.08454762413613,0.7740233449278299
e76ea0f7,2026-10-07T23:04:08.148779,NEU-DET,inclusion,inclusion_96.jpg,4x4,4,4,8,NEQR,1024,aer,12,4,8,128,88,60,"{""h"": 4, ""x"": 64, ""mcx"": 60}",0.0010252089705318213,0.002025666006375104,2.420798409730196e-05,2.1915999241173267e-05,0.003632750012911856,0.0,100.0,1.0
7b8d981a,2026-10-07T23:04:08.164447,NEU-DET,inclusion,inclusion_97.jpg,4x4,4,4,8,FRQI,1024,aer,5,4,1,1092,705,384,"{""h"": 132, ""x"": 64, ""cx"": 384, ""tdg"": 192, ""t"": 256, ""ry"": 64}",0.0011614999966695905,0.005462041008286178,4.054198507219553e-05,7.416697917506099e-05,0.008308415999636054,0.0028164153373161616,25.50303299315564,0.5502461837152158
d7975e2a,2026-10-07T23:04:08.179892,NEU-DET,inclusion,inclusion_97.jpg,4x4,4,4,8,NEQR,1024,aer,12,4,8,136,96,68,"{""h"": 4, ""x"": 64, ""mcx"": 68}",0.0010751669760793447,0.0020598340197466314,2.541701542213559e-05,2.0792009308934212e-05,0.003710749966558069,0.0,100.0,1.0
30b2dee4,2026-10-07T23:04:08.190717,NEU-DET,inclusion,inclusion_98.jpg,4x4,4,4,8,FRQI,1024,aer,5,4,1,1092,705,384,"{""h"": 132, ""x"": 64, ""cx"": 384, ""tdg"": 192, ""t"": 256, ""ry"": 64}",0.001288166968151927,0.00532854103948921,3.583298530429602e-05,6.583298090845346e-05,0.008433749957475811,0.00202786036791235,26.92961952461436,0.4939308555477966
38c1162c,2026-10-07T23:04:08.206571,NEU-DET,inclusion,inclusion_98.jpg,4x4,4,4,8,NEQR,1024,aer,12,4,8,131,91,63,"{""h"": 4, ""x"": 64, ""mcx"": 63}",0.0009884170140139759,0.0019119170028716326,2.3374974261969328e-05,1.8874998204410076e-05,0.003440750006120652,0.0,100.0,1.0
ccc3aea3,2026-10-07T23:04:08.218299,NEU-DET,inclusion,inclusion_99.jpg,4x4,4,4,8,FRQI,1024,aer,5,4,1,1092,705,384,"{""h"": 132, ""x"": 64, ""cx"": 384, ""tdg"": 192, ""t"": 256, ""ry"": 64}",0.0011772500001825392,0.005286332976538688,3.333296626806259e-05,6.64170365780592e-05,0.008177250041626394,0.0011450109969848405,29.41190342226365,0.7734475053726667
bc49f238,2026-10-07T23:04:08.233775,NEU-DET,inclusion,inclusion_99.jpg,4x4,4,4,8,NEQR,1024,aer,12,4,8,123,83,55,"{""h"": 4, ""x"": 64, ""mcx"": 55}",0.001976250030566007,0.001958457985892892,2.358300844207406e-05,2.112501533702016e-05,0.004662791034206748,0.0,100.0,1.0
ce13681f,2026-10-07T23:04:08.246766,NEU-DET,patches,patches_117.jpg,4x4,4,4,8,FRQI,1024,aer,5,4,1,1092,705,384,"{""h"": 132, ""x"": 64, ""cx"": 384, ""tdg"": 192, ""t"": 256, ""ry"": 64}",0.00133050000295043,0.005288999993354082,3.445800393819809e-05,6.449996726587415e-05,0.008332125027664006,0.0014951231279714732,28.25323040385269,0.8620366240900725
a62c2783,2026-10-07T23:04:08.262377,NEU-DET,patches,patches_117.jpg,4x4,4,4,8,NEQR,1024,aer,12,4,8,120,80,52,"{""h"": 4, ""x"": 64, ""mcx"": 52}",0.0008591249934397638,0.0016819160082377493,2.099998528137803e-05,1.8458988051861525e-05,0.003032167034689337,0.0,100.0,1.0
a2622610,2026-10-07T23:04:08.273866,NEU-DET,patches,patches_118.jpg,4x4,4,4,8,FRQI,1024,aer,5,4,1,1092,705,384,"{""h"": 132, ""x"": 64, ""cx"": 384, ""tdg"": 192, ""t"": 256, ""ry"": 64}",0.001199625025037676,0.005352874984964728,3.3791991882026196e-05,6.533396663144231e-05,0.008249917009379715,0.002649510473449959,25.768343593908163,0.9519740691219275
0e8e5694,2026-10-07T23:04:08.290141,NEU-DET,patches,patches_118.jpg,4x4,4,4,8,NEQR,1024,aer,12,4,8,126,86,58,"{""h"": 4, ""x"": 64, ""mcx"": 58}",0.0008911669719964266,0.0018902079900726676,2.1042011212557554e-05,1.833302667364478e-05,0.003283208003267646,0.0,100.0,1.0
82d8f166,2026-10-07T23:04:08.300784,NEU-DET,patches,patches_119.jpg,4x4,4,4,8,FRQI,1024,aer,5,4,1,1092,705,384,"{""h"": 132, ""x"": 64, ""cx"": 384, ""tdg"": 192, ""t"": 256, ""ry"": 64}",0.001302290998864919,0.005049207946285605,3.470794763416052e-05,6.89580338075757e-05,0.008200999989639968,0.0019613136331688248,27.07452952857766,0.9817344966576478
eef45b14,2026-10-07T23:04:08.316449,NEU-DET,patches,patches_119.jpg,4x4,4,4,8,NEQR,1024,aer,12,4,8,133,93,65,"{""h"": 4, ""x"": 64, ""mcx"": 65}",0.001049624988809228,0.0020534999785013497,2.6374997105449438e-05,2.1958956494927406e-05,0.003707084048073739,0.0,100.0,1.0
a2bb4d8c,2026-10-07T23:04:08.330931,NEU-DET,patches,patches_12.jpg,4x4,4,4,8,FRQI,1024,aer,5,4,1,1092,705,384,"{""h"": 132, ""x"": 64, ""cx"": 384, ""tdg"": 192, ""t"": 256, ""ry"": 64}",0.001258208998478949,0.005519915954209864,3.9207981899380684e-05,7.700000423938036e-05,0.008573625003919005,0.002554023234916457,25.92775156113283,0.9474287263234817
691cabd4,2026-10-07T23:04:08.349896,NEU-DET,patches,patches_12.jpg,4x4,4,4,8,NEQR,1024,aer,12,4,8,131,91,63,"{""h"": 4, ""x"": 64, ""mcx"": 63}",0.001224084000568837,0.0021778750233352184,2.6541994884610176e-05,2.358300844207406e-05,0.004041250038426369,0.0,100.0,1.0
e23354bf,2026-10-07T23:04:08.365676,NEU-DET,patches,patches_120.jpg,4x4,4,4,8,FRQI,1024,aer,5,4,1,1092,705,384,"{""h"": 132, ""x"": 64, ""cx"": 384, ""tdg"": 192, ""t"": 256, ""ry"": 64}",0.0012931670062243938,0.005944499978795648,4.2834028135985136e-05,0.0001765000051818788,0.0092887919745408,0.0017091748010786283,27.672135187527903,0.9608097230409625
86398279,2026-10-07T23:04:08.387185,NEU-DET,patches,patches_120.jpg,4x4,4,4,8,NEQR,1024,aer,12,4,8,132,92,64,"{""h"": 4, ""x"": 64, ""mcx"": 64}",0.001383792026899755,0.0021014169906266034,6.450002547353506e-05,5.562504520639777e-05,0.004447332990821451,0.0,100.0,1.0
45864be0,2026-10-07T23:04:08.402462,NEU-DET,patches,patches_121.jpg,4x4,4,4,8,FRQI,1024,aer,5,4,1,1092,705,384,"{""h"": 132, ""x"": 64, ""cx"": 384, ""tdg"": 192, ""t"": 256, ""ry"": 64}",0.0013450420228764415,0.0076688750414177775,3.724999260157347e-05,7.816596189513803e-05,0.010727500019129366,0.0022392693543321967,26.498936634266187,0.9430449835294497
0dd7d8bb,2026-10-07T23:04:08.420718,NEU-DET,patches,patches_121.jpg,4x4,4,4,8,NEQR,1024,aer,12,4,8,135,95,67,"{""h"": 4, ""x"": 64, ""mcx"": 67}",0.001080791000276804,0.0025462090270593762,2.9708025977015495e-05,2.37500062212348e-05,0.00424754194682464,0.0,100.0,1.0
eac60599,2026-10-07T23:04:08.434271,NEU-DET,patches,patches_122.jpg,4x4,4,4,8,FRQI,1024,aer,5,4,1,1092,705,384,"{""h"": 132, ""x"": 64, ""cx"": 384, ""tdg"": 192, ""t"": 256, ""ry"": 64}",0.0011892920010723174,0.006201999960467219,4.320900188758969e-05,7.733399979770184e-05,0.009106290992349386,0.0017468943103347869,27.57733369674705,0.7990181633454658
e24c3dca,2026-10-07T23:04:08.451511,NEU-DET,patches,patches_122.jpg,4x4,4,4,8,NEQR,1024,aer,12,4,8,110,70,42,"{""h"": 4, ""x"": 64, ""mcx"": 42}",0.000773542036768049,0.001963333983439952,2.6374997105449438e-05,2.520799171179533e-05,0.0032997920061461627,0.0,100.0,1.0
ac925387,2026-10-07T23:04:08.480819,NEU-DET,patches,patches_123.jpg,4x4,4,4,8,FRQI,1024,aer,5,4,1,1092,705,384,"{""h"": 132, ""x"": 64, ""cx"": 384, ""tdg"": 192, ""t"": 256, ""ry"": 64}",0.0014635410043410957,0.005529125046450645,3.93329537473619e-05,7.879099575802684e-05,0.008738207980059087,0.0016979148145419413,27.700841023738114,0.9229773620285029
7fa657f2,2026-10-07T23:04:08.498322,NEU-DET,patches,patches_123.jpg,4x4,4,4,8,NEQR,1024,aer,12,4,8,132,92,64,"{""h"": 4, ""x"": 64, ""mcx"": 64}",0.0010114579927176237,0.0021257909829728305,2.9125018045306206e-05,2.745899837464094e-05,0.0038492499734275043,0.0,100.0,1.0
bf408d15,2026-10-07T23:04:08.512012,NEU-DET,patches,patches_124.jpg,4x4,4,4,8,FRQI,1024,aer,5,4,1,1092,705,384,"{""h"": 132, ""x"": 64, ""cx"": 384, ""tdg"": 192, ""t"": 256, ""ry"": 64}",0.001211083959788084,0.005574792041443288,4.2082974687218666e-05,7.416697917506099e-05,0.009468125004786998,0.0018042790574088505,27.436962917828815,0.9724337701237494
723a837a,2026-10-07T23:04:08.532730,NEU-DET,patches,patches_124.jpg,4x4,4,4,8,NEQR,1024,aer,12,4,8,130,90,62,"{""h"": 4, ""x"": 64, ""mcx"": 62}",0.0010307499906048179,0.002082624996546656,2.9041955713182688e-05,2.541701542213559e-05,0.0037827499909326434,0.0,100.0,1.0
66987b19,2026-10-07T23:04:08.546481,NEU-DET,patches,patches_125.jpg,4x4,4,4,8,FRQI,1024,aer,5,4,1,1092,705,384,"{""h"": 132, ""x"": 64, ""cx"": 384, ""tdg"": 192, ""t"": 256, ""ry"": 64}",0.0012132920091971755,0.005453499965369701,4.358298610895872e-05,0.00015824998263269663,0.00848729198332876,0.0023847859453255274,26.225505964712138,0.9452667510898644
16b9fc55,2026-10-07T23:04:08.564372,NEU-DET,patches,patches_125.jpg,4x4,4,4,8,NEQR,1024,aer,12,4,8,139,99,71,"{""h"": 4, ""x"": 64, ""mcx"": 71}",0.0011509579489938915,0.004080000042449683,2.6374997105449438e-05,2.641702303662896e-05,0.006308291980531067,0.0,100.0,1.0
a229166f,2026-10-07T23:04:08.582348,NEU-DET,patches,patches_126.jpg,4x4,4,4,8,FRQI,1024,aer,5,4,1,1092,705,384,"{""h"": 132, ""x"": 64, ""cx"": 384, ""tdg"": 192, ""t"": 256, ""ry"": 64}",0.001223833009134978,0.005676624947227538,3.887497587129474e-05,8.3291030023247e-05,0.008797083050012589,0.001868550934445113,27.284950593091473,0.9492543474302634
1ac4d469,2026-10-07T23:04:08.600788,NEU-DET,patches,patches_126.jpg,4x4,4,4,8,NEQR,1024,aer,12,4,8,147,107,79,"{""h"": 4, ""x"": 64, ""mcx"": 79}",0.0012538330047391355,0.0026582920108921826,2.9499991796910763e-05,2.5374989490956068e-05,0.004592458019033074,0.0,100.0,1.0
e02c3919,2026-10-07T23:04:08.617010,NEU-DET,patches,patches_127.jpg,4x4,4,4,8,FRQI,1024,aer,5,4,1,1092,705,384,"{""h"": 132, ""x"": 64, ""cx"": 384, ""tdg"": 192, ""t"": 256, ""ry"": 64}",0.0012746250140480697,0.005880875047296286,4.133296897634864e-05,8.049997268244624e-05,0.008941459003835917,0.0013080009708013405,28.83391933677265,0.9847316194092952
9ddd4dd4,2026-10-07T23:04:08.634282,NEU-DET,patches,patches_127.jpg,4x4,4,4,8,NEQR,1024,aer,12,4,8,123,83,55,"{""h"": 4, ""x"": 64, ""mcx"": 55}",0.0009250000002793968,0.002584833011496812,2.6958994567394257e-05,2.562499139457941e-05,0.004101167025510222,0.0,100.0,1.0
47e60594,2026-10-07T23:04:08.647427,NEU-DET,patches,patches_128.jpg,4x4,4,4,8,FRQI,1024,aer,5,4,1,1092,705,384,"{""h"": 132, ""x"": 64, ""cx"": 384, ""tdg"": 192, ""t"": 256, ""ry"": 64}",0.0016410410171374679,0.00696349999634549,4.108302528038621e-05,8.241698378697038e-05,0.011092333006672561,0.003025942696619819,25.191393006279178,0.9586070595981903
905d712c,2026-10-07T23:04:08.670391,NEU-DET,patches,patches_128.jpg,4x4,4,4,8,NEQR,1024,aer,12,4,8,130,90,62,"{""h"": 4, ""x"": 64, ""mcx"": 62}",0.0009821249986998737,0.0023695420240983367,2.8582988306879997e-05,2.3667002096772194e-05,0.003951749997213483,0.0,100.0,1.0
b6061327,2026-10-07T23:04:08.688048,NEU-DET,patches,patches_129.jpg,4x4,4,4,8,FRQI,1024,aer,5,4,1,1092,705,384,"{""h"": 132, ""x"": 64, ""cx"": 384, ""tdg"": 192, ""t"": 256, ""ry"": 64}",0.0011855830089189112,0.006133082963060588,3.7999998312443495e-05,7.595797069370747e-05,0.009196583006996661,0.0028554197107475057,25.443300469051064,0.8813187193555228
71bbb336,2026-10-07T23:04:08.704942,NEU-DET,patches,patches_129.jpg,4x4,4,4,8,NEQR,1024,aer,12,4,8,145,105,77,"{""h"": 4, ""x"": 64, ""mcx"": 77}",0.0012021670117974281,0.004418540978804231,3.108399687334895e-05,2.920901170000434e-05,0.006597833009436727,0.0,100.0,1.0
a88d7830,2026-10-07T23:04:08.722341,NEU-DET,patches,patches_13.jpg,4x4,4,4,8,FRQI,1024,aer,5,4,1,1092,705,384,"{""h"": 132, ""x"": 64, ""cx"": 384, ""tdg"": 192, ""t"": 256, ""ry"": 64}",0.0012780410470440984,0.006668082962278277,3.8416997995227575e-05,8.000002708286047e-05,0.010500292002689093,0.002198922506844382,26.5779007552456,0.9435237340111675
d4ee0131,2026-10-07T23:04:08.740910,NEU-DET,patches,patches_13.jpg,4x4,4,4,8,NEQR,1024,aer,12,4,8,136,96,68,"{""h"": 4, ""x"": 64, ""mcx"": 68}",0.00199141597840935,0.004035583988297731,3.120797919109464e-05,2.8541951905936003e-05,0.0068124590325169265,0.0,100.0,1.0
02cea43a,2026-10-07T23:04:08.758301,NEU-DET,patches,patches_130.jpg,4x4,4,4,8,FRQI,1024,aer,5,4,1,1092,705,384,"{""h"": 132, ""x"": 64, ""cx"": 384, ""tdg"": 192, ""t"": 256, ""ry"": 64}",0.002669125038664788,0.006374707969371229,3.7999998312443495e-05,8.329201955348253e-05,0.011853792006149888,0.0021253132951292017,26.725770409940154,0.9490639331991155
f2d2c18e,2026-10-07T23:04:08.780258,NEU-DET,patches,patches_130.jpg,4x4,4,4,8,NEQR,1024,aer,12,4,8,132,92,64,"{""h"": 4, ""x"": 64, ""mcx"": 64}",0.0021237920154817402,0.0021947919740341604,2.5500019546598196e-05,2.4957989808171988e-05,0.0053613330237567425,0.0,100.0,1.0
0aff639c,2026-10-07T23:04:08.793734,NEU-DET,patches,patches_131.jpg,4x4,4,4,8,FRQI,1024,aer,5,4,1,1092,705,384,"{""h"": 132, ""x"": 64, ""cx"": 384, ""tdg"": 192, ""t"": 256, ""ry"": 64}",0.002319167018868029,0.006996458047069609,4.33750101365149e-05,8.20829882286489e-05,0.012045207957271487,0.0014784632755648545,28.30189458704735,0.9357864489991178
8fcaab35,2026-10-07T23:04:08.815572,NEU-DET,patches,patches_131.jpg,4x4,4,4,8,NEQR,1024,aer,12,4,8,119,79,51,"{""h"": 4, ""x"": 64, ""mcx"": 51}",0.0008952919743023813,0.0024516250123269856,2.3791042622178793e-05,2.500001573935151e-05,0.003935707965865731,0.0,100.0,1.0
6b434ca7,2026-10-07T23:04:08.828866,NEU-DET,patches,patches_132.jpg,4x4,4,4,8,FRQI,1024,aer,5,4,1,1092,705,384,"{""h"": 132, ""x"": 64, ""cx"": 384, ""tdg"": 192, ""t"": 256, ""ry"": 64}",0.0015667910338379443,0.005391166952904314,4.166702274233103e-05,7.624999852851033e-05,0.008893916034139693,0.0030762060355789497,25.119845800804946,0.9133462962335932
bc44a366,2026-10-07T23:04:08.847148,NEU-DET,patches,patches_132.jpg,4x4,4,4,8,NEQR,1024,aer,12,4,8,130,90,62,"{""h"": 4, ""x"": 64, ""mcx"": 62}",0.0010422089835628867,0.002081124985124916,2.6500027161091566e-05,2.420798409730196e-05,0.0037887500366196036,0.0,100.0,1.0
a9dd3a57,2026-10-07T23:04:08.860347,NEU-DET,patches,patches_133.jpg,4x4,4,4,8,FRQI,1024,aer,5,4,1,1092,705,384,"{""h"": 132, ""x"": 64, ""cx"": 384, ""tdg"": 192, ""t"": 256, ""ry"": 64}",0.0012966250069439411,0.005407833028584719,3.945903154090047e-05,7.445900700986385e-05,0.00840670900652185,0.0014060296079999061,28.520055338997004,0.9255847801399719
aaea0d82,2026-10-07T23:04:08.878182,NEU-DET,patches,patches_133.jpg,4x4,4,4,8,NEQR,1024,aer,12,4,8,128,88,60,"{""h"": 4, ""x"": 64, ""mcx"": 60}",0.0009681250085122883,0.0021246669930405915,2.970895729959011e-05,2.4208042304962873e-05,0.0037358750123530626,0.0,100.0,1.0
78f06a9b,2026-10-07T23:04:08.889963,NEU-DET,patches,patches_134.jpg,4x4,4,4,8,FRQI,1024,aer,5,4,1,1092,705,384,"{""h"": 132, ""x"": 64, ""cx"": 384, ""tdg"": 192, ""t"": 256, ""ry"": 64}",0.0025588329881429672,0.005262958991806954,4.379096208140254e-05,8.587498450651765e-05,0.010709291964303702,0.0011304980423303451,29.467301853804212,0.9480860588014793
505b439a,2026-10-07T23:04:08.910447,NEU-DET,patches,patches_134.jpg,4x4,4,4,8,NEQR,1024,aer,12,4,8,119,79,51,"{""h"": 4, ""x"": 64, ""mcx"": 51}",0.0008359999628737569,0.0016839170129969716,2.562499139457941e-05,2.179096918553114e-05,0.003087832999881357,0.0,100.0,1.0
e4cd3b43,2026-10-07T23:04:08.921588,NEU-DET,patches,patches_135.jpg,4x4,4,4,8,FRQI,1024,aer,5,4,1,1092,705,384,"{""h"": 132, ""x"": 64, ""cx"": 384, ""tdg"": 192, ""t"": 256, ""ry"": 64}",0.0013447090168483555,0.008049209020100534,4.033301956951618e-05,7.929198909550905e-05,0.012190209003165364,0.0019916594976705274,27.007849083435378,0.9352447096854678
1577c48f,2026-10-07T23:04:08.942211,NEU-DET,patches,patches_135.jpg,4x4,4,4,8,NEQR,1024,aer,12,4,8,134,94,66,"{""h"": 4, ""x"": 64, ""mcx"": 66}",0.0011562920408323407,0.00255445804214105,2.8915994334965944e-05,2.9500050004571676e-05,0.004624499997589737,0.0,100.0,1.0
edc69d97,2026-10-07T23:04:08.957114,NEU-DET,patches,patches_136.jpg,4x4,4,4,8,FRQI,1024,aer,5,4,1,1092,705,384,"{""h"": 132, ""x"": 64, ""cx"": 384, ""tdg"": 192, ""t"": 256, ""ry"": 64}",0.002505792013835162,0.00556200003484264,4.125002305954695e-05,7.908296538516879e-05,0.010906874958891422,0.002211293098733016,26.553536894764456,0.9390133048503827
35b6651e,2026-10-07T23:04:08.976061,NEU-DET,patches,patches_136.jpg,4x4,4,4,8,NEQR,1024,aer,12,4,8,137,97,69,"{""h"": 4, ""x"": 64, ""mcx"": 69}",0.001118374988436699,0.0021562090259976685,2.8916983865201473e-05,2.4040986318141222e-05,0.003917624999303371,0.0,100.0,1.0
79af0495,2026-10-07T23:04:08.987942,NEU-DET,patches,patches_137.jpg,4x4,4,4,8,FRQI,1024,aer,5,4,1,1092,705,384,"{""h"": 132, ""x"": 64, ""cx"": 384, ""tdg"": 192, ""t"": 256, ""ry"": 64}",0.001268375024665147,0.005565624975133687,3.80830024369061e-05,7.804099004715681e-05,0.008694292046129704,0.001908429663989688,27.193238415330924,0.9409838242327556
d60fef20,2026-10-07T23:04:09.004589,NEU-DET,patches,patches_137.jpg,4x4,4,4,8,NEQR,1024,aer,12,4,8,118,78,50,"{""h"": 4, ""x"": 64, ""mcx"": 50}",0.0008507919847033918,0.0022788330097682774,2.866698196157813e-05,2.5416025891900063e-05,0.0036861670087091625,0.0,100.0,1.0
404c26b8,2026-10-07T23:04:09.016810,NEU-DET,patches,patches_138.jpg,4x4,4,4,8,FRQI,1024,aer,5,4,1,1092,705,384,"{""h"": 132, ""x"": 64, ""cx"": 384, ""tdg"": 192, ""t"": 256, ""ry"": 64}",0.0012298750225454569,0.00622162502259016,3.6582991015166044e-05,7.20410025678575e-05,0.009205000009387732,0.0031021619231850696,25.083355371122163,0.9256553302392063
a292d871,2026-10-07T23:04:09.033791,NEU-DET,patches,patches_138.jpg,4x4,4,4,8,NEQR,1024,aer,12,4,8,125,85,57,"{""h"": 4, ""x"": 64, ""mcx"": 57}",0.0009379580151289701,0.0019739159615710378,2.395804040133953e-05,2.0915991626679897e-05,0.0034508329699747264,0.0,100.0,1.0
e7054a61,2026-10-07T23:04:09.046073,NEU-DET,patches,patches_139.jpg,4x4,4,4,8,FRQI,1024,aer,5,4,1,1092,705,384,"{""h"": 132, ""x"": 64, ""cx"": 384, ""tdg"": 192, ""t"": 256, ""ry"": 64}",0.0013136669876985252,0.005624916986562312,4.0000013541430235e-05,6.84160040691495e-05,0.008800792042165995,0.0021891908008396803,26.59716385466934,0.94776145272072
8d0ed007,2026-10-07T23:04:09.062563,NEU-DET,patches,patches_139.jpg,4x4,4,4,8,NEQR,1024,aer,12,4,8,129,89,61,"{""h"": 4, ""x"": 64, ""mcx"": 61}",0.0010009579709731042,0.0020827919943258166,2.4582957848906517e-05,2.0749983377754688e-05,0.0036574999685399234,0.0,100.0,1.0
b8b0f212,2026-10-07T23:04:09.074248,NEU-DET,patches,patches_14.jpg,4x4,4,4,8,FRQI,1024,aer,5,4,1,1092,705,384,"{""h"": 132, ""x"": 64, ""cx"": 384, ""tdg"": 192, ""t"": 256, ""ry"": 64}",0.0012087089708074927,0.005428457981906831,3.60840349458158e-05,7.216696394607425e-05,0.008379333012271672,0.0018854364886073467,27.245880923285952,0.9712195075383687
37635fa3,2026-10-07T23:04:09.090357,NEU-DET,patches,patches_14.jpg,4x4,4,4,8,NEQR,1024,aer,12,4,8,137,97,69,"{""h"": 4, ""x"": 64, ""mcx"": 69}",0.0011532919597811997,0.002527458011172712,2.4667009711265564e-05,2.1459010895341635e-05,0.004302791960071772,0.0,100.0,1.0
8589d6be,2026-10-07T23:04:09.103357,NEU-DET,patches,patches_140.jpg,4x4,4,4,8,FRQI,1024,aer,5,4,1,1092,705,384,"{""h"": 132, ""x"": 64, ""cx"": 384, ""tdg"": 192, ""t"": 256, ""ry"": 64}",0.001286791986785829,0.005201624997425824,3.666698466986418e-05,7.00420350767672e-05,0.0081550829927437,0.002510687205784142,26.002073905382467,0.9714583320138698
cc67aad0,2026-10-07T23:04:09.119554,NEU-DET,patches,patches_140.jpg,4x4,4,4,8,NEQR,1024,aer,12,4,8,125,85,57,"{""h"": 4, ""x"": 64, ""mcx"": 57}",0.0009304579580202699,0.002020041982177645,2.7125002816319466e-05,2.6082969270646572e-05,0.003530791960656643,0.0,100.0,1.0
a2e5f062,2026-10-07T23:04:09.132631,NEU-DET,patches,patches_141.jpg,4x4,4,4,8,FRQI,1024,aer,5,4,1,1092,705,384,"{""h"": 132, ""x"": 64, ""cx"": 384, ""tdg"": 192, ""t"": 256, ""ry"": 64}",0.0012991249677725136,0.005831416987348348,3.987504169344902e-05,7.520796498283744e-05,0.008962583960965276,0.002218124854255066,26.54014011844245,0.9508795179035188
d66edb17,2026-10-07T23:04:09.149637,NEU-DET,patches,patches_141.jpg,4x4,4,4,8,NEQR,1024,aer,12,4,8,126,86,58,"{""h"": 4, ""x"": 64, ""mcx"": 58}",0.0009586249943822622,0.0022609169827774167,2.6165973395109177e-05,2.1875021047890186e-05,0.003782167041208595,0.0,100.0,1.0
11419fcd,2026-10-07T23:04:09.161750,NEU-DET,patches,patches_142.jpg,4x4,4,4,8,FRQI,1024,aer,5,4,1,1092,705,384,"{""h"": 132, ""x"": 64, ""cx"": 384, ""tdg"": 192, ""t"": 256, ""ry"": 64}",0.0012447090120986104,0.005405750009231269,3.554200520738959e-05,7.112504681572318e-05,0.00840579200303182,0.0018285130120145716,27.37901944800359,0.9708057698399737
3cd45696,2026-10-07T23:04:09.178069,NEU-DET,patches,patches_142.jpg,4x4,4,4,8,NEQR,1024,aer,12,4,8,124,84,56,"{""h"": 4, ""x"": 64, ""mcx"": 56}",0.0009255839977413416,0.0018273330060765147,2.700003096833825e-05,2.274999860674143e-05,0.0033265840029343963,0.0,100.0,1.0
bc72ecae,2026-10-07T23:04:09.189615,NEU-DET,patches,patches_143.jpg,4x4,4,4,8,FRQI,1024,aer,5,4,1,1092,705,384,"{""h"": 132, ""x"": 64, ""cx"": 384, ""tdg"": 192, ""t"": 256, ""ry"": 64}",0.00123383296886459,0.005381375027354807,3.612501313909888e-05,6.737501826137304e-05,0.008420334022957832,0.0013194036383178012,28.796223226663848,0.9043082205033198
82424867,2026-10-07T23:04:09.205961,NEU-DET,patches,patches_143.jpg,4x4,4,4,8,NEQR,1024,aer,12,4,8,122,82,54,"{""h"": 4, ""x"": 64, ""mcx"": 54}",0.000935249961912632,0.0017730420222505927,2.7166970539838076e-05,2.2459018509835005e-05,0.0032663329620845616,0.0,100.0,1.0
b014bae2,2026-10-07T23:04:09.217134,NEU-DET,patches,patches_144.jpg,4x4,4,4,8,FRQI,1024,aer,5,4,1,1092,705,384,"{""h"": 132, ""x"": 64, ""cx"": 384, ""tdg"": 192, ""t"": 256, ""ry"": 64}",0.001282458018977195,0.005370832979679108,3.341701813042164e-05,7.01249809935689e-05,0.008486041973810643,0.001837344706926892,27.358093574273315,0.8784123746445335
ed3c67ae,2026-10-07T23:04:09.233644,NEU-DET,patches,patches_144.jpg,4x4,4,4,8,NEQR,1024,aer,12,4,8,119,79,51,"{""h"": 4, ""x"": 64, ""mcx"": 51}",0.0008482499979436398,0.0015299170045182109,2.3875036276876926e-05,1.9458006136119366e-05,0.0029089999734424055,0.0,100.0,1.0
657851ba,2026-10-07T23:04:09.245337,NEU-DET,patches,patches_145.jpg,4x4,4,4,8,FRQI,1024,aer,5,4,1,1092,705,384,"{""h"": 132, ""x"": 64, ""cx"": 384, ""tdg"": 192, ""t"": 256, ""ry"": 64}",0.0012073750258423388,0.005368833022657782,4.0166021790355444e-05,7.458298932760954e-05,0.008322083042003214,0.0020230741847101974,26.93988191663418,0.8968877174837941
6036e0dd,2026-10-07T23:04:09.261840,NEU-DET,patches,patches_145.jpg,4x4,4,4,8,NEQR,1024,aer,12,4,8,126,86,58,"{""h"": 4, ""x"": 64, ""mcx"": 58}",0.0009795409860089421,0.0021179579780437052,2.5333021767437458e-05,2.2709020413458347e-05,0.0036855829530395567,0.0,100.0,1.0
f4915076,2026-10-07T23:04:09.273735,NEU-DET,patches,patches_146.jpg,4x4,4,4,8,FRQI,1024,aer,5,4,1,1092,705,384,"{""h"": 132, ""x"": 64, ""cx"": 384, ""tdg"": 192, ""t"": 256, ""ry"": 64}",0.0013032499700784683,0.0054546669707633555,3.745901631191373e-05,7.220898987725377e-05,0.008519791008438915,0.0014645518434187686,28.342952501946176,0.9619477083972676
97006afb,2026-10-07T23:04:09.290105,NEU-DET,patches,patches_146.jpg,4x4,4,4,8,NEQR,1024,aer,12,4,8,142,102,74,"{""h"": 4, ""x"": 64, ""mcx"": 74}",0.0012224579695612192,0.00259854196337983,2.604199107736349e-05,2.1499989088624716e-05,0.004444499965757132,0.0,100.0,1.0
26b24ee8,2026-10-07T23:04:09.302575,NEU-DET,patches,patches_147.jpg,4x4,4,4,8,FRQI,1024,aer,5,4,1,1092,705,384,"{""h"": 132, ""x"": 64, ""cx"": 384, ""tdg"": 192, ""t"": 256, ""ry"": 64}",0.0011802499648183584,0.005388250050600618,3.783300053328276e-05,7.02079851180315e-05,0.008276708016637713,0.0031998683842986535,24.948678845389537,0.9658691190264592
a9a13c41,2026-10-07T23:04:09.318858,NEU-DET,patches,patches_147.jpg,4x4,4,4,8,NEQR,1024,aer,12,4,8,130,90,62,"{""h"": 4, ""x"": 64, ""mcx"": 62}",0.0009621659992262721,0.0021436669630929828,2.2457970771938562e-05,2.1249987185001373e-05,0.003946750017348677,0.0,100.0,1.0
e599c912,2026-10-07T23:04:09.331737,NEU-DET,patches,patches_148.jpg,4x4,4,4,8,FRQI,1024,aer,5,4,1,1092,705,384,"{""h"": 132, ""x"": 64, ""cx"": 384, ""tdg"": 192, ""t"": 256, ""ry"": 64}",0.001328375015873462,0.005420124973170459,3.912497777491808e-05,7.654097862541676e-05,0.008645916997920722,0.0022533261296218726,26.471759471820814,0.9443065342834559
5768df99,2026-10-07T23:04:09.349454,NEU-DET,patches,patches_148.jpg,4x4,4,4,8,NEQR,1024,aer,12,4,8,124,84,56,"{""h"": 4, ""x"": 64, ""mcx"": 56}",0.0009526250069029629,0.002475542016327381,3.062502946704626e-05,2.541701542213559e-05,0.004055541998241097,0.0,100.0,1.0
d82175a2,2026-10-07T23:04:09.361872,NEU-DET,patches,patches_149.jpg,4x4,4,4,8,FRQI,1024,aer,5,4,1,1092,705,384,"{""h"": 132, ""x"": 64, ""cx"": 384, ""tdg"": 192, ""t"": 256, ""ry"": 64}",0.001238917000591755,0.00556966703152284,3.912497777491808e-05,7.174996426329017e-05,0.008627416973467916,0.0029762224764380615,25.263346078445498,0.9610996374881913
fbb2b0d5,2026-10-07T23:04:09.378674,NEU-DET,patches,patches_149.jpg,4x4,4,4,8,NEQR,1024,aer,12,4,8,136,96,68,"{""h"": 4, ""x"": 64, ""mcx"": 68}",0.0013602079707197845,0.0023247500066645443,2.3541972041130066e-05,2.1124957129359245e-05,0.004649958980735391,0.0,100.0,1.0
33a51488,2026-10-07T23:04:09.392458,NEU-DET,patches,patches_15.jpg,4x4,4,4,8,FRQI,1024,aer,5,4,1,1092,705,384,"{""h"": 132, ""x"": 64, ""cx"": 384, ""tdg"": 192, ""t"": 256, ""ry"": 64}",0.001341041992418468,0.0054677079897373915,3.687501884996891e-05,7.804099004715681e-05,0.008677000005263835,0.0035470711268679794,24.501301028456304,0.9618733710896106
6b33937f,2026-10-07T23:04:09.409428,NEU-DET,patches,patches_15.jpg,4x4,4,4,8,NEQR,1024,aer,12,4,8,139,99,71,"{""h"": 4, ""x"": 64, ""mcx"": 71}",0.0012536249705590308,0.0025482079945504665,2.395902993157506e-05,2.2250053007155657e-05,0.00447095901472494,0.0,100.0,1.0
8c2566fd,2026-10-07T23:04:09.422980,NEU-DET,patches,patches_150.jpg,4x4,4,4,8,FRQI,1024,aer,5,4,1,1092,705,384,"{""h"": 132, ""x"": 64, ""cx"": 384, ""tdg"": 192, ""t"": 256, ""ry"": 64}",0.0012792499619536102,0.005448125011753291,3.9458973333239555e-05,7.791694952175021e-05,0.008544167038053274,0.0017592922001110926,27.546620227615172,0.9663760879929453
e6145634,2026-10-07T23:04:09.440451,NEU-DET,patches,patches_150.jpg,4x4,4,4,8,NEQR,1024,aer,12,4,8,131,91,63,"{""h"": 4, ""x"": 64, ""mcx"": 63}",0.001019666960928589,0.0019427919760346413,2.479099202901125e-05,2.220796886831522e-05,0.0035430409479886293,0.0,100.0,1.0
f2884657,2026-10-07T23:04:09.453177,NEU-DET,patches,patches_151.jpg,4x4,4,4,8,FRQI,1024,aer,5,4,1,1092,705,384,"{""h"": 132, ""x"": 64, ""cx"": 384, ""tdg"": 192, ""t"": 256, ""ry"": 64}",0.001229833986144513,0.0054337080218829215,3.825000021606684e-05,7.162499241530895e-05,0.008399083046242595,0.0018383386783808477,27.355744752120298,0.9698183651073895
24950f32,2026-10-07T23:04:09.469428,NEU-DET,patches,patches_151.jpg,4x4,4,4,8,NEQR,1024,aer,12,4,8,136,96,68,"{""h"": 4, ""x"": 64, ""mcx"": 68}",0.001017166010569781,0.002302708977367729,2.3374974261969328e-05,2.0459003280848265e-05,0.00389654200989753,0.0,100.0,1.0
5d336865,2026-10-07T23:04:09.481160,NEU-DET,patches,patches_152.jpg,4x4,4,4,8,FRQI,1024,aer,5,4,1,1092,705,384,"{""h"": 132, ""x"": 64, ""cx"": 384, ""tdg"": 192, ""t"": 256, ""ry"": 64}",0.0013044169754721224,0.005561958008911461,3.658304922282696e-05,6.716698408126831e-05,0.008692665956914425,0.0020828547511694247,26.81341014721027,0.9674669599136689
ce3b33dc,2026-10-07T23:04:09.497750,NEU-DET,patches,patches_152.jpg,4x4,4,4,8,NEQR,1024,aer,12,4,8,143,103,75,"{""h"": 4, ""x"": 64, ""mcx"": 75}",0.0012311669997870922,0.002552625024691224,2.3874978069216013e-05,2.1333980839699507e-05,0.004414000024553388,0.0,100.0,1.0
a3ae8806,2026-10-07T23:04:09.511124,NEU-DET,patches,patches_153.jpg,4x4,4,4,8,FRQI,1024,aer,5,4,1,1092,705,384,"{""h"": 132, ""x"": 64, ""cx"": 384, ""tdg"": 192, ""t"": 256, ""ry"": 64}",0.001206291955895722,0.005325792008079588,3.7209014408290386e-05,6.929202936589718e-05,0.008262709015980363,0.0028001569099532957,25.52817631794373,0.8621715420255288
0e34902d,2026-10-07T23:04:09.527350,NEU-DET,patches,patches_153.jpg,4x4,4,4,8,NEQR,1024,aer,12,4,8,117,77,49,"{""h"": 4, ""x"": 64, ""mcx"": 49}",0.0008782499935477972,0.0017412080196663737,2.4333014152944088e-05,2.1832995116710663e-05,0.003140832995995879,0.0,100.0,1.0
d3530260,2026-10-07T23:04:09.538293,NEU-DET,patches,patches_154.jpg,4x4,4,4,8,FRQI,1024,aer,5,4,1,1092,705,384,"{""h"": 132, ""x"": 64, ""cx"": 384, ""tdg"": 192, ""t"": 256, ""ry"": 64}",0.0012954999692738056,0.005346208985429257,3.5416975151747465e-05,7.062498480081558e-05,0.008418165962211788,0.002240799269504721,26.495970457634424,0.9732473981209224
95a836ec,2026-10-07T23:04:09.554580,NEU-DET,patches,patches_154.jpg,4x4,4,4,8,NEQR,1024,aer,12,4,8,141,101,73,"{""h"": 4, ""x"": 64, ""mcx"": 73}",0.0010764170438051224,0.0025608339929021895,2.341700019314885e-05,2.0832987502217293e-05,0.004220959031954408,0.0,100.0,1.0
b8e3adf6,2026-10-07T23:04:09.567664,NEU-DET,patches,patches_155.jpg,4x4,4,4,8,FRQI,1024,aer,5,4,1,1092,705,384,"{""h"": 132, ""x"": 64, ""cx"": 384, ""tdg"": 192, ""t"": 256, ""ry"": 64}",0.001260707969777286,0.005397000000812113,3.887497587129474e-05,7.666699821129441e-05,0.008493083994835615,0.0035141077935122557,24.541849208687406,0.9458327046740906
4a90112f,2026-10-07T23:04:09.584547,NEU-DET,patches,patches_155.jpg,4x4,4,4,8,NEQR,1024,aer,12,4,8,133,93,65,"{""h"": 4, ""x"": 64, ""mcx"": 65}",0.0010559170041233301,0.002424416015855968,2.475001383572817e-05,2.099998528137803e-05,0.004076540993992239,0.0,100.0,1.0
71375c23,2026-10-07T23:04:09.597579,NEU-DET,patches,patches_156.jpg,4x4,4,4,8,FRQI,1024,aer,5,4,1,1092,705,384,"{""h"": 132, ""x"": 64, ""cx"": 384, ""tdg"": 192, ""t"": 256, ""ry"": 64}",0.0012670420110225677,0.005117124994285405,3.425002796575427e-05,6.654200842604041e-05,0.008193792018573731,0.0010217274415141267,29.906649421987886,0.9400194387402584
76aa2847,2026-10-07T23:04:09.613811,NEU-DET,patches,patches_156.jpg,4x4,4,4,8,NEQR,1024,aer,12,4,8,135,95,67,"{""h"": 4, ""x"": 64, ""mcx"": 67}",0.0011137499823234975,0.0024405420408584177,2.237502485513687e-05,1.9916973542422056e-05,0.00412904197582975,0.0,100.0,1.0
dba3b4fa,2026-10-07T23:04:09.627058,NEU-DET,patches,patches_157.jpg,4x4,4,4,8,FRQI,1024,aer,5,4,1,1092,705,384,"{""h"": 132, ""x"": 64, ""cx"": 384, ""tdg"": 192, ""t"": 256, ""ry"": 64}",0.001264624996110797,0.0051079169497825205,3.195903263986111e-05,6.42910017631948e-05,0.008170666988007724,0.0024710994010065457,26.071097845694403,0.9651457435190143
61b855f6,2026-10-07T23:04:09.643127,NEU-DET,patches,patches_157.jpg,4x4,4,4,8,NEQR,1024,aer,12,4,8,128,88,60,"{""h"": 4, ""x"": 64, ""mcx"": 60}",0.001023625023663044,0.0022286250023171306,2.37500062212348e-05,2.0249979570508003e-05,0.003908250015228987,0.0,100.0,1.0
8644c866,2026-10-07T23:04:09.654945,NEU-DET,patches,patches_158.jpg,4x4,4,4,8,FRQI,1024,aer,5,4,1,1092,705,384,"{""h"": 132, ""x"": 64, ""cx"": 384, ""tdg"": 192, ""t"": 256, ""ry"": 64}",0.0011616669944487512,0.00527374999364838,3.541703335940838e-05,6.529100937768817e-05,0.008136915974318981,0.0019978935054075575,26.994276648820442,0.9601099051362691
a2aa9ba4,2026-10-07T23:04:09.670510,NEU-DET,patches,patches_158.jpg,4x4,4,4,8,NEQR,1024,aer,12,4,8,130,90,62,"{""h"": 4, ""x"": 64, ""mcx"": 62}",0.001031208026688546,0.002288374991621822,2.295803278684616e-05,1.995800994336605e-05,0.0038600830012001097,0.0,100.0,1.0
497611ce,2026-10-07T23:04:09.683288,NEU-DET,patches,patches_159.jpg,4x4,4,4,8,FRQI,1024,aer,5,4,1,1092,705,384,"{""h"": 132, ""x"": 64, ""cx"": 384, ""tdg"": 192, ""t"": 256, ""ry"": 64}",0.001283459016121924,0.0070132919936440885,3.5999983083456755e-05,6.691698217764497e-05,0.010093167016748339,0.0017989537407227946,27.449800041959325,0.9279274668032776
bdae75ce,2026-10-07T23:04:09.701378,NEU-DET,patches,patches_159.jpg,4x4,4,4,8,NEQR,1024,aer,12,4,8,137,97,69,"{""h"": 4, ""x"": 64, ""mcx"": 69}",0.0011635409900918603,0.002491916995495558,2.5124987587332726e-05,2.300000051036477e-05,0.004306374990846962,0.0,100.0,1.0
183e31d3,2026-10-07T23:04:09.715123,NEU-DET,patches,patches_16.jpg,4x4,4,4,8,FRQI,1024,aer,5,4,1,1092,705,384,"{""h"": 132, ""x"": 64, ""cx"": 384, ""tdg"": 192, ""t"": 256, ""ry"": 64}",0.0014707090449519455,0.005450666008982807,3.683299291878939e-05,7.73330102674663e-05,0.008856875007040799,0.001746431895640446,27.57848345568415,0.9136441608997184
370f5908,2026-10-07T23:04:09.732493,NEU-DET,patches,patches_16.jpg,4x4,4,4,8,NEQR,1024,aer,12,4,8,144,104,76,"{""h"": 4, ""x"": 64, ""mcx"": 76}",0.001199625025037676,0.002569834003224969,2.3332948330789804e-05,2.370803849771619e-05,0.00440741702914238,0.0,100.0,1.0
0ed74054,2026-10-07T23:04:09.746561,NEU-DET,patches,patches_160.jpg,4x4,4,4,8,FRQI,1024,aer,5,4,1,1092,705,384,"{""h"": 132, ""x"": 64, ""cx"": 384, ""tdg"": 192, ""t"": 256, ""ry"": 64}",0.001275625021662563,0.0054507500026375055,3.604101948440075e-05,7.02079851180315e-05,0.008557416032999754,0.003160892707263685,25.001902455189004,0.9106096810562594
d0677069,2026-10-07T23:04:09.763859,NEU-DET,patches,patches_160.jpg,4x4,4,4,8,NEQR,1024,aer,12,4,8,136,96,68,"{""h"": 4, ""x"": 64, ""mcx"": 68}",0.0011723749921657145,0.0022091249702498317,2.3208034690469503e-05,2.116698306053877e-05,0.004067749949172139,0.0,100.0,1.0
2114cdfd,2026-10-07T23:04:09.777127,NEU-DET,patches,patches_161.jpg,4x4,4,4,8,FRQI,1024,aer,5,4,1,1092,705,384,"{""h"": 132, ""x"": 64, ""cx"": 384, ""tdg"": 192, ""t"": 256, ""ry"": 64}",0.0012478749849833548,0.005438874999526888,3.316602669656277e-05,7.00420350767672e-05,0.008467375009786338,0.0011804787020591634,29.27941843961468,0.9767404859523087
3b9d9083,2026-10-07T23:04:09.793772,NEU-DET,patches,patches_161.jpg,4x4,4,4,8,NEQR,1024,aer,12,4,8,154,114,86,"{""h"": 4, ""x"": 64, ""mcx"": 86}",0.0014332500286400318,0.003304749960079789,2.2833002731204033e-05,2.1665997337549925e-05,0.005418999993707985,0.0,100.0,1.0
69f294b7,2026-10-07T23:04:09.807376,NEU-DET,patches,patches_162.jpg,4x4,4,4,8,FRQI,1024,aer,5,4,1,1092,705,384,"{""h"": 132, ""x"": 64, ""cx"": 384, ""tdg"": 192, ""t"": 256, ""ry"": 64}",0.0013223339919932187,0.005390833015553653,3.574998117983341e-05,7.00420350767672e-05,0.008618583029601723,0.001748875015059691,27.572412266616585,0.8248617740516929
4711a7af,2026-10-07T23:04:09.824343,NEU-DET,patches,patches_162.jpg,4x4,4,4,8,NEQR,1024,aer,12,4,8,120,80,52,"{""h"": 4, ""x"": 64, ""mcx"": 52}",0.0008704999927431345,0.0016334999818354845,2.7125002816319466e-05,2.2666004952043295e-05,0.003055458015296608,0.0,100.0,1.0
2871ee4d,2026-10-07T23:04:09.836795,NEU-DET,patches,patches_163.jpg,4x4,4,4,8,FRQI,1024,aer,5,4,1,1092,705,384,"{""h"": 132, ""x"": 64, ""cx"": 384, ""tdg"": 192, ""t"": 256, ""ry"": 64}",0.001228415989317,0.005277458985801786,3.512500552460551e-05,6.870803190395236e-05,0.008241165953222662,0.0017790902690837012,27.498020157326273,0.9599346147859938
e78e284b,2026-10-07T23:04:09.853044,NEU-DET,patches,patches_163.jpg,4x4,4,4,8,NEQR,1024,aer,12,4,8,134,94,66,"{""h"": 4, ""x"": 64, ""mcx"": 66}",0.001033000007737428,0.0023452910245396197,2.358300844207406e-05,1.9291997887194157e-05,0.003928250051103532,0.0,100.0,1.0
e52762fe,2026-10-07T23:04:09.865096,NEU-DET,patches,patches_164.jpg,4x4,4,4,8,FRQI,1024,aer,5,4,1,1092,705,384,"{""h"": 132, ""x"": 64, ""cx"": 384, ""tdg"": 192, ""t"": 256, ""ry"": 64}",0.0012066250201314688,0.0053490420104935765,3.645801916718483e-05,6.966700311750174e-05,0.008318542037159204,0.0033733873745340663,24.719337848224193,0.7712552014633928
f4a62567,2026-10-07T23:04:09.881467,NEU-DET,patches,patches_164.jpg,4x4,4,4,8,NEQR,1024,aer,12,4,8,116,76,48,"{""h"": 4, ""x"": 64, ""mcx"": 48}",0.0008814589818939567,0.001582500000949949,2.475001383572817e-05,2.1209008991718292e-05,0.003012375032994896,0.0,100.0,1.0
2e349bd4,2026-10-07T23:04:09.893912,NEU-DET,patches,patches_165.jpg,4x4,4,4,8,FRQI,1024,aer,5,4,1,1092,705,384,"{""h"": 132, ""x"": 64, ""cx"": 384, ""tdg"": 192, ""t"": 256, ""ry"": 64}",0.0012978340382687747,0.005433332989923656,3.524997737258673e-05,6.770796608179808e-05,0.008516000001691282,0.002108340655200773,26.76059216646777,0.9806310857088519
046f0c14,2026-10-07T23:04:09.910636,NEU-DET,patches,patches_165.jpg,4x4,4,4,8,NEQR,1024,aer,12,4,8,139,99,71,"{""h"": 4, ""x"": 64, ""mcx"": 71}",0.001100666995625943,0.0021751669701188803,2.3916014470160007e-05,2.0915991626679897e-05,0.0038877499755471945,0.0,100.0,1.0
dbd8f6b2,2026-10-07T23:04:09.922888,NEU-DET,patches,patches_166.jpg,4x4,4,4,8,FRQI,1024,aer,5,4,1,1092,705,384,"{""h"": 132, ""x"": 64, ""cx"": 384, ""tdg"": 192, ""t"": 256, ""ry"": 64}",0.0012545419740490615,0.0057407080312259495,3.1584000680595636e-05,6.541598122566938e-05,0.00880020804470405,0.002372831397648803,26.247331196301722,0.9766082627213434
b50717a5,2026-10-07T23:04:09.939861,NEU-DET,patches,patches_166.jpg,4x4,4,4,8,NEQR,1024,aer,12,4,8,140,100,72,"{""h"": 4, ""x"": 64, ""mcx"": 72}",0.0011201670276932418,0.002611833973787725,2.4250010028481483e-05,2.0875013433396816e-05,0.004344457993283868,0.0,100.0,1.0
df4acdde,2026-10-07T23:04:09.952526,NEU-DET,patches,patches_167.jpg,4x4,4,4,8,FRQI,1024,aer,5,4,1,1092,705,384,"{""h"": 132, ""x"": 64, ""cx"": 384, ""tdg"": 192, ""t"": 256, ""ry"": 64}",0.0012958749430254102,0.005623375007417053,3.829196793958545e-05,7.254199590533972e-05,0.008768209023401141,0.0026965826520733704,25.691862637536165,0.9704220800918808
8d0fb5d3,2026-10-07T23:04:09.969539,NEU-DET,patches,patches_167.jpg,4x4,4,4,8,NEQR,1024,aer,12,4,8,131,91,63,"{""h"": 4, ""x"": 64, ""mcx"": 63}",0.0010023750364780426,0.0024466249742545187,2.354203024879098e-05,2.050003968179226e-05,0.0039916670066304505,0.0,100.0,1.0
f5978372,2026-10-07T23:04:09.983509,NEU-DET,patches,patches_168.jpg,4x4,4,4,8,FRQI,1024,aer,5,4,1,1092,705,384,"{""h"": 132, ""x"": 64, ""cx"": 384, ""tdg"": 192, ""t"": 256, ""ry"": 64}",0.0012782080448232591,0.005329374980647117,3.408297197893262e-05,7.004197686910629e-05,0.008416416007094085,0.002566222841095655,25.907056338316607,0.9543116724058235
ec3414d3,2026-10-07T23:04:10.000154,NEU-DET,patches,patches_168.jpg,4x4,4,4,8,NEQR,1024,aer,12,4,8,141,101,73,"{""h"": 4, ""x"": 64, ""mcx"": 73}",0.0011672499822452664,0.0022439159802161157,2.4625041987746954e-05,2.0832987502217293e-05,0.003996292012743652,0.0,100.0,1.0
d7edcbf9,2026-10-07T23:04:10.012338,NEU-DET,patches,patches_169.jpg,4x4,4,4,8,FRQI,1024,aer,5,4,1,1092,705,384,"{""h"": 132, ""x"": 64, ""cx"": 384, ""tdg"": 192, ""t"": 256, ""ry"": 64}",0.0011755420127883554,0.005307208048179746,3.162503708153963e-05,6.462499732151628e-05,0.008194249996449798,0.001904035204380803,27.203250260529217,0.908127710593706
8604e57c,2026-10-07T23:04:10.028724,NEU-DET,patches,patches_169.jpg,4x4,4,4,8,NEQR,1024,aer,12,4,8,126,86,58,"{""h"": 4, ""x"": 64, ""mcx"": 58}",0.0009981250041164458,0.0017103750142268836,2.475001383572817e-05,2.037500962615013e-05,0.0032909580040723085,0.0,100.0,1.0
b0a9d464,2026-10-07T23:04:10.041460,NEU-DET,patches,patches_17.jpg,4x4,4,4,8,FRQI,1024,aer,5,4,1,1092,705,384,"{""h"": 132, ""x"": 64, ""cx"": 384, ""tdg"": 192, ""t"": 256, ""ry"": 64}",0.0011974580120295286,0.005259750003460795,3.520800964906812e-05,6.683298852294683e-05,0.008186458027921617,0.0027506434091056865,25.605657075003826,0.8727692907045821
64a5c58f,2026-10-07T23:04:10.057694,NEU-DET,patches,patches_17.jpg,4x4,4,4,8,NEQR,1024,aer,12,4,8,125,85,57,"{""h"": 4, ""x"": 64, ""mcx"": 57}",0.0009714170009829104,0.0020402080263011158,2.5958986952900887e-05,2.0666979253292084e-05,0.003560666984412819,0.0,100.0,1.0
231d9185,2026-10-07T23:04:10.069426,NEU-DET,patches,patches_170.jpg,4x4,4,4,8,FRQI,1024,aer,5,4,1,1092,705,384,"{""h"": 132, ""x"": 64, ""cx"": 384, ""tdg"": 192, ""t"": 256, ""ry"": 64}",0.0012066249619238079,0.005405374977272004,3.770797047764063e-05,7.14160269126296e-05,0.008350083022378385,0.0023033216714384436,26.376454062062834,0.8577559872658613
c570beaf,2026-10-07T23:04:10.086065,NEU-DET,patches,patches_170.jpg,4x4,4,4,8,NEQR,1024,aer,12,4,8,127,87,59,"{""h"": 4, ""x"": 64, ""mcx"": 59}",0.0010105830151587725,0.001898083952255547,2.575002145022154e-05,2.1832995116710663e-05,0.0034721250412985682,0.0,100.0,1.0
91d63451,2026-10-07T23:04:10.098940,NEU-DET,patches,patches_171.jpg,4x4,4,4,8,FRQI,1024,aer,5,4,1,1092,705,384,"{""h"": 132, ""x"": 64, ""cx"": 384, ""tdg"": 192, ""t"": 256, ""ry"": 64}",0.0011974590015597641,0.005325374950189143,3.8207974284887314e-05,7.18749943189323e-05,0.008264583011623472,0.0021973027929769614,26.581100922565234,0.9637442445099179
60a76637,2026-10-07T23:04:10.115420,NEU-DET,patches,patches_171.jpg,4x4,4,4,8,NEQR,1024,aer,12,4,8,136,96,68,"{""h"": 4, ""x"": 64, ""mcx"": 68}",0.0010285840253345668,0.0024471250362694263,2.2541964426636696e-05,1.9584025721997023e-05,0.004048707953188568,0.0,100.0,1.0
224033b2,2026-10-07T23:04:10.135294,NEU-DET,patches,patches_172.jpg,4x4,4,4,8,FRQI,1024,aer,5,4,1,1092,705,384,"{""h"": 132, ""x"": 64, ""cx"": 384, ""tdg"": 192, ""t"": 256, ""ry"": 64}",0.0011661669705063105,0.005316915980074555,3.766600275412202e-05,6.737496005371213e-05,0.008228000020608306,0.002440925265812969,26.12445517240696,0.9462353437125733
fc51e7a8,2026-10-07T23:04:10.152135,NEU-DET,patches,patches_172.jpg,4x4,4,4,8,NEQR,1024,aer,12,4,8,144,104,76,"{""h"": 4, ""x"": 64, ""mcx"": 76}",0.001155083009507507,0.0022019590251147747,2.2582942619919777e-05,1.9665982108563185e-05,0.003939707996323705,0.0,100.0,1.0
c71fe5fb,2026-10-07T23:04:10.164160,NEU-DET,patches,patches_173.jpg,4x4,4,4,8,FRQI,1024,aer,5,4,1,1092,705,384,"{""h"": 132, ""x"": 64, ""cx"": 384, ""tdg"": 192, ""t"": 256, ""ry"": 64}",0.002102792030200362,0.005111084028612822,3.712496254593134e-05,7.341697346419096e-05,0.008899417007341981,0.0012327458090865026,29.09126465246794,0.9897335571253181
6598a042,2026-10-07T23:04:10.181396,NEU-DET,patches,patches_173.jpg,4x4,4,4,8,NEQR,1024,aer,12,4,8,129,89,61,"{""h"": 4, ""x"": 64, ""mcx"": 61}",0.0010554170003160834,0.0021947500063106418,2.3667002096772194e-05,2.062495332211256e-05,0.003827792010270059,0.0,100.0,1.0
0f3576bf,2026-10-07T23:04:10.193682,NEU-DET,patches,patches_174.jpg,4x4,4,4,8,FRQI,1024,aer,5,4,1,1092,705,384,"{""h"": 132, ""x"": 64, ""cx"": 384, ""tdg"": 192, ""t"": 256, ""ry"": 64}",0.0013301660073921084,0.0052288330043666065,3.600004129111767e-05,6.495800334960222e-05,0.008350417017936707,0.0020130999717645134,26.96134657248656,0.9568715686229957
bdc6a969,2026-10-07T23:04:10.210291,NEU-DET,patches,patches_174.jpg,4x4,4,4,8,NEQR,1024,aer,12,4,8,128,88,60,"{""h"": 4, ""x"": 64, ""mcx"": 60}",0.0009748329757712781,0.0019392079557292163,2.4290988221764565e-05,2.0417035557329655e-05,0.0034558330080471933,0.0,100.0,1.0
ac19f5b5,2026-10-07T23:04:10.222051,NEU-DET,patches,patches_175.jpg,4x4,4,4,8,FRQI,1024,aer,5,4,1,1092,705,384,"{""h"": 132, ""x"": 64, ""cx"": 384, ""tdg"": 192, ""t"": 256, ""ry"": 64}",0.0012524579651653767,0.0056012499844655395,3.5167031455785036e-05,6.341701373457909e-05,0.008689749985933304,0.002724598147776803,25.646975429552732,0.9732151067825656
747cb6e7,2026-10-07T23:04:10.238734,NEU-DET,patches,patches_175.jpg,4x4,4,4,8,NEQR,1024,aer,12,4,8,136,96,68,"{""h"": 4, ""x"": 64, ""mcx"": 68}",0.0010418749880045652,0.0022541669895872474,2.2792024537920952e-05,1.8583028577268124e-05,0.0038272920064628124,0.0,100.0,1.0
3605c505,2026-10-07T23:04:10.250805,NEU-DET,patches,patches_176.jpg,4x4,4,4,8,FRQI,1024,aer,5,4,1,1092,705,384,"{""h"": 132, ""x"": 64, ""cx"": 384, ""tdg"": 192, ""t"": 256, ""ry"": 64}",0.0011804589885286987,0.00529691600240767,3.504200140014291e-05,6.729201413691044e-05,0.008189875050447881,0.002055098188153196,26.87167423639776,0.9718609433173611
98e978b8,2026-10-07T23:04:10.267173,NEU-DET,patches,patches_176.jpg,4x4,4,4,8,NEQR,1024,aer,12,4,8,133,93,65,"{""h"": 4, ""x"": 64, ""mcx"": 65}",0.0018674579914659262,0.0028964169905520976,2.041697734966874e-05,1.89170241355896e-05,0.005407333024777472,0.0,100.0,1.0
d5c1e828,2026-10-07T23:04:10.282020,NEU-DET,patches,patches_177.jpg,4x4,4,4,8,FRQI,1024,aer,5,4,1,1092,705,384,"{""h"": 132, ""x"": 64, ""cx"": 384, ""tdg"": 192, ""t"": 256, ""ry"": 64}",0.0011932089691981673,0.005125374998897314,3.383401781320572e-05,6.541702896356583e-05,0.008036541985347867,0.0017994081276795993,27.44870322203818,0.980609610402347
a291802c,2026-10-07T23:04:10.298475,NEU-DET,patches,patches_177.jpg,4x4,4,4,8,NEQR,1024,aer,12,4,8,133,93,65,"{""h"": 4, ""x"": 64, ""mcx"": 65}",0.0010897500324063003,0.0024780419771559536,2.079096157103777e-05,1.8249964341521263e-05,0.004349374969024211,0.0,100.0,1.0
84a26734,2026-10-07T23:04:10.311811,NEU-DET,patches,patches_178.jpg,4x4,4,4,8,FRQI,1024,aer,5,4,1,1092,705,384,"{""h"": 132, ""x"": 64, ""cx"": 384, ""tdg"": 192, ""t"": 256, ""ry"": 64}",0.0011928330059163272,0.005269917019177228,3.308296436443925e-05,6.349995965138078e-05,0.00820879201637581,0.0016126250613471714,27.924665952372656,0.8702116271477789
f5cd0b04,2026-10-07T23:04:10.328334,NEU-DET,patches,patches_178.jpg,4x4,4,4,8,NEQR,1024,aer,12,4,8,130,90,62,"{""h"": 4, ""x"": 64, ""mcx"": 62}",0.000997958006337285,0.001885417033918202,2.3250002413988113e-05,1.975003397092223e-05,0.0034303750144317746,0.0,100.0,1.0
1a4d955f,2026-10-07T23:04:10.340581,NEU-DET,patches,patches_179.jpg,4x4,4,4,8,FRQI,1024,aer,5,4,1,1092,705,384,"{""h"": 132, ""x"": 64, ""cx"": 384, ""tdg"": 192, ""t"": 256, ""ry"": 64}",0.0012470840010792017,0.005311415996402502,3.38749960064888e-05,6.624998059123755e-05,0.008313791011460125,0.0028439352109215703,25.460803017044917,0.9573898044776517
6bf9b141,2026-10-07T23:04:10.357435,NEU-DET,patches,patches_179.jpg,4x4,4,4,8,NEQR,1024,aer,12,4,8,131,91,63,"{""h"": 4, ""x"": 64, ""mcx"": 63}",0.001066667027771473,0.003073875035624951,2.9041955713182688e-05,2.2916996385902166e-05,0.004747541970573366,0.0,100.0,1.0
37f91cde,2026-10-07T23:04:10.372159,NEU-DET,patches,patches_18.jpg,4x4,4,4,8,FRQI,1024,aer,5,4,1,1092,705,384,"{""h"": 132, ""x"": 64, ""cx"": 384, ""tdg"": 192, ""t"": 256, ""ry"": 64}",0.0012463339953683317,0.0055905000190250576,3.450002986937761e-05,7.095903856679797e-05,0.008699750003870577,0.0017328942055451697,27.61227950471563,0.9503924052345546
b20e7288,2026-10-07T23:04:10.389224,NEU-DET,patches,patches_18.jpg,4x4,4,4,8,NEQR,1024,aer,12,4,8,132,92,64,"{""h"": 4, ""x"": 64, ""mcx"": 64}",0.0010859579779207706,0.0023807910038158298,2.3250002413988113e-05,2.037500962615013e-05,0.004063375003170222,0.0,100.0,1.0
97513f8a,2026-10-07T23:04:10.402980,NEU-DET,patches,patches_180.jpg,4x4,4,4,8,FRQI,1024,aer,5,4,1,1092,705,384,"{""h"": 132, ""x"": 64, ""cx"": 384, ""tdg"": 192, ""t"": 256, ""ry"": 64}",0.0013129999861121178,0.0054110000492073596,3.674998879432678e-05,6.679201032966375e-05,0.008585874980781227,0.0017689425136684193,27.52286280375892,0.9257754515900944
f5e4f3b3,2026-10-07T23:04:10.420243,NEU-DET,patches,patches_180.jpg,4x4,4,4,8,NEQR,1024,aer,12,4,8,121,81,53,"{""h"": 4, ""x"": 64, ""mcx"": 53}",0.0008882079855538905,0.0016747500048950315,2.4250010028481483e-05,2.0832987502217293e-05,0.003101125010289252,0.0,100.0,1.0
2c2b0fd1,2026-10-07T23:04:10.431938,NEU-DET,patches,patches_181.jpg,4x4,4,4,8,FRQI,1024,aer,5,4,1,1092,705,384,"{""h"": 132, ""x"": 64, ""cx"": 384, ""tdg"": 192, ""t"": 256, ""ry"": 64}",0.0012809589970856905,0.005454083962831646,3.875000402331352e-05,7.970898877829313e-05,0.008601917012128979,0.0010770758964940826,29.677536929255748,0.9661531474998591
d7162c29,2026-10-07T23:04:10.450489,NEU-DET,patches,patches_181.jpg,4x4,4,4,8,NEQR,1024,aer,12,4,8,135,95,67,"{""h"": 4, ""x"": 64, ""mcx"": 67}",0.001319041009992361,0.0023319589672610164,2.475001383572817e-05,2.379098441451788e-05,0.004577707964926958,0.0,100.0,1.0
5f62cf60,2026-10-07T23:04:10.464993,NEU-DET,patches,patches_182.jpg,4x4,4,4,8,FRQI,1024,aer,5,4,1,1092,705,384,"{""h"": 132, ""x"": 64, ""cx"": 384, ""tdg"": 192, ""t"": 256, ""ry"": 64}",0.00132304202998057,0.0055632920120842755,4.495802568271756e-05,7.995800115168095e-05,0.008712915994692594,0.002455066491610128,26.099367411995363,0.888320730823285
a6aef92f,2026-10-07T23:04:10.482255,NEU-DET,patches,patches_182.jpg,4x4,4,4,8,NEQR,1024,aer,12,4,8,127,87,59,"{""h"": 4, ""x"": 64, ""mcx"": 59}",0.0010650840122252703,0.0020272500114515424,2.5541987270116806e-05,2.216600114479661e-05,0.0037239999510347843,0.0,100.0,1.0
92436d63,2026-10-07T23:04:10.494516,NEU-DET,patches,patches_183.jpg,4x4,4,4,8,FRQI,1024,aer,5,4,1,1092,705,384,"{""h"": 132, ""x"": 64, ""cx"": 384, ""tdg"": 192, ""t"": 256, ""ry"": 64}",0.0017478750087320805,0.008965874963905662,3.975001163780689e-05,7.658399408683181e-05,0.01317504100734368,0.003041315738616532,25.169384906020706,0.9487651420462071
9ed70136,2026-10-07T23:04:10.519447,NEU-DET,patches,patches_183.jpg,4x4,4,4,8,NEQR,1024,aer,12,4,8,129,89,61,"{""h"": 4, ""x"": 64, ""mcx"": 61}",0.0009582909988239408,0.002600334002636373,2.97910301014781e-05,3.991700941696763e-05,0.0041722499881871045,0.0,100.0,1.0
5e63f7d3,2026-10-07T23:04:10.536696,NEU-DET,patches,patches_184.jpg,4x4,4,4,8,FRQI,1024,aer,5,4,1,1092,705,384,"{""h"": 132, ""x"": 64, ""cx"": 384, ""tdg"": 192, ""t"": 256, ""ry"": 64}",0.0012065410264767706,0.0053338329889811575,4.2750034481287e-05,7.854198338463902e-05,0.008266999968327582,0.0027517704587369687,25.603877959676268,0.9577530636350114
f9861064,2026-10-07T23:04:10.556959,NEU-DET,patches,patches_184.jpg,4x4,4,4,8,NEQR,1024,aer,12,4,8,135,95,67,"{""h"": 4, ""x"": 64, ""mcx"": 67}",0.0024681659997440875,0.0027245000237599015,3.1333009246736765e-05,2.983398735523224e-05,0.006288749980740249,0.0,100.0,1.0
6819f083,2026-10-07T23:04:10.573526,NEU-DET,patches,patches_185.jpg,4x4,4,4,8,FRQI,1024,aer,5,4,1,1092,705,384,"{""h"": 132, ""x"": 64, ""cx"": 384, ""tdg"": 192, ""t"": 256, ""ry"": 64}",0.001621540985070169,0.005875749979168177,4.004203947260976e-05,8.187501225620508e-05,0.009439208020921797,0.0019140915261426563,27.18037299397031,0.9858526959717517
eeea85a4,2026-10-07T23:04:10.592633,NEU-DET,patches,patches_185.jpg,4x4,4,4,8,NEQR,1024,aer,12,4,8,133,93,65,"{""h"": 4, ""x"": 64, ""mcx"": 65}",0.0010857079760171473,0.002861458982806653,2.8292008209973574e-05,2.6291992980986834e-05,0.004782999982126057,0.0,100.0,1.0
a3015164,2026-10-07T23:04:10.608455,NEU-DET,patches,patches_186.jpg,4x4,4,4,8,FRQI,1024,aer,5,4,1,1092,705,384,"{""h"": 132, ""x"": 64, ""cx"": 384, ""tdg"": 192, ""t"": 256, ""ry"": 64}",0.0014689170056954026,0.007229541952256113,4.370801616460085e-05,8.733296999707818e-05,0.011527666996698827,0.002379253928136758,26.235592049978166,0.9540830219524369
af3619d9,2026-10-07T23:04:10.628865,NEU-DET,patches,patches_186.jpg,4x4,4,4,8,NEQR,1024,aer,12,4,8,133,93,65,"{""h"": 4, ""x"": 64, ""mcx"": 65}",0.0011611670488491654,0.0024080839939415455,2.7125002816319466e-05,2.670794492587447e-05,0.004312958975788206,0.0,100.0,1.0
3cbe4e8f,2026-10-07T23:04:10.642904,NEU-DET,patches,patches_187.jpg,4x4,4,4,8,FRQI,1024,aer,5,4,1,1092,705,384,"{""h"": 132, ""x"": 64, ""cx"": 384, ""tdg"": 192, ""t"": 256, ""ry"": 64}",0.0025622500106692314,0.0055197500041686,3.908301005139947e-05,7.658300455659628e-05,0.010092041047755629,0.0020631752723195085,26.85463875968773,0.9730600290593729
285787d2,2026-10-07T23:04:10.661617,NEU-DET,patches,patches_187.jpg,4x4,4,4,8,NEQR,1024,aer,12,4,8,130,90,62,"{""h"": 4, ""x"": 64, ""mcx"": 62}",0.0010374170378781855,0.002339499944355339,2.5625049602240324e-05,2.3333006538450718e-05,0.003994999977294356,0.0,100.0,1.0
9d8d7517,2026-10-07T23:04:10.674491,NEU-DET,patches,patches_188.jpg,4x4,4,4,8,FRQI,1024,aer,5,4,1,1092,705,384,"{""h"": 132, ""x"": 64, ""cx"": 384, ""tdg"": 192, ""t"": 256, ""ry"": 64}",0.0013169999583624303,0.005376167013309896,3.6833982449024916e-05,7.154198829084635e-05,0.00851812498876825,0.001835777143865634,27.36180041579137,0.9589468238809992
3ec39b33,2026-10-07T23:04:10.691543,NEU-DET,patches,patches_188.jpg,4x4,4,4,8,NEQR,1024,aer,12,4,8,131,91,63,"{""h"": 4, ""x"": 64, ""mcx"": 63}",0.001013832981698215,0.0020627090125344694,2.7125002816319466e-05,2.26249685510993e-05,0.0036614160053431988,0.0,100.0,1.0
604fe477,2026-10-07T23:04:10.704850,NEU-DET,patches,patches_189.jpg,4x4,4,4,8,FRQI,1024,aer,5,4,1,1092,705,384,"{""h"": 132, ""x"": 64, ""cx"": 384, ""tdg"": 192, ""t"": 256, ""ry"": 64}",0.0012931249802932143,0.005448125011753291,3.658398054540157e-05,6.829202175140381e-05,0.008537582994904369,0.0019610194162598296,27.07518106315511,0.9672951182330987
bb8acc65,2026-10-07T23:04:10.721732,NEU-DET,patches,patches_189.jpg,4x4,4,4,8,NEQR,1024,aer,12,4,8,130,90,62,"{""h"": 4, ""x"": 64, ""mcx"": 62}",0.0009835839737206697,0.0022484580404125154,2.195901470258832e-05,2.0415987819433212e-05,0.0037847919738851488,0.0,100.0,1.0
8e455e76,2026-10-07T23:04:10.733963,NEU-DET,patches,patches_19.jpg,4x4,4,4,8,FRQI,1024,aer,5,4,1,1092,705,384,"{""h"": 132, ""x"": 64, ""cx"": 384, ""tdg"": 192, ""t"": 256, ""ry"": 64}",0.0011714170104824007,0.005316124996170402,3.4582975786179304e-05,6.745802238583565e-05,0.008208832994569093,0.0024626945230414874,26.085894554711736,0.8896276828818124
6c7f0d51,2026-10-07T23:04:10.750693,NEU-DET,patches,patches_19.jpg,4x4,4,4,8,NEQR,1024,aer,12,4,8,122,82,54,"{""h"": 4, ""x"": 64, ""mcx"": 54}",0.0009680000366643071,0.0019537080079317093,2.362497616559267e-05,1.9584025721997023e-05,0.0034801660222001374,0.0,100.0,1.0
d27838ef,2026-10-07T23:04:10.764063,NEU-DET,patches,patches_190.jpg,4x4,4,4,8,FRQI,1024,aer,5,4,1,1092,705,384,"{""h"": 132, ""x"": 64, ""cx"": 384, ""tdg"": 192, ""t"": 256, ""ry"": 64}",0.001292124972678721,0.005407916964031756,3.666599513962865e-05,6.95830094628036e-05,0.00856258301064372,0.0022531996301322736,26.47200328727085,0.9452429375475477
d1296959,2026-10-07T23:04:10.781606,NEU-DET,patches,patches_190.jpg,4x4,4,4,8,NEQR,1024,aer,12,4,8,132,92,64,"{""h"": 4, ""x"": 64, ""mcx"": 64}",0.0021481249714270234,0.002204959047958255,2.2875028662383556e-05,2.0250037778168917e-05,0.00534549995791167,0.0,100.0,1.0
be4c0b46,2026-10-07T23:04:10.796101,NEU-DET,patches,patches_191.jpg,4x4,4,4,8,FRQI,1024,aer,5,4,1,1092,705,384,"{""h"": 132, ""x"": 64, ""cx"": 384, ""tdg"": 192, ""t"": 256, ""ry"": 64}",0.001229999994393438,0.005576834024395794,3.8166006561368704e-05,6.862502777948976e-05,0.00857479200931266,0.003184270902345513,24.969899916915782,0.9482827837772358
cdf14a0b,2026-10-07T23:04:10.813130,NEU-DET,patches,patches_191.jpg,4x4,4,4,8,NEQR,1024,aer,12,4,8,129,89,61,"{""h"": 4, ""x"": 64, ""mcx"": 61}",0.0010320419678464532,0.00223462498979643,2.575002145022154e-05,2.2041029296815395e-05,0.0038543749833479524,0.0,100.0,1.0
8b9aeb1f,2026-10-07T23:04:10.826330,NEU-DET,patches,patches_192.jpg,4x4,4,4,8,FRQI,1024,aer,5,4,1,1092,705,384,"{""h"": 132, ""x"": 64, ""cx"": 384, ""tdg"": 192, ""t"": 256, ""ry"": 64}",0.0011648330255411565,0.005254667019471526,3.483297768980265e-05,6.849999772384763e-05,0.008056916005443782,0.0020054747337558895,26.977828051655145,0.7962526986632451
744bb0d9,2026-10-07T23:04:10.843050,NEU-DET,patches,patches_192.jpg,4x4,4,4,8,NEQR,1024,aer,12,4,8,120,80,52,"{""h"": 4, ""x"": 64, ""mcx"": 52}",0.0009250000002793968,0.008388332964386791,3.2540992833673954e-05,2.824998227879405e-05,0.009930750005878508,0.0,100.0,1.0
a89917df,2026-10-07T23:04:10.864793,NEU-DET,patches,patches_193.jpg,4x4,4,4,8,FRQI,1024,aer,5,4,1,1092,705,384,"{""h"": 132, ""x"": 64, ""cx"": 384, ""tdg"": 192, ""t"": 256, ""ry"": 64}",0.002574959013145417,0.005465125024784356,3.8375030271708965e-05,7.858301978558302e-05,0.011255791003350168,0.0015381179770488848,28.130103519102153,0.9605231474471441
da08773c,2026-10-07T23:04:10.884943,NEU-DET,patches,patches_193.jpg,4x4,4,4,8,NEQR,1024,aer,12,4,8,139,99,71,"{""h"": 4, ""x"": 64, ""mcx"": 71}",0.0012019160203635693,0.0022844590130262077,2.3749948013573885e-05,2.1124957129359245e-05,0.004116041993256658,0.0,100.0,1.0
ed9106c8,2026-10-07T23:04:10.899662,NEU-DET,patches,patches_194.jpg,4x4,4,4,8,FRQI,1024,aer,5,4,1,1092,705,384,"{""h"": 132, ""x"": 64, ""cx"": 384, ""tdg"": 192, ""t"": 256, ""ry"": 64}",0.0012773749767802656,0.005315583024639636,3.579095937311649e-05,6.59169745631516e-05,0.008405375003349036,0.0018243696099335227,27.388871707810786,0.938443043456367
2358962b,2026-10-07T23:04:10.916681,NEU-DET,patches,patches_194.jpg,4x4,4,4,8,NEQR,1024,aer,12,4,8,130,90,62,"{""h"": 4, ""x"": 64, ""mcx"": 62}",0.0009784590220078826,0.0020962090347893536,2.3250002413988113e-05,1.995899947360158e-05,0.003614499990362674,0.0,100.0,1.0
b909d29a,2026-10-07T23:04:10.931018,NEU-DET,patches,patches_195.jpg,4x4,4,4,8,FRQI,1024,aer,5,4,1,1092,705,384,"{""h"": 132, ""x"": 64, ""cx"": 384, ""tdg"": 192, ""t"": 256, ""ry"": 64}",0.0011947499588131905,0.0052881669835187495,3.5457953345030546e-05,7.075001485645771e-05,0.008240833005402237,0.0012413804236667731,29.06095107638017,0.9807181031017164
368fb888,2026-10-07T23:04:10.947863,NEU-DET,patches,patches_195.jpg,4x4,4,4,8,NEQR,1024,aer,12,4,8,132,92,64,"{""h"": 4, ""x"": 64, ""mcx"": 64}",0.0010908750118687749,0.002458167029544711,2.4083012249320745e-05,2.0833045709878206e-05,0.00413262500660494,0.0,100.0,1.0
131d5a5b,2026-10-07T23:04:10.962493,NEU-DET,patches,patches_196.jpg,4x4,4,4,8,FRQI,1024,aer,5,4,1,1092,705,384,"{""h"": 132, ""x"": 64, ""cx"": 384, ""tdg"": 192, ""t"": 256, ""ry"": 64}",0.0012147920206189156,0.005213875032495707,3.566604573279619e-05,6.575003499165177e-05,0.008090041985269636,0.002948010592197003,25.30470960390854,0.8949578054183838
1843c6f2,2026-10-07T23:04:10.979074,NEU-DET,patches,patches_196.jpg,4x4,4,4,8,NEQR,1024,aer,12,4,8,125,85,57,"{""h"": 4, ""x"": 64, ""mcx"": 57}",0.000985959020908922,0.0020292080007493496,2.154201501980424e-05,1.7790996935218573e-05,0.003561790974345058,0.0,100.0,1.0
1f2dde05,2026-10-07T23:04:10.992058,NEU-DET,patches,patches_197.jpg,4x4,4,4,8,FRQI,1024,aer,5,4,1,1092,705,384,"{""h"": 132, ""x"": 64, ""cx"": 384, ""tdg"": 192, ""t"": 256, ""ry"": 64}",0.0011740410118363798,0.0053605419816449285,3.524997737258673e-05,7.141701644286513e-05,0.00822466699173674,0.001564013413087393,28.05759526720633,0.9372659725127734
f33c5990,2026-10-07T23:04:11.008849,NEU-DET,patches,patches_197.jpg,4x4,4,4,8,NEQR,1024,aer,12,4,8,135,95,67,"{""h"": 4, ""x"": 64, ""mcx"": 67}",0.0010578749934211373,0.002032749995123595,2.6875000912696123e-05,2.3083004634827375e-05,0.0037219999940134585,0.0,100.0,1.0
8ed7cabc,2026-10-07T23:04:11.022622,NEU-DET,patches,patches_198.jpg,4x4,4,4,8,FRQI,1024,aer,5,4,1,1092,705,384,"{""h"": 132, ""x"": 64, ""cx"": 384, ""tdg"": 192, ""t"": 256, ""ry"": 64}",0.0012080409796908498,0.005459334002807736,4.012498538941145e-05,7.075001485645771e-05,0.008444042003247887,0.0026556090570693273,25.758358588425132,0.9394893277467433
defe50c5,2026-10-07T23:04:11.039809,NEU-DET,patches,patches_198.jpg,4x4,4,4,8,NEQR,1024,aer,12,4,8,132,92,64,"{""h"": 4, ""x"": 64, ""mcx"": 64}",0.0011023750412277877,0.0022732910001650453,2.274999860674143e-05,2.1457963157445192e-05,0.003977417014539242,0.0,100.0,1.0
70577deb,2026-10-07T23:04:11.053820,NEU-DET,patches,patches_199.jpg,4x4,4,4,8,FRQI,1024,aer,5,4,1,1092,705,384,"{""h"": 132, ""x"": 64, ""cx"": 384, ""tdg"": 192, ""t"": 256, ""ry"": 64}",0.0013903750223107636,0.005501832987647504,3.9416016079485416e-05,7.379200542345643e-05,0.008803041011560708,0.0018888989958094618,27.237912642779442,0.960233912194946
0728f0f8,2026-10-07T23:04:11.071404,NEU-DET,patches,patches_199.jpg,4x4,4,4,8,NEQR,1024,aer,12,4,8,138,98,70,"{""h"": 4, ""x"": 64, ""mcx"": 70}",0.0010914579615928233,0.0022660410031676292,2.362497616559267e-05,2.0666979253292084e-05,0.003942584036849439,0.0,100.0,1.0
4abdd555,2026-10-07T23:04:11.085140,NEU-DET,patches,patches_2.jpg,4x4,4,4,8,FRQI,1024,aer,5,4,1,1092,705,384,"{""h"": 132, ""x"": 64, ""cx"": 384, ""tdg"": 192, ""t"": 256, ""ry"": 64}",0.0013010419788770378,0.005426666990388185,4.15419926866889e-05,7.416697917506099e-05,0.008562166010960937,0.0026634420955634133,25.7455674053511,0.9595118254907247
a4eab8a3,2026-10-07T23:04:11.102553,NEU-DET,patches,patches_2.jpg,4x4,4,4,8,NEQR,1024,aer,12,4,8,138,98,70,"{""h"": 4, ""x"": 64, ""mcx"": 70}",0.0011151250218972564,0.00230787496548146,2.416700590401888e-05,2.116599353030324e-05,0.004187666985671967,0.0,100.0,1.0
9bf45718,2026-10-07T23:04:11.116906,NEU-DET,patches,patches_20.jpg,4x4,4,4,8,FRQI,1024,aer,5,4,1,1092,705,384,"{""h"": 132, ""x"": 64, ""cx"": 384, ""tdg"": 192, ""t"": 256, ""ry"": 64}",0.0012312920298427343,0.00538066599983722,3.591697895899415e-05,7.30419997125864e-05,0.008296500018332154,0.0025751423956167285,25.891987511195836,0.9120403826331422
e86ecf93,2026-10-07T23:04:11.134580,NEU-DET,patches,patches_20.jpg,4x4,4,4,8,NEQR,1024,aer,12,4,8,138,98,70,"{""h"": 4, ""x"": 64, ""mcx"": 70}",0.0011824159882962704,0.0025760410353541374,2.6999972760677338e-05,2.3874978069216013e-05,0.00440216698916629,0.0,100.0,1.0
0a6ca243,2026-10-07T23:04:11.149128,NEU-DET,patches,patches_200.jpg,4x4,4,4,8,FRQI,1024,aer,5,4,1,1092,705,384,"{""h"": 132, ""x"": 64, ""cx"": 384, ""tdg"": 192, ""t"": 256, ""ry"": 64}",0.0012877919944003224,0.00536812498467043,3.63329891115427e-05,7.037498289719224e-05,0.008499125018715858,0.002700201029165311,25.686039015420615,0.9731360155386999
1301c5a9,2026-10-07T23:04:11.167747,NEU-DET,patches,patches_200.jpg,4x4,4,4,8,NEQR,1024,aer,12,4,8,126,86,58,"{""h"": 4, ""x"": 64, ""mcx"": 58}",0.0009740000241436064,0.002209666999988258,5.900004180148244e-05,4.5042019337415695e-05,0.003945667005609721,0.0,100.0,1.0
68ea4166,2026-10-07T23:04:11.187609,NEU-DET,patches,patches_201.jpg,4x4,4,4,8,FRQI,1024,aer,5,4,1,1092,705,384,"{""h"": 132, ""x"": 64, ""cx"": 384, ""tdg"": 192, ""t"": 256, ""ry"": 64}",0.0011585410102270544,0.005172042001504451,3.662501694634557e-05,7.024995284155011e-05,0.00800741696730256,0.0020053726959860497,26.978049024609977,0.9502491293347723
9225a9f0,2026-10-07T23:04:11.204373,NEU-DET,patches,patches_201.jpg,4x4,4,4,8,NEQR,1024,aer,12,4,8,132,92,64,"{""h"": 4, ""x"": 64, ""mcx"": 64}",0.001091292011551559,0.0024420000263489783,2.270803088322282e-05,2.058298559859395e-05,0.004114125040359795,0.0,100.0,1.0
2ffc3cf6,2026-10-07T23:04:11.218688,NEU-DET,patches,patches_202.jpg,4x4,4,4,8,FRQI,1024,aer,5,4,1,1092,705,384,"{""h"": 132, ""x"": 64, ""cx"": 384, ""tdg"": 192, ""t"": 256, ""ry"": 64}",0.0012301669921725988,0.005351374973542988,3.5959004890173674e-05,6.804201984778047e-05,0.008328708005137742,0.0033259464004916904,24.780847539614363,0.9385549282416328
555eee1b,2026-10-07T23:04:11.235596,NEU-DET,patches,patches_202.jpg,4x4,4,4,8,NEQR,1024,aer,12,4,8,139,99,71,"{""h"": 4, ""x"": 64, ""mcx"": 71}",0.001316790992859751,0.002268125012051314,2.3292028345167637e-05,2.037500962615013e-05,0.004166541970334947,0.0,100.0,1.0
be42fe85,2026-10-07T23:04:11.248611,NEU-DET,patches,patches_203.jpg,4x4,4,4,8,FRQI,1024,aer,5,4,1,1092,705,384,"{""h"": 132, ""x"": 64, ""cx"": 384, ""tdg"": 192, ""t"": 256, ""ry"": 64}",0.0019297499675303698,0.005423124996013939,3.6958022974431515e-05,6.920797750353813e-05,0.009195916005410254,0.0019825977623285215,27.027653883266257,0.9288770009107711
c78d1f48,2026-10-07T23:04:11.266647,NEU-DET,patches,patches_203.jpg,4x4,4,4,8,NEQR,1024,aer,12,4,8,125,85,57,"{""h"": 4, ""x"": 64, ""mcx"": 57}",0.00101666699629277,0.0018947090138681233,2.6500027161091566e-05,2.3290980607271194e-05,0.0035035830223932862,0.0,100.0,1.0
5cd8e3d7,2026-10-07T23:04:11.279148,NEU-DET,patches,patches_204.jpg,4x4,4,4,8,FRQI,1024,aer,5,4,1,1092,705,384,"{""h"": 132, ""x"": 64, ""cx"": 384, ""tdg"": 192, ""t"": 256, ""ry"": 64}",0.0013144999975338578,0.005520207982044667,3.774999640882015e-05,7.216696394607425e-05,0.008696415985468775,0.0020600092469905407,26.861308301609665,0.9836871327231262
72cdd4bb,2026-10-07T23:04:11.298507,NEU-DET,patches,patches_204.jpg,4x4,4,4,8,NEQR,1024,aer,12,4,8,136,96,68,"{""h"": 4, ""x"": 64, ""mcx"": 68}",0.001225499960128218,0.0022723330184817314,2.4917011614888906e-05,2.258300082758069e-05,0.004115832969546318,0.0,100.0,1.0
9b6b1920,2026-10-07T23:04:11.312825,NEU-DET,patches,patches_205.jpg,4x4,4,4,8,FRQI,1024,aer,5,4,1,1092,705,384,"{""h"": 132, ""x"": 64, ""cx"": 384, ""tdg"": 192, ""t"": 256, ""ry"": 64}",0.0012166670057922602,0.005290791974402964,3.4791999496519566e-05,6.695796037092805e-05,0.008233874978031963,0.002158904261199981,26.657666164682084,0.9327352858850859
b2601e2c,2026-10-07T23:04:11.329642,NEU-DET,patches,patches_205.jpg,4x4,4,4,8,NEQR,1024,aer,12,4,8,126,86,58,"{""h"": 4, ""x"": 64, ""mcx"": 58}",0.00100004201522097,0.0018895829562097788,2.6958005037158728e-05,2.26249685510993e-05,0.003490000031888485,0.0,100.0,1.0
b1744de1,2026-10-07T23:04:11.342961,NEU-DET,patches,patches_206.jpg,4x4,4,4,8,FRQI,1024,aer,5,4,1,1092,705,384,"{""h"": 132, ""x"": 64, ""cx"": 384, ""tdg"": 192, ""t"": 256, ""ry"": 64}",0.001362500013783574,0.005346333957277238,3.8207974284887314e-05,7.345800986513495e-05,0.008466792001854628,0.0022029213348637856,26.570010109947408,0.9756223030756246
24d2513a,2026-10-07T23:04:11.360345,NEU-DET,patches,patches_206.jpg,4x4,4,4,8,NEQR,1024,aer,12,4,8,128,88,60,"{""h"": 4, ""x"": 64, ""mcx"": 60}",0.0010372500400990248,0.0022762499866075814,2.4333014152944088e-05,2.1457963157445192e-05,0.0039029999752528965,0.0,100.0,1.0
1cde397d,2026-10-07T23:04:11.372880,NEU-DET,patches,patches_207.jpg,4x4,4,4,8,FRQI,1024,aer,5,4,1,1092,705,384,"{""h"": 132, ""x"": 64, ""cx"": 384, ""tdg"": 192, ""t"": 256, ""ry"": 64}",0.001460124971345067,0.005463415989652276,3.62499849870801e-05,6.937497528269887e-05,0.008750875014811754,0.0018386067227419906,27.355111562478047,0.8226222141591989
c68b3e88,2026-10-07T23:04:11.390208,NEU-DET,patches,patches_207.jpg,4x4,4,4,8,NEQR,1024,aer,12,4,8,130,90,62,"{""h"": 4, ""x"": 64, ""mcx"": 62}",0.0009832079522311687,0.0017775840242393315,2.4707987904548645e-05,2.1000043489038944e-05,0.0033139590523205698,0.0,100.0,1.0
5113cb25,2026-10-07T23:04:11.402183,NEU-DET,patches,patches_208.jpg,4x4,4,4,8,FRQI,1024,aer,5,4,1,1092,705,384,"{""h"": 132, ""x"": 64, ""cx"": 384, ""tdg"": 192, ""t"": 256, ""ry"": 64}",0.0014150000060908496,0.005410708021372557,3.5792007111012936e-05,6.808299804106355e-05,0.009987166034989059,0.0031549760069182874,25.01003939146507,0.824141021530647
849eb73c,2026-10-07T23:04:11.420969,NEU-DET,patches,patches_208.jpg,4x4,4,4,8,NEQR,1024,aer,12,4,8,120,80,52,"{""h"": 4, ""x"": 64, ""mcx"": 52}",0.0009177909814752638,0.0017151660285890102,2.1457963157445192e-05,1.979200169444084e-05,0.0031767089967615902,0.0,100.0,1.0
9c9aad0f,2026-10-07T23:04:11.435860,NEU-DET,patches,patches_209.jpg,4x4,4,4,8,FRQI,1024,aer,5,4,1,1092,705,384,"{""h"": 132, ""x"": 64, ""cx"": 384, ""tdg"": 192, ""t"": 256, ""ry"": 64}",0.0013430840335786343,0.006053916993550956,9.458401473239064e-05,8.754199370741844e-05,0.009340165997855365,0.0017556200539901074,27.555694669661044,0.9011293273782377
ca5319ac,2026-10-07T23:04:11.454301,NEU-DET,patches,patches_209.jpg,4x4,4,4,8,NEQR,1024,aer,12,4,8,134,94,66,"{""h"": 4, ""x"": 64, ""mcx"": 66}",0.0011521249543875456,0.0021377920056693256,2.824998227879405e-05,2.3874978069216013e-05,0.00394454097840935,0.0,100.0,1.0
70201183,2026-10-07T23:04:11.468146,NEU-DET,patches,patches_21.jpg,4x4,4,4,8,FRQI,1024,aer,5,4,1,1092,705,384,"{""h"": 132, ""x"": 64, ""cx"": 384, ""tdg"": 192, ""t"": 256, ""ry"": 64}",0.0012188329710625112,0.00556795799639076,3.875000402331352e-05,7.233297219499946e-05,0.008545750053599477,0.0025705031796395233,25.89981854586659,0.7741533716334184
c02f8053,2026-10-07T23:04:11.485974,NEU-DET,patches,patches_21.jpg,4x4,4,4,8,NEQR,1024,aer,12,4,8,136,96,68,"{""h"": 4, ""x"": 64, ""mcx"": 68}",0.0011509580072015524,0.002220541995484382,2.65840208157897e-05,2.3957982193678617e-05,0.003980667039286345,0.0,100.0,1.0
27f5b850,2026-10-07T23:04:11.500085,NEU-DET,patches,patches_210.jpg,4x4,4,4,8,FRQI,1024,aer,5,4,1,1092,705,384,"{""h"": 132, ""x"": 64, ""cx"": 384, ""tdg"": 192, ""t"": 256, ""ry"": 64}",0.0012984580243937671,0.005362249969039112,3.666599513962865e-05,6.82090176269412e-05,0.008484957972541451,0.0018739147788155225,27.272501636786224,0.8752545165712011
e33209db,2026-10-07T23:04:11.517550,NEU-DET,patches,patches_210.jpg,4x4,4,4,8,NEQR,1024,aer,12,4,8,130,90,62,"{""h"": 4, ""x"": 64, ""mcx"": 62}",0.0010256250388920307,0.002043167012743652,2.3833999875932932e-05,2.0332983694970608e-05,0.0036260420456528664,0.0,100.0,1.0
7b78984d,2026-10-07T23:04:11.531223,NEU-DET,patches,patches_211.jpg,4x4,4,4,8,FRQI,1024,aer,5,4,1,1092,705,384,"{""h"": 132, ""x"": 64, ""cx"": 384, ""tdg"": 192, ""t"": 256, ""ry"": 64}",0.0013043339713476598,0.005389500001911074,3.7917052395641804e-05,7.133395411074162e-05,0.00849104201188311,0.002139728536236705,26.696413213670258,0.9417620887380309
0e6b6a06,2026-10-07T23:04:11.548648,NEU-DET,patches,patches_211.jpg,4x4,4,4,8,NEQR,1024,aer,12,4,8,141,101,73,"{""h"": 4, ""x"": 64, ""mcx"": 73}",0.0012011250364594162,0.002325165958609432,2.5666027795523405e-05,2.2249994799494743e-05,0.004146124992985278,0.0,100.0,1.0
c284106d,2026-10-07T23:04:11.562371,NEU-DET,patches,patches_212.jpg,4x4,4,4,8,FRQI,1024,aer,5,4,1,1092,705,384,"{""h"": 132, ""x"": 64, ""cx"": 384, ""tdg"": 192, ""t"": 256, ""ry"": 64}",0.0012518750154413283,0.0054507500026375055,3.770896000787616e-05,7.254199590533972e-05,0.008446791965980083,0.0014093749894774454,28.509734396844376,0.9696244258904639
4e5ed013,2026-10-07T23:04:11.579858,NEU-DET,patches,patches_212.jpg,4x4,4,4,8,NEQR,1024,aer,12,4,8,135,95,67,"{""h"": 4, ""x"": 64, ""mcx"": 67}",0.00113070901716128,0.0023570419871248305,2.0417035557329655e-05,1.9167026039212942e-05,0.004071499977726489,0.0,100.0,1.0
8bb0375b,2026-10-07T23:04:11.592670,NEU-DET,patches,patches_213.jpg,4x4,4,4,8,FRQI,1024,aer,5,4,1,1092,705,384,"{""h"": 132, ""x"": 64, ""cx"": 384, ""tdg"": 192, ""t"": 256, ""ry"": 64}",0.0012095419806428254,0.0054985829629004,3.629201091825962e-05,7.12089822627604e-05,0.00844354199944064,0.0016321523327285504,27.87239309935088,0.9352677084717642
6a084379,2026-10-07T23:04:11.610190,NEU-DET,patches,patches_213.jpg,4x4,4,4,8,NEQR,1024,aer,12,4,8,124,84,56,"{""h"": 4, ""x"": 64, ""mcx"": 56}",0.0010018330067396164,0.001869458006694913,2.504198346287012e-05,2.1708954591304064e-05,0.003442416957113892,0.0,100.0,1.0
96959587,2026-10-07T23:04:11.623402,NEU-DET,patches,patches_214.jpg,4x4,4,4,8,FRQI,1024,aer,5,4,1,1092,705,384,"{""h"": 132, ""x"": 64, ""cx"": 384, ""tdg"": 192, ""t"": 256, ""ry"": 64}",0.001196000026538968,0.00539654097519815,3.4416967537254095e-05,6.595900049433112e-05,0.008310124976560473,0.0012302039734710878,29.10022874569806,0.865609415264049
8ce10bb3,2026-10-07T23:04:11.640283,NEU-DET,patches,patches_214.jpg,4x4,4,4,8,NEQR,1024,aer,12,4,8,122,82,54,"{""h"": 4, ""x"": 64, ""mcx"": 54}",0.0009343749843537807,0.0017274590209126472,2.5416957214474678e-05,2.054101787507534e-05,0.0032092080218717456,0.0,100.0,1.0
3ca2f8ce,2026-10-07T23:04:11.652741,NEU-DET,patches,patches_215.jpg,4x4,4,4,8,FRQI,1024,aer,5,4,1,1092,705,384,"{""h"": 132, ""x"": 64, ""cx"": 384, ""tdg"": 192, ""t"": 256, ""ry"": 64}",0.001253458030987531,0.005512624979019165,4.033400909975171e-05,7.458298932760954e-05,0.008528167032636702,0.0036971026771584294,24.321384878894023,0.8224016165724252
1089d09b,2026-10-07T23:04:11.670954,NEU-DET,patches,patches_215.jpg,4x4,4,4,8,NEQR,1024,aer,12,4,8,133,93,65,"{""h"": 4, ""x"": 64, ""mcx"": 65}",0.001057624991517514,0.002097417018376291,2.4958979338407516e-05,2.274999860674143e-05,0.0037832919624634087,0.0,100.0,1.0
a1e3da08,2026-10-07T23:04:11.685662,NEU-DET,patches,patches_216.jpg,4x4,4,4,8,FRQI,1024,aer,5,4,1,1092,705,384,"{""h"": 132, ""x"": 64, ""cx"": 384, ""tdg"": 192, ""t"": 256, ""ry"": 64}",0.0012422919971868396,0.007042124983854592,4.2083964217454195e-05,8.349999552592635e-05,0.010113791970070451,0.002687205358741345,25.70699143108981,0.9484890382861305
c9c7aeef,2026-10-07T23:04:11.705170,NEU-DET,patches,patches_216.jpg,4x4,4,4,8,NEQR,1024,aer,12,4,8,128,88,60,"{""h"": 4, ""x"": 64, ""mcx"": 60}",0.001005167025141418,0.0034692500485107303,2.9666000045835972e-05,2.500001573935151e-05,0.005098958034068346,0.0,100.0,1.0
f45e7ac7,2026-10-07T23:04:11.720673,NEU-DET,patches,patches_217.jpg,4x4,4,4,8,FRQI,1024,aer,5,4,1,1092,705,384,"{""h"": 132, ""x"": 64, ""cx"": 384, ""tdg"": 192, ""t"": 256, ""ry"": 64}",0.0013280840357765555,0.005452582961879671,4.0624989196658134e-05,7.595901843160391e-05,0.008635708945803344,0.001890204096020845,27.23491300064799,0.9720507858834779
026977fa,2026-10-07T23:04:11.738305,NEU-DET,patches,patches_217.jpg,4x4,4,4,8,NEQR,1024,aer,12,4,8,134,94,66,"{""h"": 4, ""x"": 64, ""mcx"": 66}",0.0011657499708235264,0.002550500037614256,2.379098441451788e-05,2.154201501980424e-05,0.004318332998082042,0.0,100.0,1.0
9dcc347b,2026-10-07T23:04:11.751688,NEU-DET,patches,patches_218.jpg,4x4,4,4,8,FRQI,1024,aer,5,4,1,1092,705,384,"{""h"": 132, ""x"": 64, ""cx"": 384, ""tdg"": 192, ""t"": 256, ""ry"": 64}",0.0013281670399010181,0.0054651249665766954,3.787502646446228e-05,7.579097291454673e-05,0.008584416995290667,0.0010668937354410815,29.718788349427292,0.8786740393140793
07f49681,2026-10-07T23:04:11.769392,NEU-DET,patches,patches_218.jpg,4x4,4,4,8,NEQR,1024,aer,12,4,8,103,63,35,"{""h"": 4, ""x"": 64, ""mcx"": 35}",0.0007002080092206597,0.0016867080121301115,2.5707995519042015e-05,2.0791019778698683e-05,0.0028905419749207795,0.0,100.0,1.0
dd9ab01f,2026-10-07T23:04:11.782285,NEU-DET,patches,patches_219.jpg,4x4,4,4,8,FRQI,1024,aer,5,4,1,1092,705,384,"{""h"": 132, ""x"": 64, ""cx"": 384, ""tdg"": 192, ""t"": 256, ""ry"": 64}",0.001279250020161271,0.00533037498826161,3.3333024475723505e-05,6.512500112876296e-05,0.008332791971042752,0.0023762769508061704,26.24102944499976,0.8407728438724638
ae1351e3,2026-10-07T23:04:11.799489,NEU-DET,patches,patches_219.jpg,4x4,4,4,8,NEQR,1024,aer,12,4,8,121,81,53,"{""h"": 4, ""x"": 64, ""mcx"": 53}",0.0009364999714307487,0.0016762500163167715,2.4124979972839355e-05,1.9332976080477238e-05,0.0031637909705750644,0.0,100.0,1.0
a8ef58f5,2026-10-07T23:04:11.812263,NEU-DET,patches,patches_22.jpg,4x4,4,4,8,FRQI,1024,aer,5,4,1,1092,705,384,"{""h"": 132, ""x"": 64, ""cx"": 384, ""tdg"": 192, ""t"": 256, ""ry"": 64}",0.0012235409813001752,0.005636833026073873,3.825000021606684e-05,6.941700121387839e-05,0.008721666992641985,0.001567998510269484,28.046543542676837,0.9779587910158581
0ec74e20,2026-10-07T23:04:11.829834,NEU-DET,patches,patches_22.jpg,4x4,4,4,8,NEQR,1024,aer,12,4,8,136,96,68,"{""h"": 4, ""x"": 64, ""mcx"": 68}",0.0011438329820521176,0.0024789589806459844,2.3042026441544294e-05,2.1750049199908972e-05,0.004235292028170079,0.0,100.0,1.0
0ff08e19,2026-10-07T23:04:11.843941,NEU-DET,patches,patches_220.jpg,4x4,4,4,8,FRQI,1024,aer,5,4,1,1092,705,384,"{""h"": 132, ""x"": 64, ""cx"": 384, ""tdg"": 192, ""t"": 256, ""ry"": 64}",0.0011906670406460762,0.006129709014203399,3.520800964906812e-05,6.495899287983775e-05,0.009034166985657066,0.0020540304846360354,26.873931151637805,0.9557049963602522
2000cba1,2026-10-07T23:04:11.861969,NEU-DET,patches,patches_220.jpg,4x4,4,4,8,NEQR,1024,aer,12,4,8,134,94,66,"{""h"": 4, ""x"": 64, ""mcx"": 66}",0.0010982920066453516,0.0022309590131044388,2.5291985366493464e-05,2.13750172406435e-05,0.0039182089967653155,0.0,100.0,1.0
0ab53fad,2026-10-07T23:04:11.875024,NEU-DET,patches,patches_221.jpg,4x4,4,4,8,FRQI,1024,aer,5,4,1,1092,705,384,"{""h"": 132, ""x"": 64, ""cx"": 384, ""tdg"": 192, ""t"": 256, ""ry"": 64}",0.0012359580141492188,0.005294333037454635,7.720798021182418e-05,0.00013366597704589367,0.008540333015844226,0.0025394859835732846,25.952541798716418,0.9670204869453127
8e5a23e5,2026-10-07T23:04:11.895820,NEU-DET,patches,patches_221.jpg,4x4,4,4,8,NEQR,1024,aer,12,4,8,134,94,66,"{""h"": 4, ""x"": 64, ""mcx"": 66}",0.0010306669864803553,0.0022682499838992953,2.5083019863814116e-05,2.033403143286705e-05,0.0038819999899715185,0.0,100.0,1.0
9671beb5,2026-10-07T23:04:11.909757,NEU-DET,patches,patches_222.jpg,4x4,4,4,8,FRQI,1024,aer,5,4,1,1092,705,384,"{""h"": 132, ""x"": 64, ""cx"": 384, ""tdg"": 192, ""t"": 256, ""ry"": 64}",0.0012794589856639504,0.005073375010397285,3.2999960239976645e-05,6.1166996601969e-05,0.008165290986653417,0.0028538571365884424,25.445677713560087,0.9746627656087674
5b310017,2026-10-07T23:04:11.926716,NEU-DET,patches,patches_222.jpg,4x4,4,4,8,NEQR,1024,aer,12,4,8,138,98,70,"{""h"": 4, ""x"": 64, ""mcx"": 70}",0.0011514159850776196,0.0022850000532343984,2.195901470258832e-05,1.937500201165676e-05,0.004009958007372916,0.0,100.0,1.0
ee713d84,2026-10-07T23:04:11.941279,NEU-DET,patches,patches_223.jpg,4x4,4,4,8,FRQI,1024,aer,5,4,1,1092,705,384,"{""h"": 132, ""x"": 64, ""cx"": 384, ""tdg"": 192, ""t"": 256, ""ry"": 64}",0.0012830000487156212,0.005487042013555765,3.56250093318522e-05,6.233301246538758e-05,0.008591666002757847,0.003183542946243067,24.97089287094131,0.9263455441508242
5c69e551,2026-10-07T23:04:11.958304,NEU-DET,patches,patches_223.jpg,4x4,4,4,8,NEQR,1024,aer,12,4,8,135,95,67,"{""h"": 4, ""x"": 64, ""mcx"": 67}",0.0010282499715685844,0.0023897080100141466,2.3291038814932108e-05,2.0208011846989393e-05,0.003971290949266404,0.0,100.0,1.0
abd03f96,2026-10-07T23:04:11.971225,NEU-DET,patches,patches_224.jpg,4x4,4,4,8,FRQI,1024,aer,5,4,1,1092,705,384,"{""h"": 132, ""x"": 64, ""cx"": 384, ""tdg"": 192, ""t"": 256, ""ry"": 64}",0.0012264999677427113,0.005464999994728714,3.4167023841291666e-05,6.520794704556465e-05,0.008462917001452297,0.0018842263322158728,27.248669311988557,0.9825422467138644
0bad3b28,2026-10-07T23:04:11.988678,NEU-DET,patches,patches_224.jpg,4x4,4,4,8,NEQR,1024,aer,12,4,8,129,89,61,"{""h"": 4, ""x"": 64, ""mcx"": 61}",0.001018832961563021,0.0023667910136282444,2.362497616559267e-05,1.9583036191761494e-05,0.003932541992980987,0.0,100.0,1.0
1c51df73,2026-10-07T23:04:12.002954,NEU-DET,patches,patches_225.jpg,4x4,4,4,8,FRQI,1024,aer,5,4,1,1092,705,384,"{""h"": 132, ""x"": 64, ""cx"": 384, ""tdg"": 192, ""t"": 256, ""ry"": 64}",0.0011949159670621157,0.005289375025313348,3.691698657348752e-05,6.991700502112508e-05,0.008133541967254132,0.001946354298058595,27.1077810153613,0.8823636728333706
3b5c0124,2026-10-07T23:04:12.020138,NEU-DET,patches,patches_225.jpg,4x4,4,4,8,NEQR,1024,aer,12,4,8,123,83,55,"{""h"": 4, ""x"": 64, ""mcx"": 55}",0.0009340830147266388,0.001983415975701064,2.237502485513687e-05,2.050003968179226e-05,0.0034422919852659106,0.0,100.0,1.0
c02ac32c,2026-10-07T23:04:12.032919,NEU-DET,patches,patches_226.jpg,4x4,4,4,8,FRQI,1024,aer,5,4,1,1092,705,384,"{""h"": 132, ""x"": 64, ""cx"": 384, ""tdg"": 192, ""t"": 256, ""ry"": 64}",0.0012381660053506494,0.0054442500113509595,3.520800964906812e-05,6.729201413691044e-05,0.008487332961522043,0.0015737689117682507,28.03059037994648,0.9363898499802208
c0b37c98,2026-10-07T23:04:12.050290,NEU-DET,patches,patches_226.jpg,4x4,4,4,8,NEQR,1024,aer,12,4,8,127,87,59,"{""h"": 4, ""x"": 64, ""mcx"": 59}",0.0010062920046038926,0.0018312920001335442,2.4250010028481483e-05,2.0250037778168917e-05,0.003397374995984137,0.0,100.0,1.0
85748ff2,2026-10-07T23:04:12.062742,NEU-DET,patches,patches_227.jpg,4x4,4,4,8,FRQI,1024,aer,5,4,1,1092,705,384,"{""h"": 132, ""x"": 64, ""cx"": 384, ""tdg"": 192, ""t"": 256, ""ry"": 64}",0.002462708973325789,0.005102041002828628,3.56250093318522e-05,6.975000724196434e-05,0.010744625004008412,0.0028387804783985542,25.46868189970182,0.9438790633800151
e20ae0f0,2026-10-07T23:04:12.082525,NEU-DET,patches,patches_227.jpg,4x4,4,4,8,NEQR,1024,aer,12,4,8,134,94,66,"{""h"": 4, ""x"": 64, ""mcx"": 66}",0.001128916977904737,0.002512750041205436,6.129196844995022e-05,4.5041029807180166e-05,0.004422541009262204,0.0,100.0,1.0
150bfbf6,2026-10-07T23:04:12.098371,NEU-DET,patches,patches_228.jpg,4x4,4,4,8,FRQI,1024,aer,5,4,1,1092,705,384,"{""h"": 132, ""x"": 64, ""cx"": 384, ""tdg"": 192, ""t"": 256, ""ry"": 64}",0.001273375004529953,0.005556874966714531,3.837497206404805e-05,6.84579717926681e-05,0.008580250025261194,0.002751267382244615,25.604672005988604,0.9457300229665533
84b21e13,2026-10-07T23:04:12.115917,NEU-DET,patches,patches_228.jpg,4x4,4,4,8,NEQR,1024,aer,12,4,8,137,97,69,"{""h"": 4, ""x"": 64, ""mcx"": 69}",0.001139041967689991,0.0022686669835820794,2.1916988771408796e-05,1.812499249354005e-05,0.003997707972303033,0.0,100.0,1.0
228e62fc,2026-10-07T23:04:12.129770,NEU-DET,patches,patches_229.jpg,4x4,4,4,8,FRQI,1024,aer,5,4,1,1092,705,384,"{""h"": 132, ""x"": 64, ""cx"": 384, ""tdg"": 192, ""t"": 256, ""ry"": 64}",0.0012072499957866967,0.005402333044912666,3.512500552460551e-05,6.620801286771894e-05,0.008329125004820526,0.001887681258197731,27.24071336040194,0.982680013763978
85bd5d24,2026-10-07T23:04:12.147066,NEU-DET,patches,patches_229.jpg,4x4,4,4,8,NEQR,1024,aer,12,4,8,143,103,75,"{""h"": 4, ""x"": 64, ""mcx"": 75}",0.0012262919917702675,0.0026690830127336085,2.3042026441544294e-05,2.1084037143737078e-05,0.004501041956245899,0.0,100.0,1.0
432e610c,2026-10-07T23:04:12.160392,NEU-DET,patches,patches_23.jpg,4x4,4,4,8,FRQI,1024,aer,5,4,1,1092,705,384,"{""h"": 132, ""x"": 64, ""cx"": 384, ""tdg"": 192, ""t"": 256, ""ry"": 64}",0.0012686660047620535,0.00545116700232029,3.774999640882015e-05,6.883300375193357e-05,0.008573958999477327,0.0020000962669621857,26.98949100733863,0.913706431496642
cbed1da1,2026-10-07T23:04:12.177919,NEU-DET,patches,patches_23.jpg,4x4,4,4,8,NEQR,1024,aer,12,4,8,126,86,58,"{""h"": 4, ""x"": 64, ""mcx"": 58}",0.0009840410202741623,0.0020180839928798378,2.6083027478307486e-05,2.1457963157445192e-05,0.0035915420157834888,0.0,100.0,1.0
757beab1,2026-10-07T23:04:12.190718,NEU-DET,patches,patches_230.jpg,4x4,4,4,8,FRQI,1024,aer,5,4,1,1092,705,384,"{""h"": 132, ""x"": 64, ""cx"": 384, ""tdg"": 192, ""t"": 256, ""ry"": 64}",0.0012773750349879265,0.005421583016868681,3.63329891115427e-05,6.524997297674417e-05,0.008527499972842634,0.0034077342205572924,24.67534284517569,0.935729533684307
8f66718a,2026-10-07T23:04:12.208013,NEU-DET,patches,patches_230.jpg,4x4,4,4,8,NEQR,1024,aer,12,4,8,137,97,69,"{""h"": 4, ""x"": 64, ""mcx"": 69}",0.0010948340059258044,0.0024124159826897085,5.883298581466079e-05,4.070898285135627e-05,0.004247832985129207,0.0,100.0,1.0
a2333e06,2026-10-07T23:04:12.226617,NEU-DET,patches,patches_231.jpg,4x4,4,4,8,FRQI,1024,aer,5,4,1,1092,705,384,"{""h"": 132, ""x"": 64, ""cx"": 384, ""tdg"": 192, ""t"": 256, ""ry"": 64}",0.0012136250152252614,0.005366958968807012,4.0207989513874054e-05,7.274997187778354e-05,0.008332625031471252,0.0015462146270446152,28.107302226611598,0.9501052120217317
7cbf735e,2026-10-07T23:04:12.244036,NEU-DET,patches,patches_231.jpg,4x4,4,4,8,NEQR,1024,aer,12,4,8,138,98,70,"{""h"": 4, ""x"": 64, ""mcx"": 70}",0.0011500419932417572,0.002457166032399982,2.4040986318141222e-05,2.0249979570508003e-05,0.004208208993077278,0.0,100.0,1.0
3a6ea6b1,2026-10-07T23:04:12.257225,NEU-DET,patches,patches_232.jpg,4x4,4,4,8,FRQI,1024,aer,5,4,1,1092,705,384,"{""h"": 132, ""x"": 64, ""cx"": 384, ""tdg"": 192, ""t"": 256, ""ry"": 64}",0.0012568329693749547,0.005111999984364957,3.779196413233876e-05,7.095804903656244e-05,0.008076124999206513,0.0012062282793483025,29.185704939541463,0.9557803287460739
88ed1421,2026-10-07T23:04:12.274374,NEU-DET,patches,patches_232.jpg,4x4,4,4,8,NEQR,1024,aer,12,4,8,119,79,51,"{""h"": 4, ""x"": 64, ""mcx"": 51}",0.0009254579781554639,0.001782541978172958,2.3541972041130066e-05,2.1374959032982588e-05,0.003263166989199817,0.0,100.0,1.0
651ab534,2026-10-07T23:04:12.286939,NEU-DET,patches,patches_233.jpg,4x4,4,4,8,FRQI,1024,aer,5,4,1,1092,705,384,"{""h"": 132, ""x"": 64, ""cx"": 384, ""tdg"": 192, ""t"": 256, ""ry"": 64}",0.0012597499880939722,0.005062500014901161,3.6999990697950125e-05,7.041700882837176e-05,0.008052332967054099,0.002538889130615977,25.953562636843696,0.7985567650939613
e8bd7923,2026-10-07T23:04:12.303977,NEU-DET,patches,patches_233.jpg,4x4,4,4,8,NEQR,1024,aer,12,4,8,120,80,52,"{""h"": 4, ""x"": 64, ""mcx"": 52}",0.0008971249917522073,0.0017155419918708503,2.462498378008604e-05,2.13750172406435e-05,0.0031269589671865106,0.0,100.0,1.0
ef8b5710,2026-10-07T23:04:12.317936,NEU-DET,patches,patches_234.jpg,4x4,4,4,8,FRQI,1024,aer,5,4,1,1092,705,384,"{""h"": 132, ""x"": 64, ""cx"": 384, ""tdg"": 192, ""t"": 256, ""ry"": 64}",0.0012203750084154308,0.0053197090164758265,3.4999975468963385e-05,6.929197115823627e-05,0.008283999981358647,0.00279286126862695,25.53950636717964,0.9682947045633076
7780ac39,2026-10-07T23:04:12.335240,NEU-DET,patches,patches_234.jpg,4x4,4,4,8,NEQR,1024,aer,12,4,8,138,98,70,"{""h"": 4, ""x"": 64, ""mcx"": 70}",0.0011530829942785203,0.0024194580037146807,2.2374966647475958e-05,1.7583020962774754e-05,0.004156665992923081,0.0,100.0,1.0
47242a42,2026-10-07T23:04:12.349974,NEU-DET,patches,patches_235.jpg,4x4,4,4,8,FRQI,1024,aer,5,4,1,1092,705,384,"{""h"": 132, ""x"": 64, ""cx"": 384, ""tdg"": 192, ""t"": 256, ""ry"": 64}",0.001245124964043498,0.005387708020862192,3.5624951124191284e-05,7.391697727143764e-05,0.00839141698088497,0.0031810954749804613,24.97423296112715,0.9432613004376631
c5d773b1,2026-10-07T23:04:12.367863,NEU-DET,patches,patches_235.jpg,4x4,4,4,8,NEQR,1024,aer,12,4,8,133,93,65,"{""h"": 4, ""x"": 64, ""mcx"": 65}",0.0010485000093467534,0.0024188330280594528,2.724997466430068e-05,2.3250002413988113e-05,0.004084041982423514,0.0,100.0,1.0
4f8efcd2,2026-10-07T23:04:12.382385,NEU-DET,patches,patches_236.jpg,4x4,4,4,8,FRQI,1024,aer,5,4,1,1092,705,384,"{""h"": 132, ""x"": 64, ""cx"": 384, ""tdg"": 192, ""t"": 256, ""ry"": 64}",0.0013299999991431832,0.005180249980185181,3.737496444955468e-05,7.512501906603575e-05,0.008262500050477684,0.003968512275066886,24.01372272033268,0.9527901221556394
99f5044b,2026-10-07T23:04:12.400912,NEU-DET,patches,patches_236.jpg,4x4,4,4,8,NEQR,1024,aer,12,4,8,144,104,76,"{""h"": 4, ""x"": 64, ""mcx"": 76}",0.0012504580081440508,0.0027969999937340617,2.704095095396042e-05,2.2666004952043295e-05,0.004713542002718896,0.0,100.0,1.0
9353fd4b,2026-10-07T23:04:12.415791,NEU-DET,patches,patches_237.jpg,4x4,4,4,8,FRQI,1024,aer,5,4,1,1092,705,384,"{""h"": 132, ""x"": 64, ""cx"": 384, ""tdg"": 192, ""t"": 256, ""ry"": 64}",0.0013205420109443367,0.005166666000150144,4.012498538941145e-05,7.12089822627604e-05,0.008351041004061699,0.0020019059681141756,26.98556325701962,0.970146413497099
11323d9a,2026-10-07T23:04:12.434286,NEU-DET,patches,patches_237.jpg,4x4,4,4,8,NEQR,1024,aer,12,4,8,133,93,65,"{""h"": 4, ""x"": 64, ""mcx"": 65}",0.0010519999777898192,0.0023198749986477196,2.416700590401888e-05,2.0709005184471607e-05,0.003975166997406632,0.0,100.0,1.0
232907ef,2026-10-07T23:04:12.448106,NEU-DET,patches,patches_238.jpg,4x4,4,4,8,FRQI,1024,aer,5,4,1,1092,705,384,"{""h"": 132, ""x"": 64, ""cx"": 384, ""tdg"": 192, ""t"": 256, ""ry"": 64}",0.002262959023937583,0.0054619169677607715,4.0583021473139524e-05,7.499998901039362e-05,0.009582874947227538,0.003015473676730944,25.20644458305744,0.9474622099838484
0df83c8a,2026-10-07T23:04:12.469029,NEU-DET,patches,patches_238.jpg,4x4,4,4,8,NEQR,1024,aer,12,4,8,140,100,72,"{""h"": 4, ""x"": 64, ""mcx"": 72}",0.0011954579968005419,0.0023202919983305037,2.504198346287012e-05,2.345896791666746e-05,0.004156125010922551,0.0,100.0,1.0
eb798306,2026-10-07T23:04:12.484921,NEU-DET,patches,patches_239.jpg,4x4,4,4,8,FRQI,1024,aer,5,4,1,1092,705,384,"{""h"": 132, ""x"": 64, ""cx"": 384, ""tdg"": 192, ""t"": 256, ""ry"": 64}",0.0014335419982671738,0.0064493329846300185,3.7582998629659414e-05,7.070798892527819e-05,0.00977408402832225,0.0022481124886937513,26.4818196178771,0.9377566879385711
86b54698,2026-10-07T23:04:12.503814,NEU-DET,patches,patches_239.jpg,4x4,4,4,8,NEQR,1024,aer,12,4,8,135,95,67,"{""h"": 4, ""x"": 64, ""mcx"": 67}",0.0010794159607030451,0.0023060840321704745,2.504198346287012e-05,2.104195300489664e-05,0.003989042015746236,0.0,100.0,1.0
ba84d0a6,2026-10-07T23:04:12.517310,NEU-DET,patches,patches_24.jpg,4x4,4,4,8,FRQI,1024,aer,5,4,1,1092,705,384,"{""h"": 132, ""x"": 64, ""cx"": 384, ""tdg"": 192, ""t"": 256, ""ry"": 64}",0.0013178340159356594,0.005145249946508557,4.0000013541430235e-05,7.320800796151161e-05,0.008224042016081512,0.002135773311813146,26.704448446458805,0.9528334723627263
d02492f5,2026-10-07T23:04:12.534631,NEU-DET,patches,patches_24.jpg,4x4,4,4,8,NEQR,1024,aer,12,4,8,133,93,65,"{""h"": 4, ""x"": 64, ""mcx"": 65}",0.0011020000092685223,0.0022203329717740417,2.416700590401888e-05,2.0749983377754688e-05,0.003949625010136515,0.0,100.0,1.0
d1cbaf29,2026-10-07T23:04:12.547786,NEU-DET,patches,patches_240.jpg,4x4,4,4,8,FRQI,1024,aer,5,4,1,1092,705,384,"{""h"": 132, ""x"": 64, ""cx"": 384, ""tdg"": 192, ""t"": 256, ""ry"": 64}",0.0012731660390272737,0.005321083008311689,3.525003558024764e-05,6.645801477134228e-05,0.008335583028383553,0.0022735752274840072,26.432906713947943,0.8795924167846974
1d5f6f22,2026-10-07T23:04:12.565352,NEU-DET,patches,patches_240.jpg,4x4,4,4,8,NEQR,1024,aer,12,4,8,131,91,63,"{""h"": 4, ""x"": 64, ""mcx"": 63}",0.0010224159923382103,0.002099792007356882,2.62079993262887e-05,2.1209008991718292e-05,0.0041104169795289636,0.0,100.0,1.0
80a0a572,2026-10-07T23:04:12.579883,NEU-DET,patches,patches_25.jpg,4x4,4,4,8,FRQI,1024,aer,5,4,1,1092,705,384,"{""h"": 132, ""x"": 64, ""cx"": 384, ""tdg"": 192, ""t"": 256, ""ry"": 64}",0.0011501249973662198,0.005259416007902473,9.708304423838854e-05,0.00014470802852883935,0.008322958019562066,0.0024188668626862423,26.163880350659557,0.9126220444737722
ebcf89fa,2026-10-07T23:04:12.598813,NEU-DET,patches,patches_25.jpg,4x4,4,4,8,NEQR,1024,aer,12,4,8,128,88,60,"{""h"": 4, ""x"": 64, ""mcx"": 60}",0.0009711249731481075,0.0021692090085707605,2.3541972041130066e-05,2.054101787507534e-05,0.0037068339879624546,0.0,100.0,1.0
f1543fa8,2026-10-07T23:04:12.611835,NEU-DET,patches,patches_26.jpg,4x4,4,4,8,FRQI,1024,aer,5,4,1,1092,705,384,"{""h"": 132, ""x"": 64, ""cx"": 384, ""tdg"": 192, ""t"": 256, ""ry"": 64}",0.0016079170163720846,0.005400041991379112,3.625004319474101e-05,6.754195783287287e-05,0.009496791986748576,0.0023527030890459454,26.28432877297059,0.9838515113722117
f33b2e71,2026-10-07T23:04:12.630528,NEU-DET,patches,patches_26.jpg,4x4,4,4,8,NEQR,1024,aer,12,4,8,139,99,71,"{""h"": 4, ""x"": 64, ""mcx"": 71}",0.0011619579745456576,0.0022705000010319054,2.4875043891370296e-05,2.1832995116710663e-05,0.004033540957607329,0.0,100.0,1.0
9c4346d7,2026-10-07T23:04:12.643692,NEU-DET,patches,patches_27.jpg,4x4,4,4,8,FRQI,1024,aer,5,4,1,1092,705,384,"{""h"": 132, ""x"": 64, ""cx"": 384, ""tdg"": 192, ""t"": 256, ""ry"": 64}",0.001247667009010911,0.005388375022448599,3.412499791011214e-05,6.954197306185961e-05,0.008385666995309293,0.002922506808156625,25.34244468449643,0.9730550314137533
cdc15593,2026-10-07T23:04:12.661184,NEU-DET,patches,patches_27.jpg,4x4,4,4,8,NEQR,1024,aer,12,4,8,140,100,72,"{""h"": 4, ""x"": 64, ""mcx"": 72}",0.0011244170018471777,0.0024952079984359443,2.3333996068686247e-05,2.0167033653706312e-05,0.0042113750241696835,0.0,100.0,1.0
cc1e7487,2026-10-07T23:04:12.674658,NEU-DET,patches,patches_28.jpg,4x4,4,4,8,FRQI,1024,aer,5,4,1,1092,705,384,"{""h"": 132, ""x"": 64, ""cx"": 384, ""tdg"": 192, ""t"": 256, ""ry"": 64}",0.0012632919824682176,0.005469041992910206,3.666704287752509e-05,6.749999010935426e-05,0.008559707959648222,0.001965206127975869,27.065918903025548,0.982280460482262
a47daf6d,2026-10-07T23:04:12.692444,NEU-DET,patches,patches_28.jpg,4x4,4,4,8,NEQR,1024,aer,12,4,8,139,99,71,"{""h"": 4, ""x"": 64, ""mcx"": 71}",0.001500291982665658,0.0023055829806253314,2.1832995116710663e-05,1.895800232887268e-05,0.004414625000208616,0.0,100.0,1.0
70e3d1d6,2026-10-07T23:04:12.708193,NEU-DET,patches,patches_29.jpg,4x4,4,4,8,FRQI,1024,aer,5,4,1,1092,705,384,"{""h"": 132, ""x"": 64, ""cx"": 384, ""tdg"": 192, ""t"": 256, ""ry"": 64}",0.0013233329518698156,0.005150542012415826,4.0583021473139524e-05,7.524999091401696e-05,0.008173959038686007,0.0016626373280929899,27.792024733211797,0.9444190188220046
0c9365ef,2026-10-07T23:04:12.725753,NEU-DET,patches,patches_29.jpg,4x4,4,4,8,NEQR,1024,aer,12,4,8,125,85,57,"{""h"": 4, ""x"": 64, ""mcx"": 57}",0.0009973330306820571,0.001906749967020005,2.4666020181030035e-05,1.9749975763261318e-05,0.0034625830012373626,0.0,100.0,1.0
a378124f,2026-10-07T23:04:12.738688,NEU-DET,patches,patches_3.jpg,4x4,4,4,8,FRQI,1024,aer,5,4,1,1092,705,384,"{""h"": 132, ""x"": 64, ""cx"": 384, ""tdg"": 192, ""t"": 256, ""ry"": 64}",0.0023984999861568213,0.005071958003100008,3.6041950806975365e-05,6.833299994468689e-05,0.010361250024288893,0.002602971947594732,25.845305122866385,0.9512552109265762
3bf9c8f9,2026-10-07T23:04:12.758053,NEU-DET,patches,patches_3.jpg,4x4,4,4,8,NEQR,1024,aer,12,4,8,141,101,73,"{""h"": 4, ""x"": 64, ""mcx"": 73}",0.0011318339966237545,0.0023233749670907855,6.033398676663637e-05,4.5249995309859514e-05,0.004172916000243276,0.0,100.0,1.0
e5e3b570,2026-10-07T23:04:12.772460,NEU-DET,patches,patches_30.jpg,4x4,4,4,8,FRQI,1024,aer,5,4,1,1024,661,360,"{""h"": 124, ""x"": 60, ""cx"": 360, ""tdg"": 180, ""t"": 240, ""ry"": 60}",0.0012263329699635506,0.0049675420159474015,3.954203566536307e-05,7.079198257997632e-05,0.007874500006437302,0.0016280281589916416,27.88338087660009,0.8727037420914798
ddcbf171,2026-10-07T23:04:12.789555,NEU-DET,patches,patches_30.jpg,4x4,4,4,8,NEQR,1024,aer,12,4,8,116,78,52,"{""h"": 4, ""x"": 60, ""mcx"": 52}",0.0009209170239046216,0.0017286669462919235,2.6541005354374647e-05,2.2625026758760214e-05,0.003216833050828427,0.0,100.0,1.0
308196f5,2026-10-07T23:04:12.803103,NEU-DET,patches,patches_31.jpg,4x4,4,4,8,FRQI,1024,aer,5,4,1,1092,705,384,"{""h"": 132, ""x"": 64, ""cx"": 384, ""tdg"": 192, ""t"": 256, ""ry"": 64}",0.001278041978366673,0.005216417019255459,4.208303289487958e-05,7.700000423938036e-05,0.008197583025321364,0.003677741314175016,24.344188215300644,0.9492360036472152
1ad631f1,2026-10-07T23:04:12.822331,NEU-DET,patches,patches_31.jpg,4x4,4,4,8,NEQR,1024,aer,12,4,8,125,85,57,"{""h"": 4, ""x"": 64, ""mcx"": 57}",0.00099258404225111,0.0020177080295979977,2.400000812485814e-05,2.2499996703118086e-05,0.0036552089732140303,0.0,100.0,1.0
60816f45,2026-10-07T23:04:12.835979,NEU-DET,patches,patches_32.jpg,4x4,4,4,8,FRQI,1024,aer,5,4,1,1092,705,384,"{""h"": 132, ""x"": 64, ""cx"": 384, ""tdg"": 192, ""t"": 256, ""ry"": 64}",0.0013075420283712447,0.005654625012539327,3.787502646446228e-05,6.904202746227384e-05,0.008827249985188246,0.0019737687118231667,27.04703739743357,0.8554772342667214
ef9225c1,2026-10-07T23:04:12.854292,NEU-DET,patches,patches_32.jpg,4x4,4,4,8,NEQR,1024,aer,12,4,8,116,76,48,"{""h"": 4, ""x"": 64, ""mcx"": 48}",0.0008494160138070583,0.0028454159619286656,2.5374989490956068e-05,2.1417043171823025e-05,0.004215374996419996,0.0,100.0,1.0
890fce48,2026-10-07T23:04:12.869217,NEU-DET,patches,patches_33.jpg,4x4,4,4,8,FRQI,1024,aer,5,4,1,1092,705,384,"{""h"": 132, ""x"": 64, ""cx"": 384, ""tdg"": 192, ""t"": 256, ""ry"": 64}",0.0012446669861674309,0.005383667012210935,4.0834012906998396e-05,7.683300646021962e-05,0.008309542026836425,0.00159991050267522,27.9590431064495,0.9720939381938843
5a32d806,2026-10-07T23:04:12.887158,NEU-DET,patches,patches_33.jpg,4x4,4,4,8,NEQR,1024,aer,12,4,8,147,107,79,"{""h"": 4, ""x"": 64, ""mcx"": 79}",0.001303749973885715,0.0026111669722013175,2.2457970771938562e-05,2.0208011846989393e-05,0.004567000025417656,0.0,100.0,1.0
ae51ffdd,2026-10-07T23:04:12.901378,NEU-DET,patches,patches_34.jpg,4x4,4,4,8,FRQI,1024,aer,5,4,1,1092,705,384,"{""h"": 132, ""x"": 64, ""cx"": 384, ""tdg"": 192, ""t"": 256, ""ry"": 64}",0.001295041001867503,0.0054832499590702355,3.487500362098217e-05,7.083395030349493e-05,0.00861608301056549,0.0029446054660566567,25.30972886069678,0.9615575411348669
108b663b,2026-10-07T23:04:12.919896,NEU-DET,patches,patches_34.jpg,4x4,4,4,8,NEQR,1024,aer,12,4,8,138,98,70,"{""h"": 4, ""x"": 64, ""mcx"": 70}",0.0011036250507459044,0.0025240410468541086,2.5540997739881277e-05,2.2707972675561905e-05,0.004226499993819743,0.0,100.0,1.0
20bd92ae,2026-10-07T23:04:12.934538,NEU-DET,patches,patches_35.jpg,4x4,4,4,8,FRQI,1024,aer,5,4,1,1092,705,384,"{""h"": 132, ""x"": 64, ""cx"": 384, ""tdg"": 192, ""t"": 256, ""ry"": 64}",0.001152082986664027,0.005150458018761128,3.4541008062660694e-05,6.670801667496562e-05,0.007938000024296343,0.0027979983286989013,25.531525492570083,0.9612465130544899
930b1fd2,2026-10-07T23:04:12.952035,NEU-DET,patches,patches_35.jpg,4x4,4,4,8,NEQR,1024,aer,12,4,8,144,104,76,"{""h"": 4, ""x"": 64, ""mcx"": 76}",0.0011558340047486126,0.002639791986439377,2.2584048565477133e-05,1.912500010803342e-05,0.0043742909911088645,0.0,100.0,1.0
6a0009c2,2026-10-07T23:04:12.966823,NEU-DET,patches,patches_36.jpg,4x4,4,4,8,FRQI,1024,aer,5,4,1,1092,705,384,"{""h"": 132, ""x"": 64, ""cx"": 384, ""tdg"": 192, ""t"": 256, ""ry"": 64}",0.0012987080262973905,0.005306417006067932,3.7041958421468735e-05,7.166701834648848e-05,0.008441374986432493,0.0023090964628200714,26.36557923992566,0.9645998028777322
4c31f9c2,2026-10-07T23:04:12.984704,NEU-DET,patches,patches_36.jpg,4x4,4,4,8,NEQR,1024,aer,12,4,8,144,104,76,"{""h"": 4, ""x"": 64, ""mcx"": 76}",0.0011702500050887465,0.00417183298850432,2.8707960154861212e-05,2.7666043024510145e-05,0.009175083949230611,0.0,100.0,1.0
6a7f5c41,2026-10-07T23:04:13.010761,NEU-DET,patches,patches_37.jpg,4x4,4,4,8,FRQI,1024,aer,5,4,1,1092,705,384,"{""h"": 132, ""x"": 64, ""cx"": 384, ""tdg"": 192, ""t"": 256, ""ry"": 64}",0.001347541983705014,0.005409709003288299,3.825000021606684e-05,7.562502287328243e-05,0.0085686250240542,0.0022673301444614464,26.444852379332083,0.9581892161255983
609ba644,2026-10-07T23:04:13.029600,NEU-DET,patches,patches_37.jpg,4x4,4,4,8,NEQR,1024,aer,12,4,8,149,109,81,"{""h"": 4, ""x"": 64, ""mcx"": 81}",0.0012694589677266777,0.0026808329857885838,2.4332955945283175e-05,2.120796125382185e-05,0.0046001250157132745,0.0,100.0,1.0
e0f9d125,2026-10-07T23:04:13.043773,NEU-DET,patches,patches_38.jpg,4x4,4,4,8,FRQI,1024,aer,5,4,1,1092,705,384,"{""h"": 132, ""x"": 64, ""cx"": 384, ""tdg"": 192, ""t"": 256, ""ry"": 64}",0.00138020800659433,0.0055777079542167485,3.6541023291647434e-05,7.308297790586948e-05,0.008715750009287149,0.0007892051347590789,31.028100977859395,0.9937410373855189
d7a3dade,2026-10-07T23:04:13.062132,NEU-DET,patches,patches_38.jpg,4x4,4,4,8,NEQR,1024,aer,12,4,8,140,100,72,"{""h"": 4, ""x"": 64, ""mcx"": 72}",0.0011338749900460243,0.0025053330464288592,2.4540990125387907e-05,2.0499981474131346e-05,0.004243957984726876,0.0,100.0,1.0
685225ec,2026-10-07T23:04:13.077096,NEU-DET,patches,patches_39.jpg,4x4,4,4,8,FRQI,1024,aer,5,4,1,1092,705,384,"{""h"": 132, ""x"": 64, ""cx"": 384, ""tdg"": 192, ""t"": 256, ""ry"": 64}",0.0012972080148756504,0.005345374986063689,3.429199568927288e-05,7.162499241530895e-05,0.008494250010699034,0.003001575113762496,25.226507840474408,0.9366152734916748
663ae1dc,2026-10-07T23:04:13.095103,NEU-DET,patches,patches_39.jpg,4x4,4,4,8,NEQR,1024,aer,12,4,8,146,106,78,"{""h"": 4, ""x"": 64, ""mcx"": 78}",0.001269041036721319,0.002952250011730939,2.3917004000395536e-05,2.0792009308934212e-05,0.0048520410200580955,0.0,100.0,1.0
953b41bb,2026-10-07T23:04:13.110733,NEU-DET,patches,patches_4.jpg,4x4,4,4,8,FRQI,1024,aer,5,4,1,1092,705,384,"{""h"": 132, ""x"": 64, ""cx"": 384, ""tdg"": 192, ""t"": 256, ""ry"": 64}",0.0012007090263068676,0.0055152090499177575,3.737496444955468e-05,7.270899368450046e-05,0.008481999975629151,0.003065675485098124,25.13473818982689,0.9430511143407436
d97f2cb9,2026-10-07T23:04:13.128701,NEU-DET,patches,patches_4.jpg,4x4,4,4,8,NEQR,1024,aer,12,4,8,123,83,55,"{""h"": 4, ""x"": 64, ""mcx"": 55}",0.0009619579650461674,0.0018817090312950313,2.162496093660593e-05,1.9916973542422056e-05,0.003403790993615985,0.0,100.0,1.0
4837e7a7,2026-10-07T23:04:13.143025,NEU-DET,patches,patches_40.jpg,4x4,4,4,8,FRQI,1024,aer,5,4,1,1092,705,384,"{""h"": 132, ""x"": 64, ""cx"": 384, ""tdg"": 192, ""t"": 256, ""ry"": 64}",0.001203457999508828,0.005423208000138402,3.425002796575427e-05,6.937497528269887e-05,0.008373834018129855,0.002694381453997256,25.695409195117882,0.9752188560840069
9fc460ee,2026-10-07T23:04:13.161246,NEU-DET,patches,patches_40.jpg,4x4,4,4,8,NEQR,1024,aer,12,4,8,146,106,78,"{""h"": 4, ""x"": 64, ""mcx"": 78}",0.0012757500517182052,0.0028227499569766223,2.6917026843875647e-05,2.2249994799494743e-05,0.004751291999127716,0.0,100.0,1.0
59b8c8a1,2026-10-07T23:04:13.179607,NEU-DET,patches,patches_41.jpg,4x4,4,4,8,FRQI,1024,aer,5,4,1,1092,705,384,"{""h"": 132, ""x"": 64, ""cx"": 384, ""tdg"": 192, ""t"": 256, ""ry"": 64}",0.0013082500081509352,0.0056436670129187405,3.8958038203418255e-05,8.3667051512748e-05,0.008794624998699874,0.0021408932112257665,26.694049949811493,0.9775239480556203
966747c5,2026-10-07T23:04:13.198296,NEU-DET,patches,patches_41.jpg,4x4,4,4,8,NEQR,1024,aer,12,4,8,144,104,76,"{""h"": 4, ""x"": 64, ""mcx"": 76}",0.0012815840309485793,0.0027085000183433294,2.479198155924678e-05,2.1709012798964977e-05,0.004644666973035783,0.0,100.0,1.0
a8aec1ca,2026-10-07T23:04:13.213810,NEU-DET,patches,patches_42.jpg,4x4,4,4,8,FRQI,1024,aer,5,4,1,1092,705,384,"{""h"": 132, ""x"": 64, ""cx"": 384, ""tdg"": 192, ""t"": 256, ""ry"": 64}",0.001298709015827626,0.005373833992052823,3.1542032957077026e-05,6.870797369629145e-05,0.008409917005337775,0.0013007846495785504,28.85794596782807,0.9893887577627551
3188c282,2026-10-07T23:04:13.231881,NEU-DET,patches,patches_42.jpg,4x4,4,4,8,NEQR,1024,aer,12,4,8,159,119,91,"{""h"": 4, ""x"": 64, ""mcx"": 91}",0.0014553339569829404,0.0029363330104388297,2.516701351851225e-05,2.0292005501687527e-05,0.0050700000138022006,0.0,100.0,1.0
730584e3,2026-10-07T23:04:13.247576,NEU-DET,patches,patches_43.jpg,4x4,4,4,8,FRQI,1024,aer,5,4,1,1092,705,384,"{""h"": 132, ""x"": 64, ""cx"": 384, ""tdg"": 192, ""t"": 256, ""ry"": 64}",0.0012705840053968132,0.005411208956502378,3.608298720791936e-05,7.179199019446969e-05,0.008550417027436197,0.0012244357661883713,29.12063992998761,0.9787641353185063
c82a5b48,2026-10-07T23:04:13.265873,NEU-DET,patches,patches_43.jpg,4x4,4,4,8,NEQR,1024,aer,12,4,8,157,117,89,"{""h"": 4, ""x"": 64, ""mcx"": 89}",0.0014329999685287476,0.0028781670262105763,2.2708962205797434e-05,2.0374951418489218e-05,0.004996083036530763,0.0,100.0,1.0
cba459a5,2026-10-07T23:04:13.282097,NEU-DET,patches,patches_44.jpg,4x4,4,4,8,FRQI,1024,aer,5,4,1,1092,705,384,"{""h"": 132, ""x"": 64, ""cx"": 384, ""tdg"": 192, ""t"": 256, ""ry"": 64}",0.0013205839786678553,0.005444416950922459,3.9000005926936865e-05,7.579103112220764e-05,0.00863812497118488,0.0019302889427942342,27.143776770706182,0.9647636101961437
8dc68770,2026-10-07T23:04:13.300578,NEU-DET,patches,patches_44.jpg,4x4,4,4,8,NEQR,1024,aer,12,4,8,141,101,73,"{""h"": 4, ""x"": 64, ""mcx"": 73}",0.0012143750209361315,0.0027036250103265047,2.32499442063272e-05,2.012500772252679e-05,0.004530792008154094,0.0,100.0,1.0
f9aa43aa,2026-10-07T23:04:13.315037,NEU-DET,patches,patches_45.jpg,4x4,4,4,8,FRQI,1024,aer,5,4,1,1092,705,384,"{""h"": 132, ""x"": 64, ""cx"": 384, ""tdg"": 192, ""t"": 256, ""ry"": 64}",0.0012338749947957695,0.0061471660155802965,3.791600465774536e-05,7.091602310538292e-05,0.009152125043328851,0.00200818687364545,26.971958759808075,0.9728210395405776
577ff670,2026-10-07T23:04:13.334182,NEU-DET,patches,patches_45.jpg,4x4,4,4,8,NEQR,1024,aer,12,4,8,139,99,71,"{""h"": 4, ""x"": 64, ""mcx"": 71}",0.0011849579750560224,0.002555667015258223,2.300000051036477e-05,2.037500962615013e-05,0.004347249981947243,0.0,100.0,1.0
03e1daa4,2026-10-07T23:04:13.350649,NEU-DET,patches,patches_46.jpg,4x4,4,4,8,FRQI,1024,aer,5,4,1,1092,705,384,"{""h"": 132, ""x"": 64, ""cx"": 384, ""tdg"": 192, ""t"": 256, ""ry"": 64}",0.001263958984054625,0.005456540966406465,3.370799822732806e-05,6.941700121387839e-05,0.008560875023249537,0.0019746503578969895,27.045097917229185,0.97511568362876
d05660b3,2026-10-07T23:04:13.368877,NEU-DET,patches,patches_46.jpg,4x4,4,4,8,NEQR,1024,aer,12,4,8,135,95,67,"{""h"": 4, ""x"": 64, ""mcx"": 67}",0.0011495000217109919,0.0022008749656379223,2.416601637378335e-05,2.1042011212557554e-05,0.003945957985706627,0.0,100.0,1.0
95dc0f5f,2026-10-07T23:04:13.382918,NEU-DET,patches,patches_47.jpg,4x4,4,4,8,FRQI,1024,aer,5,4,1,1092,705,384,"{""h"": 132, ""x"": 64, ""cx"": 384, ""tdg"": 192, ""t"": 256, ""ry"": 64}",0.0012844579759985209,0.00545041699660942,4.075001925230026e-05,7.212499622255564e-05,0.00858537497697398,0.0019007125879502826,27.210835490493647,0.974838792186863
6bf1aebb,2026-10-07T23:04:13.401207,NEU-DET,patches,patches_47.jpg,4x4,4,4,8,NEQR,1024,aer,12,4,8,144,104,76,"{""h"": 4, ""x"": 64, ""mcx"": 76}",0.0012683329987339675,0.0027437920216470957,2.579198917374015e-05,2.1082989405840635e-05,0.00464795803418383,0.0,100.0,1.0
949c43c6,2026-10-07T23:04:13.416537,NEU-DET,patches,patches_48.jpg,4x4,4,4,8,FRQI,1024,aer,5,4,1,1092,705,384,"{""h"": 132, ""x"": 64, ""cx"": 384, ""tdg"": 192, ""t"": 256, ""ry"": 64}",0.0012005420285277069,0.005317625007592142,3.224995452910662e-05,6.595900049433112e-05,0.008260792004875839,0.002558727009831564,25.91976046448889,0.938851415409242
eecf4c8a,2026-10-07T23:04:13.434352,NEU-DET,patches,patches_48.jpg,4x4,4,4,8,NEQR,1024,aer,12,4,8,148,108,80,"{""h"": 4, ""x"": 64, ""mcx"": 80}",0.0012977090082131326,0.0028931249980814755,2.3459026124328375e-05,2.0291947294026613e-05,0.004812916973605752,0.0,100.0,1.0
1ca3f5b1,2026-10-07T23:04:13.449035,NEU-DET,patches,patches_49.jpg,4x4,4,4,8,FRQI,1024,aer,5,4,1,1092,705,384,"{""h"": 132, ""x"": 64, ""cx"": 384, ""tdg"": 192, ""t"": 256, ""ry"": 64}",0.0012989579699933529,0.005429415963590145,3.608304541558027e-05,6.975000724196434e-05,0.008511834021192044,0.0024828264634315983,26.0505363429475,0.9539672379274938
d4d65d17,2026-10-07T23:04:13.467160,NEU-DET,patches,patches_49.jpg,4x4,4,4,8,NEQR,1024,aer,12,4,8,141,101,73,"{""h"": 4, ""x"": 64, ""mcx"": 73}",0.0017794169834814966,0.0024016249808482826,2.3500004317611456e-05,2.0541949197649956e-05,0.004856582963839173,0.0,100.0,1.0
f5f2e626,2026-10-07T23:04:13.482578,NEU-DET,patches,patches_5.jpg,4x4,4,4,8,FRQI,1024,aer,5,4,1,1092,705,384,"{""h"": 132, ""x"": 64, ""cx"": 384, ""tdg"": 192, ""t"": 256, ""ry"": 64}",0.0012770830071531236,0.005330834013875574,3.816699609160423e-05,7.054104935377836e-05,0.00845475000096485,0.0023883737173251455,26.218977166241814,0.9560855199115204
30d64160,2026-10-07T23:04:13.500699,NEU-DET,patches,patches_5.jpg,4x4,4,4,8,NEQR,1024,aer,12,4,8,135,95,67,"{""h"": 4, ""x"": 64, ""mcx"": 67}",0.0011371669825166464,0.0036739580100402236,2.2082997020334005e-05,1.9084021914750338e-05,0.005403999995905906,0.0,100.0,1.0
eb05d8cd,2026-10-07T23:04:13.516791,NEU-DET,patches,patches_50.jpg,4x4,4,4,8,FRQI,1024,aer,5,4,1,1092,705,384,"{""h"": 132, ""x"": 64, ""cx"": 384, ""tdg"": 192, ""t"": 256, ""ry"": 64}",0.001283499994315207,0.0056914580054581165,3.629102138802409e-05,7.529201684519649e-05,0.009594500006642193,0.0016824078169942903,27.740687224486976,0.9610452404404731
3411cb3d,2026-10-07T23:04:13.536471,NEU-DET,patches,patches_50.jpg,4x4,4,4,8,NEQR,1024,aer,12,4,8,159,119,91,"{""h"": 4, ""x"": 64, ""mcx"": 91}",0.0013687919708900154,0.0029612499638460577,2.8834037948399782e-05,2.274999860674143e-05,0.00501041702227667,0.0,100.0,1.0
b612b363,2026-10-07T23:04:13.552673,NEU-DET,patches,patches_51.jpg,4x4,4,4,8,FRQI,1024,aer,5,4,1,1092,705,384,"{""h"": 132, ""x"": 64, ""cx"": 384, ""tdg"": 192, ""t"": 256, ""ry"": 64}",0.001321874966379255,0.00548704102402553,3.566598752513528e-05,7.108401041477919e-05,0.0087089579901658,0.0027574607216313174,25.594906651072712,0.946395208888624
83965983,2026-10-07T23:04:13.571133,NEU-DET,patches,patches_51.jpg,4x4,4,4,8,NEQR,1024,aer,12,4,8,151,111,83,"{""h"": 4, ""x"": 64, ""mcx"": 83}",0.001362500013783574,0.0029679579893127084,2.6499968953430653e-05,2.441700780764222e-05,0.005017040995880961,0.0,100.0,1.0
1753162a,2026-10-07T23:04:13.586306,NEU-DET,patches,patches_52.jpg,4x4,4,4,8,FRQI,1024,aer,5,4,1,1092,705,384,"{""h"": 132, ""x"": 64, ""cx"": 384, ""tdg"": 192, ""t"": 256, ""ry"": 64}",0.0013100000214762986,0.0055275410413742065,3.783300053328276e-05,7.204199209809303e-05,0.008703249972313643,0.0018495485359565928,27.32934267418853,0.9855470492090681
9827ad75,2026-10-07T23:04:13.605848,NEU-DET,patches,patches_52.jpg,4x4,4,4,8,NEQR,1024,aer,12,4,8,131,91,63,"{""h"": 4, ""x"": 64, ""mcx"": 63}",0.0011072910274378955,0.0025791250518523157,2.683396451175213e-05,2.4667009711265564e-05,0.0043920410098508,0.0,100.0,1.0
81d8a926,2026-10-07T23:04:13.622975,NEU-DET,patches,patches_53.jpg,4x4,4,4,8,FRQI,1024,aer,5,4,1,1092,705,384,"{""h"": 132, ""x"": 64, ""cx"": 384, ""tdg"": 192, ""t"": 256, ""ry"": 64}",0.002051917021162808,0.007098084024619311,3.9000005926936865e-05,7.9624995123595e-05,0.011245291971135885,0.0024930777575409837,26.032641759108508,0.9650404543743103
40750044,2026-10-07T23:04:13.643921,NEU-DET,patches,patches_53.jpg,4x4,4,4,8,NEQR,1024,aer,12,4,8,146,106,78,"{""h"": 4, ""x"": 64, ""mcx"": 78}",0.0012923339963890612,0.0035746670328080654,2.8416980057954788e-05,2.4707987904548645e-05,0.005563833983615041,0.0,100.0,1.0
fa219bc1,2026-10-07T23:04:13.661440,NEU-DET,patches,patches_54.jpg,4x4,4,4,8,FRQI,1024,aer,5,4,1,1092,705,384,"{""h"": 132, ""x"": 64, ""cx"": 384, ""tdg"": 192, ""t"": 256, ""ry"": 64}",0.0016278330003842711,0.005693792016245425,4.4290965888649225e-05,8.512497879564762e-05,0.009466874995268881,0.0021038014390579885,26.769952521564985,0.9658980364299967
58032f0b,2026-10-07T23:04:13.681418,NEU-DET,patches,patches_54.jpg,4x4,4,4,8,NEQR,1024,aer,12,4,8,134,94,66,"{""h"": 4, ""x"": 64, ""mcx"": 66}",0.001080457994248718,0.0023488749866373837,5.895894719287753e-05,5.000003147870302e-05,0.004238084016833454,0.0,100.0,1.0
97d3ef33,2026-10-07T23:04:13.696208,NEU-DET,patches,patches_55.jpg,4x4,4,4,8,FRQI,1024,aer,5,4,1,1092,705,384,"{""h"": 132, ""x"": 64, ""cx"": 384, ""tdg"": 192, ""t"": 256, ""ry"": 64}",0.001294374989811331,0.005473374971188605,3.408401971682906e-05,6.620801286771894e-05,0.008555750013329089,0.0021007858412660455,26.77618218273231,0.9736263645309955
0978468b,2026-10-07T23:04:13.714474,NEU-DET,patches,patches_55.jpg,4x4,4,4,8,NEQR,1024,aer,12,4,8,155,115,87,"{""h"": 4, ""x"": 64, ""mcx"": 87}",0.001434125006198883,0.003034834051504731,2.5374989490956068e-05,2.0792009308934212e-05,0.005139167013112456,0.0,100.0,1.0
04baba38,2026-10-07T23:04:13.730552,NEU-DET,patches,patches_56.jpg,4x4,4,4,8,FRQI,1024,aer,5,4,1,1092,705,384,"{""h"": 132, ""x"": 64, ""cx"": 384, ""tdg"": 192, ""t"": 256, ""ry"": 64}",0.001225207990501076,0.005476582970004529,3.887497587129474e-05,7.17920484021306e-05,0.008472541987430304,0.001924071762902355,27.157787339347543,0.95712301079066
9ab93d26,2026-10-07T23:04:13.748824,NEU-DET,patches,patches_56.jpg,4x4,4,4,8,NEQR,1024,aer,12,4,8,132,92,64,"{""h"": 4, ""x"": 64, ""mcx"": 64}",0.0010878750472329557,0.0023813750012777746,2.316699828952551e-05,2.012500772252679e-05,0.004048999981023371,0.0,100.0,1.0
0b31a59b,2026-10-07T23:04:13.764600,NEU-DET,patches,patches_57.jpg,4x4,4,4,8,FRQI,1024,aer,5,4,1,1092,705,384,"{""h"": 132, ""x"": 64, ""cx"": 384, ""tdg"": 192, ""t"": 256, ""ry"": 64}",0.0013064999948255718,0.005186291004065424,3.7792022339999676e-05,6.891699740663171e-05,0.00818150001578033,0.002265677425755139,26.44801922445631,0.9525302238074851
53904ecf,2026-10-07T23:04:13.782395,NEU-DET,patches,patches_57.jpg,4x4,4,4,8,NEQR,1024,aer,12,4,8,153,113,85,"{""h"": 4, ""x"": 64, ""mcx"": 85}",0.0013845830108039081,0.002897333004511893,2.4250010028481483e-05,2.0916981156915426e-05,0.00495149998459965,0.0,100.0,1.0
00a609e5,2026-10-07T23:04:13.797196,NEU-DET,patches,patches_58.jpg,4x4,4,4,8,FRQI,1024,aer,5,4,1,1092,705,384,"{""h"": 132, ""x"": 64, ""cx"": 384, ""tdg"": 192, ""t"": 256, ""ry"": 64}",0.0012854589731432498,0.0051444999990053475,3.0791969038546085e-05,6.25409884378314e-05,0.008260915987193584,0.0019508894393820727,27.097673422030375,0.9709920678394646
26eee8cc,2026-10-07T23:04:13.815059,NEU-DET,patches,patches_58.jpg,4x4,4,4,8,NEQR,1024,aer,12,4,8,147,107,79,"{""h"": 4, ""x"": 64, ""mcx"": 79}",0.0012630000128410757,0.0025980420177802444,2.4667009711265564e-05,2.1291023585945368e-05,0.004476125002838671,0.0,100.0,1.0
aa60cfdb,2026-10-07T23:04:13.829187,NEU-DET,patches,patches_59.jpg,4x4,4,4,8,FRQI,1024,aer,5,4,1,1092,705,384,"{""h"": 132, ""x"": 64, ""cx"": 384, ""tdg"": 192, ""t"": 256, ""ry"": 64}",0.001216874981764704,0.00599454203620553,7.612502668052912e-05,0.00014174997340887785,0.009200416970998049,0.002496839019812286,26.026094572725754,0.9522568914935188
6a962d90,2026-10-07T23:04:13.849410,NEU-DET,patches,patches_59.jpg,4x4,4,4,8,NEQR,1024,aer,12,4,8,148,108,80,"{""h"": 4, ""x"": 64, ""mcx"": 80}",0.0013499169726856053,0.002827749995049089,2.804200630635023e-05,2.19999928958714e-05,0.004870790988206863,0.0,100.0,1.0
87bc1866,2026-10-07T23:04:13.865987,NEU-DET,patches,patches_6.jpg,4x4,4,4,8,FRQI,1024,aer,5,4,1,1092,705,384,"{""h"": 132, ""x"": 64, ""cx"": 384, ""tdg"": 192, ""t"": 256, ""ry"": 64}",0.0013053750153630972,0.005536041979212314,4.087504930794239e-05,7.495895260944963e-05,0.008651542011648417,0.0016470219960797502,27.833006007620792,0.9743175657371826
c10c480a,2026-10-07T23:04:13.884337,NEU-DET,patches,patches_6.jpg,4x4,4,4,8,NEQR,1024,aer,12,4,8,126,86,58,"{""h"": 4, ""x"": 64, ""mcx"": 58}",0.0009689999860711396,0.0034200840163975954,5.483400309458375e-05,4.554202314466238e-05,0.005128749995492399,0.0,100.0,1.0
e9161d2c,2026-10-07T23:04:13.903322,NEU-DET,patches,patches_60.jpg,4x4,4,4,8,FRQI,1024,aer,5,4,1,1092,705,384,"{""h"": 132, ""x"": 64, ""cx"": 384, ""tdg"": 192, ""t"": 256, ""ry"": 64}",0.0015215830062516034,0.0060594999813474715,3.816699609160423e-05,8.033396443352103e-05,0.010453084018081427,0.0037237329098608655,24.290214769746584,0.9180444552761127
44a50e85,2026-10-07T23:04:13.924455,NEU-DET,patches,patches_60.jpg,4x4,4,4,8,NEQR,1024,aer,12,4,8,145,105,77,"{""h"": 4, ""x"": 64, ""mcx"": 77}",0.0016065830131992698,0.002673584036529064,2.5749963242560625e-05,2.462498378008604e-05,0.005022166995331645,0.0,100.0,1.0
d9ed024c,2026-10-07T23:04:13.945013,NEU-DET,patches,patches_61.jpg,4x4,4,4,8,FRQI,1024,aer,5,4,1,1092,705,384,"{""h"": 132, ""x"": 64, ""cx"": 384, ""tdg"": 192, ""t"": 256, ""ry"": 64}",0.0017224589828401804,0.005534957977943122,3.808399196714163e-05,7.44159915484488e-05,0.009295875031966716,0.002113577871283674,26.74981746677741,0.8909724833882344
64009ed2,2026-10-07T23:04:13.965075,NEU-DET,patches,patches_61.jpg,4x4,4,4,8,NEQR,1024,aer,12,4,8,138,98,70,"{""h"": 4, ""x"": 64, ""mcx"": 70}",0.0011951670167036355,0.0026546670123934746,2.5915971491485834e-05,2.2958964109420776e-05,0.004503874981310219,0.0,100.0,1.0
ca5ba356,2026-10-07T23:04:13.979818,NEU-DET,patches,patches_62.jpg,4x4,4,4,8,FRQI,1024,aer,5,4,1,1092,705,384,"{""h"": 132, ""x"": 64, ""cx"": 384, ""tdg"": 192, ""t"": 256, ""ry"": 64}",0.001966332958545536,0.005563165992498398,4.554097540676594e-05,7.895799353718758e-05,0.009374291985295713,0.0033418335575915187,24.76015184251015,0.8810838571178642
bed5b623,2026-10-07T23:04:13.999398,NEU-DET,patches,patches_62.jpg,4x4,4,4,8,NEQR,1024,aer,12,4,8,138,98,70,"{""h"": 4, ""x"": 64, ""mcx"": 70}",0.001201458042487502,0.002869666030164808,2.7749978471547365e-05,2.3333996068686247e-05,0.004713500034995377,0.0,100.0,1.0
0bc4bfb9,2026-10-07T23:04:14.016199,NEU-DET,patches,patches_63.jpg,4x4,4,4,8,FRQI,1024,aer,5,4,1,1092,705,384,"{""h"": 132, ""x"": 64, ""cx"": 384, ""tdg"": 192, ""t"": 256, ""ry"": 64}",0.0012800000258721411,0.0056432089768350124,4.0000013541430235e-05,7.491704309359193e-05,0.008722708036657423,0.0022630264121457433,26.45310377294846,0.9074398073899556
ce2ad47e,2026-10-07T23:04:14.035061,NEU-DET,patches,patches_63.jpg,4x4,4,4,8,NEQR,1024,aer,12,4,8,141,101,73,"{""h"": 4, ""x"": 64, ""mcx"": 73}",0.0012541249743662775,0.0026715000276453793,2.3500004317611456e-05,2.1665997337549925e-05,0.004536708991508931,0.0,100.0,1.0
0ce00738,2026-10-07T23:04:14.049807,NEU-DET,patches,patches_64.jpg,4x4,4,4,8,FRQI,1024,aer,5,4,1,1092,705,384,"{""h"": 132, ""x"": 64, ""cx"": 384, ""tdg"": 192, ""t"": 256, ""ry"": 64}",0.0012927919742651284,0.0056552080204710364,3.5792007111012936e-05,6.524997297674417e-05,0.008805749996099621,0.0022717138107483663,26.43646381694053,0.9515615061417546
4a6ac0e6,2026-10-07T23:04:14.068727,NEU-DET,patches,patches_64.jpg,4x4,4,4,8,NEQR,1024,aer,12,4,8,129,89,61,"{""h"": 4, ""x"": 64, ""mcx"": 61}",0.0010459580225870013,0.002320791012607515,2.5083019863814116e-05,2.2082997020334005e-05,0.003951875027269125,0.0,100.0,1.0
f75129bc,2026-10-07T23:04:14.082553,NEU-DET,patches,patches_65.jpg,4x4,4,4,8,FRQI,1024,aer,5,4,1,1092,705,384,"{""h"": 132, ""x"": 64, ""cx"": 384, ""tdg"": 192, ""t"": 256, ""ry"": 64}",0.0012667919509112835,0.005451875040307641,3.833300434052944e-05,7.004197686910629e-05,0.008578207984101027,0.0015417106477751135,28.119971281439046,0.9103175010337724
57d18caf,2026-10-07T23:04:14.101241,NEU-DET,patches,patches_65.jpg,4x4,4,4,8,NEQR,1024,aer,12,4,8,124,84,56,"{""h"": 4, ""x"": 64, ""mcx"": 56}",0.0009337919764220715,0.0017374170129187405,2.3917004000395536e-05,2.0167033653706312e-05,0.0032316669821739197,0.0,100.0,1.0
578cff1b,2026-10-07T23:04:14.115568,NEU-DET,patches,patches_66.jpg,4x4,4,4,8,FRQI,1024,aer,5,4,1,1092,705,384,"{""h"": 132, ""x"": 64, ""cx"": 384, ""tdg"": 192, ""t"": 256, ""ry"": 64}",0.001287959050387144,0.005504000000655651,3.987504169344902e-05,7.362500764429569e-05,0.008562500006519258,0.0015888183836562755,27.989257437515846,0.9568972506619995
58583209,2026-10-07T23:04:14.134029,NEU-DET,patches,patches_66.jpg,4x4,4,4,8,NEQR,1024,aer,12,4,8,132,92,64,"{""h"": 4, ""x"": 64, ""mcx"": 64}",0.0010995410266332328,0.0023212500382214785,2.2833992261439562e-05,2.0167033653706312e-05,0.003985541989095509,0.0,100.0,1.0
de939e6b,2026-10-07T23:04:14.148886,NEU-DET,patches,patches_67.jpg,4x4,4,4,8,FRQI,1024,aer,5,4,1,1092,705,384,"{""h"": 132, ""x"": 64, ""cx"": 384, ""tdg"": 192, ""t"": 256, ""ry"": 64}",0.001306666003074497,0.0053333749528974295,3.650004509836435e-05,7.070903666317463e-05,0.008487374987453222,0.0024322152176664055,26.139979985977007,0.9360138610245023
f2c69b13,2026-10-07T23:04:14.167444,NEU-DET,patches,patches_67.jpg,4x4,4,4,8,NEQR,1024,aer,12,4,8,136,96,68,"{""h"": 4, ""x"": 64, ""mcx"": 68}",0.0011354999733157456,0.0025731659843586385,6.308301817625761e-05,7.24999699741602e-05,0.004452374996617436,0.0,100.0,1.0
66683eef,2026-10-07T23:04:14.182361,NEU-DET,patches,patches_68.jpg,4x4,4,4,8,FRQI,1024,aer,5,4,1,1092,705,384,"{""h"": 132, ""x"": 64, ""cx"": 384, ""tdg"": 192, ""t"": 256, ""ry"": 64}",0.0013251250493340194,0.005631582986097783,3.887503407895565e-05,7.108296267688274e-05,0.008833208994474262,0.0018043089266939116,27.436891022307694,0.9438126007264461
d48f7b42,2026-10-07T23:04:14.201104,NEU-DET,patches,patches_68.jpg,4x4,4,4,8,NEQR,1024,aer,12,4,8,137,97,69,"{""h"": 4, ""x"": 64, ""mcx"": 69}",0.0017323329811915755,0.0024952079984359443,2.379098441451788e-05,2.2833002731204033e-05,0.004843959002755582,0.0,100.0,1.0
9fb54b10,2026-10-07T23:04:14.217080,NEU-DET,patches,patches_69.jpg,4x4,4,4,8,FRQI,1024,aer,5,4,1,1092,705,384,"{""h"": 132, ""x"": 64, ""cx"": 384, ""tdg"": 192, ""t"": 256, ""ry"": 64}",0.0011708749807439744,0.0053348750225268304,3.5624951124191284e-05,6.612495053559542e-05,0.008228666963987052,0.001088835251433717,29.630378271367253,0.9456819320109265
55322c12,2026-10-07T23:04:14.235062,NEU-DET,patches,patches_69.jpg,4x4,4,4,8,NEQR,1024,aer,12,4,8,139,99,71,"{""h"": 4, ""x"": 64, ""mcx"": 71}",0.0013736659893766046,0.00242416700348258,2.1916988771408796e-05,1.91659783013165e-05,0.004712000023573637,0.0,100.0,1.0
72d3526a,2026-10-07T23:04:14.249665,NEU-DET,patches,patches_7.jpg,4x4,4,4,8,FRQI,1024,aer,5,4,1,1092,705,384,"{""h"": 132, ""x"": 64, ""cx"": 384, ""tdg"": 192, ""t"": 256, ""ry"": 64}",0.001282749988604337,0.005335541965905577,3.38749960064888e-05,7.06670107319951e-05,0.00838895799824968,0.0027226226731139635,25.650125431401506,0.9541750291357438
22d60619,2026-10-07T23:04:14.267911,NEU-DET,patches,patches_7.jpg,4x4,4,4,8,NEQR,1024,aer,12,4,8,132,92,64,"{""h"": 4, ""x"": 64, ""mcx"": 64}",0.0010807500220835209,0.001997541985474527,2.62079993262887e-05,2.2625026758760214e-05,0.003668332996312529,0.0,100.0,1.0
7bd2d695,2026-10-07T23:04:14.282567,NEU-DET,patches,patches_70.jpg,4x4,4,4,8,FRQI,1024,aer,5,4,1,1092,705,384,"{""h"": 132, ""x"": 64, ""cx"": 384, ""tdg"": 192, ""t"": 256, ""ry"": 64}",0.0011845839908346534,0.005350625026039779,3.4167023841291666e-05,6.654101889580488e-05,0.008268999983556569,0.0030055510971031233,25.220758842312847,0.9408355556154259
2188dfa4,2026-10-07T23:04:14.300681,NEU-DET,patches,patches_70.jpg,4x4,4,4,8,NEQR,1024,aer,12,4,8,126,86,58,"{""h"": 4, ""x"": 64, ""mcx"": 58}",0.0009774999925866723,0.001971833989955485,2.2792024537920952e-05,1.979200169444084e-05,0.003473249962553382,0.0,100.0,1.0
e7ff7ff6,2026-10-07T23:04:14.315394,NEU-DET,patches,patches_71.jpg,4x4,4,4,8,FRQI,1024,aer,5,4,1,1092,705,384,"{""h"": 132, ""x"": 64, ""cx"": 384, ""tdg"": 192, ""t"": 256, ""ry"": 64}",0.0012449999921955168,0.0053410420077852905,8.245796198025346e-05,0.00013695802772417665,0.008532124978955835,0.0023480288894859617,26.292965639545965,0.9761565644397523
4101b3aa,2026-10-07T23:04:14.334811,NEU-DET,patches,patches_71.jpg,4x4,4,4,8,NEQR,1024,aer,12,4,8,129,89,61,"{""h"": 4, ""x"": 64, ""mcx"": 61}",0.0020513749914243817,0.0019428750383667648,2.579198917374015e-05,2.1041021682322025e-05,0.004764583020005375,0.0,100.0,1.0
bda9ed0a,2026-10-07T23:04:14.349589,NEU-DET,patches,patches_72.jpg,4x4,4,4,8,FRQI,1024,aer,5,4,1,1092,705,384,"{""h"": 132, ""x"": 64, ""cx"": 384, ""tdg"": 192, ""t"": 256, ""ry"": 64}",0.0012984589557163417,0.005330666026566178,3.520800964906812e-05,6.77499920129776e-05,0.008420541998930275,0.0019928349653655503,27.005286654735077,0.7397134217275915
3328b23f,2026-10-07T23:04:14.367847,NEU-DET,patches,patches_72.jpg,4x4,4,4,8,NEQR,1024,aer,12,4,8,128,88,60,"{""h"": 4, ""x"": 64, ""mcx"": 60}",0.0010405420325696468,0.0019514999585226178,2.370803849771619e-05,2.0749983377754688e-05,0.003553958027623594,0.0,100.0,1.0
4f0daa75,2026-10-07T23:04:14.382246,NEU-DET,patches,patches_73.jpg,4x4,4,4,8,FRQI,1024,aer,5,4,1,1092,705,384,"{""h"": 132, ""x"": 64, ""cx"": 384, ""tdg"": 192, ""t"": 256, ""ry"": 64}",0.0011706659570336342,0.005249333975370973,3.737496444955468e-05,6.804201984778047e-05,0.008174374990630895,0.003757639179690866,24.25084924552815,0.9278962395669499
2f49f17d,2026-10-07T23:04:14.400052,NEU-DET,patches,patches_73.jpg,4x4,4,4,8,NEQR,1024,aer,12,4,8,128,88,60,"{""h"": 4, ""x"": 64, ""mcx"": 60}",0.0009735000203363597,0.002465916972141713,2.3667002096772194e-05,2.170802326872945e-05,0.003986584022641182,0.0,100.0,1.0
2910cf61,2026-10-07T23:04:14.413922,NEU-DET,patches,patches_74.jpg,4x4,4,4,8,FRQI,1024,aer,5,4,1,1092,705,384,"{""h"": 132, ""x"": 64, ""cx"": 384, ""tdg"": 192, ""t"": 256, ""ry"": 64}",0.0013037080061621964,0.005248208006378263,3.8375030271708965e-05,6.862502777948976e-05,0.008382375002838671,0.002710876463580334,25.668902730531613,0.9538783812339261
7a735799,2026-10-07T23:04:14.432306,NEU-DET,patches,patches_74.jpg,4x4,4,4,8,NEQR,1024,aer,12,4,8,125,85,57,"{""h"": 4, ""x"": 64, ""mcx"": 57}",0.0009815000230446458,0.0021121249883435667,2.37500062212348e-05,2.0208011846989393e-05,0.0036505000316537917,0.0,100.0,1.0
333b7aa5,2026-10-07T23:04:14.446705,NEU-DET,patches,patches_75.jpg,4x4,4,4,8,FRQI,1024,aer,5,4,1,1092,705,384,"{""h"": 132, ""x"": 64, ""cx"": 384, ""tdg"": 192, ""t"": 256, ""ry"": 64}",0.0011963340220972896,0.0053537089843302965,3.4958007745444775e-05,6.59999786876142e-05,0.008278583001811057,0.0017537232722333207,27.56038934814638,0.9801753664178949
8152df51,2026-10-07T23:04:14.464895,NEU-DET,patches,patches_75.jpg,4x4,4,4,8,NEQR,1024,aer,12,4,8,133,93,65,"{""h"": 4, ""x"": 64, ""mcx"": 65}",0.0010882500209845603,0.0023659999715164304,2.1499989088624716e-05,1.879199407994747e-05,0.00401112501276657,0.0,100.0,1.0
c8f9a305,2026-10-07T23:04:14.480258,NEU-DET,patches,patches_76.jpg,4x4,4,4,8,FRQI,1024,aer,5,4,1,1092,705,384,"{""h"": 132, ""x"": 64, ""cx"": 384, ""tdg"": 192, ""t"": 256, ""ry"": 64}",0.0012994579738005996,0.005289749999064952,3.4374999813735485e-05,6.512500112876296e-05,0.00834354100516066,0.0018103819989866803,27.422297773142756,0.9695065368156048
51fba75c,2026-10-07T23:04:14.498472,NEU-DET,patches,patches_76.jpg,4x4,4,4,8,NEQR,1024,aer,12,4,8,135,95,67,"{""h"": 4, ""x"": 64, ""mcx"": 67}",0.0011312909773550928,0.0026490839663892984,2.500001573935151e-05,2.0749983377754688e-05,0.004367041983641684,0.0,100.0,1.0
d5ca2b86,2026-10-07T23:04:14.513798,NEU-DET,patches,patches_77.jpg,4x4,4,4,8,FRQI,1024,aer,5,4,1,1092,705,384,"{""h"": 132, ""x"": 64, ""cx"": 384, ""tdg"": 192, ""t"": 256, ""ry"": 64}",0.0013176670181564987,0.005404750001616776,3.3999967854470015e-05,6.904202746227384e-05,0.00855662499088794,0.002169492145550462,26.63641917855704,0.8849991008926628
7d63a69d,2026-10-07T23:04:14.532506,NEU-DET,patches,patches_77.jpg,4x4,4,4,8,NEQR,1024,aer,12,4,8,125,85,57,"{""h"": 4, ""x"": 64, ""mcx"": 57}",0.000982041994575411,0.0022922909702174366,2.4333014152944088e-05,2.0832987502217293e-05,0.003841458004899323,0.0,100.0,1.0
ddb611f9,2026-10-07T23:04:14.547497,NEU-DET,patches,patches_78.jpg,4x4,4,4,8,FRQI,1024,aer,5,4,1,1092,705,384,"{""h"": 132, ""x"": 64, ""cx"": 384, ""tdg"": 192, ""t"": 256, ""ry"": 64}",0.0012167079839855433,0.005281916994135827,3.662501694634557e-05,6.841699359938502e-05,0.008237792004365474,0.002502745627781661,26.015832886517217,0.9616665724903114
5954980b,2026-10-07T23:04:14.565738,NEU-DET,patches,patches_78.jpg,4x4,4,4,8,NEQR,1024,aer,12,4,8,133,93,65,"{""h"": 4, ""x"": 64, ""mcx"": 65}",0.0010986250126734376,0.0023637079866603017,2.562499139457941e-05,2.2875028662383556e-05,0.004076416022144258,0.0,100.0,1.0
85c8f34b,2026-10-07T23:04:14.581537,NEU-DET,patches,patches_79.jpg,4x4,4,4,8,FRQI,1024,aer,5,4,1,1092,705,384,"{""h"": 132, ""x"": 64, ""cx"": 384, ""tdg"": 192, ""t"": 256, ""ry"": 64}",0.0012135830475017428,0.005302333040162921,4.295795224606991e-05,8.195801638066769e-05,0.008249583013821393,0.0013071551810868104,28.836728513719216,0.9877820732234601
d3c46624,2026-10-07T23:04:14.600409,NEU-DET,patches,patches_79.jpg,4x4,4,4,8,NEQR,1024,aer,12,4,8,131,91,63,"{""h"": 4, ""x"": 64, ""mcx"": 63}",0.0010761250159703195,0.002390958950854838,2.412503818050027e-05,2.1625019144266844e-05,0.004072999989148229,0.0,100.0,1.0
365461bf,2026-10-07T23:04:14.615001,NEU-DET,patches,patches_8.jpg,4x4,4,4,8,FRQI,1024,aer,5,4,1,1092,705,384,"{""h"": 132, ""x"": 64, ""cx"": 384, ""tdg"": 192, ""t"": 256, ""ry"": 64}",0.00131312501616776,0.005521999963093549,3.608304541558027e-05,6.933300755918026e-05,0.008695791999343783,0.0027003476690527573,25.68580316940748,0.9608164485089342
5e13853d,2026-10-07T23:04:14.633604,NEU-DET,patches,patches_8.jpg,4x4,4,4,8,NEQR,1024,aer,12,4,8,130,90,62,"{""h"": 4, ""x"": 64, ""mcx"": 62}",0.0010685420129448175,0.0022698750253766775,2.37500062212348e-05,2.0875013433396816e-05,0.0039287079707719386,0.0,100.0,1.0
91160da5,2026-10-07T23:04:14.647474,NEU-DET,patches,patches_80.jpg,4x4,4,4,8,FRQI,1024,aer,5,4,1,1092,705,384,"{""h"": 132, ""x"": 64, ""cx"": 384, ""tdg"": 192, ""t"": 256, ""ry"": 64}",0.0012892920058220625,0.005399834015406668,7.695896783843637e-05,0.00013624998973682523,0.008733499969821423,0.003985264743572244,23.99542822861727,0.8050641942169755
8c200bb8,2026-10-07T23:04:14.669499,NEU-DET,patches,patches_80.jpg,4x4,4,4,8,NEQR,1024,aer,12,4,8,125,85,57,"{""h"": 4, ""x"": 64, ""mcx"": 57}",0.0009894169634208083,0.0022706660092808306,2.5250017642974854e-05,2.1625019144266844e-05,0.003866375016514212,0.0,100.0,1.0
a45f3b6c,2026-10-07T23:04:14.684430,NEU-DET,patches,patches_81.jpg,4x4,4,4,8,FRQI,1024,aer,5,4,1,1092,705,384,"{""h"": 132, ""x"": 64, ""cx"": 384, ""tdg"": 192, ""t"": 256, ""ry"": 64}",0.0012815840309485793,0.00536866596667096,3.929098602384329e-05,7.333297980949283e-05,0.008482958015520126,0.002310955737425952,26.36208372641079,0.9721986607314697
a353006b,2026-10-07T23:04:14.703103,NEU-DET,patches,patches_81.jpg,4x4,4,4,8,NEQR,1024,aer,12,4,8,136,96,68,"{""h"": 4, ""x"": 64, ""mcx"": 68}",0.001130084041506052,0.0024660839699208736,2.212502295151353e-05,1.991703175008297e-05,0.004494250053539872,0.0,100.0,1.0
3c611687,2026-10-07T23:04:14.718565,NEU-DET,patches,patches_82.jpg,4x4,4,4,8,FRQI,1024,aer,5,4,1,1092,705,384,"{""h"": 132, ""x"": 64, ""cx"": 384, ""tdg"": 192, ""t"": 256, ""ry"": 64}",0.0012025830219499767,0.00524666701676324,3.516697324812412e-05,6.654200842604041e-05,0.008190124994143844,0.0022598915936875756,26.459123933271496,0.9549065073655455
978fbfed,2026-10-07T23:04:14.736777,NEU-DET,patches,patches_82.jpg,4x4,4,4,8,NEQR,1024,aer,12,4,8,140,100,72,"{""h"": 4, ""x"": 64, ""mcx"": 72}",0.0011382090160623193,0.0025584170361980796,2.3958971723914146e-05,2.058298559859395e-05,0.004284124996047467,0.0,100.0,1.0
21eb5b22,2026-10-07T23:04:14.752515,NEU-DET,patches,patches_83.jpg,4x4,4,4,8,FRQI,1024,aer,5,4,1,1092,705,384,"{""h"": 132, ""x"": 64, ""cx"": 384, ""tdg"": 192, ""t"": 256, ""ry"": 64}",0.0012062090099789202,0.005378166039008647,3.420800203457475e-05,6.88750296831131e-05,0.008308332995511591,0.0019219564585833996,27.162564553829576,0.9187804474568801
ba386f3e,2026-10-07T23:04:14.775091,NEU-DET,patches,patches_83.jpg,4x4,4,4,8,NEQR,1024,aer,12,4,8,136,96,68,"{""h"": 4, ""x"": 64, ""mcx"": 68}",0.0010035840095952153,0.0021695829927921295,2.4333014152944088e-05,2.0915991626679897e-05,0.0037165419780649245,0.0,100.0,1.0
fea1b20f,2026-10-07T23:04:14.788925,NEU-DET,patches,patches_84.jpg,4x4,4,4,8,FRQI,1024,aer,5,4,1,1092,705,384,"{""h"": 132, ""x"": 64, ""cx"": 384, ""tdg"": 192, ""t"": 256, ""ry"": 64}",0.0012766659492626786,0.005672375031281263,3.5208999179303646e-05,6.841705180704594e-05,0.008762417011894286,0.0025566172088772486,25.92334292121185,0.978531007471976
f059090b,2026-10-07T23:04:14.810945,NEU-DET,patches,patches_84.jpg,4x4,4,4,8,NEQR,1024,aer,12,4,8,131,91,63,"{""h"": 4, ""x"": 64, ""mcx"": 63}",0.0010260000126436353,0.003979208995588124,7.483299123123288e-05,5.70000265724957e-05,0.005846082989592105,0.0,100.0,1.0
ece0fd8a,2026-10-07T23:04:14.830746,NEU-DET,patches,patches_85.jpg,4x4,4,4,8,FRQI,1024,aer,5,4,1,1092,705,384,"{""h"": 132, ""x"": 64, ""cx"": 384, ""tdg"": 192, ""t"": 256, ""ry"": 64}",0.0025389170041307807,0.006265792006161064,4.7250010538846254e-05,8.095800876617432e-05,0.012015542015433311,0.002707445014694807,25.674403546683358,0.942647724219962
6d25dffd,2026-10-07T23:04:14.853574,NEU-DET,patches,patches_85.jpg,4x4,4,4,8,NEQR,1024,aer,12,4,8,139,99,71,"{""h"": 4, ""x"": 64, ""mcx"": 71}",0.0012721249950118363,0.0024018329568207264,2.5290995836257935e-05,2.216699067503214e-05,0.004338375001680106,0.0,100.0,1.0
68ada329,2026-10-07T23:04:14.869644,NEU-DET,patches,patches_86.jpg,4x4,4,4,8,FRQI,1024,aer,5,4,1,1092,705,384,"{""h"": 132, ""x"": 64, ""cx"": 384, ""tdg"": 192, ""t"": 256, ""ry"": 64}",0.001256791001651436,0.0055140830227173865,8.079101098701358e-05,0.00014062499394640326,0.008835791959427297,0.0024970075297328573,26.025801480305105,0.9699449744241986
fcfb1d8a,2026-10-07T23:04:14.890434,NEU-DET,patches,patches_86.jpg,4x4,4,4,8,NEQR,1024,aer,12,4,8,146,106,78,"{""h"": 4, ""x"": 64, ""mcx"": 78}",0.0012955410056747496,0.003528375003952533,2.9375019948929548e-05,2.4124979972839355e-05,0.005524125008378178,0.0,100.0,1.0
c6dab24c,2026-10-07T23:04:14.907983,NEU-DET,patches,patches_87.jpg,4x4,4,4,8,FRQI,1024,aer,5,4,1,1092,705,384,"{""h"": 132, ""x"": 64, ""cx"": 384, ""tdg"": 192, ""t"": 256, ""ry"": 64}",0.0012254589819349349,0.0054640829912386835,3.487500362098217e-05,7.116701453924179e-05,0.00847791600972414,0.0032365200868805406,24.899216932669972,0.9527458508111992
7363f811,2026-10-07T23:04:14.926646,NEU-DET,patches,patches_87.jpg,4x4,4,4,8,NEQR,1024,aer,12,4,8,130,90,62,"{""h"": 4, ""x"": 64, ""mcx"": 62}",0.0010481670033186674,0.0028405420016497374,2.5707995519042015e-05,2.1082989405840635e-05,0.004472416010685265,0.0,100.0,1.0
1d954f94,2026-10-07T23:04:14.941241,NEU-DET,patches,patches_88.jpg,4x4,4,4,8,FRQI,1024,aer,5,4,1,1092,705,384,"{""h"": 132, ""x"": 64, ""cx"": 384, ""tdg"": 192, ""t"": 256, ""ry"": 64}",0.0013340829755179584,0.005541666992940009,4.21669683419168e-05,7.474998710677028e-05,0.008583833056036383,0.0025422733365894103,25.947777574048732,0.951423401397497
f7a9796c,2026-10-07T23:04:14.959649,NEU-DET,patches,patches_88.jpg,4x4,4,4,8,NEQR,1024,aer,12,4,8,127,87,59,"{""h"": 4, ""x"": 64, ""mcx"": 59}",0.0010016669984906912,0.002076874952763319,2.133403904736042e-05,1.8208986148238182e-05,0.0036266249953769147,0.0,100.0,1.0
a1219708,2026-10-07T23:04:14.973914,NEU-DET,patches,patches_89.jpg,4x4,4,4,8,FRQI,1024,aer,5,4,1,1092,705,384,"{""h"": 132, ""x"": 64, ""cx"": 384, ""tdg"": 192, ""t"": 256, ""ry"": 64}",0.0012627500109374523,0.005326791957486421,3.620801726356149e-05,6.545800715684891e-05,0.008414832991547883,0.0015509905489064987,28.093908485888846,0.9553464930104614
6315b725,2026-10-07T23:04:14.992506,NEU-DET,patches,patches_89.jpg,4x4,4,4,8,NEQR,1024,aer,12,4,8,137,97,69,"{""h"": 4, ""x"": 64, ""mcx"": 69}",0.0010956249898299575,0.0021863330039195716,2.4250010028481483e-05,2.0666979253292084e-05,0.0038637079996988177,0.0,100.0,1.0
b27a0f45,2026-10-07T23:04:15.007653,NEU-DET,patches,patches_9.jpg,4x4,4,4,8,FRQI,1024,aer,5,4,1,1092,705,384,"{""h"": 132, ""x"": 64, ""cx"": 384, ""tdg"": 192, ""t"": 256, ""ry"": 64}",0.0011848330032080412,0.005406834010500461,3.566697705537081e-05,6.687501445412636e-05,0.008292790967971087,0.00181609230219387,27.40862082403721,0.9788835666961273
825c82bf,2026-10-07T23:04:15.025768,NEU-DET,patches,patches_9.jpg,4x4,4,4,8,NEQR,1024,aer,12,4,8,141,101,73,"{""h"": 4, ""x"": 64, ""mcx"": 73}",0.0011325000086799264,0.0025442090118303895,2.5833025574684143e-05,2.216600114479661e-05,0.004283874994143844,0.0,100.0,1.0
b3d479ae,2026-10-07T23:04:15.041443,NEU-DET,patches,patches_90.jpg,4x4,4,4,8,FRQI,1024,aer,5,4,1,1092,705,384,"{""h"": 132, ""x"": 64, ""cx"": 384, ""tdg"": 192, ""t"": 256, ""ry"": 64}",0.0012442090082913637,0.005245083011686802,3.4374999813735485e-05,6.549997488036752e-05,0.008222749980632216,0.0022941782001231425,26.39372851332574,0.9553701911207737
ac48a08a,2026-10-07T23:04:15.060045,NEU-DET,patches,patches_90.jpg,4x4,4,4,8,NEQR,1024,aer,12,4,8,134,94,66,"{""h"": 4, ""x"": 64, ""mcx"": 66}",0.0011056669754907489,0.0022109580459073186,2.4292035959661007e-05,2.0749983377754688e-05,0.003899417002685368,0.0,100.0,1.0
d9cc1910,2026-10-07T23:04:15.074048,NEU-DET,patches,patches_91.jpg,4x4,4,4,8,FRQI,1024,aer,5,4,1,1092,705,384,"{""h"": 132, ""x"": 64, ""cx"": 384, ""tdg"": 192, ""t"": 256, ""ry"": 64}",0.0012587080127559602,0.006263957999181002,4.108401481062174e-05,7.858301978558302e-05,0.009370792016852647,0.0015313111897385999,28.14936543950251,0.9705256413997323
27f56b3d,2026-10-07T23:04:15.094138,NEU-DET,patches,patches_91.jpg,4x4,4,4,8,NEQR,1024,aer,12,4,8,134,94,66,"{""h"": 4, ""x"": 64, ""mcx"": 66}",0.0011240410385653377,0.0022147499839775264,2.5541987270116806e-05,2.1583051420748234e-05,0.003969000012148172,0.0,100.0,1.0
fdb65934,2026-10-07T23:04:15.109354,NEU-DET,patches,patches_92.jpg,4x4,4,4,8,FRQI,1024,aer,5,4,1,1092,705,384,"{""h"": 132, ""x"": 64, ""cx"": 384, ""tdg"": 192, ""t"": 256, ""ry"": 64}",0.0014812909648753703,0.005981124995741993,4.074996104463935e-05,8.02910071797669e-05,0.009360624942928553,0.001792051277800009,27.466495675829492,0.9393609966244598
068f0357,2026-10-07T23:04:15.129418,NEU-DET,patches,patches_92.jpg,4x4,4,4,8,NEQR,1024,aer,12,4,8,130,90,62,"{""h"": 4, ""x"": 64, ""mcx"": 62}",0.0010839159949682653,0.002613333985209465,3.3165968488901854e-05,2.6958005037158728e-05,0.004408209002576768,0.0,100.0,1.0
0ad78bc5,2026-10-07T23:04:15.149783,NEU-DET,patches,patches_93.jpg,4x4,4,4,8,FRQI,1024,aer,5,4,1,1092,705,384,"{""h"": 132, ""x"": 64, ""cx"": 384, ""tdg"": 192, ""t"": 256, ""ry"": 64}",0.002073250012472272,0.006775583024136722,4.29159845225513e-05,8.141703438013792e-05,0.012449916976038367,0.0018109532518518125,27.420927604671895,0.9261863017523403
e68135a2,2026-10-07T23:04:15.173175,NEU-DET,patches,patches_93.jpg,4x4,4,4,8,NEQR,1024,aer,12,4,8,130,90,62,"{""h"": 4, ""x"": 64, ""mcx"": 62}",0.0011147500481456518,0.0025115839671343565,3.1750008929520845e-05,3.062502946704626e-05,0.004630459006875753,0.0,100.0,1.0
2b8178c3,2026-10-07T23:04:15.189228,NEU-DET,patches,patches_94.jpg,4x4,4,4,8,FRQI,1024,aer,5,4,1,1092,705,384,"{""h"": 132, ""x"": 64, ""cx"": 384, ""tdg"": 192, ""t"": 256, ""ry"": 64}",0.0013597909710370004,0.007255792035721242,4.1249964851886034e-05,7.995899068191648e-05,0.010554665990639478,0.0020755382223486673,26.828692644043425,0.7918144163241094
74f37bbf,2026-10-07T23:04:15.210812,NEU-DET,patches,patches_94.jpg,4x4,4,4,8,NEQR,1024,aer,12,4,8,143,103,75,"{""h"": 4, ""x"": 64, ""mcx"": 75}",0.0013327919878065586,0.0033522919984534383,2.9333983547985554e-05,2.9207963962107897e-05,0.005849499953910708,0.0,100.0,1.0
baf5a149,2026-10-07T23:04:15.227780,NEU-DET,patches,patches_95.jpg,4x4,4,4,8,FRQI,1024,aer,5,4,1,1092,705,384,"{""h"": 132, ""x"": 64, ""cx"": 384, ""tdg"": 192, ""t"": 256, ""ry"": 64}",0.001233167015016079,0.005616749986074865,4.3249980080872774e-05,8.070800686255097e-05,0.008972125011496246,0.002492206046402639,26.034160546627703,0.969529004931997
ba1e7ef5,2026-10-07T23:04:15.247391,NEU-DET,patches,patches_95.jpg,4x4,4,4,8,NEQR,1024,aer,12,4,8,138,98,70,"{""h"": 4, ""x"": 64, ""mcx"": 70}",0.001350749982520938,0.0023088749730959535,2.7458008844405413e-05,2.3500004317611456e-05,0.004447166982572526,0.0,100.0,1.0
9dc1c792,2026-10-07T23:04:15.262443,NEU-DET,patches,patches_96.jpg,4x4,4,4,8,FRQI,1024,aer,5,4,1,1092,705,384,"{""h"": 132, ""x"": 64, ""cx"": 384, ""tdg"": 192, ""t"": 256, ""ry"": 64}",0.0016693329671397805,0.005527874978724867,3.712502075359225e-05,7.35839712433517e-05,0.009049083979334682,0.003526426587935046,24.526651527343297,0.8014999279942511
b7a4b2d8,2026-10-07T23:04:15.282219,NEU-DET,patches,patches_96.jpg,4x4,4,4,8,NEQR,1024,aer,12,4,8,126,86,58,"{""h"": 4, ""x"": 64, ""mcx"": 58}",0.0010016249725595117,0.0017595419776625931,2.600002335384488e-05,2.475001383572817e-05,0.0033353749895468354,0.0,100.0,1.0
64f7bf3d,2026-10-07T23:04:15.295710,NEU-DET,patches,patches_97.jpg,4x4,4,4,8,FRQI,1024,aer,5,4,1,1092,705,384,"{""h"": 132, ""x"": 64, ""cx"": 384, ""tdg"": 192, ""t"": 256, ""ry"": 64}",0.001350791018921882,0.005194124998524785,3.891700180247426e-05,7.516704499721527e-05,0.008330582990311086,0.0015661611472960555,28.051635540400053,0.7374773651169064
2ea84ec0,2026-10-07T23:04:15.314380,NEU-DET,patches,patches_97.jpg,4x4,4,4,8,NEQR,1024,aer,12,4,8,117,77,49,"{""h"": 4, ""x"": 64, ""mcx"": 49}",0.0009062919998541474,0.002730000007431954,2.2541964426636696e-05,1.9875005818903446e-05,0.0042468750034458935,0.0,100.0,1.0
c7dc2e73,2026-10-07T23:04:15.329059,NEU-DET,patches,patches_98.jpg,4x4,4,4,8,FRQI,1024,aer,5,4,1,1092,705,384,"{""h"": 132, ""x"": 64, ""cx"": 384, ""tdg"": 192, ""t"": 256, ""ry"": 64}",0.00166787498164922,0.005402749986387789,3.950000973418355e-05,7.695797830820084e-05,0.009013624978251755,0.0019285170236608782,27.147765231192516,0.9591782320017201
9acb5f8c,2026-10-07T23:04:15.350300,NEU-DET,patches,patches_98.jpg,4x4,4,4,8,NEQR,1024,aer,12,4,8,136,96,68,"{""h"": 4, ""x"": 64, ""mcx"": 68}",0.0010300420108251274,0.002002792025450617,2.5457993615418673e-05,2.2874970454722643e-05,0.0036387909785844386,0.0,100.0,1.0
6f10407a,2026-10-07T23:04:15.364949,NEU-DET,patches,patches_99.jpg,4x4,4,4,8,FRQI,1024,aer,5,4,1,1092,705,384,"{""h"": 132, ""x"": 64, ""cx"": 384, ""tdg"": 192, ""t"": 256, ""ry"": 64}",0.0014794169692322612,0.005281624966301024,3.9000005926936865e-05,7.67909805290401e-05,0.009725500014610589,0.0013744227650719747,28.618796600733255,0.9834956355686937
4a08ba3e,2026-10-07T23:04:15.386259,NEU-DET,patches,patches_99.jpg,4x4,4,4,8,NEQR,1024,aer,12,4,8,136,96,68,"{""h"": 4, ""x"": 64, ""mcx"": 68}",0.0010285000316798687,0.002064041036646813,2.9166985768824816e-05,2.412503818050027e-05,0.003701833018567413,0.0,100.0,1.0
1a307dc5,2026-10-07T23:04:15.401540,NEU-DET,pitted_surface,pitted_surface_117.jpg,4x4,4,4,8,FRQI,1024,aer,5,4,1,1092,705,384,"{""h"": 132, ""x"": 64, ""cx"": 384, ""tdg"": 192, ""t"": 256, ""ry"": 64}",0.0020884579862467945,0.005698958004359156,3.987504169344902e-05,7.808295777067542e-05,0.00963350001256913,0.004245528282723915,23.72068261604488,0.8622012211219904
9c88a87d,2026-10-07T23:04:15.422431,NEU-DET,pitted_surface,pitted_surface_117.jpg,4x4,4,4,8,NEQR,1024,aer,12,4,8,126,86,58,"{""h"": 4, ""x"": 64, ""mcx"": 58}",0.0009707080316729844,0.002544625021982938,2.704199869185686e-05,2.616603160277009e-05,0.004176834016107023,0.0,100.0,1.0
6ca55c85,2026-10-07T23:04:15.438308,NEU-DET,pitted_surface,pitted_surface_118.jpg,4x4,4,4,8,FRQI,1024,aer,5,4,1,1092,705,384,"{""h"": 132, ""x"": 64, ""cx"": 384, ""tdg"": 192, ""t"": 256, ""ry"": 64}",0.0025868749944493175,0.005785582994576544,3.829097840934992e-05,7.808400550857186e-05,0.011547417030669749,0.0020732257745806355,26.8335340060013,0.8759011613618672
fb1bfb3a,2026-10-07T23:04:15.465164,NEU-DET,pitted_surface,pitted_surface_118.jpg,4x4,4,4,8,NEQR,1024,aer,12,4,8,128,88,60,"{""h"": 4, ""x"": 64, ""mcx"": 60}",0.0010017920285463333,0.0023387920227833092,2.8749986086040735e-05,2.6082969270646572e-05,0.003956832981202751,0.0,100.0,1.0
01438571,2026-10-07T23:04:15.481283,NEU-DET,pitted_surface,pitted_surface_119.jpg,4x4,4,4,8,FRQI,1024,aer,5,4,1,1092,705,384,"{""h"": 132, ""x"": 64, ""cx"": 384, ""tdg"": 192, ""t"": 256, ""ry"": 64}",0.0013695419766008854,0.00562837504548952,3.98330157622695e-05,7.916701724752784e-05,0.008947582973632962,0.0020555883971504116,26.870638423722376,0.9080563101632968
8adf1f4d,2026-10-07T23:04:15.501843,NEU-DET,pitted_surface,pitted_surface_119.jpg,4x4,4,4,8,NEQR,1024,aer,12,4,8,150,110,82,"{""h"": 4, ""x"": 64, ""mcx"": 82}",0.0012703340034931898,0.002965250052511692,2.600002335384488e-05,2.116698306053877e-05,0.0049095830181613564,0.0,100.0,1.0
0c50bd4d,2026-10-07T23:04:15.518641,NEU-DET,pitted_surface,pitted_surface_12.jpg,4x4,4,4,8,FRQI,1024,aer,5,4,1,1092,705,384,"{""h"": 132, ""x"": 64, ""cx"": 384, ""tdg"": 192, ""t"": 256, ""ry"": 64}",0.0012697079801000655,0.00560366699937731,3.912503598257899e-05,7.420801557600498e-05,0.008671875053551048,0.0033441433867409955,24.757151096016354,0.7615064261247263
a361d582,2026-10-07T23:04:15.538157,NEU-DET,pitted_surface,pitted_surface_12.jpg,4x4,4,4,8,NEQR,1024,aer,12,4,8,140,100,72,"{""h"": 4, ""x"": 64, ""mcx"": 72}",0.0012775830109603703,0.0028660420211963356,2.6458001229912043e-05,2.208305522799492e-05,0.004808707977645099,0.0,100.0,1.0
2dac0764,2026-10-07T23:04:15.553976,NEU-DET,pitted_surface,pitted_surface_120.jpg,4x4,4,4,8,FRQI,1024,aer,5,4,1,1092,705,384,"{""h"": 132, ""x"": 64, ""cx"": 384, ""tdg"": 192, ""t"": 256, ""ry"": 64}",0.0013399579911492765,0.005568792053963989,3.1374976970255375e-05,7.02079851180315e-05,0.008772665983997285,0.002506861770347174,26.008696126036245,0.753139009923131
033a3cf1,2026-10-07T23:04:15.573009,NEU-DET,pitted_surface,pitted_surface_120.jpg,4x4,4,4,8,NEQR,1024,aer,12,4,8,153,113,85,"{""h"": 4, ""x"": 64, ""mcx"": 85}",0.0014113750075921416,0.00310475000878796,2.5707995519042015e-05,2.241699257865548e-05,0.005214290984440595,0.0,100.0,1.0
30c539ff,2026-10-07T23:04:15.588502,NEU-DET,pitted_surface,pitted_surface_121.jpg,4x4,4,4,8,FRQI,1024,aer,5,4,1,1092,705,384,"{""h"": 132, ""x"": 64, ""cx"": 384, ""tdg"": 192, ""t"": 256, ""ry"": 64}",0.0012887920020148158,0.005554166040383279,2.7082976885139942e-05,6.533297710120678e-05,0.008653416996821761,0.002678123506248425,25.721693986289587,0.21539643045862739
b9433202,2026-10-07T23:04:15.607857,NEU-DET,pitted_surface,pitted_surface_121.jpg,4x4,4,4,8,NEQR,1024,aer,12,4,8,156,116,88,"{""h"": 4, ""x"": 64, ""mcx"": 88}",0.0013469579862430692,0.003202458960004151,2.620898885652423e-05,2.237502485513687e-05,0.005201874999329448,0.0,100.0,1.0
5f65ec4e,2026-10-07T23:04:15.623503,NEU-DET,pitted_surface,pitted_surface_122.jpg,4x4,4,4,8,FRQI,1024,aer,5,4,1,1092,705,384,"{""h"": 132, ""x"": 64, ""cx"": 384, ""tdg"": 192, ""t"": 256, ""ry"": 64}",0.0012950419913977385,0.005507333029527217,3.0082999728620052e-05,6.525003118440509e-05,0.008657875005155802,0.003945319932685624,24.0391777335034,0.6515180331710296
60475586,2026-10-07T23:04:15.642530,NEU-DET,pitted_surface,pitted_surface_122.jpg,4x4,4,4,8,NEQR,1024,aer,12,4,8,154,114,86,"{""h"": 4, ""x"": 64, ""mcx"": 86}",0.0013316250406205654,0.002900542051065713,2.3792032152414322e-05,2.01669754460454e-05,0.004854333004914224,0.0,100.0,1.0
ae3b0cd4,2026-10-07T23:04:15.657783,NEU-DET,pitted_surface,pitted_surface_123.jpg,4x4,4,4,8,FRQI,1024,aer,5,4,1,1092,705,384,"{""h"": 132, ""x"": 64, ""cx"": 384, ""tdg"": 192, ""t"": 256, ""ry"": 64}",0.001210791990160942,0.0054279169999063015,3.8790982216596603e-05,7.133296458050609e-05,0.008400792023167014,0.0017352150616691967,27.606466913007836,0.8962431152186137
05518932,2026-10-07T23:04:15.676716,NEU-DET,pitted_surface,pitted_surface_123.jpg,4x4,4,4,8,NEQR,1024,aer,12,4,8,131,91,63,"{""h"": 4, ""x"": 64, ""mcx"": 63}",0.001244042010512203,0.0022183749824762344,2.1290965378284454e-05,1.8167018424719572e-05,0.004038874991238117,0.0,100.0,1.0
719df553,2026-10-07T23:04:15.692283,NEU-DET,pitted_surface,pitted_surface_124.jpg,4x4,4,4,8,FRQI,1024,aer,5,4,1,1092,705,384,"{""h"": 132, ""x"": 64, ""cx"": 384, ""tdg"": 192, ""t"": 256, ""ry"": 64}",0.0012589999823831022,0.005259500001557171,3.9166014175862074e-05,6.966700311750174e-05,0.008185332990251482,0.0020564605417571747,26.868796190804204,0.9378804714896793
810f8a0d,2026-10-07T23:04:15.710735,NEU-DET,pitted_surface,pitted_surface_124.jpg,4x4,4,4,8,NEQR,1024,aer,12,4,8,136,96,68,"{""h"": 4, ""x"": 64, ""mcx"": 68}",0.0011338340118527412,0.0023792919819243252,2.2584048565477133e-05,1.9916973542422056e-05,0.004096333985216916,0.0,100.0,1.0
c791d204,2026-10-07T23:04:15.725397,NEU-DET,pitted_surface,pitted_surface_125.jpg,4x4,4,4,8,FRQI,1024,aer,5,4,1,1092,705,384,"{""h"": 132, ""x"": 64, ""cx"": 384, ""tdg"": 192, ""t"": 256, ""ry"": 64}",0.0012509579537436366,0.00554162502521649,3.5375007428228855e-05,6.987503729760647e-05,0.00865999999223277,0.004606737661938001,23.366065186387196,0.9149496997006012
ee8d8cec,2026-10-07T23:04:15.744144,NEU-DET,pitted_surface,pitted_surface_125.jpg,4x4,4,4,8,NEQR,1024,aer,12,4,8,139,99,71,"{""h"": 4, ""x"": 64, ""mcx"": 71}",0.0011736659798771143,0.0026556249940767884,6.383401341736317e-05,4.04169550165534e-05,0.004599125008098781,0.0,100.0,1.0
ba962e4e,2026-10-07T23:04:15.759953,NEU-DET,pitted_surface,pitted_surface_126.jpg,4x4,4,4,8,FRQI,1024,aer,5,4,1,1092,705,384,"{""h"": 132, ""x"": 64, ""cx"": 384, ""tdg"": 192, ""t"": 256, ""ry"": 64}",0.0012974999845027924,0.005392959050368518,3.737496444955468e-05,6.737501826137304e-05,0.008520291012246162,0.00221059577198952,26.55490664949212,0.8113420220073779
786f842c,2026-10-07T23:04:15.778820,NEU-DET,pitted_surface,pitted_surface_126.jpg,4x4,4,4,8,NEQR,1024,aer,12,4,8,121,81,53,"{""h"": 4, ""x"": 64, ""mcx"": 53}",0.000983791018370539,0.0019257499952800572,2.6332971174269915e-05,2.304196823388338e-05,0.0034635410411283374,0.0,100.0,1.0
d9e9eca4,2026-10-07T23:04:15.792560,NEU-DET,pitted_surface,pitted_surface_127.jpg,4x4,4,4,8,FRQI,1024,aer,5,4,1,1092,705,384,"{""h"": 132, ""x"": 64, ""cx"": 384, ""tdg"": 192, ""t"": 256, ""ry"": 64}",0.0013535000034607947,0.005354915978386998,3.850000211969018e-05,7.579202065244317e-05,0.008438042015768588,0.002387496658806501,26.220572275192588,0.8691805725442161
1b2e9355,2026-10-07T23:04:15.811413,NEU-DET,pitted_surface,pitted_surface_127.jpg,4x4,4,4,8,NEQR,1024,aer,12,4,8,126,86,58,"{""h"": 4, ""x"": 64, ""mcx"": 58}",0.0010121670202352107,0.0018636250169947743,2.3707980290055275e-05,1.937500201165676e-05,0.0034470419632270932,0.0,100.0,1.0
3fd058d2,2026-10-07T23:04:15.824948,NEU-DET,pitted_surface,pitted_surface_128.jpg,4x4,4,4,8,FRQI,1024,aer,5,4,1,1092,705,384,"{""h"": 132, ""x"": 64, ""cx"": 384, ""tdg"": 192, ""t"": 256, ""ry"": 64}",0.0012540420284494758,0.006376416014973074,4.233402432873845e-05,8.13750084489584e-05,0.00951204204466194,0.0027700063739495152,25.575192315969527,0.7944628135101838
916319f2,2026-10-07T23:04:15.845208,NEU-DET,pitted_surface,pitted_surface_128.jpg,4x4,4,4,8,NEQR,1024,aer,12,4,8,128,88,60,"{""h"": 4, ""x"": 64, ""mcx"": 60}",0.0012177909957244992,0.0021403749706223607,2.4291977752000093e-05,2.2290972992777824e-05,0.004093124996870756,0.0,100.0,1.0
b79b82bf,2026-10-07T23:04:15.861025,NEU-DET,pitted_surface,pitted_surface_129.jpg,4x4,4,4,8,FRQI,1024,aer,5,4,1,1092,705,384,"{""h"": 132, ""x"": 64, ""cx"": 384, ""tdg"": 192, ""t"": 256, ""ry"": 64}",0.0013560830266214907,0.006101000006310642,4.0499959141016006e-05,8.062500273808837e-05,0.009572167007718235,0.001730218155209395,27.618991352350797,0.8363951246322572
ff196168,2026-10-07T23:04:15.881865,NEU-DET,pitted_surface,pitted_surface_129.jpg,4x4,4,4,8,NEQR,1024,aer,12,4,8,123,83,55,"{""h"": 4, ""x"": 64, ""mcx"": 55}",0.0010195419890806079,0.0017402080120518804,2.820801455527544e-05,2.5124987587332726e-05,0.003413041995372623,0.0,100.0,1.0
0b1cec89,2026-10-07T23:04:15.897723,NEU-DET,pitted_surface,pitted_surface_13.jpg,4x4,4,4,8,FRQI,1024,aer,5,4,1,1092,705,384,"{""h"": 132, ""x"": 64, ""cx"": 384, ""tdg"": 192, ""t"": 256, ""ry"": 64}",0.0023332920391112566,0.005541833990719169,4.0499959141016006e-05,8.058402454480529e-05,0.01093816600041464,0.00247768570828584,26.059537842448353,0.8414180965616314
29a6633d,2026-10-07T23:04:15.919455,NEU-DET,pitted_surface,pitted_surface_13.jpg,4x4,4,4,8,NEQR,1024,aer,12,4,8,136,96,68,"{""h"": 4, ""x"": 64, ""mcx"": 68}",0.0017807499971240759,0.0026190000353381038,2.824998227879405e-05,2.4333014152944088e-05,0.00508179102325812,0.0,100.0,1.0
da08b206,2026-10-07T23:04:15.935667,NEU-DET,pitted_surface,pitted_surface_130.jpg,4x4,4,4,8,FRQI,1024,aer,5,4,1,1092,705,384,"{""h"": 132, ""x"": 64, ""cx"": 384, ""tdg"": 192, ""t"": 256, ""ry"": 64}",0.0013640410033985972,0.006140540994238108,8.504203287884593e-05,0.0001781670143827796,0.010892041958868504,0.0010646717212560762,29.72784281074608,0.9590717502827563
79f56fcd,2026-10-07T23:04:15.957569,NEU-DET,pitted_surface,pitted_surface_130.jpg,4x4,4,4,8,NEQR,1024,aer,12,4,8,130,90,62,"{""h"": 4, ""x"": 64, ""mcx"": 62}",0.0010402090265415609,0.0024573340197093785,3.008398925885558e-05,2.5416025891900063e-05,0.004135958035476506,0.0,100.0,1.0
30ef4e76,2026-10-07T23:04:15.975296,NEU-DET,pitted_surface,pitted_surface_131.jpg,4x4,4,4,8,FRQI,1024,aer,5,4,1,1092,705,384,"{""h"": 132, ""x"": 64, ""cx"": 384, ""tdg"": 192, ""t"": 256, ""ry"": 64}",0.0024522499879822135,0.005613459041342139,4.354194970801473e-05,8.225004421547055e-05,0.01001237501623109,0.0016932761274621522,27.712722144517976,0.9055654584201143
c373dad8,2026-10-07T23:04:15.998373,NEU-DET,pitted_surface,pitted_surface_131.jpg,4x4,4,4,8,NEQR,1024,aer,12,4,8,149,109,81,"{""h"": 4, ""x"": 64, ""mcx"": 81}",0.0014467089786194265,0.0037284999853000045,3.662501694634557e-05,2.916704397648573e-05,0.005934292043093592,0.0,100.0,1.0
42d2dc7a,2026-10-07T23:04:16.015914,NEU-DET,pitted_surface,pitted_surface_132.jpg,4x4,4,4,8,FRQI,1024,aer,5,4,1,1092,705,384,"{""h"": 132, ""x"": 64, ""cx"": 384, ""tdg"": 192, ""t"": 256, ""ry"": 64}",0.0012660420034080744,0.005802583007607609,3.545900108292699e-05,0.00010179099626839161,0.008987334033008665,0.002684911319058945,25.710700542025574,0.5920611592622159
8d9a89e8,2026-10-07T23:04:16.035798,NEU-DET,pitted_surface,pitted_surface_132.jpg,4x4,4,4,8,NEQR,1024,aer,12,4,8,158,118,90,"{""h"": 4, ""x"": 64, ""mcx"": 90}",0.0014834589674137533,0.0031591670121997595,2.4084001779556274e-05,2.3040978703647852e-05,0.005379583046305925,0.0,100.0,1.0
69f0d3a8,2026-10-07T23:04:16.053122,NEU-DET,pitted_surface,pitted_surface_133.jpg,4x4,4,4,8,FRQI,1024,aer,5,4,1,1092,705,384,"{""h"": 132, ""x"": 64, ""cx"": 384, ""tdg"": 192, ""t"": 256, ""ry"": 64}",0.002268749987706542,0.0067324580159038305,3.229099093005061e-05,8.31669894978404e-05,0.010842291987501085,0.0027336904678888427,25.632506615670685,0.5026981702009117
876777ca,2026-10-07T23:04:16.075357,NEU-DET,pitted_surface,pitted_surface_133.jpg,4x4,4,4,8,NEQR,1024,aer,12,4,8,158,118,90,"{""h"": 4, ""x"": 64, ""mcx"": 90}",0.00156149995746091,0.003310041967779398,2.9999995604157448e-05,2.5957997422665358e-05,0.0056465420057065785,0.0,100.0,1.0
a70ec687,2026-10-07T23:04:16.093961,NEU-DET,pitted_surface,pitted_surface_134.jpg,4x4,4,4,8,FRQI,1024,aer,5,4,1,1092,705,384,"{""h"": 132, ""x"": 64, ""cx"": 384, ""tdg"": 192, ""t"": 256, ""ry"": 64}",0.002223334042355418,0.005767541995737702,3.4541008062660694e-05,8.233397966250777e-05,0.009869833011180162,0.0029243525071433445,25.33970277856511,0.629345570975699
85650fdf,2026-10-07T23:04:16.115466,NEU-DET,pitted_surface,pitted_surface_134.jpg,4x4,4,4,8,NEQR,1024,aer,12,4,8,158,118,90,"{""h"": 4, ""x"": 64, ""mcx"": 90}",0.0014710829709656537,0.0032243329915218055,2.8082984499633312e-05,2.3833010345697403e-05,0.00543804100016132,0.0,100.0,1.0
97f3387a,2026-10-07T23:04:16.132963,NEU-DET,pitted_surface,pitted_surface_135.jpg,4x4,4,4,8,FRQI,1024,aer,5,4,1,1092,705,384,"{""h"": 132, ""x"": 64, ""cx"": 384, ""tdg"": 192, ""t"": 256, ""ry"": 64}",0.0013251249911263585,0.005500792001839727,4.237500252202153e-05,7.783295586705208e-05,0.008626499969977885,0.0018970908485144294,27.219118709754525,0.8952928900117105
ac77f91a,2026-10-07T23:04:16.153183,NEU-DET,pitted_surface,pitted_surface_135.jpg,4x4,4,4,8,NEQR,1024,aer,12,4,8,138,98,70,"{""h"": 4, ""x"": 64, ""mcx"": 70}",0.0011627919739112258,0.0026157500105910003,2.704095095396042e-05,2.604199107736349e-05,0.00442700000712648,0.0,100.0,1.0
673df4f0,2026-10-07T23:04:16.168426,NEU-DET,pitted_surface,pitted_surface_136.jpg,4x4,4,4,8,FRQI,1024,aer,5,4,1,1092,705,384,"{""h"": 132, ""x"": 64, ""cx"": 384, ""tdg"": 192, ""t"": 256, ""ry"": 64}",0.0012253750464878976,0.006407334003597498,4.237500252202153e-05,7.895799353718758e-05,0.009409082995261997,0.0023905073685962716,26.215099132793117,0.7976905449732303
008285a4,2026-10-07T23:04:16.189222,NEU-DET,pitted_surface,pitted_surface_136.jpg,4x4,4,4,8,NEQR,1024,aer,12,4,8,145,105,77,"{""h"": 4, ""x"": 64, ""mcx"": 77}",0.0012786670122295618,0.0028422910254448652,2.6915979105979204e-05,2.4250010028481483e-05,0.0048603329923935235,0.0,100.0,1.0
211e1f67,2026-10-07T23:04:16.209250,NEU-DET,pitted_surface,pitted_surface_137.jpg,4x4,4,4,8,FRQI,1024,aer,5,4,1,1092,705,384,"{""h"": 132, ""x"": 64, ""cx"": 384, ""tdg"": 192, ""t"": 256, ""ry"": 64}",0.0016814580303616822,0.005391000013332814,4.0624989196658134e-05,7.766700582578778e-05,0.009033832990098745,0.001720984275137724,27.642230978607692,0.9095193791810264
aaeabf35,2026-10-07T23:04:16.231684,NEU-DET,pitted_surface,pitted_surface_137.jpg,4x4,4,4,8,NEQR,1024,aer,12,4,8,128,88,60,"{""h"": 4, ""x"": 64, ""mcx"": 60}",0.0010092500015161932,0.00237820902839303,2.9916991479694843e-05,2.5041052140295506e-05,0.004025749978609383,0.0,100.0,1.0
5204268e,2026-10-07T23:04:16.246939,NEU-DET,pitted_surface,pitted_surface_138.jpg,4x4,4,4,8,FRQI,1024,aer,5,4,1,1092,705,384,"{""h"": 132, ""x"": 64, ""cx"": 384, ""tdg"": 192, ""t"": 256, ""ry"": 64}",0.0014057079679332674,0.006071749958209693,4.5290973503142595e-05,8.295802399516106e-05,0.009341459022834897,0.003071913550865214,25.12591010291073,0.472878830259916
b3ae5d3b,2026-10-07T23:04:16.269543,NEU-DET,pitted_surface,pitted_surface_138.jpg,4x4,4,4,8,NEQR,1024,aer,12,4,8,142,102,74,"{""h"": 4, ""x"": 64, ""mcx"": 74}",0.0011791670112870634,0.0027882499853149056,3.3374992199242115e-05,2.704199869185686e-05,0.004653416981454939,0.0,100.0,1.0
9d36b8b9,2026-10-07T23:04:16.290772,NEU-DET,pitted_surface,pitted_surface_139.jpg,4x4,4,4,8,FRQI,1024,aer,5,4,1,1092,705,384,"{""h"": 132, ""x"": 64, ""cx"": 384, ""tdg"": 192, ""t"": 256, ""ry"": 64}",0.001299042021855712,0.007185707974713296,4.891701973974705e-05,9.037501877173781e-05,0.010274124972056597,0.0018612375893741896,27.30198185080883,0.8757535298765633
c9718bf2,2026-10-07T23:04:16.314047,NEU-DET,pitted_surface,pitted_surface_139.jpg,4x4,4,4,8,NEQR,1024,aer,12,4,8,147,107,79,"{""h"": 4, ""x"": 64, ""mcx"": 79}",0.0012500829761847854,0.0037785839522257447,2.987496554851532e-05,2.5250017642974854e-05,0.00577095802873373,0.0,100.0,1.0
c4c7cea0,2026-10-07T23:04:16.334865,NEU-DET,pitted_surface,pitted_surface_14.jpg,4x4,4,4,8,FRQI,1024,aer,5,4,1,1092,705,384,"{""h"": 132, ""x"": 64, ""cx"": 384, ""tdg"": 192, ""t"": 256, ""ry"": 64}",0.0013003749772906303,0.00799420801922679,4.145904676988721e-05,8.454103954136372e-05,0.011135875014588237,0.001988153743271745,27.01550034791403,0.6926901543274989
60845b20,2026-10-07T23:04:16.359772,NEU-DET,pitted_surface,pitted_surface_14.jpg,4x4,4,4,8,NEQR,1024,aer,12,4,8,148,108,80,"{""h"": 4, ""x"": 64, ""mcx"": 80}",0.002513916988391429,0.0030336249619722366,2.9624963644891977e-05,2.962502185255289e-05,0.0065271249623037875,0.0,100.0,1.0
fd692b9e,2026-10-07T23:04:16.381458,NEU-DET,pitted_surface,pitted_surface_140.jpg,4x4,4,4,8,FRQI,1024,aer,5,4,1,1092,705,384,"{""h"": 132, ""x"": 64, ""cx"": 384, ""tdg"": 192, ""t"": 256, ""ry"": 64}",0.002107500040438026,0.005481833009980619,3.6375015042722225e-05,7.812498370185494e-05,0.009356084046885371,0.003182158262977667,24.97278224743281,0.6602248328484503
41dbbc1c,2026-10-07T23:04:16.405172,NEU-DET,pitted_surface,pitted_surface_140.jpg,4x4,4,4,8,NEQR,1024,aer,12,4,8,144,104,76,"{""h"": 4, ""x"": 64, ""mcx"": 76}",0.0012117089936509728,0.0040731250192038715,2.9875023756176233e-05,2.9041024390608072e-05,0.006075208017136902,0.0,100.0,1.0
1fcb9ff1,2026-10-07T23:04:16.423219,NEU-DET,pitted_surface,pitted_surface_141.jpg,4x4,4,4,8,FRQI,1024,aer,5,4,1,1092,705,384,"{""h"": 132, ""x"": 64, ""cx"": 384, ""tdg"": 192, ""t"": 256, ""ry"": 64}",0.0023834590101614594,0.005414125043898821,3.862503217533231e-05,7.708300836384296e-05,0.010120624967385083,0.0025736773489885164,25.894458996759887,0.6044062613587728
7e2a72a5,2026-10-07T23:04:16.444743,NEU-DET,pitted_surface,pitted_surface_141.jpg,4x4,4,4,8,NEQR,1024,aer,12,4,8,143,103,75,"{""h"": 4, ""x"": 64, ""mcx"": 75}",0.0012432499788701534,0.0028891669935546815,2.6374997105449438e-05,2.058397512882948e-05,0.004788083024322987,0.0,100.0,1.0
f923b7ce,2026-10-07T23:04:16.460501,NEU-DET,pitted_surface,pitted_surface_142.jpg,4x4,4,4,8,FRQI,1024,aer,5,4,1,1092,705,384,"{""h"": 132, ""x"": 64, ""cx"": 384, ""tdg"": 192, ""t"": 256, ""ry"": 64}",0.001309832965489477,0.005701499991118908,3.550003748387098e-05,6.991601549088955e-05,0.008851082995533943,0.0021991918317547047,26.57736886219538,0.8995001269480876
23249fbd,2026-10-07T23:04:16.480551,NEU-DET,pitted_surface,pitted_surface_142.jpg,4x4,4,4,8,NEQR,1024,aer,12,4,8,134,94,66,"{""h"": 4, ""x"": 64, ""mcx"": 66}",0.001129375013988465,0.0026231249794363976,2.2709020413458347e-05,2.158299321308732e-05,0.0043521669576875865,0.0,100.0,1.0
c795f40a,2026-10-07T23:04:16.496494,NEU-DET,pitted_surface,pitted_surface_143.jpg,4x4,4,4,8,FRQI,1024,aer,5,4,1,1092,705,384,"{""h"": 132, ""x"": 64, ""cx"": 384, ""tdg"": 192, ""t"": 256, ""ry"": 64}",0.0012807910097762942,0.0055954999988898635,3.470899537205696e-05,6.645801477134228e-05,0.008699792029801756,0.0030840831185608756,25.10873925872088,0.8364658320608382
ceff5570,2026-10-07T23:04:16.516160,NEU-DET,pitted_surface,pitted_surface_143.jpg,4x4,4,4,8,NEQR,1024,aer,12,4,8,141,101,73,"{""h"": 4, ""x"": 64, ""mcx"": 73}",0.0012553330161608756,0.0027474170201458037,2.6332971174269915e-05,2.2209016606211662e-05,0.004654832999221981,0.0,100.0,1.0
fbcb3084,2026-10-07T23:04:16.532509,NEU-DET,pitted_surface,pitted_surface_144.jpg,4x4,4,4,8,FRQI,1024,aer,5,4,1,1092,705,384,"{""h"": 132, ""x"": 64, ""cx"": 384, ""tdg"": 192, ""t"": 256, ""ry"": 64}",0.0012805830338038504,0.0051351250149309635,3.666698466986418e-05,7.02909892424941e-05,0.008170041954144835,0.0017006038950434965,27.6939683055527,0.925321095317788
7882f325,2026-10-07T23:04:16.551578,NEU-DET,pitted_surface,pitted_surface_144.jpg,4x4,4,4,8,NEQR,1024,aer,12,4,8,132,92,64,"{""h"": 4, ""x"": 64, ""mcx"": 64}",0.0010760410223156214,0.002458499977365136,2.1415995433926582e-05,1.9458995666354895e-05,0.004102459002751857,0.0,100.0,1.0
c5f38f63,2026-10-07T23:04:16.567757,NEU-DET,pitted_surface,pitted_surface_145.jpg,4x4,4,4,8,FRQI,1024,aer,5,4,1,1092,705,384,"{""h"": 132, ""x"": 64, ""cx"": 384, ""tdg"": 192, ""t"": 256, ""ry"": 64}",0.0012395000085234642,0.005673290987033397,4.391703987494111e-05,7.875001756474376e-05,0.008698749996256083,0.0018864098346552702,27.24363948081587,0.9237347567769173
4c378ba5,2026-10-07T23:04:16.587675,NEU-DET,pitted_surface,pitted_surface_145.jpg,4x4,4,4,8,NEQR,1024,aer,12,4,8,132,92,64,"{""h"": 4, ""x"": 64, ""mcx"": 64}",0.00108804099727422,0.0023253329563885927,2.9542017728090286e-05,2.404197584837675e-05,0.004062167019583285,0.0,100.0,1.0
9c839a42,2026-10-07T23:04:16.604545,NEU-DET,pitted_surface,pitted_surface_146.jpg,4x4,4,4,8,FRQI,1024,aer,5,4,1,1092,705,384,"{""h"": 132, ""x"": 64, ""cx"": 384, ""tdg"": 192, ""t"": 256, ""ry"": 64}",0.0012756249634549022,0.005432125006336719,4.183303099125624e-05,7.54999928176403e-05,0.008510541985742748,0.002370356025131538,26.251864184888,0.5455319408127399
df8fd24f,2026-10-07T23:04:16.624038,NEU-DET,pitted_surface,pitted_surface_146.jpg,4x4,4,4,8,NEQR,1024,aer,12,4,8,155,115,87,"{""h"": 4, ""x"": 64, ""mcx"": 87}",0.0019708339823409915,0.0030706669786013663,2.562499139457941e-05,2.2707972675561905e-05,0.005735790997277945,0.0,100.0,1.0
7b611263,2026-10-07T23:04:16.642171,NEU-DET,pitted_surface,pitted_surface_147.jpg,4x4,4,4,8,FRQI,1024,aer,5,4,1,1092,705,384,"{""h"": 132, ""x"": 64, ""cx"": 384, ""tdg"": 192, ""t"": 256, ""ry"": 64}",0.0012814170331694186,0.005511082999873906,4.504196112975478e-05,7.816700963303447e-05,0.00864408299094066,0.001955942523746937,27.086439113001028,0.5464622741534556
a1654821,2026-10-07T23:04:16.662336,NEU-DET,pitted_surface,pitted_surface_147.jpg,4x4,4,4,8,NEQR,1024,aer,12,4,8,147,107,79,"{""h"": 4, ""x"": 64, ""mcx"": 79}",0.0012449999921955168,0.0032300419989041984,2.9375019948929548e-05,2.68329749815166e-05,0.005712208978366107,0.0,100.0,1.0
4fd0bf46,2026-10-07T23:04:16.680176,NEU-DET,pitted_surface,pitted_surface_148.jpg,4x4,4,4,8,FRQI,1024,aer,5,4,1,1092,705,384,"{""h"": 132, ""x"": 64, ""cx"": 384, ""tdg"": 192, ""t"": 256, ""ry"": 64}",0.001293624984100461,0.005416542000602931,2.824998227879405e-05,6.962497718632221e-05,0.008495874993968755,0.0028730265052592076,25.416603673826724,0.5944121401168301
8d8bbe1c,2026-10-07T23:04:16.699652,NEU-DET,pitted_surface,pitted_surface_148.jpg,4x4,4,4,8,NEQR,1024,aer,12,4,8,157,117,89,"{""h"": 4, ""x"": 64, ""mcx"": 89}",0.0014371250290423632,0.003127374977339059,2.562499139457941e-05,2.095801755785942e-05,0.0052650420111604035,0.0,100.0,1.0
2872f0ee,2026-10-07T23:04:16.715614,NEU-DET,pitted_surface,pitted_surface_149.jpg,4x4,4,4,8,FRQI,1024,aer,5,4,1,1092,705,384,"{""h"": 132, ""x"": 64, ""cx"": 384, ""tdg"": 192, ""t"": 256, ""ry"": 64}",0.0013549160212278366,0.005434625025372952,3.108294913545251e-05,6.629095878452063e-05,0.008663374988827854,0.0027482271744451205,25.609473704006668,0.898409532245794
504d77c0,2026-10-07T23:04:16.735478,NEU-DET,pitted_surface,pitted_surface_149.jpg,4x4,4,4,8,NEQR,1024,aer,12,4,8,144,104,76,"{""h"": 4, ""x"": 64, ""mcx"": 76}",0.0012437499826774001,0.0028958749608136714,2.3042026441544294e-05,2.1875021047890186e-05,0.004772832966409624,0.0,100.0,1.0
16575d74,2026-10-07T23:04:16.752028,NEU-DET,pitted_surface,pitted_surface_15.jpg,4x4,4,4,8,FRQI,1024,aer,5,4,1,1092,705,384,"{""h"": 132, ""x"": 64, ""cx"": 384, ""tdg"": 192, ""t"": 256, ""ry"": 64}",0.001288916973862797,0.005404040974099189,3.358302637934685e-05,6.862496957182884e-05,0.008527874946594238,0.0029493535100134824,25.30273169717828,0.6046919141964778
9d4c8d9c,2026-10-07T23:04:16.771861,NEU-DET,pitted_surface,pitted_surface_15.jpg,4x4,4,4,8,NEQR,1024,aer,12,4,8,149,109,81,"{""h"": 4, ""x"": 64, ""mcx"": 81}",0.0013042910140939057,0.0029201669967733324,2.3500004317611456e-05,2.0208011846989393e-05,0.004863707988988608,0.0,100.0,1.0
de13e3b7,2026-10-07T23:04:16.788536,NEU-DET,pitted_surface,pitted_surface_150.jpg,4x4,4,4,8,FRQI,1024,aer,5,4,1,1092,705,384,"{""h"": 132, ""x"": 64, ""cx"": 384, ""tdg"": 192, ""t"": 256, ""ry"": 64}",0.0012022079899907112,0.005456250044517219,4.270800855010748e-05,7.574999472126365e-05,0.008427708002272993,0.0016698275525908438,27.77328377250786,0.9001363152319439
d14c0107,2026-10-07T23:04:16.808239,NEU-DET,pitted_surface,pitted_surface_150.jpg,4x4,4,4,8,NEQR,1024,aer,12,4,8,126,86,58,"{""h"": 4, ""x"": 64, ""mcx"": 58}",0.0010208339663222432,0.0018758749938569963,2.4083012249320745e-05,2.120796125382185e-05,0.0034715409856289625,0.0,100.0,1.0
24322235,2026-10-07T23:04:16.823886,NEU-DET,pitted_surface,pitted_surface_151.jpg,4x4,4,4,8,FRQI,1024,aer,5,4,1,1092,705,384,"{""h"": 132, ""x"": 64, ""cx"": 384, ""tdg"": 192, ""t"": 256, ""ry"": 64}",0.0012459579738788307,0.005567083018831909,3.99160198867321e-05,7.324997568503022e-05,0.00856504199327901,0.002108971538695636,26.759292811760368,0.9122555145476748
606ee43c,2026-10-07T23:04:16.843120,NEU-DET,pitted_surface,pitted_surface_151.jpg,4x4,4,4,8,NEQR,1024,aer,12,4,8,129,89,61,"{""h"": 4, ""x"": 64, ""mcx"": 61}",0.0010567920398898423,0.002180375042371452,2.3917004000395536e-05,2.2416003048419952e-05,0.0038435839815065265,0.0,100.0,1.0
65f25d90,2026-10-07T23:04:16.858211,NEU-DET,pitted_surface,pitted_surface_152.jpg,4x4,4,4,8,FRQI,1024,aer,5,4,1,1092,705,384,"{""h"": 132, ""x"": 64, ""cx"": 384, ""tdg"": 192, ""t"": 256, ""ry"": 64}",0.0012936670100316405,0.005938916990999132,3.600004129111767e-05,7.287500193342566e-05,0.009014084003865719,0.002235610110698223,26.506039349254667,0.9102486860791641
5ed02481,2026-10-07T23:04:16.880605,NEU-DET,pitted_surface,pitted_surface_152.jpg,4x4,4,4,8,NEQR,1024,aer,12,4,8,134,94,66,"{""h"": 4, ""x"": 64, ""mcx"": 66}",0.0011106249876320362,0.002140750002581626,2.62079993262887e-05,2.2875028662383556e-05,0.003876333008520305,0.0,100.0,1.0
ca81b6f5,2026-10-07T23:04:16.895469,NEU-DET,pitted_surface,pitted_surface_153.jpg,4x4,4,4,8,FRQI,1024,aer,5,4,1,1092,705,384,"{""h"": 132, ""x"": 64, ""cx"": 384, ""tdg"": 192, ""t"": 256, ""ry"": 64}",0.0020129160257056355,0.005408375000115484,3.5375007428228855e-05,6.708299042657018e-05,0.009266125038266182,0.002015035245357052,26.95717353130707,0.9427548220237113
a921f663,2026-10-07T23:04:16.917076,NEU-DET,pitted_surface,pitted_surface_153.jpg,4x4,4,4,8,NEQR,1024,aer,12,4,8,136,96,68,"{""h"": 4, ""x"": 64, ""mcx"": 68}",0.002187417005188763,0.0024826250155456364,2.4709035642445087e-05,2.2458028979599476e-05,0.005716625018976629,0.0,100.0,1.0
1cf1eb8f,2026-10-07T23:04:16.935047,NEU-DET,pitted_surface,pitted_surface_154.jpg,4x4,4,4,8,FRQI,1024,aer,5,4,1,1092,705,384,"{""h"": 132, ""x"": 64, ""cx"": 384, ""tdg"": 192, ""t"": 256, ""ry"": 64}",0.0013728339690715075,0.005508958012796938,4.133296897634864e-05,8.066697046160698e-05,0.010028499993495643,0.0028377998783309117,25.470182342488865,0.9340515330405889
2fe8c59b,2026-10-07T23:04:16.957603,NEU-DET,pitted_surface,pitted_surface_154.jpg,4x4,4,4,8,NEQR,1024,aer,12,4,8,132,92,64,"{""h"": 4, ""x"": 64, ""mcx"": 64}",0.001098833978176117,0.0027088329661637545,2.666696673259139e-05,2.2459018509835005e-05,0.004700999998021871,0.0,100.0,1.0
2b8dda7c,2026-10-07T23:04:16.974207,NEU-DET,pitted_surface,pitted_surface_155.jpg,4x4,4,4,8,FRQI,1024,aer,5,4,1,1092,705,384,"{""h"": 132, ""x"": 64, ""cx"": 384, ""tdg"": 192, ""t"": 256, ""ry"": 64}",0.0013151249731890857,0.006098334037233144,3.9375037886202335e-05,7.529195863753557e-05,0.009352499968372285,0.0024983986092675463,26.023382705276173,0.8795314157013885
100fc775,2026-10-07T23:04:16.995180,NEU-DET,pitted_surface,pitted_surface_155.jpg,4x4,4,4,8,NEQR,1024,aer,12,4,8,132,92,64,"{""h"": 4, ""x"": 64, ""mcx"": 64}",0.0018906670156866312,0.0027430829941295087,2.7667032554745674e-05,2.620898885652423e-05,0.005306417006067932,0.0,100.0,1.0
076494ea,2026-10-07T23:04:17.013153,NEU-DET,pitted_surface,pitted_surface_156.jpg,4x4,4,4,8,FRQI,1024,aer,5,4,1,1092,705,384,"{""h"": 132, ""x"": 64, ""cx"": 384, ""tdg"": 192, ""t"": 256, ""ry"": 64}",0.0018560420139692724,0.0057739579933695495,4.125002305954695e-05,8.354202145710588e-05,0.00956412503728643,0.0023128926259282775,26.358445285131058,0.532058892924396
82ee27e9,2026-10-07T23:04:17.034861,NEU-DET,pitted_surface,pitted_surface_156.jpg,4x4,4,4,8,NEQR,1024,aer,12,4,8,138,98,70,"{""h"": 4, ""x"": 64, ""mcx"": 70}",0.0011178330169059336,0.0025855840067379177,2.7291011065244675e-05,2.3416010662913322e-05,0.004417957970872521,0.0,100.0,1.0
839d1134,2026-10-07T23:04:17.052145,NEU-DET,pitted_surface,pitted_surface_157.jpg,4x4,4,4,8,FRQI,1024,aer,5,4,1,1092,705,384,"{""h"": 132, ""x"": 64, ""cx"": 384, ""tdg"": 192, ""t"": 256, ""ry"": 64}",0.0013275420060381293,0.009536875004414469,3.687501884996891e-05,7.599999662488699e-05,0.012774040980730206,0.0019099005000400347,27.189892575738206,0.9628675357590815
c96406fb,2026-10-07T23:04:17.076182,NEU-DET,pitted_surface,pitted_surface_157.jpg,4x4,4,4,8,NEQR,1024,aer,12,4,8,139,99,71,"{""h"": 4, ""x"": 64, ""mcx"": 71}",0.0012623749789781868,0.0030907089821994305,2.5749963242560625e-05,2.462498378008604e-05,0.005026750033721328,0.0,100.0,1.0
d9b999f0,2026-10-07T23:04:17.097198,NEU-DET,pitted_surface,pitted_surface_158.jpg,4x4,4,4,8,FRQI,1024,aer,5,4,1,1092,705,384,"{""h"": 132, ""x"": 64, ""cx"": 384, ""tdg"": 192, ""t"": 256, ""ry"": 64}",0.0028228750452399254,0.005609917046967894,3.750005271285772e-05,8.041597902774811e-05,0.011052749992813915,0.0030507870851798624,25.15588100767325,0.9290880012633999
c13fe2ca,2026-10-07T23:04:17.121431,NEU-DET,pitted_surface,pitted_surface_158.jpg,4x4,4,4,8,NEQR,1024,aer,12,4,8,144,104,76,"{""h"": 4, ""x"": 64, ""mcx"": 76}",0.0012615839950740337,0.00289725000038743,2.662499900907278e-05,2.400000812485814e-05,0.004839583009015769,0.0,100.0,1.0
54cc1a36,2026-10-07T23:04:17.141908,NEU-DET,pitted_surface,pitted_surface_159.jpg,4x4,4,4,8,FRQI,1024,aer,5,4,1,1092,705,384,"{""h"": 132, ""x"": 64, ""cx"": 384, ""tdg"": 192, ""t"": 256, ""ry"": 64}",0.0013656250084750354,0.00584050000179559,3.4917029552161694e-05,7.24170240573585e-05,0.009088959021028131,0.0024240800420115526,26.154530440643235,0.9374965456925757
ed23915b,2026-10-07T23:04:17.162584,NEU-DET,pitted_surface,pitted_surface_159.jpg,4x4,4,4,8,NEQR,1024,aer,12,4,8,146,106,78,"{""h"": 4, ""x"": 64, ""mcx"": 78}",0.0015279999934136868,0.003371209022589028,3.0458031687885523e-05,2.4290988221764565e-05,0.0056113749742507935,0.0,100.0,1.0
43da34c6,2026-10-07T23:04:17.182648,NEU-DET,pitted_surface,pitted_surface_16.jpg,4x4,4,4,8,FRQI,1024,aer,5,4,1,1092,705,384,"{""h"": 132, ""x"": 64, ""cx"": 384, ""tdg"": 192, ""t"": 256, ""ry"": 64}",0.002614666009321809,0.005824666004627943,4.037498729303479e-05,8.087500464171171e-05,0.011602541955653578,0.004651638144695917,23.32394076805615,0.3958440418727639
647a837a,2026-10-07T23:04:17.207219,NEU-DET,pitted_surface,pitted_surface_16.jpg,4x4,4,4,8,NEQR,1024,aer,12,4,8,154,114,86,"{""h"": 4, ""x"": 64, ""mcx"": 86}",0.001419625012204051,0.0031919999746605754,2.5042041670531034e-05,2.412503818050027e-05,0.005336209025699645,0.0,100.0,1.0
7d0335ef,2026-10-07T23:04:17.224871,NEU-DET,pitted_surface,pitted_surface_160.jpg,4x4,4,4,8,FRQI,1024,aer,5,4,1,1092,705,384,"{""h"": 132, ""x"": 64, ""cx"": 384, ""tdg"": 192, ""t"": 256, ""ry"": 64}",0.001297708018682897,0.005620042036753148,3.862503217533231e-05,8.100003469735384e-05,0.008739417011383921,0.002833365332589856,25.476974241740553,0.8540675466723967
5ee377df,2026-10-07T23:04:17.245715,NEU-DET,pitted_surface,pitted_surface_160.jpg,4x4,4,4,8,NEQR,1024,aer,12,4,8,147,107,79,"{""h"": 4, ""x"": 64, ""mcx"": 79}",0.0015592920244671404,0.003108167031314224,2.6500027161091566e-05,2.4084001779556274e-05,0.005593542009592056,0.0,100.0,1.0
6c6ad1c4,2026-10-07T23:04:17.265361,NEU-DET,pitted_surface,pitted_surface_161.jpg,4x4,4,4,8,FRQI,1024,aer,5,4,1,1092,705,384,"{""h"": 132, ""x"": 64, ""cx"": 384, ""tdg"": 192, ""t"": 256, ""ry"": 64}",0.0014592920197173953,0.005819833022542298,4.4832995627075434e-05,8.029199671000242e-05,0.009121083014179021,0.0029253685909774495,25.338194058407893,0.9281477118137655
31772224,2026-10-07T23:04:17.286352,NEU-DET,pitted_surface,pitted_surface_161.jpg,4x4,4,4,8,NEQR,1024,aer,12,4,8,141,101,73,"{""h"": 4, ""x"": 64, ""mcx"": 73}",0.001298417046200484,0.0027047910261899233,2.804200630635023e-05,2.295902231708169e-05,0.004692917049396783,0.0,100.0,1.0
f47c169a,2026-10-07T23:04:17.302684,NEU-DET,pitted_surface,pitted_surface_162.jpg,4x4,4,4,8,FRQI,1024,aer,5,4,1,1092,705,384,"{""h"": 132, ""x"": 64, ""cx"": 384, ""tdg"": 192, ""t"": 256, ""ry"": 64}",0.0012680829968303442,0.005800166982226074,4.087499110028148e-05,7.545796688646078e-05,0.008875416009686887,0.002118833179554994,26.739032349129445,0.7702861384303427
1f9cbbb1,2026-10-07T23:04:17.324102,NEU-DET,pitted_surface,pitted_surface_162.jpg,4x4,4,4,8,NEQR,1024,aer,12,4,8,150,110,82,"{""h"": 4, ""x"": 64, ""mcx"": 82}",0.0016752080409787595,0.003367291996255517,6.52919989079237e-05,4.64579788967967e-05,0.005934459040872753,0.0,100.0,1.0
82eb03f8,2026-10-07T23:04:17.360311,NEU-DET,pitted_surface,pitted_surface_163.jpg,4x4,4,4,8,FRQI,1024,aer,5,4,1,1092,705,384,"{""h"": 132, ""x"": 64, ""cx"": 384, ""tdg"": 192, ""t"": 256, ""ry"": 64}",0.0016912919818423688,0.005802124971523881,4.116701893508434e-05,8.19170381873846e-05,0.00975870800903067,0.003459962221786581,24.609286431029442,0.7748474879339209
eadff03e,2026-10-07T23:04:17.387212,NEU-DET,pitted_surface,pitted_surface_163.jpg,4x4,4,4,8,NEQR,1024,aer,12,4,8,154,114,86,"{""h"": 4, ""x"": 64, ""mcx"": 86}",0.0013307080371305346,0.004572875041048974,2.90420139208436e-05,2.6709050871431828e-05,0.006624458997976035,0.0,100.0,1.0
3c4d253a,2026-10-07T23:04:17.406790,NEU-DET,pitted_surface,pitted_surface_164.jpg,4x4,4,4,8,FRQI,1024,aer,5,4,1,1092,705,384,"{""h"": 132, ""x"": 64, ""cx"": 384, ""tdg"": 192, ""t"": 256, ""ry"": 64}",0.0024697919725440443,0.005654499982483685,4.212500061839819e-05,8.612498641014099e-05,0.010055291990283877,0.003702062594050704,24.31556242519634,0.7616336462127778
0da4ad67,2026-10-07T23:04:17.428395,NEU-DET,pitted_surface,pitted_surface_164.jpg,4x4,4,4,8,NEQR,1024,aer,12,4,8,147,107,79,"{""h"": 4, ""x"": 64, ""mcx"": 79}",0.0023380840430036187,0.0028008329682052135,2.575002145022154e-05,2.4667009711265564e-05,0.005817083991132677,0.0,100.0,1.0
4aa02989,2026-10-07T23:04:17.446227,NEU-DET,pitted_surface,pitted_surface_165.jpg,4x4,4,4,8,FRQI,1024,aer,5,4,1,1092,705,384,"{""h"": 132, ""x"": 64, ""cx"": 384, ""tdg"": 192, ""t"": 256, ""ry"": 64}",0.0023727910011075437,0.005477084021549672,4.287500632926822e-05,8.570903446525335e-05,0.010374417004641145,0.002698837094602575,25.68823329245032,0.921407744449702
5acf041f,2026-10-07T23:04:17.470125,NEU-DET,pitted_surface,pitted_surface_165.jpg,4x4,4,4,8,NEQR,1024,aer,12,4,8,143,103,75,"{""h"": 4, ""x"": 64, ""mcx"": 75}",0.001708458992652595,0.0028958339826203883,3.525003558024764e-05,2.775003667920828e-05,0.00536516698775813,0.0,100.0,1.0
23148e37,2026-10-07T23:04:17.490411,NEU-DET,pitted_surface,pitted_surface_166.jpg,4x4,4,4,8,FRQI,1024,aer,5,4,1,1092,705,384,"{""h"": 132, ""x"": 64, ""cx"": 384, ""tdg"": 192, ""t"": 256, ""ry"": 64}",0.0014668339863419533,0.005907791026402265,4.0792045183479786e-05,8.058402454480529e-05,0.009230958006810397,0.0019616620163431984,27.07375817079146,0.8149219448719309
d24d3f3d,2026-10-07T23:04:17.511452,NEU-DET,pitted_surface,pitted_surface_166.jpg,4x4,4,4,8,NEQR,1024,aer,12,4,8,132,92,64,"{""h"": 4, ""x"": 64, ""mcx"": 64}",0.0011258749873377383,0.002526334021240473,2.6374997105449438e-05,2.3458036594092846e-05,0.004650415969081223,0.0,100.0,1.0
10a94397,2026-10-07T23:04:17.527518,NEU-DET,pitted_surface,pitted_surface_167.jpg,4x4,4,4,8,FRQI,1024,aer,5,4,1,1092,705,384,"{""h"": 132, ""x"": 64, ""cx"": 384, ""tdg"": 192, ""t"": 256, ""ry"": 64}",0.0016724590095691383,0.005484582972712815,4.554202314466238e-05,8.158304262906313e-05,0.009267458051908761,0.0021873537737908937,26.60080970240901,0.8819830278351912
5605185e,2026-10-07T23:04:17.549618,NEU-DET,pitted_surface,pitted_surface_167.jpg,4x4,4,4,8,NEQR,1024,aer,12,4,8,131,91,63,"{""h"": 4, ""x"": 64, ""mcx"": 63}",0.0010474169976077974,0.002193208027165383,2.5540997739881277e-05,2.362497616559267e-05,0.0038877499755471945,0.0,100.0,1.0
062b5d57,2026-10-07T23:04:17.565993,NEU-DET,pitted_surface,pitted_surface_168.jpg,4x4,4,4,8,FRQI,1024,aer,5,4,1,1092,705,384,"{""h"": 132, ""x"": 64, ""cx"": 384, ""tdg"": 192, ""t"": 256, ""ry"": 64}",0.001505749998614192,0.0053967920248396695,2.9500050004571676e-05,7.004197686910629e-05,0.008748124993871897,0.0031718518035749764,24.986871121467253,0.7785700769916326
0bdbebc7,2026-10-07T23:04:17.585964,NEU-DET,pitted_surface,pitted_surface_168.jpg,4x4,4,4,8,NEQR,1024,aer,12,4,8,162,122,94,"{""h"": 4, ""x"": 64, ""mcx"": 94}",0.0015030840295366943,0.003328500024508685,2.7500034775584936e-05,2.4082954041659832e-05,0.005564958963077515,0.0,100.0,1.0
6ee8867e,2026-10-07T23:04:17.604427,NEU-DET,pitted_surface,pitted_surface_169.jpg,4x4,4,4,8,FRQI,1024,aer,5,4,1,1092,705,384,"{""h"": 132, ""x"": 64, ""cx"": 384, ""tdg"": 192, ""t"": 256, ""ry"": 64}",0.0013046670355834067,0.005617415998131037,3.9665959775447845e-05,7.683300646021962e-05,0.00872337503824383,0.0023605105100813185,26.269940615491173,0.8116509155615889
38a22907,2026-10-07T23:04:17.630478,NEU-DET,pitted_surface,pitted_surface_169.jpg,4x4,4,4,8,NEQR,1024,aer,12,4,8,143,103,75,"{""h"": 4, ""x"": 64, ""mcx"": 75}",0.0012279999791644514,0.002749334031250328,2.8999987989664078e-05,2.5042041670531034e-05,0.004657208977732807,0.0,100.0,1.0
3e125b48,2026-10-07T23:04:17.646960,NEU-DET,pitted_surface,pitted_surface_17.jpg,4x4,4,4,8,FRQI,1024,aer,5,4,1,1092,705,384,"{""h"": 132, ""x"": 64, ""cx"": 384, ""tdg"": 192, ""t"": 256, ""ry"": 64}",0.0013774579856544733,0.0054586249752901495,3.470800584182143e-05,6.933399708941579e-05,0.008815667009912431,0.003935758256466443,24.049715848105375,0.5284829488809133
af0d441f,2026-10-07T23:04:17.667345,NEU-DET,pitted_surface,pitted_surface_17.jpg,4x4,4,4,8,NEQR,1024,aer,12,4,8,148,108,80,"{""h"": 4, ""x"": 64, ""mcx"": 80}",0.001256749965250492,0.0029073330224491656,2.4874985683709383e-05,2.237502485513687e-05,0.0048512909561395645,0.0,100.0,1.0
45b90a74,2026-10-07T23:04:17.684904,NEU-DET,pitted_surface,pitted_surface_170.jpg,4x4,4,4,8,FRQI,1024,aer,5,4,1,1092,705,384,"{""h"": 132, ""x"": 64, ""cx"": 384, ""tdg"": 192, ""t"": 256, ""ry"": 64}",0.0012712909956462681,0.006287249969318509,4.158297087997198e-05,8.108397014439106e-05,0.009967208025045693,0.0019057489936251026,27.199343008971304,0.9477251939135043
fa5ed4b6,2026-10-07T23:04:17.706851,NEU-DET,pitted_surface,pitted_surface_170.jpg,4x4,4,4,8,NEQR,1024,aer,12,4,8,136,96,68,"{""h"": 4, ""x"": 64, ""mcx"": 68}",0.002248500008136034,0.002588125003967434,2.700003096833825e-05,2.762500662356615e-05,0.00567391695221886,0.0,100.0,1.0
80afbd32,2026-10-07T23:04:17.726928,NEU-DET,pitted_surface,pitted_surface_171.jpg,4x4,4,4,8,FRQI,1024,aer,5,4,1,1092,705,384,"{""h"": 132, ""x"": 64, ""cx"": 384, ""tdg"": 192, ""t"": 256, ""ry"": 64}",0.0023509999737143517,0.005867541010957211,4.129100125283003e-05,8.345802780240774e-05,0.010084541980177164,0.002733301153390432,25.633125153800552,0.7783868435436787
fa55bbd0,2026-10-07T23:04:17.751823,NEU-DET,pitted_surface,pitted_surface_171.jpg,4x4,4,4,8,NEQR,1024,aer,12,4,8,139,99,71,"{""h"": 4, ""x"": 64, ""mcx"": 71}",0.0018679999629966915,0.0025735829840414226,6.104097701609135e-05,5.83329820074141e-05,0.005661458999384195,0.0,100.0,1.0
8674a2c8,2026-10-07T23:04:17.770863,NEU-DET,pitted_surface,pitted_surface_172.jpg,4x4,4,4,8,FRQI,1024,aer,5,4,1,1092,705,384,"{""h"": 132, ""x"": 64, ""cx"": 384, ""tdg"": 192, ""t"": 256, ""ry"": 64}",0.001311665982939303,0.006590208038687706,3.995798761025071e-05,8.691602852195501e-05,0.00983645801898092,0.0034021539683058355,24.6824603579326,0.7224371948561643
d2f1c21a,2026-10-07T23:04:17.796916,NEU-DET,pitted_surface,pitted_surface_172.jpg,4x4,4,4,8,NEQR,1024,aer,12,4,8,159,119,91,"{""h"": 4, ""x"": 64, ""mcx"": 91}",0.0016080420464277267,0.0033245839877054095,2.720800694078207e-05,2.516602398827672e-05,0.005770832998678088,0.0,100.0,1.0
5efaef3b,2026-10-07T23:04:17.816160,NEU-DET,pitted_surface,pitted_surface_173.jpg,4x4,4,4,8,FRQI,1024,aer,5,4,1,1092,705,384,"{""h"": 132, ""x"": 64, ""cx"": 384, ""tdg"": 192, ""t"": 256, ""ry"": 64}",0.001447125046979636,0.005967291013803333,4.370801616460085e-05,9.133398998528719e-05,0.009346833976451308,0.0038609928116053504,24.13301006944466,0.7612604189177967
ad1e1d41,2026-10-07T23:04:17.838130,NEU-DET,pitted_surface,pitted_surface_173.jpg,4x4,4,4,8,NEQR,1024,aer,12,4,8,150,110,82,"{""h"": 4, ""x"": 64, ""mcx"": 82}",0.0013726669712923467,0.003127583011519164,2.7332978788763285e-05,2.745899837464094e-05,0.005254957999568433,0.0,100.0,1.0
d5768497,2026-10-07T23:04:17.858800,NEU-DET,pitted_surface,pitted_surface_174.jpg,4x4,4,4,8,FRQI,1024,aer,5,4,1,1092,705,384,"{""h"": 132, ""x"": 64, ""cx"": 384, ""tdg"": 192, ""t"": 256, ""ry"": 64}",0.0014708749949932098,0.006561207992490381,4.112499300390482e-05,8.233403787016869e-05,0.009989791025873274,0.0021985479458690783,26.578640588596855,0.9286475634106074
1146974c,2026-10-07T23:04:17.882501,NEU-DET,pitted_surface,pitted_surface_174.jpg,4x4,4,4,8,NEQR,1024,aer,12,4,8,143,103,75,"{""h"": 4, ""x"": 64, ""mcx"": 75}",0.002562750014476478,0.003010665997862816,3.349996404722333e-05,3.170897252857685e-05,0.00679008400766179,0.0,100.0,1.0
720defac,2026-10-07T23:04:17.904943,NEU-DET,pitted_surface,pitted_surface_175.jpg,4x4,4,4,8,FRQI,1024,aer,5,4,1,1092,705,384,"{""h"": 132, ""x"": 64, ""cx"": 384, ""tdg"": 192, ""t"": 256, ""ry"": 64}",0.0012853750376962125,0.0057362919906154275,4.341697786003351e-05,8.833303581923246e-05,0.008893291000276804,0.0022291976075232128,26.518514317202808,0.9223946252765878
8c75041a,2026-10-07T23:04:17.928811,NEU-DET,pitted_surface,pitted_surface_175.jpg,4x4,4,4,8,NEQR,1024,aer,12,4,8,138,98,70,"{""h"": 4, ""x"": 64, ""mcx"": 70}",0.0017954999930225313,0.0025135839823633432,2.604199107736349e-05,2.504198346287012e-05,0.004984125029295683,0.0,100.0,1.0
393b199f,2026-10-07T23:04:17.946842,NEU-DET,pitted_surface,pitted_surface_176.jpg,4x4,4,4,8,FRQI,1024,aer,5,4,1,1092,705,384,"{""h"": 132, ""x"": 64, ""cx"": 384, ""tdg"": 192, ""t"": 256, ""ry"": 64}",0.0023069590097293258,0.005740208027418703,3.8792029954493046e-05,8.020800305530429e-05,0.009867042012047023,0.00155087198187457,28.09424049936279,0.9411280639441237
76e73918,2026-10-07T23:04:17.969033,NEU-DET,pitted_surface,pitted_surface_176.jpg,4x4,4,4,8,NEQR,1024,aer,12,4,8,152,112,84,"{""h"": 4, ""x"": 64, ""mcx"": 84}",0.0016717080143280327,0.002973125025164336,2.6374997105449438e-05,2.416700590401888e-05,0.005641750001814216,0.0,100.0,1.0
9354f295,2026-10-07T23:04:17.988217,NEU-DET,pitted_surface,pitted_surface_177.jpg,4x4,4,4,8,FRQI,1024,aer,5,4,1,1092,705,384,"{""h"": 132, ""x"": 64, ""cx"": 384, ""tdg"": 192, ""t"": 256, ""ry"": 64}",0.0026211669901385903,0.006059791019652039,3.9083999581635e-05,8.42090230435133e-05,0.010597874992527068,0.0017567490870342988,27.552902634893744,0.9076756279332682
e42ef8df,2026-10-07T23:04:18.011052,NEU-DET,pitted_surface,pitted_surface_177.jpg,4x4,4,4,8,NEQR,1024,aer,12,4,8,150,110,82,"{""h"": 4, ""x"": 64, ""mcx"": 82}",0.001377584005240351,0.0032889999565668404,3.283302066847682e-05,2.7542002499103546e-05,0.0054720829939469695,0.0,100.0,1.0
d2c75cf2,2026-10-07T23:04:18.028914,NEU-DET,pitted_surface,pitted_surface_178.jpg,4x4,4,4,8,FRQI,1024,aer,5,4,1,1092,705,384,"{""h"": 132, ""x"": 64, ""cx"": 384, ""tdg"": 192, ""t"": 256, ""ry"": 64}",0.002238999994006008,0.010128666006494313,3.9000005926936865e-05,8.241698378697038e-05,0.014224625017959625,0.0030991585916848377,25.087561992588437,0.9081922248496221
cffd7bbf,2026-10-07T23:04:18.055173,NEU-DET,pitted_surface,pitted_surface_178.jpg,4x4,4,4,8,NEQR,1024,aer,12,4,8,145,105,77,"{""h"": 4, ""x"": 64, ""mcx"": 77}",0.0012901250156573951,0.003039084025658667,2.7458008844405413e-05,2.5540997739881277e-05,0.005032416025642306,0.0,100.0,1.0
15a6aafd,2026-10-07T23:04:18.072254,NEU-DET,pitted_surface,pitted_surface_179.jpg,4x4,4,4,8,FRQI,1024,aer,5,4,1,1092,705,384,"{""h"": 132, ""x"": 64, ""cx"": 384, ""tdg"": 192, ""t"": 256, ""ry"": 64}",0.0013456660090014338,0.006219874951057136,3.374996595084667e-05,8.50000069476664e-05,0.010314500017557293,0.003960319546728253,24.02269770695228,0.46948242389201866
69c3ea94,2026-10-07T23:04:18.094175,NEU-DET,pitted_surface,pitted_surface_179.jpg,4x4,4,4,8,NEQR,1024,aer,12,4,8,158,118,90,"{""h"": 4, ""x"": 64, ""mcx"": 90}",0.0019666249863803387,0.0034405830083414912,2.8500042390078306e-05,2.5165965780615807e-05,0.006620791973546147,0.0,100.0,1.0
2b20e1e6,2026-10-07T23:04:18.112764,NEU-DET,pitted_surface,pitted_surface_18.jpg,4x4,4,4,8,FRQI,1024,aer,5,4,1,1092,705,384,"{""h"": 132, ""x"": 64, ""cx"": 384, ""tdg"": 192, ""t"": 256, ""ry"": 64}",0.0027274590102024376,0.005531583970878273,3.866699989885092e-05,7.570802699774504e-05,0.010315333027392626,0.0029777551229672496,25.261110195176126,0.8540456446164353
85f6f700,2026-10-07T23:04:18.135928,NEU-DET,pitted_surface,pitted_surface_18.jpg,4x4,4,4,8,NEQR,1024,aer,12,4,8,146,106,78,"{""h"": 4, ""x"": 64, ""mcx"": 78}",0.0012294999905861914,0.0029089159797877073,2.3374974261969328e-05,2.2625026758760214e-05,0.005137083004228771,0.0,100.0,1.0
d096a5c8,2026-10-07T23:04:18.154867,NEU-DET,pitted_surface,pitted_surface_180.jpg,4x4,4,4,8,FRQI,1024,aer,5,4,1,1092,705,384,"{""h"": 132, ""x"": 64, ""cx"": 384, ""tdg"": 192, ""t"": 256, ""ry"": 64}",0.001295416965149343,0.006317167019005865,3.154197474941611e-05,8.237501606345177e-05,0.00953629199648276,0.0035220050400692174,24.53210026883028,0.6314388826592745
fea238ac,2026-10-07T23:04:18.176309,NEU-DET,pitted_surface,pitted_surface_180.jpg,4x4,4,4,8,NEQR,1024,aer,12,4,8,156,116,88,"{""h"": 4, ""x"": 64, ""mcx"": 88}",0.001628166006412357,0.004538332985248417,9.874999523162842e-05,6.320799002423882e-05,0.007145250041503459,0.0,100.0,1.0
939cab02,2026-10-07T23:04:18.199487,NEU-DET,pitted_surface,pitted_surface_181.jpg,4x4,4,4,8,FRQI,1024,aer,5,4,1,1092,705,384,"{""h"": 132, ""x"": 64, ""cx"": 384, ""tdg"": 192, ""t"": 256, ""ry"": 64}",0.002169665996916592,0.005700292007531971,3.3542048186063766e-05,8.25000461190939e-05,0.010889541008509696,0.004198744685132479,23.768805328898676,0.49449789429801194
6e0d5161,2026-10-07T23:04:18.223274,NEU-DET,pitted_surface,pitted_surface_181.jpg,4x4,4,4,8,NEQR,1024,aer,12,4,8,155,115,87,"{""h"": 4, ""x"": 64, ""mcx"": 87}",0.002199582988396287,0.004943709005601704,3.0499999411404133e-05,3.020802978426218e-05,0.008032958023250103,0.0,100.0,1.0
cdf50ddf,2026-10-07T23:04:18.245177,NEU-DET,pitted_surface,pitted_surface_182.jpg,4x4,4,4,8,FRQI,1024,aer,5,4,1,1092,705,384,"{""h"": 132, ""x"": 64, ""cx"": 384, ""tdg"": 192, ""t"": 256, ""ry"": 64}",0.0014198329881764948,0.00595229200553149,3.370898775756359e-05,7.658300455659628e-05,0.009297167009208351,0.0027335729746370955,25.63269327823575,0.5654145010003829
a96f92eb,2026-10-07T23:04:18.267512,NEU-DET,pitted_surface,pitted_surface_182.jpg,4x4,4,4,8,NEQR,1024,aer,12,4,8,159,119,91,"{""h"": 4, ""x"": 64, ""mcx"": 91}",0.0013980419607833028,0.003117541957180947,2.5917019229382277e-05,2.3333006538450718e-05,0.005227832996752113,0.0,100.0,1.0
510cea1b,2026-10-07T23:04:18.284813,NEU-DET,pitted_surface,pitted_surface_183.jpg,4x4,4,4,8,FRQI,1024,aer,5,4,1,1092,705,384,"{""h"": 132, ""x"": 64, ""cx"": 384, ""tdg"": 192, ""t"": 256, ""ry"": 64}",0.0013163340045139194,0.0057391669834032655,3.5208999179303646e-05,7.016601739451289e-05,0.008933125005569309,0.004455443792137047,23.511090308241908,0.4451479240587663
5d681bef,2026-10-07T23:04:18.305829,NEU-DET,pitted_surface,pitted_surface_183.jpg,4x4,4,4,8,NEQR,1024,aer,12,4,8,148,108,80,"{""h"": 4, ""x"": 64, ""mcx"": 80}",0.0013068750267848372,0.0030373749905265868,2.679199678823352e-05,2.3290980607271194e-05,0.005034292000345886,0.0,100.0,1.0
5df8c3cf,2026-10-07T23:04:18.323255,NEU-DET,pitted_surface,pitted_surface_184.jpg,4x4,4,4,8,FRQI,1024,aer,5,4,1,1092,705,384,"{""h"": 132, ""x"": 64, ""cx"": 384, ""tdg"": 192, ""t"": 256, ""ry"": 64}",0.0013778749853372574,0.006393707997631282,3.8209022022783756e-05,7.691700011491776e-05,0.009670166007708758,0.004549970827299768,23.419913878667007,0.6446762223544568
6f0390a3,2026-10-07T23:04:18.344587,NEU-DET,pitted_surface,pitted_surface_184.jpg,4x4,4,4,8,NEQR,1024,aer,12,4,8,145,105,77,"{""h"": 4, ""x"": 64, ""mcx"": 77}",0.0015816669911146164,0.003099791007116437,3.200001083314419e-05,2.7291011065244675e-05,0.0055893329554237425,0.0,100.0,1.0
20d39475,2026-10-07T23:04:18.362138,NEU-DET,pitted_surface,pitted_surface_185.jpg,4x4,4,4,8,FRQI,1024,aer,5,4,1,1092,705,384,"{""h"": 132, ""x"": 64, ""cx"": 384, ""tdg"": 192, ""t"": 256, ""ry"": 64}",0.002008875017054379,0.005460583954118192,3.720802487805486e-05,7.008301327005029e-05,0.009367916034534574,0.0041528644776029355,23.816522411967817,0.5681994746537973
a81a91d9,2026-10-07T23:04:18.383916,NEU-DET,pitted_surface,pitted_surface_185.jpg,4x4,4,4,8,NEQR,1024,aer,12,4,8,147,107,79,"{""h"": 4, ""x"": 64, ""mcx"": 79}",0.0012917499989271164,0.01408383302623406,3.27499583363533e-05,2.879102248698473e-05,0.01608533301623538,0.0,100.0,1.0
521769d3,2026-10-07T23:04:18.419139,NEU-DET,pitted_surface,pitted_surface_186.jpg,4x4,4,4,8,FRQI,1024,aer,5,4,1,1092,705,384,"{""h"": 132, ""x"": 64, ""cx"": 384, ""tdg"": 192, ""t"": 256, ""ry"": 64}",0.0016605830169282854,0.008465249964501709,8.904101559892297e-05,0.00016687496099621058,0.013273417018353939,0.002663124530005179,25.74608525100832,0.6624393037175806
0f9b974d,2026-10-07T23:04:18.444359,NEU-DET,pitted_surface,pitted_surface_186.jpg,4x4,4,4,8,NEQR,1024,aer,12,4,8,142,102,74,"{""h"": 4, ""x"": 64, ""mcx"": 74}",0.002293792029377073,0.0028317089891061187,2.9332994017750025e-05,2.4334003683179617e-05,0.005848417000379413,0.0,100.0,1.0
8f2b75f7,2026-10-07T23:04:18.463479,NEU-DET,pitted_surface,pitted_surface_187.jpg,4x4,4,4,8,FRQI,1024,aer,5,4,1,1092,705,384,"{""h"": 132, ""x"": 64, ""cx"": 384, ""tdg"": 192, ""t"": 256, ""ry"": 64}",0.0014153750380501151,0.0054677079897373915,3.987498348578811e-05,7.504201494157314e-05,0.008776583999861032,0.0029922502914652657,25.240020820455754,0.7290256810427285
1eeb5c9f,2026-10-07T23:04:18.484878,NEU-DET,pitted_surface,pitted_surface_187.jpg,4x4,4,4,8,NEQR,1024,aer,12,4,8,142,102,74,"{""h"": 4, ""x"": 64, ""mcx"": 74}",0.0012603329960256815,0.0030790840392000973,2.8332986403256655e-05,2.5834015104919672e-05,0.005120582995004952,0.0,100.0,1.0
e88338d9,2026-10-07T23:04:18.503173,NEU-DET,pitted_surface,pitted_surface_188.jpg,4x4,4,4,8,FRQI,1024,aer,5,4,1,1092,705,384,"{""h"": 132, ""x"": 64, ""cx"": 384, ""tdg"": 192, ""t"": 256, ""ry"": 64}",0.0013496659812517464,0.005553500028327107,3.3750024158507586e-05,7.508305134251714e-05,0.008798625029157847,0.002182962360368847,26.609537525295405,0.8173100936932779
fc0bf613,2026-10-07T23:04:18.524135,NEU-DET,pitted_surface,pitted_surface_188.jpg,4x4,4,4,8,NEQR,1024,aer,12,4,8,156,116,88,"{""h"": 4, ""x"": 64, ""mcx"": 88}",0.0014340840280056,0.0030269170529209077,2.9166985768824816e-05,2.4416018277406693e-05,0.005195916979573667,0.0,100.0,1.0
7d79d153,2026-10-07T23:04:18.542217,NEU-DET,pitted_surface,pitted_surface_189.jpg,4x4,4,4,8,FRQI,1024,aer,5,4,1,1092,705,384,"{""h"": 132, ""x"": 64, ""cx"": 384, ""tdg"": 192, ""t"": 256, ""ry"": 64}",0.0013017080491408706,0.006108834000770003,3.754097269847989e-05,7.137499051168561e-05,0.009187666000798345,0.0025549194803739387,25.926227823317397,0.7940711191513856
cb6de5f9,2026-10-07T23:04:18.563026,NEU-DET,pitted_surface,pitted_surface_189.jpg,4x4,4,4,8,NEQR,1024,aer,12,4,8,141,101,73,"{""h"": 4, ""x"": 64, ""mcx"": 73}",0.0014173329691402614,0.002844042028300464,2.5291985366493464e-05,2.2625026758760214e-05,0.0049294999917037785,0.0,100.0,1.0
6e11f0e1,2026-10-07T23:04:18.581086,NEU-DET,pitted_surface,pitted_surface_19.jpg,4x4,4,4,8,FRQI,1024,aer,5,4,1,1092,705,384,"{""h"": 132, ""x"": 64, ""cx"": 384, ""tdg"": 192, ""t"": 256, ""ry"": 64}",0.0013120410148985684,0.00540420797187835,3.987504169344902e-05,7.375003769993782e-05,0.008510167011991143,0.0016810543243565299,27.74418251827,0.874711723103712
4487289f,2026-10-07T23:04:18.601259,NEU-DET,pitted_surface,pitted_surface_19.jpg,4x4,4,4,8,NEQR,1024,aer,12,4,8,143,103,75,"{""h"": 4, ""x"": 64, ""mcx"": 75}",0.0012096670106984675,0.002633500029332936,2.462498378008604e-05,2.0584033336490393e-05,0.004455374961253256,0.0,100.0,1.0
dbe93e47,2026-10-07T23:04:18.618909,NEU-DET,pitted_surface,pitted_surface_190.jpg,4x4,4,4,8,FRQI,1024,aer,5,4,1,1092,705,384,"{""h"": 132, ""x"": 64, ""cx"": 384, ""tdg"": 192, ""t"": 256, ""ry"": 64}",0.0013125420082360506,0.005369167018216103,3.825000021606684e-05,7.124996045604348e-05,0.008546290977392346,0.002274984540979791,26.430215501233448,0.7708221415328931
7f787985,2026-10-07T23:04:18.639341,NEU-DET,pitted_surface,pitted_surface_190.jpg,4x4,4,4,8,NEQR,1024,aer,12,4,8,139,99,71,"{""h"": 4, ""x"": 64, ""mcx"": 71}",0.0011715419823303819,0.004080792015884072,2.500001573935151e-05,2.3500004317611456e-05,0.005882041994482279,0.0,100.0,1.0
e815ddf6,2026-10-07T23:04:18.671132,NEU-DET,pitted_surface,pitted_surface_191.jpg,4x4,4,4,8,FRQI,1024,aer,5,4,1,1092,705,384,"{""h"": 132, ""x"": 64, ""cx"": 384, ""tdg"": 192, ""t"": 256, ""ry"": 64}",0.001273708010558039,0.0054866669815965,3.8416997995227575e-05,7.329200161620975e-05,0.008547208039090037,0.003541378874758803,24.508276077194573,0.8231066683562985
74ed4dd8,2026-10-07T23:04:18.692722,NEU-DET,pitted_surface,pitted_surface_191.jpg,4x4,4,4,8,NEQR,1024,aer,12,4,8,150,110,82,"{""h"": 4, ""x"": 64, ""mcx"": 82}",0.0012796660303138196,0.002829708973877132,2.820801455527544e-05,2.479099202901125e-05,0.00486029201420024,0.0,100.0,1.0
f0efb8c3,2026-10-07T23:04:18.711110,NEU-DET,pitted_surface,pitted_surface_192.jpg,4x4,4,4,8,FRQI,1024,aer,5,4,1,1092,705,384,"{""h"": 132, ""x"": 64, ""cx"": 384, ""tdg"": 192, ""t"": 256, ""ry"": 64}",0.0014129169867374003,0.006747624953277409,4.245794843882322e-05,8.283299393951893e-05,0.010080542007926852,0.0026107057547168112,25.83242073525167,0.8801306668378801
edd839ef,2026-10-07T23:04:18.734598,NEU-DET,pitted_surface,pitted_surface_192.jpg,4x4,4,4,8,NEQR,1024,aer,12,4,8,131,91,63,"{""h"": 4, ""x"": 64, ""mcx"": 63}",0.0011155829997733235,0.0024470000062137842,3.045797348022461e-05,2.4957989808171988e-05,0.004232082981616259,0.0,100.0,1.0
8d9c7fe3,2026-10-07T23:04:18.754425,NEU-DET,pitted_surface,pitted_surface_193.jpg,4x4,4,4,8,FRQI,1024,aer,5,4,1,1092,705,384,"{""h"": 132, ""x"": 64, ""cx"": 384, ""tdg"": 192, ""t"": 256, ""ry"": 64}",0.0013322079903446138,0.007608124986290932,9.479199070483446e-05,0.0001569580053910613,0.0113307079882361,0.002067183675673415,26.846209332481624,0.9224637700367154
b50bd489,2026-10-07T23:04:18.777583,NEU-DET,pitted_surface,pitted_surface_193.jpg,4x4,4,4,8,NEQR,1024,aer,12,4,8,128,88,60,"{""h"": 4, ""x"": 64, ""mcx"": 60}",0.0010520829819142818,0.002947125001810491,2.8375012334436178e-05,2.7082976885139942e-05,0.004661499988287687,0.0,100.0,1.0
b0ce59ff,2026-10-07T23:04:18.793921,NEU-DET,pitted_surface,pitted_surface_194.jpg,4x4,4,4,8,FRQI,1024,aer,5,4,1,1092,705,384,"{""h"": 132, ""x"": 64, ""cx"": 384, ""tdg"": 192, ""t"": 256, ""ry"": 64}",0.0013181670219637454,0.006025583017617464,4.04169550165534e-05,7.374997949227691e-05,0.009128207981120795,0.002033860172524349,26.916789080447913,0.9182567226504359
03160dde,2026-10-07T23:04:18.814955,NEU-DET,pitted_surface,pitted_surface_194.jpg,4x4,4,4,8,NEQR,1024,aer,12,4,8,126,86,58,"{""h"": 4, ""x"": 64, ""mcx"": 58}",0.0010420000180602074,0.0019548750133253634,2.4083012249320745e-05,2.2250053007155657e-05,0.003608416998758912,0.0,100.0,1.0
9c39051d,2026-10-07T23:04:18.831387,NEU-DET,pitted_surface,pitted_surface_195.jpg,4x4,4,4,8,FRQI,1024,aer,5,4,1,1092,705,384,"{""h"": 132, ""x"": 64, ""cx"": 384, ""tdg"": 192, ""t"": 256, ""ry"": 64}",0.001305542013142258,0.005490750016178936,3.416696563363075e-05,6.645801477134228e-05,0.00865099998190999,0.001336562240015386,28.740108125409208,0.8249375069659216
dce136df,2026-10-07T23:04:18.851715,NEU-DET,pitted_surface,pitted_surface_195.jpg,4x4,4,4,8,NEQR,1024,aer,12,4,8,119,79,51,"{""h"": 4, ""x"": 64, ""mcx"": 51}",0.0009180839988403022,0.0017111249617300928,2.68329749815166e-05,2.2249994799494743e-05,0.0032002920052036643,0.0,100.0,1.0
dc9d7ece,2026-10-07T23:04:18.867770,NEU-DET,pitted_surface,pitted_surface_196.jpg,4x4,4,4,8,FRQI,1024,aer,5,4,1,1092,705,384,"{""h"": 132, ""x"": 64, ""cx"": 384, ""tdg"": 192, ""t"": 256, ""ry"": 64}",0.0012413749936968088,0.005605500016827136,3.5375007428228855e-05,7.55410292185843e-05,0.00862074998440221,0.003676367532641193,24.345810779662543,0.7905042092411507
5bd2fe1a,2026-10-07T23:04:18.887984,NEU-DET,pitted_surface,pitted_surface_196.jpg,4x4,4,4,8,NEQR,1024,aer,12,4,8,151,111,83,"{""h"": 4, ""x"": 64, ""mcx"": 83}",0.0013452499988488853,0.0030576250283047557,2.358300844207406e-05,2.212502295151353e-05,0.00512420799350366,0.0,100.0,1.0
a75ca643,2026-10-07T23:04:18.906889,NEU-DET,pitted_surface,pitted_surface_197.jpg,4x4,4,4,8,FRQI,1024,aer,5,4,1,1092,705,384,"{""h"": 132, ""x"": 64, ""cx"": 384, ""tdg"": 192, ""t"": 256, ""ry"": 64}",0.0018218749901279807,0.0055288749863393605,4.008400719612837e-05,7.820798782631755e-05,0.009157333057373762,0.0025389315245860763,25.95349011964181,0.6698796294100443
fca5bc00,2026-10-07T23:04:18.927857,NEU-DET,pitted_surface,pitted_surface_197.jpg,4x4,4,4,8,NEQR,1024,aer,12,4,8,157,117,89,"{""h"": 4, ""x"": 64, ""mcx"": 89}",0.0019770830404013395,0.0030719590140506625,2.3708969820290804e-05,2.01669754460454e-05,0.0061844169977121055,0.0,100.0,1.0
f2d431a5,2026-10-07T23:04:18.945806,NEU-DET,pitted_surface,pitted_surface_198.jpg,4x4,4,4,8,FRQI,1024,aer,5,4,1,1092,705,384,"{""h"": 132, ""x"": 64, ""cx"": 384, ""tdg"": 192, ""t"": 256, ""ry"": 64}",0.0013103749952279031,0.005993667000439018,3.9457983803004026e-05,7.924996316432953e-05,0.00919587496900931,0.0015824974606305795,28.0065697820477,0.8729954068163064
eaab4f5d,2026-10-07T23:04:18.967007,NEU-DET,pitted_surface,pitted_surface_198.jpg,4x4,4,4,8,NEQR,1024,aer,12,4,8,129,89,61,"{""h"": 4, ""x"": 64, ""mcx"": 61}",0.0010658749961294234,0.0020021669915877283,2.3708969820290804e-05,2.1124957129359245e-05,0.003704915987327695,0.0,100.0,1.0
29bac1ef,2026-10-07T23:04:18.984085,NEU-DET,pitted_surface,pitted_surface_199.jpg,4x4,4,4,8,FRQI,1024,aer,5,4,1,1092,705,384,"{""h"": 132, ""x"": 64, ""cx"": 384, ""tdg"": 192, ""t"": 256, ""ry"": 64}",0.001291499997023493,0.00570908299414441,3.679195651784539e-05,7.387500954791903e-05,0.008853334002196789,0.001821238563542709,27.39633162363141,0.8472501394304054
9131ba24,2026-10-07T23:04:19.004558,NEU-DET,pitted_surface,pitted_surface_199.jpg,4x4,4,4,8,NEQR,1024,aer,12,4,8,116,76,48,"{""h"": 4, ""x"": 64, ""mcx"": 48}",0.000880667008459568,0.0016819590236991644,2.383295213803649e-05,2.1290965378284454e-05,0.003110625024419278,0.0,100.0,1.0
9e67757d,2026-10-07T23:04:19.020436,NEU-DET,pitted_surface,pitted_surface_2.jpg,4x4,4,4,8,FRQI,1024,aer,5,4,1,1092,705,384,"{""h"": 132, ""x"": 64, ""cx"": 384, ""tdg"": 192, ""t"": 256, ""ry"": 64}",0.0012912910315208137,0.005743624991737306,4.33750101365149e-05,8.258398156613111e-05,0.008915540995076299,0.0019630423339015257,27.07070334540807,0.8376312503783503
63e99e88,2026-10-07T23:04:19.041629,NEU-DET,pitted_surface,pitted_surface_2.jpg,4x4,4,4,8,NEQR,1024,aer,12,4,8,128,88,60,"{""h"": 4, ""x"": 64, ""mcx"": 60}",0.0010649579926393926,0.0023932080366648734,2.9959017410874367e-05,2.7875008527189493e-05,0.004338583035860211,0.0,100.0,1.0
e7a9d816,2026-10-07T23:04:19.059291,NEU-DET,pitted_surface,pitted_surface_20.jpg,4x4,4,4,8,FRQI,1024,aer,5,4,1,1092,705,384,"{""h"": 132, ""x"": 64, ""cx"": 384, ""tdg"": 192, ""t"": 256, ""ry"": 64}",0.0013256249949336052,0.00841925002168864,3.895797999575734e-05,7.775000995025039e-05,0.011624582984950393,0.00278500536743608,25.551739634900276,0.668916715407807
46171cd7,2026-10-07T23:04:19.083798,NEU-DET,pitted_surface,pitted_surface_20.jpg,4x4,4,4,8,NEQR,1024,aer,12,4,8,142,102,74,"{""h"": 4, ""x"": 64, ""mcx"": 74}",0.0024580840254202485,0.00275087496265769,2.958305412903428e-05,2.516602398827672e-05,0.006357375008519739,0.0,100.0,1.0
972ca996,2026-10-07T23:04:19.103791,NEU-DET,pitted_surface,pitted_surface_200.jpg,4x4,4,4,8,FRQI,1024,aer,5,4,1,1092,705,384,"{""h"": 132, ""x"": 64, ""cx"": 384, ""tdg"": 192, ""t"": 256, ""ry"": 64}",0.0013799170264974236,0.005432416044641286,3.837497206404805e-05,7.18749943189323e-05,0.008715708972886205,0.0028535416268835414,25.446157876694443,0.8790396554467839
7fc5624b,2026-10-07T23:04:19.124744,NEU-DET,pitted_surface,pitted_surface_200.jpg,4x4,4,4,8,NEQR,1024,aer,12,4,8,127,87,59,"{""h"": 4, ""x"": 64, ""mcx"": 59}",0.0010542499949224293,0.0020272499532438815,2.7458008844405413e-05,2.4541979655623436e-05,0.003752624965272844,0.0,100.0,1.0
4a42a45d,2026-10-07T23:04:19.142622,NEU-DET,pitted_surface,pitted_surface_201.jpg,4x4,4,4,8,FRQI,1024,aer,5,4,1,1092,705,384,"{""h"": 132, ""x"": 64, ""cx"": 384, ""tdg"": 192, ""t"": 256, ""ry"": 64}",0.0027705419925041497,0.005772417003754526,3.608397673815489e-05,7.700000423938036e-05,0.010348332987632602,0.003467587358841894,24.59972588946798,0.8345457468656657
eb095e7d,2026-10-07T23:04:19.165136,NEU-DET,pitted_surface,pitted_surface_201.jpg,4x4,4,4,8,NEQR,1024,aer,12,4,8,150,110,82,"{""h"": 4, ""x"": 64, ""mcx"": 82}",0.0013666669838130474,0.0028907909872941673,2.9166985768824816e-05,2.604199107736349e-05,0.005444500013254583,0.0,100.0,1.0
b597ecf9,2026-10-07T23:04:19.183595,NEU-DET,pitted_surface,pitted_surface_202.jpg,4x4,4,4,8,FRQI,1024,aer,5,4,1,1092,705,384,"{""h"": 132, ""x"": 64, ""cx"": 384, ""tdg"": 192, ""t"": 256, ""ry"": 64}",0.0020881660166196525,0.005906916048843414,4.837499000132084e-05,8.962501306086779e-05,0.011256625002715737,0.0038667631211433103,24.12652432098477,0.839923326344093
06be4ae1,2026-10-07T23:04:19.211576,NEU-DET,pitted_surface,pitted_surface_202.jpg,4x4,4,4,8,NEQR,1024,aer,12,4,8,147,107,79,"{""h"": 4, ""x"": 64, ""mcx"": 79}",0.0017607919871807098,0.004226333985570818,2.562499139457941e-05,2.5957997422665358e-05,0.007062582997605205,0.0,100.0,1.0
4870491d,2026-10-07T23:04:19.231821,NEU-DET,pitted_surface,pitted_surface_203.jpg,4x4,4,4,8,FRQI,1024,aer,5,4,1,1092,705,384,"{""h"": 132, ""x"": 64, ""cx"": 384, ""tdg"": 192, ""t"": 256, ""ry"": 64}",0.0013437089510262012,0.0069607499754056334,4.1457999031990767e-05,8.1458012573421e-05,0.010146834014449269,0.004232837421957899,23.733684119187384,0.8694439221462702
57d893c1,2026-10-07T23:04:19.263184,NEU-DET,pitted_surface,pitted_surface_203.jpg,4x4,4,4,8,NEQR,1024,aer,12,4,8,137,97,69,"{""h"": 4, ""x"": 64, ""mcx"": 69}",0.0023769999970681965,0.002829457982443273,3.258301876485348e-05,2.7917034458369017e-05,0.006387125002220273,0.0,100.0,1.0
e8fd7ab4,2026-10-07T23:04:19.284050,NEU-DET,pitted_surface,pitted_surface_204.jpg,4x4,4,4,8,FRQI,1024,aer,5,4,1,1092,705,384,"{""h"": 132, ""x"": 64, ""cx"": 384, ""tdg"": 192, ""t"": 256, ""ry"": 64}",0.0023619160056114197,0.005806917033623904,4.1207997128367424e-05,8.095899829640985e-05,0.010115290991961956,0.002468438084866614,26.07577761593327,0.8100982057921469
7849b9c7,2026-10-07T23:04:19.312789,NEU-DET,pitted_surface,pitted_surface_204.jpg,4x4,4,4,8,NEQR,1024,aer,12,4,8,154,114,86,"{""h"": 4, ""x"": 64, ""mcx"": 86}",0.0017809590208344162,0.0029776250012218952,2.566596958786249e-05,2.4915963876992464e-05,0.00549916602903977,0.0,100.0,1.0
794b21f5,2026-10-07T23:04:19.337403,NEU-DET,pitted_surface,pitted_surface_205.jpg,4x4,4,4,8,FRQI,1024,aer,5,4,1,1092,705,384,"{""h"": 132, ""x"": 64, ""cx"": 384, ""tdg"": 192, ""t"": 256, ""ry"": 64}",0.0013369169901125133,0.008296708983834833,3.245804691687226e-05,8.708302630111575e-05,0.01148679101606831,0.0031181407310652116,25.061042876892564,0.6304609415881146
a4a7d503,2026-10-07T23:04:19.365210,NEU-DET,pitted_surface,pitted_surface_205.jpg,4x4,4,4,8,NEQR,1024,aer,12,4,8,159,119,91,"{""h"": 4, ""x"": 64, ""mcx"": 91}",0.0018780000391416252,0.004152167006395757,2.6333029381930828e-05,2.520799171179533e-05,0.007223583001177758,0.0,100.0,1.0
fffa4358,2026-10-07T23:04:19.389753,NEU-DET,pitted_surface,pitted_surface_206.jpg,4x4,4,4,8,FRQI,1024,aer,5,4,1,1092,705,384,"{""h"": 132, ""x"": 64, ""cx"": 384, ""tdg"": 192, ""t"": 256, ""ry"": 64}",0.001297582988627255,0.006688416993711144,3.137503517791629e-05,7.979199290275574e-05,0.009817167010623962,0.0018685295627833085,27.285000266063722,0.6088886748998763
15327dd4,2026-10-07T23:04:19.420512,NEU-DET,pitted_surface,pitted_surface_206.jpg,4x4,4,4,8,NEQR,1024,aer,12,4,8,164,124,96,"{""h"": 4, ""x"": 64, ""mcx"": 96}",0.002094916009809822,0.003200832987204194,2.8957962058484554e-05,2.4291977752000093e-05,0.006123415951151401,0.0,100.0,1.0
899196f7,2026-10-07T23:04:19.440352,NEU-DET,pitted_surface,pitted_surface_207.jpg,4x4,4,4,8,FRQI,1024,aer,5,4,1,1092,705,384,"{""h"": 132, ""x"": 64, ""cx"": 384, ""tdg"": 192, ""t"": 256, ""ry"": 64}",0.0016006659716367722,0.007299125019926578,3.545801155269146e-05,7.966597331687808e-05,0.010857999965082854,0.00194282288335383,27.115667898727875,0.8326922849368782
4d5c5986,2026-10-07T23:04:19.466555,NEU-DET,pitted_surface,pitted_surface_207.jpg,4x4,4,4,8,NEQR,1024,aer,12,4,8,150,110,82,"{""h"": 4, ""x"": 64, ""mcx"": 82}",0.0012814590008929372,0.003216582990717143,2.7292000595480204e-05,2.7125002816319466e-05,0.00568866595858708,0.0,100.0,1.0
1e099627,2026-10-07T23:04:19.485388,NEU-DET,pitted_surface,pitted_surface_208.jpg,4x4,4,4,8,FRQI,1024,aer,5,4,1,1092,705,384,"{""h"": 132, ""x"": 64, ""cx"": 384, ""tdg"": 192, ""t"": 256, ""ry"": 64}",0.0015756660141050816,0.005673125036992133,3.691599704325199e-05,8.458300726488233e-05,0.010405583016108721,0.002982601340199749,25.254047913317713,0.8509538371605425
a76f15f1,2026-10-07T23:04:19.508390,NEU-DET,pitted_surface,pitted_surface_208.jpg,4x4,4,4,8,NEQR,1024,aer,12,4,8,153,113,85,"{""h"": 4, ""x"": 64, ""mcx"": 85}",0.0015649590059183538,0.0033603329793550074,3.129098331555724e-05,2.6499968953430653e-05,0.0061203750083222985,0.0,100.0,1.0
d104a228,2026-10-07T23:04:19.527980,NEU-DET,pitted_surface,pitted_surface_209.jpg,4x4,4,4,8,FRQI,1024,aer,5,4,1,1092,705,384,"{""h"": 132, ""x"": 64, ""cx"": 384, ""tdg"": 192, ""t"": 256, ""ry"": 64}",0.0026402499643154442,0.005420041037723422,2.9082992114126682e-05,7.570802699774504e-05,0.010290833015460521,0.0018693562670292563,27.28307921703022,0.6800975562290454
fc4cafa7,2026-10-07T23:04:19.551210,NEU-DET,pitted_surface,pitted_surface_209.jpg,4x4,4,4,8,NEQR,1024,aer,12,4,8,165,125,97,"{""h"": 4, ""x"": 64, ""mcx"": 97}",0.0015337500371970236,0.003366290999110788,3.1374976970255375e-05,2.5874993298202753e-05,0.005664083000738174,0.0,100.0,1.0
c12a9fd6,2026-10-07T23:04:19.570977,NEU-DET,pitted_surface,pitted_surface_21.jpg,4x4,4,4,8,FRQI,1024,aer,5,4,1,1092,705,384,"{""h"": 132, ""x"": 64, ""cx"": 384, ""tdg"": 192, ""t"": 256, ""ry"": 64}",0.002857542014680803,0.008921583008486778,4.2166037019342184e-05,8.174998220056295e-05,0.015015709039289504,0.0019188564100423,27.16957522742106,0.9097566178988055
1042f1de,2026-10-07T23:04:19.601113,NEU-DET,pitted_surface,pitted_surface_21.jpg,4x4,4,4,8,NEQR,1024,aer,12,4,8,127,87,59,"{""h"": 4, ""x"": 64, ""mcx"": 59}",0.0010503750527277589,0.00251295801717788,2.8041016776114702e-05,2.4416018277406693e-05,0.004197583009954542,0.0,100.0,1.0
1afda5aa,2026-10-07T23:04:19.620238,NEU-DET,pitted_surface,pitted_surface_210.jpg,4x4,4,4,8,FRQI,1024,aer,5,4,1,1092,705,384,"{""h"": 132, ""x"": 64, ""cx"": 384, ""tdg"": 192, ""t"": 256, ""ry"": 64}",0.0013307500048540533,0.00881462503457442,3.974995343014598e-05,7.720902794972062e-05,0.01204995799344033,0.003154112425069619,25.011228307543625,0.8337026509218333
61f3bd7b,2026-10-07T23:04:19.647169,NEU-DET,pitted_surface,pitted_surface_210.jpg,4x4,4,4,8,NEQR,1024,aer,12,4,8,156,116,88,"{""h"": 4, ""x"": 64, ""mcx"": 88}",0.0020300840260460973,0.0033236249582841992,2.8125010430812836e-05,2.3917004000395536e-05,0.00648370903218165,0.0,100.0,1.0
d82ae6ae,2026-10-07T23:04:19.668143,NEU-DET,pitted_surface,pitted_surface_211.jpg,4x4,4,4,8,FRQI,1024,aer,5,4,1,1092,705,384,"{""h"": 132, ""x"": 64, ""cx"": 384, ""tdg"": 192, ""t"": 256, ""ry"": 64}",0.001283916993997991,0.005760625004768372,4.4290965888649225e-05,8.362502558156848e-05,0.00887779105687514,0.00357154967468296,24.471433051388587,0.9427184378028646
e4a114ae,2026-10-07T23:04:19.690295,NEU-DET,pitted_surface,pitted_surface_211.jpg,4x4,4,4,8,NEQR,1024,aer,12,4,8,142,102,74,"{""h"": 4, ""x"": 64, ""mcx"": 74}",0.0012394170043990016,0.0029090410098433495,3.070896491408348e-05,2.5707995519042015e-05,0.0048650410026311874,0.0,100.0,1.0
821de1aa,2026-10-07T23:04:19.707151,NEU-DET,pitted_surface,pitted_surface_212.jpg,4x4,4,4,8,FRQI,1024,aer,5,4,1,1092,705,384,"{""h"": 132, ""x"": 64, ""cx"": 384, ""tdg"": 192, ""t"": 256, ""ry"": 64}",0.001292124972678721,0.00577337498543784,4.254200030118227e-05,7.679197005927563e-05,0.008861000009346753,0.002100440208926897,26.77689676564789,0.868745247701959
0d388b0a,2026-10-07T23:04:19.728043,NEU-DET,pitted_surface,pitted_surface_212.jpg,4x4,4,4,8,NEQR,1024,aer,12,4,8,124,84,56,"{""h"": 4, ""x"": 64, ""mcx"": 56}",0.0009916669805534184,0.0023097919765859842,2.4833017960190773e-05,2.258300082758069e-05,0.0039010000182315707,0.0,100.0,1.0
740e9821,2026-10-07T23:04:19.745104,NEU-DET,pitted_surface,pitted_surface_213.jpg,4x4,4,4,8,FRQI,1024,aer,5,4,1,1092,705,384,"{""h"": 132, ""x"": 64, ""cx"": 384, ""tdg"": 192, ""t"": 256, ""ry"": 64}",0.0013372920220717788,0.005410415993537754,3.7375022657215595e-05,6.991595728322864e-05,0.008604915987234563,0.0028474960975723327,25.45536862439016,0.7348486677014832
f6473189,2026-10-07T23:04:19.765871,NEU-DET,pitted_surface,pitted_surface_213.jpg,4x4,4,4,8,NEQR,1024,aer,12,4,8,128,88,60,"{""h"": 4, ""x"": 64, ""mcx"": 60}",0.0010502910008653998,0.002433833957184106,2.4957989808171988e-05,2.2082997020334005e-05,0.004421417019329965,0.0,100.0,1.0
0695c143,2026-10-07T23:04:19.782259,NEU-DET,pitted_surface,pitted_surface_214.jpg,4x4,4,4,8,FRQI,1024,aer,5,4,1,1092,705,384,"{""h"": 132, ""x"": 64, ""cx"": 384, ""tdg"": 192, ""t"": 256, ""ry"": 64}",0.0012802910059690475,0.005695333995390683,3.866699989885092e-05,7.204205030575395e-05,0.008839207992423326,0.0023086835351590973,26.366355943039032,0.9586809454106593
5afb53a1,2026-10-07T23:04:19.803208,NEU-DET,pitted_surface,pitted_surface_214.jpg,4x4,4,4,8,NEQR,1024,aer,12,4,8,135,95,67,"{""h"": 4, ""x"": 64, ""mcx"": 67}",0.0011440420057624578,0.0027720840298570693,2.466695150360465e-05,2.1584040950983763e-05,0.004541875037830323,0.0,100.0,1.0
33199a46,2026-10-07T23:04:19.820039,NEU-DET,pitted_surface,pitted_surface_215.jpg,4x4,4,4,8,FRQI,1024,aer,5,4,1,1092,705,384,"{""h"": 132, ""x"": 64, ""cx"": 384, ""tdg"": 192, ""t"": 256, ""ry"": 64}",0.0013722909498028457,0.005914750043302774,4.062504740431905e-05,7.433403516188264e-05,0.009272375027649105,0.0019562390537765325,27.085780752169523,0.9602425779489974
2429c074,2026-10-07T23:04:19.843373,NEU-DET,pitted_surface,pitted_surface_215.jpg,4x4,4,4,8,NEQR,1024,aer,12,4,8,139,99,71,"{""h"": 4, ""x"": 64, ""mcx"": 71}",0.0011642909958027303,0.002553250000346452,2.8667040169239044e-05,2.3791042622178793e-05,0.004391708003822714,0.0,100.0,1.0
276160bf,2026-10-07T23:04:19.860306,NEU-DET,pitted_surface,pitted_surface_216.jpg,4x4,4,4,8,FRQI,1024,aer,5,4,1,1092,705,384,"{""h"": 132, ""x"": 64, ""cx"": 384, ""tdg"": 192, ""t"": 256, ""ry"": 64}",0.0013842500047758222,0.005761958018410951,3.933301195502281e-05,7.362500764429569e-05,0.009037083014845848,0.0014924351526270406,28.261045301939575,0.9512715423658549
74480fed,2026-10-07T23:04:19.881672,NEU-DET,pitted_surface,pitted_surface_216.jpg,4x4,4,4,8,NEQR,1024,aer,12,4,8,133,93,65,"{""h"": 4, ""x"": 64, ""mcx"": 65}",0.0011383749661035836,0.0023398749763146043,2.662499900907278e-05,2.4042034056037664e-05,0.0041266249609179795,0.0,100.0,1.0
8e0bcfc2,2026-10-07T23:04:19.899052,NEU-DET,pitted_surface,pitted_surface_217.jpg,4x4,4,4,8,FRQI,1024,aer,5,4,1,1092,705,384,"{""h"": 132, ""x"": 64, ""cx"": 384, ""tdg"": 192, ""t"": 256, ""ry"": 64}",0.0012220829958096147,0.0065387499635107815,7.816700963303447e-05,0.00014179100980982184,0.009748082957230508,0.0015817547361561511,28.008608564841747,0.8220259348076431
07cfba0c,2026-10-07T23:04:19.921180,NEU-DET,pitted_surface,pitted_surface_217.jpg,4x4,4,4,8,NEQR,1024,aer,12,4,8,121,81,53,"{""h"": 4, ""x"": 64, ""mcx"": 53}",0.0014604999450966716,0.0017554580117575824,2.787495031952858e-05,2.3333006538450718e-05,0.003847082960419357,0.0,100.0,1.0
16d5c228,2026-10-07T23:04:19.937518,NEU-DET,pitted_surface,pitted_surface_218.jpg,4x4,4,4,8,FRQI,1024,aer,5,4,1,1092,705,384,"{""h"": 132, ""x"": 64, ""cx"": 384, ""tdg"": 192, ""t"": 256, ""ry"": 64}",0.0013220839900895953,0.005664624972268939,4.012498538941145e-05,7.995899068191648e-05,0.008892958983778954,0.0031281122249976426,25.04717674466756,0.8190327011143348
ceb84085,2026-10-07T23:04:19.958801,NEU-DET,pitted_surface,pitted_surface_218.jpg,4x4,4,4,8,NEQR,1024,aer,12,4,8,132,92,64,"{""h"": 4, ""x"": 64, ""mcx"": 64}",0.0010283750016242266,0.0018755000201053917,2.554204547777772e-05,2.2666004952043295e-05,0.0035112089826725423,0.0,100.0,1.0
42d1a44e,2026-10-07T23:04:19.976746,NEU-DET,pitted_surface,pitted_surface_219.jpg,4x4,4,4,8,FRQI,1024,aer,5,4,1,1092,705,384,"{""h"": 132, ""x"": 64, ""cx"": 384, ""tdg"": 192, ""t"": 256, ""ry"": 64}",0.001308209029957652,0.005754833982791752,4.104204708710313e-05,7.216702215373516e-05,0.008955541998147964,0.0017678431531226316,27.525562691617647,0.8854876477754832
6ce150de,2026-10-07T23:04:19.997712,NEU-DET,pitted_surface,pitted_surface_219.jpg,4x4,4,4,8,NEQR,1024,aer,12,4,8,126,86,58,"{""h"": 4, ""x"": 64, ""mcx"": 58}",0.00101816700771451,0.0019194160122424364,5.970796337351203e-05,4.341598832979798e-05,0.003685208037495613,0.0,100.0,1.0
1d36c369,2026-10-07T23:04:20.014901,NEU-DET,pitted_surface,pitted_surface_22.jpg,4x4,4,4,8,FRQI,1024,aer,5,4,1,1092,705,384,"{""h"": 132, ""x"": 64, ""cx"": 384, ""tdg"": 192, ""t"": 256, ""ry"": 64}",0.0012439170386642218,0.005653665983118117,4.237500252202153e-05,7.529201684519649e-05,0.00868558301590383,0.002709530241868295,25.671059973353966,0.8566802033784537
c2f42717,2026-10-07T23:04:20.036161,NEU-DET,pitted_surface,pitted_surface_22.jpg,4x4,4,4,8,NEQR,1024,aer,12,4,8,140,100,72,"{""h"": 4, ""x"": 64, ""mcx"": 72}",0.00120133301243186,0.004203708027489483,2.558401320129633e-05,2.295902231708169e-05,0.006034958001691848,0.0,100.0,1.0
23e4706b,2026-10-07T23:04:20.055484,NEU-DET,pitted_surface,pitted_surface_220.jpg,4x4,4,4,8,FRQI,1024,aer,5,4,1,1092,705,384,"{""h"": 132, ""x"": 64, ""cx"": 384, ""tdg"": 192, ""t"": 256, ""ry"": 64}",0.0013044169754721224,0.00542533298721537,3.645900869742036e-05,6.945803761482239e-05,0.008611165976617485,0.0019467817693190398,27.106827293697755,0.5519000113197918
181d62ce,2026-10-07T23:04:20.080968,NEU-DET,pitted_surface,pitted_surface_220.jpg,4x4,4,4,8,NEQR,1024,aer,12,4,8,142,102,74,"{""h"": 4, ""x"": 64, ""mcx"": 74}",0.0012170409900136292,0.002382042002864182,2.4458044208586216e-05,2.195802517235279e-05,0.004229540994856507,0.0,100.0,1.0
d6847fb9,2026-10-07T23:04:20.098484,NEU-DET,pitted_surface,pitted_surface_221.jpg,4x4,4,4,8,FRQI,1024,aer,5,4,1,1092,705,384,"{""h"": 132, ""x"": 64, ""cx"": 384, ""tdg"": 192, ""t"": 256, ""ry"": 64}",0.0013319579884409904,0.0055846659815870225,4.304194590076804e-05,7.775000995025039e-05,0.008759082993492484,0.0018126418936214072,27.416879868508815,0.8631212743707735
ff38251c,2026-10-07T23:04:20.119423,NEU-DET,pitted_surface,pitted_surface_221.jpg,4x4,4,4,8,NEQR,1024,aer,12,4,8,136,96,68,"{""h"": 4, ""x"": 64, ""mcx"": 68}",0.001161125022917986,0.0021399169927462935,2.4999957531690598e-05,2.1709012798964977e-05,0.003930083010345697,0.0,100.0,1.0
c855157c,2026-10-07T23:04:20.135646,NEU-DET,pitted_surface,pitted_surface_222.jpg,4x4,4,4,8,FRQI,1024,aer,5,4,1,1092,705,384,"{""h"": 132, ""x"": 64, ""cx"": 384, ""tdg"": 192, ""t"": 256, ""ry"": 64}",0.0012888750061392784,0.00532141700387001,3.712502075359225e-05,6.970897084102035e-05,0.008473417023196816,0.002062804319094795,26.85541967939614,0.9008710860940599
90e8b20b,2026-10-07T23:04:20.156168,NEU-DET,pitted_surface,pitted_surface_222.jpg,4x4,4,4,8,NEQR,1024,aer,12,4,8,135,95,67,"{""h"": 4, ""x"": 64, ""mcx"": 67}",0.0011304999934509397,0.0018959169974550605,2.5374989490956068e-05,2.1625019144266844e-05,0.0036160419695079327,0.0,100.0,1.0
a1bcc928,2026-10-07T23:04:20.172047,NEU-DET,pitted_surface,pitted_surface_223.jpg,4x4,4,4,8,FRQI,1024,aer,5,4,1,1092,705,384,"{""h"": 132, ""x"": 64, ""cx"": 384, ""tdg"": 192, ""t"": 256, ""ry"": 64}",0.001277624978683889,0.0053063330124132335,3.724999260157347e-05,7.129099685698748e-05,0.008396750024985522,0.0010669379460662828,29.718608387429953,0.9660803589403129
ce689b92,2026-10-07T23:04:20.192359,NEU-DET,pitted_surface,pitted_surface_223.jpg,4x4,4,4,8,NEQR,1024,aer,12,4,8,138,98,70,"{""h"": 4, ""x"": 64, ""mcx"": 70}",0.0011564589804038405,0.002238249988295138,2.9875023756176233e-05,2.3124972358345985e-05,0.004029457981232554,0.0,100.0,1.0
04139e98,2026-10-07T23:04:20.209029,NEU-DET,pitted_surface,pitted_surface_224.jpg,4x4,4,4,8,FRQI,1024,aer,5,4,1,1092,705,384,"{""h"": 132, ""x"": 64, ""cx"": 384, ""tdg"": 192, ""t"": 256, ""ry"": 64}",0.0012763330014422536,0.0058810829650610685,4.150002496317029e-05,7.362500764429569e-05,0.009018624958116561,0.001909986134733846,27.189697854383652,0.9188508051450834
f7f3167c,2026-10-07T23:04:20.230171,NEU-DET,pitted_surface,pitted_surface_224.jpg,4x4,4,4,8,NEQR,1024,aer,12,4,8,128,88,60,"{""h"": 4, ""x"": 64, ""mcx"": 60}",0.0010304159950464964,0.0019610829767771065,2.416601637378335e-05,2.1249987185001373e-05,0.0035835420130752027,0.0,100.0,1.0
32477826,2026-10-07T23:04:20.246026,NEU-DET,pitted_surface,pitted_surface_225.jpg,4x4,4,4,8,FRQI,1024,aer,5,4,1,1092,705,384,"{""h"": 132, ""x"": 64, ""cx"": 384, ""tdg"": 192, ""t"": 256, ""ry"": 64}",0.0013024169602431357,0.005223167012445629,3.704201662912965e-05,7.216696394607425e-05,0.008375582983717322,0.0028170609950479127,25.50203749561635,0.42852738610125196
a5301618,2026-10-07T23:04:20.266603,NEU-DET,pitted_surface,pitted_surface_225.jpg,4x4,4,4,8,NEQR,1024,aer,12,4,8,141,101,73,"{""h"": 4, ""x"": 64, ""mcx"": 73}",0.0012658340274356306,0.0021136249997653067,2.4124979972839355e-05,2.1042011212557554e-05,0.004112792026717216,0.0,100.0,1.0
ce0caba8,2026-10-07T23:04:20.283969,NEU-DET,pitted_surface,pitted_surface_226.jpg,4x4,4,4,8,FRQI,1024,aer,5,4,1,1092,705,384,"{""h"": 132, ""x"": 64, ""cx"": 384, ""tdg"": 192, ""t"": 256, ""ry"": 64}",0.0012102500186301768,0.005468291987199336,3.7040968891233206e-05,7.016595918685198e-05,0.008423249993938953,0.0016632235275686122,27.790493802055973,0.793153949877972
28e1a1ac,2026-10-07T23:04:20.304056,NEU-DET,pitted_surface,pitted_surface_226.jpg,4x4,4,4,8,NEQR,1024,aer,12,4,8,128,88,60,"{""h"": 4, ""x"": 64, ""mcx"": 60}",0.0010632500052452087,0.002128583029843867,2.562499139457941e-05,2.174999099224806e-05,0.0038063329993747175,0.0,100.0,1.0
12844e71,2026-10-07T23:04:20.320233,NEU-DET,pitted_surface,pitted_surface_227.jpg,4x4,4,4,8,FRQI,1024,aer,5,4,1,1092,705,384,"{""h"": 132, ""x"": 64, ""cx"": 384, ""tdg"": 192, ""t"": 256, ""ry"": 64}",0.001987249997910112,0.005426291958428919,3.9417005609720945e-05,7.350003579631448e-05,0.010520624986384064,0.002047681801480313,26.887375294334248,0.6614992617139335
cf5159b8,2026-10-07T23:04:20.343507,NEU-DET,pitted_surface,pitted_surface_227.jpg,4x4,4,4,8,NEQR,1024,aer,12,4,8,123,83,55,"{""h"": 4, ""x"": 64, ""mcx"": 55}",0.001955667044967413,0.002027333015576005,2.7209054678678513e-05,2.5416025891900063e-05,0.004683499981183559,0.0,100.0,1.0
15c4d661,2026-10-07T23:04:20.362603,NEU-DET,pitted_surface,pitted_surface_228.jpg,4x4,4,4,8,FRQI,1024,aer,5,4,1,1092,705,384,"{""h"": 132, ""x"": 64, ""cx"": 384, ""tdg"": 192, ""t"": 256, ""ry"": 64}",0.0013422499760054052,0.00547600002028048,4.274997627362609e-05,8.016702486202121e-05,0.008692000003065914,0.0015091063427918453,28.212801555455407,0.9647116392402831
a0fc07ee,2026-10-07T23:04:20.383737,NEU-DET,pitted_surface,pitted_surface_228.jpg,4x4,4,4,8,NEQR,1024,aer,12,4,8,140,100,72,"{""h"": 4, ""x"": 64, ""mcx"": 72}",0.0011730840196833014,0.0026330830296501517,2.762500662356615e-05,2.441700780764222e-05,0.004468832979910076,0.0,100.0,1.0
de30c8a6,2026-10-07T23:04:20.400515,NEU-DET,pitted_surface,pitted_surface_229.jpg,4x4,4,4,8,FRQI,1024,aer,5,4,1,1092,705,384,"{""h"": 132, ""x"": 64, ""cx"": 384, ""tdg"": 192, ""t"": 256, ""ry"": 64}",0.0013872080016881227,0.005422957998234779,3.7457968574017286e-05,7.233297219499946e-05,0.008685957989655435,0.001684958977864923,27.73410668029301,0.9371339436752321
94afbf54,2026-10-07T23:04:20.421359,NEU-DET,pitted_surface,pitted_surface_229.jpg,4x4,4,4,8,NEQR,1024,aer,12,4,8,137,97,69,"{""h"": 4, ""x"": 64, ""mcx"": 69}",0.0011739999754354358,0.002683333004824817,2.6708992663770914e-05,3.166700480505824e-05,0.004524749994743615,0.0,100.0,1.0
033fd7d1,2026-10-07T23:04:20.439976,NEU-DET,pitted_surface,pitted_surface_23.jpg,4x4,4,4,8,FRQI,1024,aer,5,4,1,1092,705,384,"{""h"": 132, ""x"": 64, ""cx"": 384, ""tdg"": 192, ""t"": 256, ""ry"": 64}",0.0012504589976742864,0.005787583999335766,3.7416000850498676e-05,7.262500002980232e-05,0.008818625006824732,0.003859562253204055,24.13461949680219,0.6689892471531568
d21d7d41,2026-10-07T23:04:20.460670,NEU-DET,pitted_surface,pitted_surface_23.jpg,4x4,4,4,8,NEQR,1024,aer,12,4,8,152,112,84,"{""h"": 4, ""x"": 64, ""mcx"": 84}",0.0014533339999616146,0.003044084005523473,2.500001573935151e-05,2.016598591580987e-05,0.00516962498659268,0.0,100.0,1.0
a1f66055,2026-10-07T23:04:20.479262,NEU-DET,pitted_surface,pitted_surface_230.jpg,4x4,4,4,8,FRQI,1024,aer,5,4,1,1092,705,384,"{""h"": 132, ""x"": 64, ""cx"": 384, ""tdg"": 192, ""t"": 256, ""ry"": 64}",0.0012811249471269548,0.00559299997985363,3.745901631191373e-05,7.429200923070312e-05,0.008686665969435126,0.002010911794120491,26.9660697871548,0.8312909364097467
f22a7eeb,2026-10-07T23:04:20.500203,NEU-DET,pitted_surface,pitted_surface_230.jpg,4x4,4,4,8,NEQR,1024,aer,12,4,8,162,122,94,"{""h"": 4, ""x"": 64, ""mcx"": 94}",0.0015121659962460399,0.0032333749695681036,2.5124987587332726e-05,2.0792009308934212e-05,0.005489082948770374,0.0,100.0,1.0
f90dab4e,2026-10-07T23:04:20.517786,NEU-DET,pitted_surface,pitted_surface_231.jpg,4x4,4,4,8,FRQI,1024,aer,5,4,1,1092,705,384,"{""h"": 132, ""x"": 64, ""cx"": 384, ""tdg"": 192, ""t"": 256, ""ry"": 64}",0.0018067909986712039,0.005394666979555041,3.6040961276739836e-05,7.154099876061082e-05,0.009213625045958906,0.0029864606589129917,25.248432019045318,0.8348055801150265
82c5ed7d,2026-10-07T23:04:20.539010,NEU-DET,pitted_surface,pitted_surface_231.jpg,4x4,4,4,8,NEQR,1024,aer,12,4,8,148,108,80,"{""h"": 4, ""x"": 64, ""mcx"": 80}",0.0013733329833485186,0.003086542012169957,3.108300734311342e-05,2.5875051505863667e-05,0.005184790992643684,0.0,100.0,1.0
c4ecb87a,2026-10-07T23:04:20.558959,NEU-DET,pitted_surface,pitted_surface_232.jpg,4x4,4,4,8,FRQI,1024,aer,5,4,1,1092,705,384,"{""h"": 132, ""x"": 64, ""cx"": 384, ""tdg"": 192, ""t"": 256, ""ry"": 64}",0.0012915839906781912,0.005455499980598688,3.3832970075309277e-05,7.000000914558768e-05,0.008513708016835153,0.003275789818832627,24.846839712124424,0.7721737790314522
1332d13a,2026-10-07T23:04:20.579574,NEU-DET,pitted_surface,pitted_surface_232.jpg,4x4,4,4,8,NEQR,1024,aer,12,4,8,145,105,77,"{""h"": 4, ""x"": 64, ""mcx"": 77}",0.0014210829976946115,0.0028389589861035347,2.320797648280859e-05,2.116599353030324e-05,0.004909750015940517,0.0,100.0,1.0
0020f060,2026-10-07T23:04:20.596702,NEU-DET,pitted_surface,pitted_surface_233.jpg,4x4,4,4,8,FRQI,1024,aer,5,4,1,1092,705,384,"{""h"": 132, ""x"": 64, ""cx"": 384, ""tdg"": 192, ""t"": 256, ""ry"": 64}",0.0013287499896250665,0.0052697089849971235,3.529200330376625e-05,7.20410025678575e-05,0.008454624970909208,0.003094481526364214,25.094121056426914,0.9252893542224525
eb063e33,2026-10-07T23:04:20.617337,NEU-DET,pitted_surface,pitted_surface_233.jpg,4x4,4,4,8,NEQR,1024,aer,12,4,8,157,117,89,"{""h"": 4, ""x"": 64, ""mcx"": 89}",0.001417416031472385,0.002952250011730939,2.479198155924678e-05,2.091703936457634e-05,0.00507595797535032,0.0,100.0,1.0
7c340746,2026-10-07T23:04:20.634777,NEU-DET,pitted_surface,pitted_surface_234.jpg,4x4,4,4,8,FRQI,1024,aer,5,4,1,1092,705,384,"{""h"": 132, ""x"": 64, ""cx"": 384, ""tdg"": 192, ""t"": 256, ""ry"": 64}",0.001222709019202739,0.005425917042884976,3.545900108292699e-05,6.954197306185961e-05,0.008441707992460579,0.0020623368946972825,26.856403887339063,0.9667557954001335
f7d7c5d8,2026-10-07T23:04:20.655342,NEU-DET,pitted_surface,pitted_surface_234.jpg,4x4,4,4,8,NEQR,1024,aer,12,4,8,142,102,74,"{""h"": 4, ""x"": 64, ""mcx"": 74}",0.001211124996189028,0.0026917500072158873,2.420798409730196e-05,2.1332991309463978e-05,0.004524959018453956,0.0,100.0,1.0
0b336173,2026-10-07T23:04:20.672055,NEU-DET,pitted_surface,pitted_surface_235.jpg,4x4,4,4,8,FRQI,1024,aer,5,4,1,1092,705,384,"{""h"": 132, ""x"": 64, ""cx"": 384, ""tdg"": 192, ""t"": 256, ""ry"": 64}",0.0013007089728489518,0.005681791983079165,3.712502075359225e-05,7.045903475955129e-05,0.00883291696663946,0.0021393963511485894,26.697087492429702,0.7942260221836682
84d82f96,2026-10-07T23:04:20.693326,NEU-DET,pitted_surface,pitted_surface_235.jpg,4x4,4,4,8,NEQR,1024,aer,12,4,8,121,81,53,"{""h"": 4, ""x"": 64, ""mcx"": 53}",0.0009252500021830201,0.0018122500041499734,2.5915971491485834e-05,2.2249994799494743e-05,0.0033427500165998936,0.0,100.0,1.0
c751dd4d,2026-10-07T23:04:20.710192,NEU-DET,pitted_surface,pitted_surface_236.jpg,4x4,4,4,8,FRQI,1024,aer,5,4,1,1092,705,384,"{""h"": 132, ""x"": 64, ""cx"": 384, ""tdg"": 192, ""t"": 256, ""ry"": 64}",0.0012144159991294146,0.0054648329969495535,3.829202614724636e-05,7.095799082890153e-05,0.008439750003162771,0.001844946017576521,27.340163366114894,0.9374918475845833
916d0962,2026-10-07T23:04:20.730946,NEU-DET,pitted_surface,pitted_surface_236.jpg,4x4,4,4,8,NEQR,1024,aer,12,4,8,139,99,71,"{""h"": 4, ""x"": 64, ""mcx"": 71}",0.001182209001854062,0.002483916003257036,2.3083004634827375e-05,2.0584033336490393e-05,0.004279040964320302,0.0,100.0,1.0
80f0f56b,2026-10-07T23:04:20.747286,NEU-DET,pitted_surface,pitted_surface_237.jpg,4x4,4,4,8,FRQI,1024,aer,5,4,1,1092,705,384,"{""h"": 132, ""x"": 64, ""cx"": 384, ""tdg"": 192, ""t"": 256, ""ry"": 64}",0.0012778749805875123,0.00535204098559916,3.829196793958545e-05,6.979104364290833e-05,0.008445624960586429,0.0037012312021310664,24.316537852984176,0.8784497746949588
627b4733,2026-10-07T23:04:20.768286,NEU-DET,pitted_surface,pitted_surface_237.jpg,4x4,4,4,8,NEQR,1024,aer,12,4,8,143,103,75,"{""h"": 4, ""x"": 64, ""mcx"": 75}",0.0012268749997019768,0.0024457499966956675,2.2916996385902166e-05,2.0041014067828655e-05,0.004291666962672025,0.0,100.0,1.0
a24c614a,2026-10-07T23:04:20.785829,NEU-DET,pitted_surface,pitted_surface_238.jpg,4x4,4,4,8,FRQI,1024,aer,5,4,1,1092,705,384,"{""h"": 132, ""x"": 64, ""cx"": 384, ""tdg"": 192, ""t"": 256, ""ry"": 64}",0.001286041981074959,0.005539124947972596,3.6999990697950125e-05,6.812502397224307e-05,0.008665458008181304,0.0022632801023982135,26.452616946541447,0.9269889851180342
da7c4453,2026-10-07T23:04:20.806698,NEU-DET,pitted_surface,pitted_surface_238.jpg,4x4,4,4,8,NEQR,1024,aer,12,4,8,134,94,66,"{""h"": 4, ""x"": 64, ""mcx"": 66}",0.0011421249946579337,0.0025251250481233,2.099998528137803e-05,1.9707949832081795e-05,0.0042482910212129354,0.0,100.0,1.0
1ef06b80,2026-10-07T23:04:20.824339,NEU-DET,pitted_surface,pitted_surface_239.jpg,4x4,4,4,8,FRQI,1024,aer,5,4,1,1092,705,384,"{""h"": 132, ""x"": 64, ""cx"": 384, ""tdg"": 192, ""t"": 256, ""ry"": 64}",0.0012528340448625386,0.005431375000625849,3.6792014725506306e-05,7.025001104921103e-05,0.008433542039711028,0.0035779911338964894,24.463607399297977,0.8392036601701199
8a3d05a8,2026-10-07T23:04:20.844996,NEU-DET,pitted_surface,pitted_surface_239.jpg,4x4,4,4,8,NEQR,1024,aer,12,4,8,134,94,66,"{""h"": 4, ""x"": 64, ""mcx"": 66}",0.0012025419855490327,0.0028671250329352915,2.4874985683709383e-05,2.0415987819433212e-05,0.0047079999931156635,0.0,100.0,1.0
8da21c6e,2026-10-07T23:04:20.862186,NEU-DET,pitted_surface,pitted_surface_24.jpg,4x4,4,4,8,FRQI,1024,aer,5,4,1,1092,705,384,"{""h"": 132, ""x"": 64, ""cx"": 384, ""tdg"": 192, ""t"": 256, ""ry"": 64}",0.001293333014473319,0.005672667000908405,3.3208983950316906e-05,6.933300755918026e-05,0.008799333998467773,0.003640169930317224,24.388783421541056,0.4468467828764207
764f5fea,2026-10-07T23:04:20.883551,NEU-DET,pitted_surface,pitted_surface_24.jpg,4x4,4,4,8,NEQR,1024,aer,12,4,8,141,101,73,"{""h"": 4, ""x"": 64, ""mcx"": 73}",0.001217333017848432,0.0031215830240398645,2.300000051036477e-05,2.6124995201826096e-05,0.004955208976753056,0.0,100.0,1.0
7a5ef764,2026-10-07T23:04:20.901281,NEU-DET,pitted_surface,pitted_surface_240.jpg,4x4,4,4,8,FRQI,1024,aer,5,4,1,1092,705,384,"{""h"": 132, ""x"": 64, ""cx"": 384, ""tdg"": 192, ""t"": 256, ""ry"": 64}",0.0012210840359330177,0.005580208031460643,3.883300814777613e-05,7.274997187778354e-05,0.008562667004298419,0.002466355423197778,26.079443376304678,0.8333947643507542
8fc2fb04,2026-10-07T23:04:20.921895,NEU-DET,pitted_surface,pitted_surface_240.jpg,4x4,4,4,8,NEQR,1024,aer,12,4,8,144,104,76,"{""h"": 4, ""x"": 64, ""mcx"": 76}",0.0012528750230558217,0.002829083998221904,2.4667009711265564e-05,2.0499981474131346e-05,0.005149499978870153,0.0,100.0,1.0
dc740733,2026-10-07T23:04:20.940802,NEU-DET,pitted_surface,pitted_surface_25.jpg,4x4,4,4,8,FRQI,1024,aer,5,4,1,1092,705,384,"{""h"": 132, ""x"": 64, ""cx"": 384, ""tdg"": 192, ""t"": 256, ""ry"": 64}",0.0012366670416668057,0.005769665993284434,3.9000005926936865e-05,7.337500574067235e-05,0.008759957971051335,0.0021100292225008873,26.75711529971028,0.8084932477405287
e119b0cf,2026-10-07T23:04:20.962294,NEU-DET,pitted_surface,pitted_surface_25.jpg,4x4,4,4,8,NEQR,1024,aer,12,4,8,142,102,74,"{""h"": 4, ""x"": 64, ""mcx"": 74}",0.0012173329596407712,0.0030644999933429062,2.8540962375700474e-05,2.6082969270646572e-05,0.004932791984174401,0.0,100.0,1.0
3c0d6a09,2026-10-07T23:04:20.979513,NEU-DET,pitted_surface,pitted_surface_26.jpg,4x4,4,4,8,FRQI,1024,aer,5,4,1,1092,705,384,"{""h"": 132, ""x"": 64, ""cx"": 384, ""tdg"": 192, ""t"": 256, ""ry"": 64}",0.0017681249883025885,0.005534416006412357,3.524997737258673e-05,7.058301707729697e-05,0.009734083956573159,0.0036130941588393673,24.4212072037731,0.7385422694660171
4da1e390,2026-10-07T23:04:21.002109,NEU-DET,pitted_surface,pitted_surface_26.jpg,4x4,4,4,8,NEQR,1024,aer,12,4,8,134,94,66,"{""h"": 4, ""x"": 64, ""mcx"": 66}",0.001117000007070601,0.00290570902870968,2.6416964828968048e-05,2.3333006538450718e-05,0.004638541955500841,0.0,100.0,1.0
beebb9a9,2026-10-07T23:04:21.020144,NEU-DET,pitted_surface,pitted_surface_27.jpg,4x4,4,4,8,FRQI,1024,aer,5,4,1,1092,705,384,"{""h"": 132, ""x"": 64, ""cx"": 384, ""tdg"": 192, ""t"": 256, ""ry"": 64}",0.0013531669974327087,0.005684500036295503,3.766699228435755e-05,7.85829615779221e-05,0.008943583001382649,0.0018251307137043392,27.387060264362088,0.5906277394834842
ffcf0e47,2026-10-07T23:04:21.042001,NEU-DET,pitted_surface,pitted_surface_27.jpg,4x4,4,4,8,NEQR,1024,aer,12,4,8,134,94,66,"{""h"": 4, ""x"": 64, ""mcx"": 66}",0.0011454169871285558,0.0026494169724173844,2.5874993298202753e-05,2.458400558680296e-05,0.004545292002148926,0.0,100.0,1.0
8bfa2efb,2026-10-07T23:04:21.060566,NEU-DET,pitted_surface,pitted_surface_28.jpg,4x4,4,4,8,FRQI,1024,aer,5,4,1,1092,705,384,"{""h"": 132, ""x"": 64, ""cx"": 384, ""tdg"": 192, ""t"": 256, ""ry"": 64}",0.001961292000487447,0.005581584002356976,4.358397563919425e-05,7.775000995025039e-05,0.009333124966360629,0.0024690770723727567,26.07465353331019,0.8907667304987013
5a118e13,2026-10-07T23:04:21.082684,NEU-DET,pitted_surface,pitted_surface_28.jpg,4x4,4,4,8,NEQR,1024,aer,12,4,8,123,83,55,"{""h"": 4, ""x"": 64, ""mcx"": 55}",0.0009851659997366369,0.002418624993879348,2.624996704980731e-05,2.3250002413988113e-05,0.004005540977232158,0.0,100.0,1.0
bf9869e2,2026-10-07T23:04:21.099879,NEU-DET,pitted_surface,pitted_surface_29.jpg,4x4,4,4,8,FRQI,1024,aer,5,4,1,1092,705,384,"{""h"": 132, ""x"": 64, ""cx"": 384, ""tdg"": 192, ""t"": 256, ""ry"": 64}",0.0013209580210968852,0.005773333017714322,4.133395850658417e-05,8.02499707788229e-05,0.008986458007711917,0.0016836799777088692,27.73740452695538,0.9010097604906091
5dd3d6b0,2026-10-07T23:04:21.121742,NEU-DET,pitted_surface,pitted_surface_29.jpg,4x4,4,4,8,NEQR,1024,aer,12,4,8,132,92,64,"{""h"": 4, ""x"": 64, ""mcx"": 64}",0.0011018749792128801,0.0026747919619083405,2.4957989808171988e-05,2.362497616559267e-05,0.004435374983586371,0.0,100.0,1.0
b7dec62e,2026-10-07T23:04:21.353972,NEU-DET,pitted_surface,pitted_surface_3.jpg,4x4,4,4,8,FRQI,1024,aer,5,4,1,1092,705,384,"{""h"": 132, ""x"": 64, ""cx"": 384, ""tdg"": 192, ""t"": 256, ""ry"": 64}",0.0011582919978536665,0.005671416001860052,3.533298149704933e-05,6.9500005338341e-05,0.008506249985657632,0.002275142248475444,26.42991444810542,0.920453355816401
e0a12d56,2026-10-07T23:04:21.374957,NEU-DET,pitted_surface,pitted_surface_3.jpg,4x4,4,4,8,NEQR,1024,aer,12,4,8,145,105,77,"{""h"": 4, ""x"": 64, ""mcx"": 77}",0.001134999969508499,0.0027629590476863086,2.8999987989664078e-05,2.2000051103532314e-05,0.004509792022872716,0.0,100.0,1.0
b6a55f7c,2026-10-07T23:04:21.391377,NEU-DET,pitted_surface,pitted_surface_30.jpg,4x4,4,4,8,FRQI,1024,aer,5,4,1,1092,705,384,"{""h"": 132, ""x"": 64, ""cx"": 384, ""tdg"": 192, ""t"": 256, ""ry"": 64}",0.001198416983243078,0.005132416961714625,3.108399687334895e-05,6.383302388712764e-05,0.008052124991081655,0.004796967373760853,23.190332353476975,0.7928551812638639
90ad3fe9,2026-10-07T23:04:21.411280,NEU-DET,pitted_surface,pitted_surface_30.jpg,4x4,4,4,8,NEQR,1024,aer,12,4,8,148,108,80,"{""h"": 4, ""x"": 64, ""mcx"": 80}",0.0012175000156275928,0.0027717920020222664,2.2875028662383556e-05,2.0665989723056555e-05,0.004604584013577551,0.0,100.0,1.0
4fbe4f7d,2026-10-07T23:04:21.427440,NEU-DET,pitted_surface,pitted_surface_31.jpg,4x4,4,4,8,FRQI,1024,aer,5,4,1,1092,705,384,"{""h"": 132, ""x"": 64, ""cx"": 384, ""tdg"": 192, ""t"": 256, ""ry"": 64}",0.0012229999992996454,0.005278166965581477,3.479100996628404e-05,6.866600597277284e-05,0.008242083014920354,0.004007321487756299,23.971458148525805,0.2389025290723905
0e3a8fce,2026-10-07T23:04:21.447953,NEU-DET,pitted_surface,pitted_surface_31.jpg,4x4,4,4,8,NEQR,1024,aer,12,4,8,153,113,85,"{""h"": 4, ""x"": 64, ""mcx"": 85}",0.0013846670044586062,0.0029391670250333846,2.3291970137506723e-05,1.937500201165676e-05,0.004996082978323102,0.0,100.0,1.0
e81470cf,2026-10-07T23:04:21.466653,NEU-DET,pitted_surface,pitted_surface_32.jpg,4x4,4,4,8,FRQI,1024,aer,5,4,1,1092,705,384,"{""h"": 132, ""x"": 64, ""cx"": 384, ""tdg"": 192, ""t"": 256, ""ry"": 64}",0.0011921660043299198,0.005390874983277172,3.362499410286546e-05,6.683304673060775e-05,0.00831495801685378,0.0027093283754597557,25.671383545063588,0.5927223261943503
1b70808b,2026-10-07T23:04:21.486945,NEU-DET,pitted_surface,pitted_surface_32.jpg,4x4,4,4,8,NEQR,1024,aer,12,4,8,149,109,81,"{""h"": 4, ""x"": 64, ""mcx"": 81}",0.0013017089804634452,0.002970458008348942,2.1209008991718292e-05,1.912500010803342e-05,0.004881792003288865,0.0,100.0,1.0
bbcfb98c,2026-10-07T23:04:21.504935,NEU-DET,pitted_surface,pitted_surface_33.jpg,4x4,4,4,8,FRQI,1024,aer,5,4,1,1092,705,384,"{""h"": 132, ""x"": 64, ""cx"": 384, ""tdg"": 192, ""t"": 256, ""ry"": 64}",0.001222292019519955,0.0055933339754119515,4.349998198449612e-05,7.170799653977156e-05,0.008595582970883697,0.0029131330292849486,25.356396827031837,0.7811302414743496
5f9c245e,2026-10-07T23:04:21.525416,NEU-DET,pitted_surface,pitted_surface_33.jpg,4x4,4,4,8,NEQR,1024,aer,12,4,8,139,99,71,"{""h"": 4, ""x"": 64, ""mcx"": 71}",0.001139500003773719,0.0028794999816454947,5.037500523030758e-05,4.312500823289156e-05,0.004781166964676231,0.0,100.0,1.0
0cdfb8e3,2026-10-07T23:04:21.544174,NEU-DET,pitted_surface,pitted_surface_34.jpg,4x4,4,4,8,FRQI,1024,aer,5,4,1,1092,705,384,"{""h"": 132, ""x"": 64, ""cx"": 384, ""tdg"": 192, ""t"": 256, ""ry"": 64}",0.0013162920367904007,0.005109124991577119,4.037498729303479e-05,7.42919510230422e-05,0.008167915977537632,0.0017962514447704275,27.45632869543551,0.7276694210488741
37637a73,2026-10-07T23:04:21.564835,NEU-DET,pitted_surface,pitted_surface_34.jpg,4x4,4,4,8,NEQR,1024,aer,12,4,8,139,99,71,"{""h"": 4, ""x"": 64, ""mcx"": 71}",0.0011780000058934093,0.0027808750164695084,2.720800694078207e-05,2.241699257865548e-05,0.004593708028551191,0.0,100.0,1.0
4d521e3f,2026-10-07T23:04:21.582733,NEU-DET,pitted_surface,pitted_surface_35.jpg,4x4,4,4,8,FRQI,1024,aer,5,4,1,1092,705,384,"{""h"": 132, ""x"": 64, ""cx"": 384, ""tdg"": 192, ""t"": 256, ""ry"": 64}",0.0012077920255251229,0.005671457969583571,3.566598752513528e-05,6.808404577895999e-05,0.008588999975472689,0.002282261625627181,26.416345719890423,0.9130989393830065
7728a925,2026-10-07T23:04:21.603729,NEU-DET,pitted_surface,pitted_surface_35.jpg,4x4,4,4,8,NEQR,1024,aer,12,4,8,128,88,60,"{""h"": 4, ""x"": 64, ""mcx"": 60}",0.0010349589865654707,0.002277917054016143,2.4833017960190773e-05,2.1667045075446367e-05,0.003930874983780086,0.0,100.0,1.0
9a20cdd4,2026-10-07T23:04:21.621012,NEU-DET,pitted_surface,pitted_surface_36.jpg,4x4,4,4,8,FRQI,1024,aer,5,4,1,1092,705,384,"{""h"": 132, ""x"": 64, ""cx"": 384, ""tdg"": 192, ""t"": 256, ""ry"": 64}",0.001180749968625605,0.005648833001032472,3.7959020119160414e-05,6.954203126952052e-05,0.008555000007618219,0.0028491925193226382,25.45278204584791,0.8567043881494121
b2bb99c0,2026-10-07T23:04:21.641912,NEU-DET,pitted_surface,pitted_surface_36.jpg,4x4,4,4,8,NEQR,1024,aer,12,4,8,134,94,66,"{""h"": 4, ""x"": 64, ""mcx"": 66}",0.001126415969338268,0.0026632079971022904,2.3707980290055275e-05,2.1792016923427582e-05,0.004391750029753894,0.0,100.0,1.0
fa42b1c9,2026-10-07T23:04:21.658515,NEU-DET,pitted_surface,pitted_surface_37.jpg,4x4,4,4,8,FRQI,1024,aer,5,4,1,1092,705,384,"{""h"": 132, ""x"": 64, ""cx"": 384, ""tdg"": 192, ""t"": 256, ""ry"": 64}",0.00129650003509596,0.005625790974590927,3.604200901463628e-05,6.958399899303913e-05,0.00874912500148639,0.002866648647898473,25.42625533293371,0.7917479177455871
92e50f10,2026-10-07T23:04:21.679445,NEU-DET,pitted_surface,pitted_surface_37.jpg,4x4,4,4,8,NEQR,1024,aer,12,4,8,140,100,72,"{""h"": 4, ""x"": 64, ""mcx"": 72}",0.0014841249794699252,0.0026166249881498516,2.19999928958714e-05,1.9832979887723923e-05,0.00468437495874241,0.0,100.0,1.0
1144d6aa,2026-10-07T23:04:21.697838,NEU-DET,pitted_surface,pitted_surface_38.jpg,4x4,4,4,8,FRQI,1024,aer,5,4,1,1092,705,384,"{""h"": 132, ""x"": 64, ""cx"": 384, ""tdg"": 192, ""t"": 256, ""ry"": 64}",0.0012910839868709445,0.005219542013946921,3.1750008929520845e-05,6.400002166628838e-05,0.008323791960719973,0.0037829198286452497,24.221728626051995,0.5927079721413885
98879669,2026-10-07T23:04:21.718563,NEU-DET,pitted_surface,pitted_surface_38.jpg,4x4,4,4,8,NEQR,1024,aer,12,4,8,144,104,76,"{""h"": 4, ""x"": 64, ""mcx"": 76}",0.0012492079986259341,0.002803416980896145,2.2082997020334005e-05,2.2499996703118086e-05,0.004676042008213699,0.0,100.0,1.0
e9d81242,2026-10-07T23:04:21.736849,NEU-DET,pitted_surface,pitted_surface_39.jpg,4x4,4,4,8,FRQI,1024,aer,5,4,1,1092,705,384,"{""h"": 132, ""x"": 64, ""cx"": 384, ""tdg"": 192, ""t"": 256, ""ry"": 64}",0.001303124998230487,0.005560958990827203,3.3374992199242115e-05,6.66249543428421e-05,0.008680208004079759,0.0030682612462659435,25.13107665263665,0.6455172111916392
ebb51f07,2026-10-07T23:04:21.757841,NEU-DET,pitted_surface,pitted_surface_39.jpg,4x4,4,4,8,NEQR,1024,aer,12,4,8,149,109,81,"{""h"": 4, ""x"": 64, ""mcx"": 81}",0.0012982910266146064,0.0031590419821441174,2.6250025257468224e-05,2.174999099224806e-05,0.0051315000164322555,0.0,100.0,1.0
b2f52cb7,2026-10-07T23:04:21.776326,NEU-DET,pitted_surface,pitted_surface_4.jpg,4x4,4,4,8,FRQI,1024,aer,5,4,1,1092,705,384,"{""h"": 132, ""x"": 64, ""cx"": 384, ""tdg"": 192, ""t"": 256, ""ry"": 64}",0.0012532499968074262,0.005274833005387336,3.6582991015166044e-05,6.7666987888515e-05,0.008277082990389317,0.0019302752333918065,27.14380761551307,0.8582212108636531
951e08be,2026-10-07T23:04:21.797067,NEU-DET,pitted_surface,pitted_surface_4.jpg,4x4,4,4,8,NEQR,1024,aer,12,4,8,134,94,66,"{""h"": 4, ""x"": 64, ""mcx"": 66}",0.0010622499976307154,0.008613666985183954,2.562499139457941e-05,2.3917004000395536e-05,0.011787416005972773,0.0,100.0,1.0
3ed5ef94,2026-10-07T23:04:21.823391,NEU-DET,pitted_surface,pitted_surface_40.jpg,4x4,4,4,8,FRQI,1024,aer,5,4,1,1092,705,384,"{""h"": 132, ""x"": 64, ""cx"": 384, ""tdg"": 192, ""t"": 256, ""ry"": 64}",0.0013588330475613475,0.005573624977841973,4.3082982301712036e-05,8.933403296396136e-05,0.008879375003743917,0.0021208216402558624,26.73495853835997,0.7771518405848212
61a00e8e,2026-10-07T23:04:21.845936,NEU-DET,pitted_surface,pitted_surface_40.jpg,4x4,4,4,8,NEQR,1024,aer,12,4,8,144,104,76,"{""h"": 4, ""x"": 64, ""mcx"": 76}",0.0017864169785752892,0.0028981660143472254,2.6917026843875647e-05,2.462498378008604e-05,0.005535207979846746,0.0,100.0,1.0
e42a0084,2026-10-07T23:04:21.864825,NEU-DET,pitted_surface,pitted_surface_41.jpg,4x4,4,4,8,FRQI,1024,aer,5,4,1,1092,705,384,"{""h"": 132, ""x"": 64, ""cx"": 384, ""tdg"": 192, ""t"": 256, ""ry"": 64}",0.0013701670104637742,0.005509709008038044,3.887497587129474e-05,7.78749817982316e-05,0.008735832991078496,0.0018016528032022976,27.443288982522983,0.6773158986775857
d81c051e,2026-10-07T23:04:21.887873,NEU-DET,pitted_surface,pitted_surface_41.jpg,4x4,4,4,8,NEQR,1024,aer,12,4,8,137,97,69,"{""h"": 4, ""x"": 64, ""mcx"": 69}",0.0011800830252468586,0.0026312919799238443,2.9333983547985554e-05,2.62079993262887e-05,0.004490999970585108,0.0,100.0,1.0
e70729b2,2026-10-07T23:04:21.906914,NEU-DET,pitted_surface,pitted_surface_42.jpg,4x4,4,4,8,FRQI,1024,aer,5,4,1,1092,705,384,"{""h"": 132, ""x"": 64, ""cx"": 384, ""tdg"": 192, ""t"": 256, ""ry"": 64}",0.0013258339604362845,0.006299917004071176,4.6667002607136965e-05,8.845899719744921e-05,0.009488207986578345,0.002393477559834523,26.2097063991202,0.9193375689329941
f6e1a810,2026-10-07T23:04:21.929576,NEU-DET,pitted_surface,pitted_surface_42.jpg,4x4,4,4,8,NEQR,1024,aer,12,4,8,133,93,65,"{""h"": 4, ""x"": 64, ""mcx"": 65}",0.0011277499725110829,0.0033773749601095915,2.9957969672977924e-05,2.9375019948929548e-05,0.005320750002283603,0.0,100.0,1.0
83403f11,2026-10-07T23:04:21.952572,NEU-DET,pitted_surface,pitted_surface_43.jpg,4x4,4,4,8,FRQI,1024,aer,5,4,1,1092,705,384,"{""h"": 132, ""x"": 64, ""cx"": 384, ""tdg"": 192, ""t"": 256, ""ry"": 64}",0.0013447090168483555,0.008291332982480526,4.754198016598821e-05,9.291700553148985e-05,0.011534499994013458,0.002423650153975664,26.155300689789797,0.9443252491566378
a4d22fb3,2026-10-07T23:04:21.995028,NEU-DET,pitted_surface,pitted_surface_43.jpg,4x4,4,4,8,NEQR,1024,aer,12,4,8,136,96,68,"{""h"": 4, ""x"": 64, ""mcx"": 68}",0.00373804202536121,0.003997874970082194,3.091699909418821e-05,2.979201963171363e-05,0.008942875021602958,0.0,100.0,1.0
9d5fdcc8,2026-10-07T23:04:22.022575,NEU-DET,pitted_surface,pitted_surface_44.jpg,4x4,4,4,8,FRQI,1024,aer,5,4,1,1092,705,384,"{""h"": 132, ""x"": 64, ""cx"": 384, ""tdg"": 192, ""t"": 256, ""ry"": 64}",0.0014037499786354601,0.006843792041763663,4.245905438438058e-05,0.000177707988768816,0.011587249988224357,0.0017761996393552422,27.505082224551455,0.9522161088018448
67aa2869,2026-10-07T23:04:22.055508,NEU-DET,pitted_surface,pitted_surface_44.jpg,4x4,4,4,8,NEQR,1024,aer,12,4,8,141,101,73,"{""h"": 4, ""x"": 64, ""mcx"": 73}",0.0011896250071004033,0.0029390830313786864,3.4958997275680304e-05,3.058300353586674e-05,0.00490945897763595,0.0,100.0,1.0
eace892a,2026-10-07T23:04:22.075391,NEU-DET,pitted_surface,pitted_surface_45.jpg,4x4,4,4,8,FRQI,1024,aer,5,4,1,1092,705,384,"{""h"": 132, ""x"": 64, ""cx"": 384, ""tdg"": 192, ""t"": 256, ""ry"": 64}",0.002689209009986371,0.00604404101613909,4.583399277180433e-05,8.633302059024572e-05,0.01203275000443682,0.001821566054460259,27.395550755516524,0.9433930109217005
a0253705,2026-10-07T23:04:22.101908,NEU-DET,pitted_surface,pitted_surface_45.jpg,4x4,4,4,8,NEQR,1024,aer,12,4,8,138,98,70,"{""h"": 4, ""x"": 64, ""mcx"": 70}",0.0012159170000813901,0.0025863340124487877,2.9374961741268635e-05,2.5541987270116806e-05,0.0045165420160628855,0.0,100.0,1.0
03eda633,2026-10-07T23:04:22.120903,NEU-DET,pitted_surface,pitted_surface_46.jpg,4x4,4,4,8,FRQI,1024,aer,5,4,1,1092,705,384,"{""h"": 132, ""x"": 64, ""cx"": 384, ""tdg"": 192, ""t"": 256, ""ry"": 64}",0.001368124969303608,0.008574832987505943,3.9041973650455475e-05,7.991702295839787e-05,0.0117761250003241,0.002788245905732716,25.546689268461577,0.8397573525002549
a10fd658,2026-10-07T23:04:22.146163,NEU-DET,pitted_surface,pitted_surface_46.jpg,4x4,4,4,8,NEQR,1024,aer,12,4,8,125,85,57,"{""h"": 4, ""x"": 64, ""mcx"": 57}",0.0009933750261552632,0.0023622079752385616,3.316695801913738e-05,2.566596958786249e-05,0.004007083014585078,0.0,100.0,1.0
0f00de25,2026-10-07T23:04:22.164959,NEU-DET,pitted_surface,pitted_surface_47.jpg,4x4,4,4,8,FRQI,1024,aer,5,4,1,1092,705,384,"{""h"": 132, ""x"": 64, ""cx"": 384, ""tdg"": 192, ""t"": 256, ""ry"": 64}",0.0023327500093728304,0.005512916017323732,4.133296897634864e-05,8.183298632502556e-05,0.011086291982792318,0.0022715817159484376,26.43671635628065,0.916630834062362
b1f3feca,2026-10-07T23:04:22.193053,NEU-DET,pitted_surface,pitted_surface_47.jpg,4x4,4,4,8,NEQR,1024,aer,12,4,8,129,89,61,"{""h"": 4, ""x"": 64, ""mcx"": 61}",0.0019329169881530106,0.002500792033970356,2.7458008844405413e-05,2.6332971174269915e-05,0.0054518330143764615,0.0,100.0,1.0
5fc7209c,2026-10-07T23:04:22.213371,NEU-DET,pitted_surface,pitted_surface_48.jpg,4x4,4,4,8,FRQI,1024,aer,5,4,1,1092,705,384,"{""h"": 132, ""x"": 64, ""cx"": 384, ""tdg"": 192, ""t"": 256, ""ry"": 64}",0.0027894170489162207,0.005746375012677163,4.133296897634864e-05,8.49170028232038e-05,0.01114583294838667,0.003812780189421579,24.187582315144162,0.8204501293005085
64995ee4,2026-10-07T23:04:22.241199,NEU-DET,pitted_surface,pitted_surface_48.jpg,4x4,4,4,8,NEQR,1024,aer,12,4,8,147,107,79,"{""h"": 4, ""x"": 64, ""mcx"": 79}",0.0013885420048609376,0.002924832981079817,3.083399496972561e-05,3.020802978426218e-05,0.005426041956525296,0.0,100.0,1.0
999bc805,2026-10-07T23:04:22.263846,NEU-DET,pitted_surface,pitted_surface_49.jpg,4x4,4,4,8,FRQI,1024,aer,5,4,1,1092,705,384,"{""h"": 132, ""x"": 64, ""cx"": 384, ""tdg"": 192, ""t"": 256, ""ry"": 64}",0.0013017919845879078,0.005909042025450617,4.5082997530698776e-05,8.591701043769717e-05,0.00949833303457126,0.002136116540554932,26.703750571026337,0.9240238018144382
4d793e4f,2026-10-07T23:04:22.287132,NEU-DET,pitted_surface,pitted_surface_49.jpg,4x4,4,4,8,NEQR,1024,aer,12,4,8,131,91,63,"{""h"": 4, ""x"": 64, ""mcx"": 63}",0.0010476250317879021,0.002567624964285642,2.7334026526659727e-05,2.3791042622178793e-05,0.004226209013722837,0.0,100.0,1.0
aef41a9e,2026-10-07T23:04:22.305716,NEU-DET,pitted_surface,pitted_surface_5.jpg,4x4,4,4,8,FRQI,1024,aer,5,4,1,1092,705,384,"{""h"": 132, ""x"": 64, ""cx"": 384, ""tdg"": 192, ""t"": 256, ""ry"": 64}",0.0013027499662712216,0.005761916982010007,4.2832980398088694e-05,8.02499707788229e-05,0.008979499980341643,0.0016411715954181712,27.84846008193,0.9491274688461733
c0ee7535,2026-10-07T23:04:22.327850,NEU-DET,pitted_surface,pitted_surface_5.jpg,4x4,4,4,8,NEQR,1024,aer,12,4,8,139,99,71,"{""h"": 4, ""x"": 64, ""mcx"": 71}",0.0019001250038854778,0.002623374981340021,2.9125018045306206e-05,2.6124995201826096e-05,0.00525337498402223,0.0,100.0,1.0
4ef8dd59,2026-10-07T23:04:22.347108,NEU-DET,pitted_surface,pitted_surface_50.jpg,4x4,4,4,8,FRQI,1024,aer,5,4,1,1092,705,384,"{""h"": 132, ""x"": 64, ""cx"": 384, ""tdg"": 192, ""t"": 256, ""ry"": 64}",0.0012630420387722552,0.005687583994586021,4.341598832979798e-05,8.112500654533505e-05,0.009470042015891522,0.0022175866970457732,26.54119392324845,0.9068832515689146
59657e28,2026-10-07T23:04:22.370259,NEU-DET,pitted_surface,pitted_surface_50.jpg,4x4,4,4,8,NEQR,1024,aer,12,4,8,135,95,67,"{""h"": 4, ""x"": 64, ""mcx"": 67}",0.0010907920077443123,0.003044124983716756,2.7125002816319466e-05,2.5250017642974854e-05,0.004773166961967945,0.0,100.0,1.0
574cadd2,2026-10-07T23:04:22.389502,NEU-DET,pitted_surface,pitted_surface_51.jpg,4x4,4,4,8,FRQI,1024,aer,5,4,1,1092,705,384,"{""h"": 132, ""x"": 64, ""cx"": 384, ""tdg"": 192, ""t"": 256, ""ry"": 64}",0.0012727499706670642,0.0057023330009542406,3.745901631191373e-05,7.71670020185411e-05,0.008796166046522558,0.0032534922737683433,24.87650220269839,0.7444771149233339
5208c1f7,2026-10-07T23:04:22.411454,NEU-DET,pitted_surface,pitted_surface_51.jpg,4x4,4,4,8,NEQR,1024,aer,12,4,8,153,113,85,"{""h"": 4, ""x"": 64, ""mcx"": 85}",0.0014112500357441604,0.004772916960064322,2.554204547777772e-05,2.5833025574684143e-05,0.006924290966708213,0.0,100.0,1.0
6c497f32,2026-10-07T23:04:22.432366,NEU-DET,pitted_surface,pitted_surface_52.jpg,4x4,4,4,8,FRQI,1024,aer,5,4,1,1092,705,384,"{""h"": 132, ""x"": 64, ""cx"": 384, ""tdg"": 192, ""t"": 256, ""ry"": 64}",0.0025240829563699663,0.005782124993856996,6.649998249486089e-05,0.0001059159985743463,0.010555999993812293,0.003561058894622911,24.484208436809176,0.35571201804568764
49f81d8c,2026-10-07T23:04:22.455812,NEU-DET,pitted_surface,pitted_surface_52.jpg,4x4,4,4,8,NEQR,1024,aer,12,4,8,155,115,87,"{""h"": 4, ""x"": 64, ""mcx"": 87}",0.0014188329805620015,0.00336191599490121,2.8541020583361387e-05,2.500001573935151e-05,0.005511625029612333,0.0,100.0,1.0
928055cf,2026-10-07T23:04:22.481592,NEU-DET,pitted_surface,pitted_surface_53.jpg,4x4,4,4,8,FRQI,1024,aer,5,4,1,1092,705,384,"{""h"": 132, ""x"": 64, ""cx"": 384, ""tdg"": 192, ""t"": 256, ""ry"": 64}",0.0030343749676831067,0.010333499987609684,8.60420404933393e-05,0.00014891696628183126,0.01632612501271069,0.003465229499308834,24.602679971321706,0.6054163067646928
90cc1cdb,2026-10-07T23:04:22.519067,NEU-DET,pitted_surface,pitted_surface_53.jpg,4x4,4,4,8,NEQR,1024,aer,12,4,8,147,107,79,"{""h"": 4, ""x"": 64, ""mcx"": 79}",0.002083499974105507,0.0031806249753572047,3.287498839199543e-05,3.1542032957077026e-05,0.006235707958694547,0.0,100.0,1.0
f42b0787,2026-10-07T23:04:22.542006,NEU-DET,pitted_surface,pitted_surface_54.jpg,4x4,4,4,8,FRQI,1024,aer,5,4,1,1092,705,384,"{""h"": 132, ""x"": 64, ""cx"": 384, ""tdg"": 192, ""t"": 256, ""ry"": 64}",0.002144083962775767,0.006647499976679683,4.129199078306556e-05,8.700002217665315e-05,0.010988792055286467,0.0016845902600454129,27.735057146386396,0.876751041908883
69f499fd,2026-10-07T23:04:22.572945,NEU-DET,pitted_surface,pitted_surface_54.jpg,4x4,4,4,8,NEQR,1024,aer,12,4,8,130,90,62,"{""h"": 4, ""x"": 64, ""mcx"": 62}",0.0011453339830040932,0.003771708987187594,3.612495493143797e-05,3.429199568927288e-05,0.006106499989982694,0.0,100.0,1.0
5d0e6771,2026-10-07T23:04:22.594243,NEU-DET,pitted_surface,pitted_surface_55.jpg,4x4,4,4,8,FRQI,1024,aer,5,4,1,1092,705,384,"{""h"": 132, ""x"": 64, ""cx"": 384, ""tdg"": 192, ""t"": 256, ""ry"": 64}",0.002491875027772039,0.008242917014285922,0.00017654197290539742,0.00018529099179431796,0.015436750021763146,0.0024029476937679657,26.192556826106564,0.9237287985503186
88cea571,2026-10-07T23:04:22.652189,NEU-DET,pitted_surface,pitted_surface_55.jpg,4x4,4,4,8,NEQR,1024,aer,12,4,8,146,106,78,"{""h"": 4, ""x"": 64, ""mcx"": 78}",0.0024947919882833958,0.00282475003041327,2.9999995604157448e-05,2.8375012334436178e-05,0.006449084030464292,0.0,100.0,1.0
47b25075,2026-10-07T23:04:22.673922,NEU-DET,pitted_surface,pitted_surface_56.jpg,4x4,4,4,8,FRQI,1024,aer,5,4,1,1092,705,384,"{""h"": 132, ""x"": 64, ""cx"": 384, ""tdg"": 192, ""t"": 256, ""ry"": 64}",0.002159374998882413,0.00592424999922514,3.583304351195693e-05,8.216704009100795e-05,0.010905083967372775,0.0023795220685546843,26.235102630412783,0.8344705889647814
1d141de4,2026-10-07T23:04:22.698669,NEU-DET,pitted_surface,pitted_surface_56.jpg,4x4,4,4,8,NEQR,1024,aer,12,4,8,159,119,91,"{""h"": 4, ""x"": 64, ""mcx"": 91}",0.0024144169874489307,0.0031698750099167228,2.5875051505863667e-05,2.462498378008604e-05,0.006463541998527944,0.0,100.0,1.0
ecbf04c9,2026-10-07T23:04:22.722846,NEU-DET,pitted_surface,pitted_surface_57.jpg,4x4,4,4,8,FRQI,1024,aer,5,4,1,1092,705,384,"{""h"": 132, ""x"": 64, ""cx"": 384, ""tdg"": 192, ""t"": 256, ""ry"": 64}",0.001467375026550144,0.006263250019401312,3.691599704325199e-05,9.02919564396143e-05,0.00969741604058072,0.003559707532856348,24.48585682387901,0.34235165804763235
1b645c7f,2026-10-07T23:04:22.754136,NEU-DET,pitted_surface,pitted_surface_57.jpg,4x4,4,4,8,NEQR,1024,aer,12,4,8,156,116,88,"{""h"": 4, ""x"": 64, ""mcx"": 88}",0.0014643750037066638,0.003606832993682474,2.92909680865705e-05,2.5082961656153202e-05,0.005851832975167781,0.0,100.0,1.0
576b9d18,2026-10-07T23:04:22.776199,NEU-DET,pitted_surface,pitted_surface_58.jpg,4x4,4,4,8,FRQI,1024,aer,5,4,1,1092,705,384,"{""h"": 132, ""x"": 64, ""cx"": 384, ""tdg"": 192, ""t"": 256, ""ry"": 64}",0.0022819999721832573,0.01023291697492823,4.587502917274833e-05,9.02919564396143e-05,0.015819999971427023,0.0020410208046093437,26.901525683946662,0.8671190148157348
ebf8edfa,2026-10-07T23:04:22.807828,NEU-DET,pitted_surface,pitted_surface_58.jpg,4x4,4,4,8,NEQR,1024,aer,12,4,8,139,99,71,"{""h"": 4, ""x"": 64, ""mcx"": 71}",0.0012993750278837979,0.004352124989964068,3.300001844763756e-05,2.7665984816849232e-05,0.006610999989788979,0.0,100.0,1.0
744da72a,2026-10-07T23:04:22.829792,NEU-DET,pitted_surface,pitted_surface_59.jpg,4x4,4,4,8,FRQI,1024,aer,5,4,1,1092,705,384,"{""h"": 132, ""x"": 64, ""cx"": 384, ""tdg"": 192, ""t"": 256, ""ry"": 64}",0.0014917500084266067,0.008590125013142824,4.150002496317029e-05,8.320901542901993e-05,0.012925415998324752,0.0018577055900369324,27.310231120611846,0.8308785018127806
631daefa,2026-10-07T23:04:22.856609,NEU-DET,pitted_surface,pitted_surface_59.jpg,4x4,4,4,8,NEQR,1024,aer,12,4,8,141,101,73,"{""h"": 4, ""x"": 64, ""mcx"": 73}",0.0024565000203438103,0.0031647919677197933,2.8790964279323816e-05,2.7332978788763285e-05,0.006690874986816198,0.0,100.0,1.0
13beb8c0,2026-10-07T23:04:22.879272,NEU-DET,pitted_surface,pitted_surface_6.jpg,4x4,4,4,8,FRQI,1024,aer,5,4,1,1092,705,384,"{""h"": 132, ""x"": 64, ""cx"": 384, ""tdg"": 192, ""t"": 256, ""ry"": 64}",0.0013680420233868062,0.00640574999852106,3.98330157622695e-05,7.845798972994089e-05,0.009717333014123142,0.001879224670175352,27.260212948411912,0.8991299482328762
093c78fe,2026-10-07T23:04:22.905904,NEU-DET,pitted_surface,pitted_surface_6.jpg,4x4,4,4,8,NEQR,1024,aer,12,4,8,136,96,68,"{""h"": 4, ""x"": 64, ""mcx"": 68}",0.0022055000299587846,0.00282045901985839,2.7665984816849232e-05,2.7166970539838076e-05,0.006093250005505979,0.0,100.0,1.0
a97d96d2,2026-10-07T23:04:22.930013,NEU-DET,pitted_surface,pitted_surface_60.jpg,4x4,4,4,8,FRQI,1024,aer,5,4,1,1092,705,384,"{""h"": 132, ""x"": 64, ""cx"": 384, ""tdg"": 192, ""t"": 256, ""ry"": 64}",0.0014039999805390835,0.005623790959361941,3.420800203457475e-05,7.658399408683181e-05,0.008945083012804389,0.00325173985683241,24.87884205778242,0.6703115110106838
645fd360,2026-10-07T23:04:22.953521,NEU-DET,pitted_surface,pitted_surface_60.jpg,4x4,4,4,8,NEQR,1024,aer,12,4,8,157,117,89,"{""h"": 4, ""x"": 64, ""mcx"": 89}",0.0014635000261478126,0.0049049160443246365,2.9999995604157448e-05,2.4957989808171988e-05,0.00713979103602469,0.0,100.0,1.0
ecbbb287,2026-10-07T23:04:22.975485,NEU-DET,pitted_surface,pitted_surface_61.jpg,4x4,4,4,8,FRQI,1024,aer,5,4,1,1092,705,384,"{""h"": 132, ""x"": 64, ""cx"": 384, ""tdg"": 192, ""t"": 256, ""ry"": 64}",0.0013391670072451234,0.006129542016424239,3.929197555407882e-05,8.445803541690111e-05,0.009362916985992342,0.0038155850856447116,24.184388574511686,0.6547846742901313
9182c513,2026-10-07T23:04:22.999674,NEU-DET,pitted_surface,pitted_surface_61.jpg,4x4,4,4,8,NEQR,1024,aer,12,4,8,148,108,80,"{""h"": 4, ""x"": 64, ""mcx"": 80}",0.0016786250052973628,0.00297091604443267,2.354203024879098e-05,2.0666047930717468e-05,0.005762833054177463,0.0,100.0,1.0
08545303,2026-10-07T23:04:23.019462,NEU-DET,pitted_surface,pitted_surface_62.jpg,4x4,4,4,8,FRQI,1024,aer,5,4,1,1092,705,384,"{""h"": 132, ""x"": 64, ""cx"": 384, ""tdg"": 192, ""t"": 256, ""ry"": 64}",0.0019110410357825458,0.005638666974846274,4.416698357090354e-05,0.0001378749730065465,0.010200499964412302,0.001836768731995836,27.359455223773146,0.9308678555552534
d18b2c0b,2026-10-07T23:04:23.047915,NEU-DET,pitted_surface,pitted_surface_62.jpg,4x4,4,4,8,NEQR,1024,aer,12,4,8,135,95,67,"{""h"": 4, ""x"": 64, ""mcx"": 67}",0.004807749995961785,0.005778959020972252,3.662501694634557e-05,3.0124967452138662e-05,0.01144170801853761,0.0,100.0,1.0
a75338e2,2026-10-07T23:04:23.085819,NEU-DET,pitted_surface,pitted_surface_63.jpg,4x4,4,4,8,FRQI,1024,aer,5,4,1,1092,705,384,"{""h"": 132, ""x"": 64, ""cx"": 384, ""tdg"": 192, ""t"": 256, ""ry"": 64}",0.0028686249861493707,0.011088208004366606,4.116696072742343e-05,8.833303581923246e-05,0.017023416992742568,0.002640907720868207,25.782467737335914,0.9044050211110803
add5bdf4,2026-10-07T23:04:23.126537,NEU-DET,pitted_surface,pitted_surface_63.jpg,4x4,4,4,8,NEQR,1024,aer,12,4,8,137,97,69,"{""h"": 4, ""x"": 64, ""mcx"": 69}",0.0021251660073176026,0.0026831249706447124,3.258301876485348e-05,2.8667040169239044e-05,0.005542083003092557,0.0,100.0,1.0
d0c2b97c,2026-10-07T23:04:23.150178,NEU-DET,pitted_surface,pitted_surface_64.jpg,4x4,4,4,8,FRQI,1024,aer,5,4,1,1092,705,384,"{""h"": 132, ""x"": 64, ""cx"": 384, ""tdg"": 192, ""t"": 256, ""ry"": 64}",0.002664458006620407,0.00989295804174617,4.654197255149484e-05,9.012495866045356e-05,0.015227874973788857,0.002798382293648883,25.530929557909676,0.8715968162610281
cc9360b5,2026-10-07T23:04:23.182312,NEU-DET,pitted_surface,pitted_surface_64.jpg,4x4,4,4,8,NEQR,1024,aer,12,4,8,148,108,80,"{""h"": 4, ""x"": 64, ""mcx"": 80}",0.0015050829970277846,0.003163082990795374,2.924998989328742e-05,2.7542002499103546e-05,0.005607500032056123,0.0,100.0,1.0
14c7ff6b,2026-10-07T23:04:23.205508,NEU-DET,pitted_surface,pitted_surface_65.jpg,4x4,4,4,8,FRQI,1024,aer,5,4,1,1092,705,384,"{""h"": 132, ""x"": 64, ""cx"": 384, ""tdg"": 192, ""t"": 256, ""ry"": 64}",0.0013737499830313027,0.005952708015684038,3.8416008464992046e-05,8.283299393951893e-05,0.010513000015635043,0.0037328604742519855,24.279582427002392,0.8134895526232747
cd0b80b3,2026-10-07T23:04:23.231584,NEU-DET,pitted_surface,pitted_surface_65.jpg,4x4,4,4,8,NEQR,1024,aer,12,4,8,139,99,71,"{""h"": 4, ""x"": 64, ""mcx"": 71}",0.0012497089919634163,0.0029217919800430536,2.941599814221263e-05,2.5333021767437458e-05,0.004928292008116841,0.0,100.0,1.0
3a894921,2026-10-07T23:04:23.253482,NEU-DET,pitted_surface,pitted_surface_66.jpg,4x4,4,4,8,FRQI,1024,aer,5,4,1,1092,705,384,"{""h"": 132, ""x"": 64, ""cx"": 384, ""tdg"": 192, ""t"": 256, ""ry"": 64}",0.0023769999970681965,0.007580999983474612,4.370801616460085e-05,8.945801528170705e-05,0.011791124998126179,0.001652101535870189,27.819632650585806,0.9599628138667791
39c58fb6,2026-10-07T23:04:23.279682,NEU-DET,pitted_surface,pitted_surface_66.jpg,4x4,4,4,8,NEQR,1024,aer,12,4,8,136,96,68,"{""h"": 4, ""x"": 64, ""mcx"": 68}",0.0011997909750789404,0.0027816250221803784,3.091699909418821e-05,2.562499139457941e-05,0.004721125005744398,0.0,100.0,1.0
1097dc4b,2026-10-07T23:04:23.300866,NEU-DET,pitted_surface,pitted_surface_67.jpg,4x4,4,4,8,FRQI,1024,aer,5,4,1,1092,705,384,"{""h"": 132, ""x"": 64, ""cx"": 384, ""tdg"": 192, ""t"": 256, ""ry"": 64}",0.002455459034536034,0.005723667040001601,3.9249949622899294e-05,7.79160181991756e-05,0.01131724996957928,0.0024920482278607938,26.034435571608846,0.8648027851098631
4f69e84e,2026-10-07T23:04:23.325695,NEU-DET,pitted_surface,pitted_surface_67.jpg,4x4,4,4,8,NEQR,1024,aer,12,4,8,128,88,60,"{""h"": 4, ""x"": 64, ""mcx"": 60}",0.0010652909986674786,0.0024688750272616744,3.037502756342292e-05,2.6374997105449438e-05,0.004188833991065621,0.0,100.0,1.0
a03e0470,2026-10-07T23:04:23.344679,NEU-DET,pitted_surface,pitted_surface_68.jpg,4x4,4,4,8,FRQI,1024,aer,5,4,1,1092,705,384,"{""h"": 132, ""x"": 64, ""cx"": 384, ""tdg"": 192, ""t"": 256, ""ry"": 64}",0.0013382500037550926,0.005691000027582049,4.3042004108428955e-05,7.950002327561378e-05,0.008934333978686482,0.0019107060662065308,27.188061175723387,0.9232194915042057
a4884013,2026-10-07T23:04:23.366884,NEU-DET,pitted_surface,pitted_surface_68.jpg,4x4,4,4,8,NEQR,1024,aer,12,4,8,136,96,68,"{""h"": 4, ""x"": 64, ""mcx"": 68}",0.0012034159735776484,0.002312541997525841,2.416700590401888e-05,2.300000051036477e-05,0.0041484159883111715,0.0,100.0,1.0
30fb2e21,2026-10-07T23:04:23.385566,NEU-DET,pitted_surface,pitted_surface_69.jpg,4x4,4,4,8,FRQI,1024,aer,5,4,1,1092,705,384,"{""h"": 132, ""x"": 64, ""cx"": 384, ""tdg"": 192, ""t"": 256, ""ry"": 64}",0.001961875008419156,0.005784957960713655,3.9624981582164764e-05,7.804197957739234e-05,0.009775665996130556,0.002117640116854332,26.741478442966972,0.916585622311744
0f677119,2026-10-07T23:04:23.408710,NEU-DET,pitted_surface,pitted_surface_69.jpg,4x4,4,4,8,NEQR,1024,aer,12,4,8,134,94,66,"{""h"": 4, ""x"": 64, ""mcx"": 66}",0.0021914169774390757,0.002504709002096206,2.3167056497186422e-05,2.1292013116180897e-05,0.005529207992367446,0.0,100.0,1.0
77d1801b,2026-10-07T23:04:23.428767,NEU-DET,pitted_surface,pitted_surface_7.jpg,4x4,4,4,8,FRQI,1024,aer,5,4,1,1092,705,384,"{""h"": 132, ""x"": 64, ""cx"": 384, ""tdg"": 192, ""t"": 256, ""ry"": 64}",0.001968374999705702,0.005744541995227337,4.050001734867692e-05,7.320800796151161e-05,0.009563624975271523,0.0008064391420008401,30.934284011088348,0.9386704040949017
a21d56fd,2026-10-07T23:04:23.451535,NEU-DET,pitted_surface,pitted_surface_7.jpg,4x4,4,4,8,NEQR,1024,aer,12,4,8,145,105,77,"{""h"": 4, ""x"": 64, ""mcx"": 77}",0.00258770800428465,0.0028165840194560587,2.470804611220956e-05,2.3791042622178793e-05,0.006455000024288893,0.0,100.0,1.0
ce3e9f36,2026-10-07T23:04:23.471853,NEU-DET,pitted_surface,pitted_surface_70.jpg,4x4,4,4,8,FRQI,1024,aer,5,4,1,1092,705,384,"{""h"": 132, ""x"": 64, ""cx"": 384, ""tdg"": 192, ""t"": 256, ""ry"": 64}",0.0024937920388765633,0.005776249978225678,4.083302337676287e-05,8.083297871053219e-05,0.010275999957229942,0.002046148288509085,26.89062895282931,0.9167495851389159
bd15142f,2026-10-07T23:04:23.495763,NEU-DET,pitted_surface,pitted_surface_70.jpg,4x4,4,4,8,NEQR,1024,aer,12,4,8,132,92,64,"{""h"": 4, ""x"": 64, ""mcx"": 64}",0.001203124993480742,0.002677333017345518,2.6708992663770914e-05,2.26249685510993e-05,0.004903458000626415,0.0,100.0,1.0
2f841a9f,2026-10-07T23:04:23.515144,NEU-DET,pitted_surface,pitted_surface_71.jpg,4x4,4,4,8,FRQI,1024,aer,5,4,1,1092,705,384,"{""h"": 132, ""x"": 64, ""cx"": 384, ""tdg"": 192, ""t"": 256, ""ry"": 64}",0.002674582996405661,0.005625957972370088,4.0040991734713316e-05,7.512501906603575e-05,0.011504792026244104,0.002917907526284302,25.34928475794461,0.8627191272459794
fd8f86ac,2026-10-07T23:04:23.540132,NEU-DET,pitted_surface,pitted_surface_71.jpg,4x4,4,4,8,NEQR,1024,aer,12,4,8,130,90,62,"{""h"": 4, ""x"": 64, ""mcx"": 62}",0.0012351250043138862,0.0024133339757099748,2.6124995201826096e-05,2.241699257865548e-05,0.004313583951443434,0.0,100.0,1.0
d7bd784f,2026-10-07T23:04:23.559734,NEU-DET,pitted_surface,pitted_surface_72.jpg,4x4,4,4,8,FRQI,1024,aer,5,4,1,1092,705,384,"{""h"": 132, ""x"": 64, ""cx"": 384, ""tdg"": 192, ""t"": 256, ""ry"": 64}",0.0028910000110045075,0.005715582985430956,3.812502836808562e-05,7.237499812617898e-05,0.010706666973419487,0.00310783982703911,25.07541372118741,0.743557483680686
967b2a71,2026-10-07T23:04:23.583774,NEU-DET,pitted_surface,pitted_surface_72.jpg,4x4,4,4,8,NEQR,1024,aer,12,4,8,144,104,76,"{""h"": 4, ""x"": 64, ""mcx"": 76}",0.001250583038199693,0.002925999986473471,2.741598291322589e-05,2.416700590401888e-05,0.004833417013287544,0.0,100.0,1.0
4c0d7d3f,2026-10-07T23:04:23.603437,NEU-DET,pitted_surface,pitted_surface_73.jpg,4x4,4,4,8,FRQI,1024,aer,5,4,1,1092,705,384,"{""h"": 132, ""x"": 64, ""cx"": 384, ""tdg"": 192, ""t"": 256, ""ry"": 64}",0.0013712079962715507,0.00573787500616163,4.112499300390482e-05,7.816700963303447e-05,0.009024749975651503,0.0033783201292168826,24.712991991211588,0.7444959965589615
d0703dcb,2026-10-07T23:04:23.625859,NEU-DET,pitted_surface,pitted_surface_73.jpg,4x4,4,4,8,NEQR,1024,aer,12,4,8,138,98,70,"{""h"": 4, ""x"": 64, ""mcx"": 70}",0.0011850830051116645,0.0028005000203847885,2.900004619732499e-05,2.6374997105449438e-05,0.004642334009986371,0.0,100.0,1.0
0d59c596,2026-10-07T23:04:23.643895,NEU-DET,pitted_surface,pitted_surface_74.jpg,4x4,4,4,8,FRQI,1024,aer,5,4,1,1092,705,384,"{""h"": 132, ""x"": 64, ""cx"": 384, ""tdg"": 192, ""t"": 256, ""ry"": 64}",0.0012930409866385162,0.005624292010907084,3.945804201066494e-05,7.241597631946206e-05,0.008765458012931049,0.0024175499158302326,26.166245501525797,0.8770974634841235
3e424194,2026-10-07T23:04:23.666048,NEU-DET,pitted_surface,pitted_surface_74.jpg,4x4,4,4,8,NEQR,1024,aer,12,4,8,134,94,66,"{""h"": 4, ""x"": 64, ""mcx"": 66}",0.0011135839740745723,0.002465708996169269,2.6500027161091566e-05,2.2292020730674267e-05,0.004189083003439009,0.0,100.0,1.0
45e5bd67,2026-10-07T23:04:23.684724,NEU-DET,pitted_surface,pitted_surface_75.jpg,4x4,4,4,8,FRQI,1024,aer,5,4,1,1092,705,384,"{""h"": 132, ""x"": 64, ""cx"": 384, ""tdg"": 192, ""t"": 256, ""ry"": 64}",0.0022800409933552146,0.005725624971091747,3.083300543949008e-05,7.362500764429569e-05,0.009857666969764978,0.002703227345239244,25.681174279857338,0.8434723066822736
d0c6852d,2026-10-07T23:04:23.707820,NEU-DET,pitted_surface,pitted_surface_75.jpg,4x4,4,4,8,NEQR,1024,aer,12,4,8,146,106,78,"{""h"": 4, ""x"": 64, ""mcx"": 78}",0.0012932500103488564,0.0030925419996492565,2.6958005037158728e-05,2.295902231708169e-05,0.005117250024341047,0.0,100.0,1.0
b350ff53,2026-10-07T23:04:23.727242,NEU-DET,pitted_surface,pitted_surface_76.jpg,4x4,4,4,8,FRQI,1024,aer,5,4,1,1092,705,384,"{""h"": 132, ""x"": 64, ""cx"": 384, ""tdg"": 192, ""t"": 256, ""ry"": 64}",0.0016434169956482947,0.00558533298317343,3.137503517791629e-05,7.312500383704901e-05,0.009052250010427088,0.004114141829863315,23.857207406273734,0.4222663621005578
70f321c4,2026-10-07T23:04:23.749651,NEU-DET,pitted_surface,pitted_surface_76.jpg,4x4,4,4,8,NEQR,1024,aer,12,4,8,155,115,87,"{""h"": 4, ""x"": 64, ""mcx"": 87}",0.0016621670220047235,0.004043874971102923,2.7708010748028755e-05,2.5540997739881277e-05,0.006458499992731959,0.0,100.0,1.0
a5cc9512,2026-10-07T23:04:23.771308,NEU-DET,pitted_surface,pitted_surface_77.jpg,4x4,4,4,8,FRQI,1024,aer,5,4,1,1092,705,384,"{""h"": 132, ""x"": 64, ""cx"": 384, ""tdg"": 192, ""t"": 256, ""ry"": 64}",0.0013679579715244472,0.007001583988312632,6.137497257441282e-05,9.14169941097498e-05,0.010400332976132631,0.0034521033298157153,24.619162132763073,0.7072964536778543
47698a08,2026-10-07T23:04:23.798996,NEU-DET,pitted_surface,pitted_surface_77.jpg,4x4,4,4,8,NEQR,1024,aer,12,4,8,144,104,76,"{""h"": 4, ""x"": 64, ""mcx"": 76}",0.0021596250007860363,0.0033064999734051526,2.9875023756176233e-05,2.762500662356615e-05,0.006586332980077714,0.0,100.0,1.0
5468c25e,2026-10-07T23:04:23.821699,NEU-DET,pitted_surface,pitted_surface_78.jpg,4x4,4,4,8,FRQI,1024,aer,5,4,1,1092,705,384,"{""h"": 132, ""x"": 64, ""cx"": 384, ""tdg"": 192, ""t"": 256, ""ry"": 64}",0.0013516249600797892,0.006417666969355196,4.233303479850292e-05,8.958298712968826e-05,0.009692082996480167,0.0024658268685680673,26.080374194941815,0.6442192079063751
90767318,2026-10-07T23:04:23.846658,NEU-DET,pitted_surface,pitted_surface_78.jpg,4x4,4,4,8,NEQR,1024,aer,12,4,8,149,109,81,"{""h"": 4, ""x"": 64, ""mcx"": 81}",0.0013340419973246753,0.003179666993673891,2.6333029381930828e-05,2.5250017642974854e-05,0.0052432919619604945,0.0,100.0,1.0
487a813f,2026-10-07T23:04:23.867180,NEU-DET,pitted_surface,pitted_surface_79.jpg,4x4,4,4,8,FRQI,1024,aer,5,4,1,1092,705,384,"{""h"": 132, ""x"": 64, ""cx"": 384, ""tdg"": 192, ""t"": 256, ""ry"": 64}",0.0013965410180389881,0.005647749989293516,2.8499984182417393e-05,7.345800986513495e-05,0.008947958005592227,0.0038445284306317146,24.151569231016495,0.5521299314578632
73aa2161,2026-10-07T23:04:23.893169,NEU-DET,pitted_surface,pitted_surface_79.jpg,4x4,4,4,8,NEQR,1024,aer,12,4,8,157,117,89,"{""h"": 4, ""x"": 64, ""mcx"": 89}",0.0014679169980809093,0.004578249994665384,2.358399797230959e-05,2.19999928958714e-05,0.006773583008907735,0.0,100.0,1.0
4256f81c,2026-10-07T23:04:23.914480,NEU-DET,pitted_surface,pitted_surface_8.jpg,4x4,4,4,8,FRQI,1024,aer,5,4,1,1092,705,384,"{""h"": 132, ""x"": 64, ""cx"": 384, ""tdg"": 192, ""t"": 256, ""ry"": 64}",0.0013122079544700682,0.0057573330122977495,3.925000783056021e-05,7.775000995025039e-05,0.008964708016719669,0.0021597010550135354,26.656063595634762,0.8786443147026148
cc4a204c,2026-10-07T23:04:23.937398,NEU-DET,pitted_surface,pitted_surface_8.jpg,4x4,4,4,8,NEQR,1024,aer,12,4,8,139,99,71,"{""h"": 4, ""x"": 64, ""mcx"": 71}",0.0011762089561671019,0.0028672920307144523,2.779200440272689e-05,2.724997466430068e-05,0.005182291963137686,0.0,100.0,1.0
9ce1658b,2026-10-07T23:04:23.957531,NEU-DET,pitted_surface,pitted_surface_80.jpg,4x4,4,4,8,FRQI,1024,aer,5,4,1,1092,705,384,"{""h"": 132, ""x"": 64, ""cx"": 384, ""tdg"": 192, ""t"": 256, ""ry"": 64}",0.001372625003568828,0.0057916249497793615,3.708299482241273e-05,7.770804222673178e-05,0.009041209006682038,0.0036440873825350738,24.384112175119398,0.6743530806474205
d6dcfbf5,2026-10-07T23:04:23.980543,NEU-DET,pitted_surface,pitted_surface_80.jpg,4x4,4,4,8,NEQR,1024,aer,12,4,8,138,98,70,"{""h"": 4, ""x"": 64, ""mcx"": 70}",0.0012419160339049995,0.0029594580410048366,2.7375004719942808e-05,2.400000812485814e-05,0.0048832500469870865,0.0,100.0,1.0
dc6ae60d,2026-10-07T23:04:24.001905,NEU-DET,pitted_surface,pitted_surface_81.jpg,4x4,4,4,8,FRQI,1024,aer,5,4,1,1092,705,384,"{""h"": 132, ""x"": 64, ""cx"": 384, ""tdg"": 192, ""t"": 256, ""ry"": 64}",0.002566875016782433,0.005842084006872028,4.416704177856445e-05,8.42920271679759e-05,0.010482292040251195,0.0027862270541096977,25.54983495116309,0.9248544378022471
30919fa5,2026-10-07T23:04:24.030561,NEU-DET,pitted_surface,pitted_surface_81.jpg,4x4,4,4,8,NEQR,1024,aer,12,4,8,118,78,50,"{""h"": 4, ""x"": 64, ""mcx"": 50}",0.0009232920128852129,0.002190625004004687,2.8582988306879997e-05,2.4582957848906517e-05,0.003940708003938198,0.0,100.0,1.0
08a67f09,2026-10-07T23:04:24.048003,NEU-DET,pitted_surface,pitted_surface_82.jpg,4x4,4,4,8,FRQI,1024,aer,5,4,1,1092,705,384,"{""h"": 132, ""x"": 64, ""cx"": 384, ""tdg"": 192, ""t"": 256, ""ry"": 64}",0.0013710830244235694,0.005808125017210841,3.966700751334429e-05,8.116697426885366e-05,0.009055666043423116,0.003556970385708857,24.489197506075197,0.768305134233219
94a1609d,2026-10-07T23:04:24.071161,NEU-DET,pitted_surface,pitted_surface_82.jpg,4x4,4,4,8,NEQR,1024,aer,12,4,8,130,90,62,"{""h"": 4, ""x"": 64, ""mcx"": 62}",0.0011703749769367278,0.0033442499698139727,6.141699850559235e-05,4.6042026951909065e-05,0.0053482920047827065,0.0,100.0,1.0
f2369d1c,2026-10-07T23:04:24.091423,NEU-DET,pitted_surface,pitted_surface_83.jpg,4x4,4,4,8,FRQI,1024,aer,5,4,1,1092,705,384,"{""h"": 132, ""x"": 64, ""cx"": 384, ""tdg"": 192, ""t"": 256, ""ry"": 64}",0.0013028749963268638,0.005728999967686832,4.0000013541430235e-05,7.458298932760954e-05,0.00891362497350201,0.002965559352795363,25.278933795606537,0.900770844070295
5b75c724,2026-10-07T23:04:24.114197,NEU-DET,pitted_surface,pitted_surface_83.jpg,4x4,4,4,8,NEQR,1024,aer,12,4,8,137,97,69,"{""h"": 4, ""x"": 64, ""mcx"": 69}",0.0011617080308496952,0.0028121249633841217,2.787495031952858e-05,2.6416964828968048e-05,0.004995749972295016,0.0,100.0,1.0
b5a9dc1d,2026-10-07T23:04:24.133289,NEU-DET,pitted_surface,pitted_surface_84.jpg,4x4,4,4,8,FRQI,1024,aer,5,4,1,1092,705,384,"{""h"": 132, ""x"": 64, ""cx"": 384, ""tdg"": 192, ""t"": 256, ""ry"": 64}",0.0014040000387467444,0.005775708006694913,4.3625012040138245e-05,8.195801638066769e-05,0.009112708969041705,0.003079570076870485,25.11509908913591,0.9196093418762111
82568cb2,2026-10-07T23:04:24.156226,NEU-DET,pitted_surface,pitted_surface_84.jpg,4x4,4,4,8,NEQR,1024,aer,12,4,8,146,106,78,"{""h"": 4, ""x"": 64, ""mcx"": 78}",0.0015942919999361038,0.0028741249698214233,2.7375004719942808e-05,2.3291970137506723e-05,0.0051847079885192215,0.0,100.0,1.0
8401632d,2026-10-07T23:04:24.175292,NEU-DET,pitted_surface,pitted_surface_85.jpg,4x4,4,4,8,FRQI,1024,aer,5,4,1,1092,705,384,"{""h"": 132, ""x"": 64, ""cx"": 384, ""tdg"": 192, ""t"": 256, ""ry"": 64}",0.0013873749994672835,0.0056701250141486526,3.762502456083894e-05,7.19579984433949e-05,0.009072041022591293,0.0031736356609478843,24.98442932503066,0.9227353465204129
9ef009b1,2026-10-07T23:04:24.198375,NEU-DET,pitted_surface,pitted_surface_85.jpg,4x4,4,4,8,NEQR,1024,aer,12,4,8,134,94,66,"{""h"": 4, ""x"": 64, ""mcx"": 66}",0.0015114170382730663,0.00333558302372694,2.6250025257468224e-05,2.5500019546598196e-05,0.00555979204364121,0.0,100.0,1.0
1e5ac839,2026-10-07T23:04:24.218434,NEU-DET,pitted_surface,pitted_surface_86.jpg,4x4,4,4,8,FRQI,1024,aer,5,4,1,1092,705,384,"{""h"": 132, ""x"": 64, ""cx"": 384, ""tdg"": 192, ""t"": 256, ""ry"": 64}",0.0014291249681264162,0.005636833026073873,3.737496444955468e-05,7.191603071987629e-05,0.008940832980442792,0.0022827833117641558,26.415353110114758,0.9379041223174237
86d75835,2026-10-07T23:04:24.240735,NEU-DET,pitted_surface,pitted_surface_86.jpg,4x4,4,4,8,NEQR,1024,aer,12,4,8,131,91,63,"{""h"": 4, ""x"": 64, ""mcx"": 63}",0.0010769590153358877,0.002574124955572188,2.5917019229382277e-05,2.2540974896401167e-05,0.004253416962455958,0.0,100.0,1.0
c90647e7,2026-10-07T23:04:24.259929,NEU-DET,pitted_surface,pitted_surface_87.jpg,4x4,4,4,8,FRQI,1024,aer,5,4,1,1092,705,384,"{""h"": 132, ""x"": 64, ""cx"": 384, ""tdg"": 192, ""t"": 256, ""ry"": 64}",0.0013252500211820006,0.005696459033060819,7.979199290275574e-05,0.00014091702178120613,0.009101999981794506,0.002163832485695327,26.647763634148667,0.8661356823753683
b9206f93,2026-10-07T23:04:24.283214,NEU-DET,pitted_surface,pitted_surface_87.jpg,4x4,4,4,8,NEQR,1024,aer,12,4,8,134,94,66,"{""h"": 4, ""x"": 64, ""mcx"": 66}",0.0011058750096708536,0.0021543329930864275,2.516701351851225e-05,2.0916981156915426e-05,0.0038730830419808626,0.0,100.0,1.0
27dbf54f,2026-10-07T23:04:24.300862,NEU-DET,pitted_surface,pitted_surface_88.jpg,4x4,4,4,8,FRQI,1024,aer,5,4,1,1092,705,384,"{""h"": 132, ""x"": 64, ""cx"": 384, ""tdg"": 192, ""t"": 256, ""ry"": 64}",0.0020454999757930636,0.005625666992273182,3.791699418798089e-05,7.341598393395543e-05,0.009935708018019795,0.0025932077098496996,25.86162695868994,0.8459616927705715
2980bbb6,2026-10-07T23:04:24.324771,NEU-DET,pitted_surface,pitted_surface_88.jpg,4x4,4,4,8,NEQR,1024,aer,12,4,8,130,90,62,"{""h"": 4, ""x"": 64, ""mcx"": 62}",0.0011628329521045089,0.002556791005190462,2.8665992431342602e-05,2.5291985366493464e-05,0.004383291001431644,0.0,100.0,1.0
7db94d65,2026-10-07T23:04:24.343957,NEU-DET,pitted_surface,pitted_surface_89.jpg,4x4,4,4,8,FRQI,1024,aer,5,4,1,1092,705,384,"{""h"": 132, ""x"": 64, ""cx"": 384, ""tdg"": 192, ""t"": 256, ""ry"": 64}",0.0013240830157883465,0.005724208022002131,3.950000973418355e-05,7.64590222388506e-05,0.008930624986533076,0.002814408746338251,25.506128282275263,0.7846024960960195
646688a7,2026-10-07T23:04:24.366574,NEU-DET,pitted_surface,pitted_surface_89.jpg,4x4,4,4,8,NEQR,1024,aer,12,4,8,133,93,65,"{""h"": 4, ""x"": 64, ""mcx"": 65}",0.0011177079868502915,0.0023341660271398723,2.862501423805952e-05,2.258300082758069e-05,0.004070832976140082,0.0,100.0,1.0
4e9cb277,2026-10-07T23:04:24.385889,NEU-DET,pitted_surface,pitted_surface_9.jpg,4x4,4,4,8,FRQI,1024,aer,5,4,1,1092,705,384,"{""h"": 132, ""x"": 64, ""cx"": 384, ""tdg"": 192, ""t"": 256, ""ry"": 64}",0.0014566659810952842,0.005718541971873492,4.033301956951618e-05,7.800001185387373e-05,0.009190167009364814,0.0017534859171193236,27.56097717744798,0.9432856000938123
92229ae8,2026-10-07T23:04:24.409034,NEU-DET,pitted_surface,pitted_surface_9.jpg,4x4,4,4,8,NEQR,1024,aer,12,4,8,133,93,65,"{""h"": 4, ""x"": 64, ""mcx"": 65}",0.001126791990827769,0.0024751670425757766,2.9124959837645292e-05,2.6084017008543015e-05,0.004360416962299496,0.0,100.0,1.0
63513ff8,2026-10-07T23:04:24.427113,NEU-DET,pitted_surface,pitted_surface_90.jpg,4x4,4,4,8,FRQI,1024,aer,5,4,1,1092,705,384,"{""h"": 132, ""x"": 64, ""cx"": 384, ""tdg"": 192, ""t"": 256, ""ry"": 64}",0.0013202920090407133,0.0057247920194640756,4.4666987378150225e-05,8.041702676564455e-05,0.00921624997863546,0.0016755679117486846,27.75837965262309,0.9411441651820251
b6b6e815,2026-10-07T23:04:24.450058,NEU-DET,pitted_surface,pitted_surface_90.jpg,4x4,4,4,8,NEQR,1024,aer,12,4,8,132,92,64,"{""h"": 4, ""x"": 64, ""mcx"": 64}",0.0010990839800797403,0.0025257920497097075,2.7082976885139942e-05,2.4290988221764565e-05,0.004257957974914461,0.0,100.0,1.0
2f3e3159,2026-10-07T23:04:24.469206,NEU-DET,pitted_surface,pitted_surface_91.jpg,4x4,4,4,8,FRQI,1024,aer,5,4,1,1092,705,384,"{""h"": 132, ""x"": 64, ""cx"": 384, ""tdg"": 192, ""t"": 256, ""ry"": 64}",0.0013137910282239318,0.005732165998779237,3.774999640882015e-05,8.1458012573421e-05,0.008960832958109677,0.0012850330138039058,28.910857147228143,0.8019987927411565
51b1e8e7,2026-10-07T23:04:24.497315,NEU-DET,pitted_surface,pitted_surface_91.jpg,4x4,4,4,8,NEQR,1024,aer,12,4,8,132,92,64,"{""h"": 4, ""x"": 64, ""mcx"": 64}",0.0011071249609813094,0.0026554170181043446,2.9332994017750025e-05,2.766697434708476e-05,0.004597624996677041,0.0,100.0,1.0
6f00432a,2026-10-07T23:04:24.516570,NEU-DET,pitted_surface,pitted_surface_92.jpg,4x4,4,4,8,FRQI,1024,aer,5,4,1,1092,705,384,"{""h"": 132, ""x"": 64, ""cx"": 384, ""tdg"": 192, ""t"": 256, ""ry"": 64}",0.0026949580060318112,0.005953000043518841,4.7457986511290073e-05,9.120797039940953e-05,0.011941791977733374,0.0025867774807896296,25.872409284622684,0.8341906405648066
9ff30756,2026-10-07T23:04:24.542783,NEU-DET,pitted_surface,pitted_surface_92.jpg,4x4,4,4,8,NEQR,1024,aer,12,4,8,151,111,83,"{""h"": 4, ""x"": 64, ""mcx"": 83}",0.0017417919589206576,0.003072999999858439,3.258301876485348e-05,3.024999750778079e-05,0.006029208016116172,0.0,100.0,1.0
fe386329,2026-10-07T23:04:24.564183,NEU-DET,pitted_surface,pitted_surface_93.jpg,4x4,4,4,8,FRQI,1024,aer,5,4,1,1092,705,384,"{""h"": 132, ""x"": 64, ""cx"": 384, ""tdg"": 192, ""t"": 256, ""ry"": 64}",0.002541416964959353,0.008175083028618246,3.649998689070344e-05,8.508400060236454e-05,0.013832958007697016,0.002384291705978485,26.226406119574865,0.9094907744008288
2b06d6b9,2026-10-07T23:04:24.592413,NEU-DET,pitted_surface,pitted_surface_93.jpg,4x4,4,4,8,NEQR,1024,aer,12,4,8,146,106,78,"{""h"": 4, ""x"": 64, ""mcx"": 78}",0.00166562496451661,0.0031024159980006516,3.004097379744053e-05,2.7166970539838076e-05,0.005893125024158508,0.0,100.0,1.0
2085fac7,2026-10-07T23:04:24.612858,NEU-DET,pitted_surface,pitted_surface_94.jpg,4x4,4,4,8,FRQI,1024,aer,5,4,1,1092,705,384,"{""h"": 132, ""x"": 64, ""cx"": 384, ""tdg"": 192, ""t"": 256, ""ry"": 64}",0.0020383750088512897,0.009023791993968189,7.758400170132518e-05,0.00014412496238946915,0.013482042006216943,0.003136918576482557,25.034967539331934,0.6847628933443258
07f969c1,2026-10-07T23:04:24.643956,NEU-DET,pitted_surface,pitted_surface_94.jpg,4x4,4,4,8,NEQR,1024,aer,12,4,8,144,104,76,"{""h"": 4, ""x"": 64, ""mcx"": 76}",0.0013063339865766466,0.01472333399578929,7.137504871934652e-05,5.4750009439885616e-05,0.017223416012711823,0.0,100.0,1.0
56919956,2026-10-07T23:04:24.682822,NEU-DET,pitted_surface,pitted_surface_95.jpg,4x4,4,4,8,FRQI,1024,aer,5,4,1,1092,705,384,"{""h"": 132, ""x"": 64, ""cx"": 384, ""tdg"": 192, ""t"": 256, ""ry"": 64}",0.0015138749731704593,0.006157124997116625,4.2834028135985136e-05,8.033396443352103e-05,0.009707582998089492,0.003013180623785965,25.209748339548025,0.8942989887036172
121b255b,2026-10-07T23:04:24.708418,NEU-DET,pitted_surface,pitted_surface_95.jpg,4x4,4,4,8,NEQR,1024,aer,12,4,8,146,106,78,"{""h"": 4, ""x"": 64, ""mcx"": 78}",0.0013361670426093042,0.0032147919991984963,2.9875023756176233e-05,2.5500019546598196e-05,0.005270292051136494,0.0,100.0,1.0
3583cd01,2026-10-07T23:04:24.727525,NEU-DET,pitted_surface,pitted_surface_96.jpg,4x4,4,4,8,FRQI,1024,aer,5,4,1,1092,705,384,"{""h"": 132, ""x"": 64, ""cx"": 384, ""tdg"": 192, ""t"": 256, ""ry"": 64}",0.0016247500316239893,0.006195915979333222,7.233297219499946e-05,0.00025649997405707836,0.010033167025540024,0.003788547329354822,24.215272828505462,0.8250755312943556
a62ef055,2026-10-07T23:04:24.756733,NEU-DET,pitted_surface,pitted_surface_96.jpg,4x4,4,4,8,NEQR,1024,aer,12,4,8,145,105,77,"{""h"": 4, ""x"": 64, ""mcx"": 77}",0.0017261250177398324,0.0030590840033255517,2.7166970539838076e-05,2.7416972443461418e-05,0.00553954194765538,0.0,100.0,1.0
8be2cd8a,2026-10-07T23:04:24.776740,NEU-DET,pitted_surface,pitted_surface_97.jpg,4x4,4,4,8,FRQI,1024,aer,5,4,1,1092,705,384,"{""h"": 132, ""x"": 64, ""cx"": 384, ""tdg"": 192, ""t"": 256, ""ry"": 64}",0.001723958004731685,0.00579283299157396,4.5082997530698776e-05,8.712499402463436e-05,0.00973758299369365,0.0021426027124427554,26.690583496251165,0.8721381398579999
60703892,2026-10-07T23:04:24.801284,NEU-DET,pitted_surface,pitted_surface_97.jpg,4x4,4,4,8,NEQR,1024,aer,12,4,8,135,95,67,"{""h"": 4, ""x"": 64, ""mcx"": 67}",0.0011581670260056853,0.0021650000126101077,2.6166962925344706e-05,2.2874970454722643e-05,0.003977042040787637,0.0,100.0,1.0
ac8c0061,2026-10-07T23:04:24.822823,NEU-DET,pitted_surface,pitted_surface_98.jpg,4x4,4,4,8,FRQI,1024,aer,5,4,1,1092,705,384,"{""h"": 132, ""x"": 64, ""cx"": 384, ""tdg"": 192, ""t"": 256, ""ry"": 64}",0.0013627499574795365,0.006642833002842963,4.087504930794239e-05,9.408296318724751e-05,0.009973417036235332,0.0040806771211474736,23.89267766915379,0.4433301494596706
d367ae96,2026-10-07T23:04:24.848387,NEU-DET,pitted_surface,pitted_surface_98.jpg,4x4,4,4,8,NEQR,1024,aer,12,4,8,153,113,85,"{""h"": 4, ""x"": 64, ""mcx"": 85}",0.0026330840191803873,0.004785666998941451,3.3999967854470015e-05,3.166700480505824e-05,0.008435749972704798,0.0,100.0,1.0
b4451063,2026-10-07T23:04:24.874064,NEU-DET,pitted_surface,pitted_surface_99.jpg,4x4,4,4,8,FRQI,1024,aer,5,4,1,1092,705,384,"{""h"": 132, ""x"": 64, ""cx"": 384, ""tdg"": 192, ""t"": 256, ""ry"": 64}",0.002010083000641316,0.006553957995492965,4.3208012357354164e-05,8.220900781452656e-05,0.01057012501405552,0.002008390536546183,26.97151833670652,0.8740836825907713
74402542,2026-10-07T23:04:24.899555,NEU-DET,pitted_surface,pitted_surface_99.jpg,4x4,4,4,8,NEQR,1024,aer,12,4,8,124,84,56,"{""h"": 4, ""x"": 64, ""mcx"": 56}",0.0011149169877171516,0.002927916997577995,3.1542032957077026e-05,2.5667017325758934e-05,0.004955374985001981,0.0,100.0,1.0
ff1621d4,2026-10-07T23:04:24.919280,NEU-DET,rolled-in_scale,rolled-in_scale_117.jpg,4x4,4,4,8,FRQI,1024,aer,5,4,1,1092,705,384,"{""h"": 132, ""x"": 64, ""cx"": 384, ""tdg"": 192, ""t"": 256, ""ry"": 64}",0.0013759169960394502,0.006004041992127895,4.479201743379235e-05,8.762499783188105e-05,0.009304124978370965,0.002457846022784808,26.0944532793838,0.7170540483858265
41336095,2026-10-07T23:04:24.942679,NEU-DET,rolled-in_scale,rolled-in_scale_117.jpg,4x4,4,4,8,NEQR,1024,aer,12,4,8,141,101,73,"{""h"": 4, ""x"": 64, ""mcx"": 73}",0.0019370410009287298,0.0024294169852510095,2.5958986952900887e-05,2.3625034373253584e-05,0.005065665987785906,0.0,100.0,1.0
6976ffb7,2026-10-07T23:04:24.962238,NEU-DET,rolled-in_scale,rolled-in_scale_118.jpg,4x4,4,4,8,FRQI,1024,aer,5,4,1,1092,705,384,"{""h"": 132, ""x"": 64, ""cx"": 384, ""tdg"": 192, ""t"": 256, ""ry"": 64}",0.001438042032532394,0.0057757499744184315,3.62089485861361e-05,7.24999699741602e-05,0.00927437498467043,0.002084185414992323,26.810636475960884,0.8123624423572926
91ff04cf,2026-10-07T23:04:24.985519,NEU-DET,rolled-in_scale,rolled-in_scale_118.jpg,4x4,4,4,8,NEQR,1024,aer,12,4,8,135,95,67,"{""h"": 4, ""x"": 64, ""mcx"": 67}",0.0011562079889699817,0.002279917011037469,2.9125018045306206e-05,2.3667002096772194e-05,0.004394083982333541,0.0,100.0,1.0
213e2e41,2026-10-07T23:04:25.003720,NEU-DET,rolled-in_scale,rolled-in_scale_119.jpg,4x4,4,4,8,FRQI,1024,aer,5,4,1,1092,705,384,"{""h"": 132, ""x"": 64, ""cx"": 384, ""tdg"": 192, ""t"": 256, ""ry"": 64}",0.001294374989811331,0.005679916997905821,3.9834005292505026e-05,7.383298361673951e-05,0.00885625003138557,0.0021916868624561993,26.59221495635643,0.7423437825651233
2faac5d0,2026-10-07T23:04:25.026377,NEU-DET,rolled-in_scale,rolled-in_scale_119.jpg,4x4,4,4,8,NEQR,1024,aer,12,4,8,129,89,61,"{""h"": 4, ""x"": 64, ""mcx"": 61}",0.001062291965354234,0.0023218750138767064,2.616702113300562e-05,2.3250002413988113e-05,0.003993457998149097,0.0,100.0,1.0
7b68aba0,2026-10-07T23:04:25.044389,NEU-DET,rolled-in_scale,rolled-in_scale_12.jpg,4x4,4,4,8,FRQI,1024,aer,5,4,1,1092,705,384,"{""h"": 132, ""x"": 64, ""cx"": 384, ""tdg"": 192, ""t"": 256, ""ry"": 64}",0.0013026249944232404,0.0057464580168016255,4.1457999031990767e-05,7.604202255606651e-05,0.008943082997575402,0.003120789714552369,25.05735494034547,0.7623215304964396
2c4d05f0,2026-10-07T23:04:25.066920,NEU-DET,rolled-in_scale,rolled-in_scale_12.jpg,4x4,4,4,8,NEQR,1024,aer,12,4,8,126,86,58,"{""h"": 4, ""x"": 64, ""mcx"": 58}",0.0014570840285159647,0.002491625025868416,2.600002335384488e-05,2.300000051036477e-05,0.0045718749752268195,0.0,100.0,1.0
99d17475,2026-10-07T23:04:25.085480,NEU-DET,rolled-in_scale,rolled-in_scale_120.jpg,4x4,4,4,8,FRQI,1024,aer,5,4,1,1092,705,384,"{""h"": 132, ""x"": 64, ""cx"": 384, ""tdg"": 192, ""t"": 256, ""ry"": 64}",0.0018295840127393603,0.007350583036895841,3.912503598257899e-05,7.545796688646078e-05,0.012393791985232383,0.0029285551917826893,25.333465868107517,0.8244655922007429
4a4eff47,2026-10-07T23:04:25.115974,NEU-DET,rolled-in_scale,rolled-in_scale_120.jpg,4x4,4,4,8,NEQR,1024,aer,12,4,8,128,88,60,"{""h"": 4, ""x"": 64, ""mcx"": 60}",0.0010788330109789968,0.0022255000076256692,2.679100725799799e-05,2.2499996703118086e-05,0.004136167000979185,0.0,100.0,1.0
068597e4,2026-10-07T23:04:25.138037,NEU-DET,rolled-in_scale,rolled-in_scale_121.jpg,4x4,4,4,8,FRQI,1024,aer,5,4,1,1092,705,384,"{""h"": 132, ""x"": 64, ""cx"": 384, ""tdg"": 192, ""t"": 256, ""ry"": 64}",0.0013456249726004899,0.005673833016771823,3.679195651784539e-05,7.191702025011182e-05,0.008896250044927001,0.002865135616975908,25.42854816520204,0.7213426511935491
516a5016,2026-10-07T23:04:25.160635,NEU-DET,rolled-in_scale,rolled-in_scale_121.jpg,4x4,4,4,8,NEQR,1024,aer,12,4,8,130,90,62,"{""h"": 4, ""x"": 64, ""mcx"": 62}",0.001077542023267597,0.0024250420392490923,2.7834030333906412e-05,2.2666004952043295e-05,0.004114958981517702,0.0,100.0,1.0
be7d69fe,2026-10-07T23:04:25.180386,NEU-DET,rolled-in_scale,rolled-in_scale_122.jpg,4x4,4,4,8,FRQI,1024,aer,5,4,1,1092,705,384,"{""h"": 132, ""x"": 64, ""cx"": 384, ""tdg"": 192, ""t"": 256, ""ry"": 64}",0.001302375050727278,0.005610666004940867,3.7416990380734205e-05,7.237499812617898e-05,0.008790749998297542,0.002653372605200387,25.762017590565144,0.22709156670478228
e824df44,2026-10-07T23:04:25.203156,NEU-DET,rolled-in_scale,rolled-in_scale_122.jpg,4x4,4,4,8,NEQR,1024,aer,12,4,8,135,95,67,"{""h"": 4, ""x"": 64, ""mcx"": 67}",0.001139374973718077,0.002345166984014213,2.5457993615418673e-05,2.2083986550569534e-05,0.004180749994702637,0.0,100.0,1.0
034489e0,2026-10-07T23:04:25.223012,NEU-DET,rolled-in_scale,rolled-in_scale_123.jpg,4x4,4,4,8,FRQI,1024,aer,5,4,1,1092,705,384,"{""h"": 132, ""x"": 64, ""cx"": 384, ""tdg"": 192, ""t"": 256, ""ry"": 64}",0.0012870000209659338,0.005514541000593454,4.370801616460085e-05,7.866695523262024e-05,0.008679332968313247,0.0031670797075751215,24.993410063709263,0.7730763551469201
36c32682,2026-10-07T23:04:25.245351,NEU-DET,rolled-in_scale,rolled-in_scale_123.jpg,4x4,4,4,8,NEQR,1024,aer,12,4,8,127,87,59,"{""h"": 4, ""x"": 64, ""mcx"": 59}",0.001042374991811812,0.002323666005395353,2.4958979338407516e-05,2.295803278684616e-05,0.003965749987401068,0.0,100.0,1.0
78082316,2026-10-07T23:04:25.265250,NEU-DET,rolled-in_scale,rolled-in_scale_124.jpg,4x4,4,4,8,FRQI,1024,aer,5,4,1,1092,705,384,"{""h"": 132, ""x"": 64, ""cx"": 384, ""tdg"": 192, ""t"": 256, ""ry"": 64}",0.0013143339892849326,0.005644124990794808,3.991700941696763e-05,6.912503158673644e-05,0.008808500017039478,0.0024591576111854547,26.092136357693917,0.6863202819975064
a6d5f777,2026-10-07T23:04:25.287598,NEU-DET,rolled-in_scale,rolled-in_scale_124.jpg,4x4,4,4,8,NEQR,1024,aer,12,4,8,134,94,66,"{""h"": 4, ""x"": 64, ""mcx"": 66}",0.0011221659951843321,0.0023469169973395765,2.2374966647475958e-05,2.1750049199908972e-05,0.004065999994054437,0.0,100.0,1.0
aa81e553,2026-10-07T23:04:25.305270,NEU-DET,rolled-in_scale,rolled-in_scale_125.jpg,4x4,4,4,8,FRQI,1024,aer,5,4,1,1092,705,384,"{""h"": 132, ""x"": 64, ""cx"": 384, ""tdg"": 192, ""t"": 256, ""ry"": 64}",0.0012968750088475645,0.005994125036522746,4.3625012040138245e-05,7.929198909550905e-05,0.009179958025924861,0.0021207715863498905,26.73506103821793,0.5996788127148598
2e1ef558,2026-10-07T23:04:25.328251,NEU-DET,rolled-in_scale,rolled-in_scale_125.jpg,4x4,4,4,8,NEQR,1024,aer,12,4,8,137,97,69,"{""h"": 4, ""x"": 64, ""mcx"": 69}",0.0011674169800244272,0.0023645000183023512,2.5707995519042015e-05,2.1874962840229273e-05,0.004155709000770003,0.0,100.0,1.0
fa19a925,2026-10-07T23:04:25.348467,NEU-DET,rolled-in_scale,rolled-in_scale_126.jpg,4x4,4,4,8,FRQI,1024,aer,5,4,1,1092,705,384,"{""h"": 132, ""x"": 64, ""cx"": 384, ""tdg"": 192, ""t"": 256, ""ry"": 64}",0.001465124951209873,0.005812374991364777,8.116703247651458e-05,0.00014458299847319722,0.009440040972549468,0.0024893444694411688,26.039150026174887,0.606325521137984
25dab108,2026-10-07T23:04:25.374217,NEU-DET,rolled-in_scale,rolled-in_scale_126.jpg,4x4,4,4,8,NEQR,1024,aer,12,4,8,126,86,58,"{""h"": 4, ""x"": 64, ""mcx"": 58}",0.0010118749924004078,0.0036646249936893582,2.804200630635023e-05,2.6124995201826096e-05,0.005295542010571808,0.0,100.0,1.0
07e4fe3c,2026-10-07T23:04:25.393268,NEU-DET,rolled-in_scale,rolled-in_scale_127.jpg,4x4,4,4,8,FRQI,1024,aer,5,4,1,1092,705,384,"{""h"": 132, ""x"": 64, ""cx"": 384, ""tdg"": 192, ""t"": 256, ""ry"": 64}",0.0012992080301046371,0.005750207987148315,3.920897142961621e-05,7.437501335516572e-05,0.008922874985728413,0.0026561420933539593,25.757486956033887,0.5186682291392776
42efd2a0,2026-10-07T23:04:25.416032,NEU-DET,rolled-in_scale,rolled-in_scale_127.jpg,4x4,4,4,8,NEQR,1024,aer,12,4,8,123,83,55,"{""h"": 4, ""x"": 64, ""mcx"": 55}",0.0010585829732008278,0.002500374976079911,2.8375012334436178e-05,2.3917004000395536e-05,0.004199833027087152,0.0,100.0,1.0
d4481ccc,2026-10-07T23:04:25.435501,NEU-DET,rolled-in_scale,rolled-in_scale_128.jpg,4x4,4,4,8,FRQI,1024,aer,5,4,1,1092,705,384,"{""h"": 132, ""x"": 64, ""cx"": 384, ""tdg"": 192, ""t"": 256, ""ry"": 64}",0.0013484999653883278,0.005811500013805926,3.6582991015166044e-05,7.687503239139915e-05,0.009048916981555521,0.0036713896258864353,24.351695235882648,0.7910702841983299
7c0ddfec,2026-10-07T23:04:25.458813,NEU-DET,rolled-in_scale,rolled-in_scale_128.jpg,4x4,4,4,8,NEQR,1024,aer,12,4,8,142,102,74,"{""h"": 4, ""x"": 64, ""mcx"": 74}",0.001350458012893796,0.0024882919969968498,2.7665984816849232e-05,2.3333006538450718e-05,0.0045700829941779375,0.0,100.0,1.0
681107ba,2026-10-07T23:04:25.478441,NEU-DET,rolled-in_scale,rolled-in_scale_129.jpg,4x4,4,4,8,FRQI,1024,aer,5,4,1,1092,705,384,"{""h"": 132, ""x"": 64, ""cx"": 384, ""tdg"": 192, ""t"": 256, ""ry"": 64}",0.0013494170270860195,0.005745957954786718,4.220899427309632e-05,8.012499893084168e-05,0.00901929201791063,0.0022339627728191693,26.509240683260145,0.6128798145417093
ae88a921,2026-10-07T23:04:25.501617,NEU-DET,rolled-in_scale,rolled-in_scale_129.jpg,4x4,4,4,8,NEQR,1024,aer,12,4,8,126,86,58,"{""h"": 4, ""x"": 64, ""mcx"": 58}",0.001027541991788894,0.002401790989097208,2.7375004719942808e-05,2.3667002096772194e-05,0.004046791000291705,0.0,100.0,1.0
f73fde26,2026-10-07T23:04:25.519847,NEU-DET,rolled-in_scale,rolled-in_scale_13.jpg,4x4,4,4,8,FRQI,1024,aer,5,4,1,1092,705,384,"{""h"": 132, ""x"": 64, ""cx"": 384, ""tdg"": 192, ""t"": 256, ""ry"": 64}",0.001296917034778744,0.005692583974450827,4.191597690805793e-05,8.404196705669165e-05,0.008909708994906396,0.002403178609498069,26.192139502794113,0.7787886489074257
9ed53da6,2026-10-07T23:04:25.543898,NEU-DET,rolled-in_scale,rolled-in_scale_13.jpg,4x4,4,4,8,NEQR,1024,aer,12,4,8,134,94,66,"{""h"": 4, ""x"": 64, ""mcx"": 66}",0.0011161249713040888,0.0025304589653387666,2.8875016141682863e-05,2.37500062212348e-05,0.004269915982149541,0.0,100.0,1.0
85a6df9e,2026-10-07T23:04:25.563517,NEU-DET,rolled-in_scale,rolled-in_scale_130.jpg,4x4,4,4,8,FRQI,1024,aer,5,4,1,1092,705,384,"{""h"": 132, ""x"": 64, ""cx"": 384, ""tdg"": 192, ""t"": 256, ""ry"": 64}",0.0013402089825831354,0.005725916009396315,3.970903344452381e-05,7.337500574067235e-05,0.008951292023994029,0.003088089147981474,25.103101707982244,0.40766898269581664
46ea6552,2026-10-07T23:04:25.586625,NEU-DET,rolled-in_scale,rolled-in_scale_130.jpg,4x4,4,4,8,NEQR,1024,aer,12,4,8,128,88,60,"{""h"": 4, ""x"": 64, ""mcx"": 60}",0.0011063329875469208,0.0024954580003395677,2.6917026843875647e-05,2.3083994165062904e-05,0.004225375014357269,0.0,100.0,1.0
c309a549,2026-10-07T23:04:25.606069,NEU-DET,rolled-in_scale,rolled-in_scale_131.jpg,4x4,4,4,8,FRQI,1024,aer,5,4,1,1092,705,384,"{""h"": 132, ""x"": 64, ""cx"": 384, ""tdg"": 192, ""t"": 256, ""ry"": 64}",0.0012792079942300916,0.005680667003616691,4.079198697581887e-05,7.48750171624124e-05,0.008836208027787507,0.002170100894519439,26.635200740250113,0.5988300524164973
65c0cc38,2026-10-07T23:04:25.628830,NEU-DET,rolled-in_scale,rolled-in_scale_131.jpg,4x4,4,4,8,NEQR,1024,aer,12,4,8,131,91,63,"{""h"": 4, ""x"": 64, ""mcx"": 63}",0.0020961250411346555,0.002373875002376735,2.7250032871961594e-05,2.1874962840229273e-05,0.005412750004325062,0.0,100.0,1.0
873da4cb,2026-10-07T23:04:25.650406,NEU-DET,rolled-in_scale,rolled-in_scale_132.jpg,4x4,4,4,8,FRQI,1024,aer,5,4,1,1092,705,384,"{""h"": 132, ""x"": 64, ""cx"": 384, ""tdg"": 192, ""t"": 256, ""ry"": 64}",0.001335584034677595,0.005640749994199723,3.833399387076497e-05,7.162499241530895e-05,0.00884574995143339,0.002877059920082612,25.41051093031383,0.5403459338213839
f695f3ec,2026-10-07T23:04:25.673140,NEU-DET,rolled-in_scale,rolled-in_scale_132.jpg,4x4,4,4,8,NEQR,1024,aer,12,4,8,140,100,72,"{""h"": 4, ""x"": 64, ""mcx"": 72}",0.0012928330106660724,0.0026122090057469904,2.6999972760677338e-05,2.2750056814402342e-05,0.004564833012409508,0.0,100.0,1.0
ab7c8534,2026-10-07T23:04:25.691751,NEU-DET,rolled-in_scale,rolled-in_scale_133.jpg,4x4,4,4,8,FRQI,1024,aer,5,4,1,1092,705,384,"{""h"": 132, ""x"": 64, ""cx"": 384, ""tdg"": 192, ""t"": 256, ""ry"": 64}",0.001274749985896051,0.005572833004407585,3.8416008464992046e-05,7.1709044277668e-05,0.008698124962393194,0.002458485782722126,26.093322988658603,0.5901483868636767
44e0c41c,2026-10-07T23:04:25.714667,NEU-DET,rolled-in_scale,rolled-in_scale_133.jpg,4x4,4,4,8,NEQR,1024,aer,12,4,8,131,91,63,"{""h"": 4, ""x"": 64, ""mcx"": 63}",0.0011781249777413905,0.0023986250162124634,2.7582980692386627e-05,2.5749963242560625e-05,0.0044541250099428,0.0,100.0,1.0
8387ce0e,2026-10-07T23:04:25.737119,NEU-DET,rolled-in_scale,rolled-in_scale_134.jpg,4x4,4,4,8,FRQI,1024,aer,5,4,1,1092,705,384,"{""h"": 132, ""x"": 64, ""cx"": 384, ""tdg"": 192, ""t"": 256, ""ry"": 64}",0.001444874971639365,0.005926540994551033,4.591600736603141e-05,8.37499974295497e-05,0.00935516698518768,0.0024219321145965292,26.158380340539537,0.6404584025467269
e47f96e2,2026-10-07T23:04:25.761824,NEU-DET,rolled-in_scale,rolled-in_scale_134.jpg,4x4,4,4,8,NEQR,1024,aer,12,4,8,137,97,69,"{""h"": 4, ""x"": 64, ""mcx"": 69}",0.001915167027618736,0.002497917041182518,5.379098001867533e-05,4.437501775100827e-05,0.005336458038073033,0.0,100.0,1.0
dd24b29d,2026-10-07T23:04:25.785422,NEU-DET,rolled-in_scale,rolled-in_scale_135.jpg,4x4,4,4,8,FRQI,1024,aer,5,4,1,1092,705,384,"{""h"": 132, ""x"": 64, ""cx"": 384, ""tdg"": 192, ""t"": 256, ""ry"": 64}",0.0012986670481041074,0.005501249979715794,4.570803139358759e-05,8.27079638838768e-05,0.008609791984781623,0.003049149203033269,25.1582132392303,0.5639726557198086
32166486,2026-10-07T23:04:25.808318,NEU-DET,rolled-in_scale,rolled-in_scale_135.jpg,4x4,4,4,8,NEQR,1024,aer,12,4,8,132,92,64,"{""h"": 4, ""x"": 64, ""mcx"": 64}",0.001103250018786639,0.0031369170174002647,2.9791961424052715e-05,2.3291038814932108e-05,0.004891042015515268,0.0,100.0,1.0
67eb1dc1,2026-10-07T23:04:25.829402,NEU-DET,rolled-in_scale,rolled-in_scale_136.jpg,4x4,4,4,8,FRQI,1024,aer,5,4,1,1092,705,384,"{""h"": 132, ""x"": 64, ""cx"": 384, ""tdg"": 192, ""t"": 256, ""ry"": 64}",0.001352666993625462,0.005719749955460429,4.591699689626694e-05,8.120900020003319e-05,0.008989082998596132,0.00244611307216357,26.11523471469114,0.6723035783894278
98ed9b4c,2026-10-07T23:04:25.852056,NEU-DET,rolled-in_scale,rolled-in_scale_136.jpg,4x4,4,4,8,NEQR,1024,aer,12,4,8,129,89,61,"{""h"": 4, ""x"": 64, ""mcx"": 61}",0.0010847499943338335,0.0023572500213049352,2.808397402986884e-05,2.4541979655623436e-05,0.004085667023900896,0.0,100.0,1.0
4ddde152,2026-10-07T23:04:25.871357,NEU-DET,rolled-in_scale,rolled-in_scale_137.jpg,4x4,4,4,8,FRQI,1024,aer,5,4,1,1092,705,384,"{""h"": 132, ""x"": 64, ""cx"": 384, ""tdg"": 192, ""t"": 256, ""ry"": 64}",0.0013293329975567758,0.0056048749829642475,4.2584026232361794e-05,7.67909805290401e-05,0.00883754197275266,0.002558641235126477,25.91990605292156,0.6598821092215486
0d3a7461,2026-10-07T23:04:25.893923,NEU-DET,rolled-in_scale,rolled-in_scale_137.jpg,4x4,4,4,8,NEQR,1024,aer,12,4,8,136,96,68,"{""h"": 4, ""x"": 64, ""mcx"": 68}",0.0011432090541347861,0.002371374983340502,2.762500662356615e-05,2.4333014152944088e-05,0.004149749991483986,0.0,100.0,1.0
fbe8b45d,2026-10-07T23:04:25.915115,NEU-DET,rolled-in_scale,rolled-in_scale_138.jpg,4x4,4,4,8,FRQI,1024,aer,5,4,1,1092,705,384,"{""h"": 132, ""x"": 64, ""cx"": 384, ""tdg"": 192, ""t"": 256, ""ry"": 64}",0.0012627500109374523,0.005664333992172033,4.087499110028148e-05,7.845897926017642e-05,0.008833375002723187,0.002721359413185377,25.652140966417395,0.734236801811956
c27e8ada,2026-10-07T23:04:25.937630,NEU-DET,rolled-in_scale,rolled-in_scale_138.jpg,4x4,4,4,8,NEQR,1024,aer,12,4,8,126,86,58,"{""h"": 4, ""x"": 64, ""mcx"": 58}",0.0010430419933982193,0.0022989159915596247,2.883397974073887e-05,2.3459026124328375e-05,0.003960417001508176,0.0,100.0,1.0
a442a83c,2026-10-07T23:04:25.957962,NEU-DET,rolled-in_scale,rolled-in_scale_139.jpg,4x4,4,4,8,FRQI,1024,aer,5,4,1,1092,705,384,"{""h"": 132, ""x"": 64, ""cx"": 384, ""tdg"": 192, ""t"": 256, ""ry"": 64}",0.0012883329764008522,0.005680166999809444,4.0583021473139524e-05,7.47920130379498e-05,0.008861417009029537,0.0026788636326224293,25.720493935612396,0.8069550134853546
b0abad42,2026-10-07T23:04:25.980691,NEU-DET,rolled-in_scale,rolled-in_scale_139.jpg,4x4,4,4,8,NEQR,1024,aer,12,4,8,121,81,53,"{""h"": 4, ""x"": 64, ""mcx"": 53}",0.0009867920307442546,0.0023336249869316816,2.5082961656153202e-05,2.174999099224806e-05,0.0038978750235401094,0.0,100.0,1.0
186485d3,2026-10-07T23:04:25.998577,NEU-DET,rolled-in_scale,rolled-in_scale_14.jpg,4x4,4,4,8,FRQI,1024,aer,5,4,1,1092,705,384,"{""h"": 132, ""x"": 64, ""cx"": 384, ""tdg"": 192, ""t"": 256, ""ry"": 64}",0.001326582976616919,0.005710874975193292,4.445802187547088e-05,8.141697617247701e-05,0.008920416003093123,0.00254000727147109,25.951650400905937,0.5562460412555024
682f4e6c,2026-10-07T23:04:26.022021,NEU-DET,rolled-in_scale,rolled-in_scale_14.jpg,4x4,4,4,8,NEQR,1024,aer,12,4,8,131,91,63,"{""h"": 4, ""x"": 64, ""mcx"": 63}",0.0011708750389516354,0.0024845419684424996,2.679199678823352e-05,2.358399797230959e-05,0.0043163750087842345,0.0,100.0,1.0
1a02639c,2026-10-07T23:04:26.040273,NEU-DET,rolled-in_scale,rolled-in_scale_140.jpg,4x4,4,4,8,FRQI,1024,aer,5,4,1,1092,705,384,"{""h"": 132, ""x"": 64, ""cx"": 384, ""tdg"": 192, ""t"": 256, ""ry"": 64}",0.0012597090099006891,0.005666457989718765,3.670796286314726e-05,7.079198257997632e-05,0.008752125024329871,0.002726642204395975,25.64371847335686,0.6634695015670014
1fb2d350,2026-10-07T23:04:26.063453,NEU-DET,rolled-in_scale,rolled-in_scale_140.jpg,4x4,4,4,8,NEQR,1024,aer,12,4,8,124,84,56,"{""h"": 4, ""x"": 64, ""mcx"": 56}",0.0010528750135563314,0.0023940419778227806,2.5124987587332726e-05,2.154201501980424e-05,0.004055833967868239,0.0,100.0,1.0
12f8e195,2026-10-07T23:04:26.081927,NEU-DET,rolled-in_scale,rolled-in_scale_141.jpg,4x4,4,4,8,FRQI,1024,aer,5,4,1,1092,705,384,"{""h"": 132, ""x"": 64, ""cx"": 384, ""tdg"": 192, ""t"": 256, ""ry"": 64}",0.0012967499787919223,0.005604457983281463,3.779196413233876e-05,7.058295886963606e-05,0.008726457948796451,0.0029132886670609768,25.356164805970387,0.3879398969405269
781e2d10,2026-10-07T23:04:26.104798,NEU-DET,rolled-in_scale,rolled-in_scale_141.jpg,4x4,4,4,8,NEQR,1024,aer,12,4,8,119,79,51,"{""h"": 4, ""x"": 64, ""mcx"": 51}",0.0009662500233389437,0.0023130409535951912,2.6916968636214733e-05,2.345896791666746e-05,0.003865292004775256,0.0,100.0,1.0
4c4293a6,2026-10-07T23:04:26.122926,NEU-DET,rolled-in_scale,rolled-in_scale_142.jpg,4x4,4,4,8,FRQI,1024,aer,5,4,1,1092,705,384,"{""h"": 132, ""x"": 64, ""cx"": 384, ""tdg"": 192, ""t"": 256, ""ry"": 64}",0.0016980829532258213,0.0054535839590243995,4.1417020838707685e-05,7.624999852851033e-05,0.010245209035929292,0.0018171832416105167,27.40601276980479,0.8292973993896472
8f68b850,2026-10-07T23:04:26.147444,NEU-DET,rolled-in_scale,rolled-in_scale_142.jpg,4x4,4,4,8,NEQR,1024,aer,12,4,8,122,82,54,"{""h"": 4, ""x"": 64, ""mcx"": 54}",0.0009722080430947244,0.002989333006553352,2.6333029381930828e-05,2.3042026441544294e-05,0.004573250014800578,0.0,100.0,1.0
5ea3be61,2026-10-07T23:04:26.167864,NEU-DET,rolled-in_scale,rolled-in_scale_143.jpg,4x4,4,4,8,FRQI,1024,aer,5,4,1,1092,705,384,"{""h"": 132, ""x"": 64, ""cx"": 384, ""tdg"": 192, ""t"": 256, ""ry"": 64}",0.0013500000350177288,0.005831082991790026,3.98330157622695e-05,7.208401802927256e-05,0.009054833964910358,0.002845445283118991,25.458497613007683,0.6120363401256387
4720fff3,2026-10-07T23:04:26.191680,NEU-DET,rolled-in_scale,rolled-in_scale_143.jpg,4x4,4,4,8,NEQR,1024,aer,12,4,8,110,70,42,"{""h"": 4, ""x"": 64, ""mcx"": 42}",0.0008082909625954926,0.002185333985835314,2.579099964350462e-05,2.2082997020334005e-05,0.0035396249732002616,0.0,100.0,1.0
4ece5449,2026-10-07T23:04:26.209136,NEU-DET,rolled-in_scale,rolled-in_scale_144.jpg,4x4,4,4,8,FRQI,1024,aer,5,4,1,1092,705,384,"{""h"": 132, ""x"": 64, ""cx"": 384, ""tdg"": 192, ""t"": 256, ""ry"": 64}",0.0012945000198669732,0.0058019999996759,4.112499300390482e-05,7.287500193342566e-05,0.008964209002442658,0.0029678164206339364,25.275629665909424,0.5165629204715658
3f67f42c,2026-10-07T23:04:26.232363,NEU-DET,rolled-in_scale,rolled-in_scale_144.jpg,4x4,4,4,8,NEQR,1024,aer,12,4,8,119,79,51,"{""h"": 4, ""x"": 64, ""mcx"": 51}",0.0009755410137586296,0.0024411670165136456,2.7749978471547365e-05,2.520799171179533e-05,0.004037000006064773,0.0,100.0,1.0
3153ba8a,2026-10-07T23:04:26.250586,NEU-DET,rolled-in_scale,rolled-in_scale_145.jpg,4x4,4,4,8,FRQI,1024,aer,5,4,1,1092,705,384,"{""h"": 132, ""x"": 64, ""cx"": 384, ""tdg"": 192, ""t"": 256, ""ry"": 64}",0.0013633749913424253,0.005681959039065987,3.9041973650455475e-05,7.566699059680104e-05,0.008941833977587521,0.0025234211307163966,25.980102645502416,0.624762211936071
9c81eafd,2026-10-07T23:04:26.273868,NEU-DET,rolled-in_scale,rolled-in_scale_145.jpg,4x4,4,4,8,NEQR,1024,aer,12,4,8,149,109,81,"{""h"": 4, ""x"": 64, ""mcx"": 81}",0.0014233329566195607,0.0025187499704770744,2.520799171179533e-05,2.2333988454192877e-05,0.004645209002774209,0.0,100.0,1.0
6aa80724,2026-10-07T23:04:26.292864,NEU-DET,rolled-in_scale,rolled-in_scale_146.jpg,4x4,4,4,8,FRQI,1024,aer,5,4,1,1092,705,384,"{""h"": 132, ""x"": 64, ""cx"": 384, ""tdg"": 192, ""t"": 256, ""ry"": 64}",0.0013163749827072024,0.005702459020540118,3.9041973650455475e-05,7.20410025678575e-05,0.008885165967512876,0.002221261105327016,26.534003879001204,0.5644475647203148
0696ad12,2026-10-07T23:04:26.316224,NEU-DET,rolled-in_scale,rolled-in_scale_146.jpg,4x4,4,4,8,NEQR,1024,aer,12,4,8,132,92,64,"{""h"": 4, ""x"": 64, ""mcx"": 64}",0.0011268749949522316,0.0022909160470589995,2.2292020730674267e-05,2.0625011529773474e-05,0.004014541977085173,0.0,100.0,1.0
f923ba4d,2026-10-07T23:04:26.334476,NEU-DET,rolled-in_scale,rolled-in_scale_147.jpg,4x4,4,4,8,FRQI,1024,aer,5,4,1,1092,705,384,"{""h"": 132, ""x"": 64, ""cx"": 384, ""tdg"": 192, ""t"": 256, ""ry"": 64}",0.0013431250117719173,0.005735417013056576,4.287500632926822e-05,8.066697046160698e-05,0.008990625035949051,0.002866872399621658,25.42591636447806,0.7588411387581798
2277b40e,2026-10-07T23:04:26.358561,NEU-DET,rolled-in_scale,rolled-in_scale_147.jpg,4x4,4,4,8,NEQR,1024,aer,12,4,8,128,88,60,"{""h"": 4, ""x"": 64, ""mcx"": 60}",0.0011344170197844505,0.002518832974601537,2.5667017325758934e-05,2.4416949599981308e-05,0.0043198749772273,0.0,100.0,1.0
68354326,2026-10-07T23:04:26.377439,NEU-DET,rolled-in_scale,rolled-in_scale_148.jpg,4x4,4,4,8,FRQI,1024,aer,5,4,1,1092,705,384,"{""h"": 132, ""x"": 64, ""cx"": 384, ""tdg"": 192, ""t"": 256, ""ry"": 64}",0.0012897499836981297,0.005791958014015108,3.804202424362302e-05,7.208395982161164e-05,0.008934625016991049,0.002704192680439464,25.679623670682886,0.7886058849268802
6460adef,2026-10-07T23:04:26.400988,NEU-DET,rolled-in_scale,rolled-in_scale_148.jpg,4x4,4,4,8,NEQR,1024,aer,12,4,8,126,86,58,"{""h"": 4, ""x"": 64, ""mcx"": 58}",0.0010132919996976852,0.0023728329688310623,2.641702303662896e-05,2.3875036276876926e-05,0.004002624948043376,0.0,100.0,1.0
ae2a7200,2026-10-07T23:04:26.419840,NEU-DET,rolled-in_scale,rolled-in_scale_149.jpg,4x4,4,4,8,FRQI,1024,aer,5,4,1,1092,705,384,"{""h"": 132, ""x"": 64, ""cx"": 384, ""tdg"": 192, ""t"": 256, ""ry"": 64}",0.0014661250170320272,0.0057414170005358756,4.079198697581887e-05,8.441600948572159e-05,0.009155334031675011,0.0034084780757706453,24.674394951531152,0.7463906722840522
fbdaa65b,2026-10-07T23:04:26.443318,NEU-DET,rolled-in_scale,rolled-in_scale_149.jpg,4x4,4,4,8,NEQR,1024,aer,12,4,8,144,104,76,"{""h"": 4, ""x"": 64, ""mcx"": 76}",0.0013393340050242841,0.0026345839723944664,2.5582965463399887e-05,2.274999860674143e-05,0.0046696659992448986,0.0,100.0,1.0
e2682950,2026-10-07T23:04:26.463629,NEU-DET,rolled-in_scale,rolled-in_scale_15.jpg,4x4,4,4,8,FRQI,1024,aer,5,4,1,1092,705,384,"{""h"": 132, ""x"": 64, ""cx"": 384, ""tdg"": 192, ""t"": 256, ""ry"": 64}",0.0013944999664090574,0.005714584025554359,3.7833990063518286e-05,7.200002437457442e-05,0.009082957985810935,0.002251896546603724,26.474515650956285,0.5956917932153961
a7c0b211,2026-10-07T23:04:26.486687,NEU-DET,rolled-in_scale,rolled-in_scale_15.jpg,4x4,4,4,8,NEQR,1024,aer,12,4,8,118,78,50,"{""h"": 4, ""x"": 64, ""mcx"": 50}",0.0008888750453479588,0.0022993339807726443,2.4124979972839355e-05,2.150004729628563e-05,0.003730083000846207,0.0,100.0,1.0
b7622db6,2026-10-07T23:04:26.505831,NEU-DET,rolled-in_scale,rolled-in_scale_150.jpg,4x4,4,4,8,FRQI,1024,aer,5,4,1,1092,705,384,"{""h"": 132, ""x"": 64, ""cx"": 384, ""tdg"": 192, ""t"": 256, ""ry"": 64}",0.0013024170184507966,0.005912332970183343,3.829202614724636e-05,7.750000804662704e-05,0.009090750012546778,0.0027454427704767664,25.613876048503208,0.4842751597738024
53caac51,2026-10-07T23:04:26.529541,NEU-DET,rolled-in_scale,rolled-in_scale_150.jpg,4x4,4,4,8,NEQR,1024,aer,12,4,8,128,88,60,"{""h"": 4, ""x"": 64, ""mcx"": 60}",0.0011196670238859951,0.002433333022054285,2.4291977752000093e-05,2.1625019144266844e-05,0.0041929580038413405,0.0,100.0,1.0
33f2778a,2026-10-07T23:04:26.550887,NEU-DET,rolled-in_scale,rolled-in_scale_151.jpg,4x4,4,4,8,FRQI,1024,aer,5,4,1,1092,705,384,"{""h"": 132, ""x"": 64, ""cx"": 384, ""tdg"": 192, ""t"": 256, ""ry"": 64}",0.0013041250058449805,0.005648082995321602,3.829202614724636e-05,7.370795356109738e-05,0.008805749996099621,0.0027435690965258394,25.616840976650916,0.6387396808614961
0e11931c,2026-10-07T23:04:26.575216,NEU-DET,rolled-in_scale,rolled-in_scale_151.jpg,4x4,4,4,8,NEQR,1024,aer,12,4,8,132,92,64,"{""h"": 4, ""x"": 64, ""mcx"": 64}",0.001045707962475717,0.003738999948836863,3.712502075359225e-05,3.066600766032934e-05,0.005446249968372285,0.0,100.0,1.0
b1269e5a,2026-10-07T23:04:26.597659,NEU-DET,rolled-in_scale,rolled-in_scale_152.jpg,4x4,4,4,8,FRQI,1024,aer,5,4,1,1092,705,384,"{""h"": 132, ""x"": 64, ""cx"": 384, ""tdg"": 192, ""t"": 256, ""ry"": 64}",0.001270499953534454,0.005532625014893711,4.1499966755509377e-05,7.91659695096314e-05,0.00861029204679653,0.0026462770759912027,25.7736468536614,0.5519457609059429
37980072,2026-10-07T23:04:26.622310,NEU-DET,rolled-in_scale,rolled-in_scale_152.jpg,4x4,4,4,8,NEQR,1024,aer,12,4,8,132,92,64,"{""h"": 4, ""x"": 64, ""mcx"": 64}",0.0012630830169655383,0.00255220802500844,3.0082999728620052e-05,2.787495031952858e-05,0.004826958000194281,0.0,100.0,1.0
fba170a0,2026-10-07T23:04:26.644007,NEU-DET,rolled-in_scale,rolled-in_scale_153.jpg,4x4,4,4,8,FRQI,1024,aer,5,4,1,1092,705,384,"{""h"": 132, ""x"": 64, ""cx"": 384, ""tdg"": 192, ""t"": 256, ""ry"": 64}",0.002619542006868869,0.005721749970689416,4.833302227780223e-05,8.816696936264634e-05,0.011602000042330474,0.0027000715863384032,25.68624721344861,0.7473887239889202
02ab3913,2026-10-07T23:04:26.671972,NEU-DET,rolled-in_scale,rolled-in_scale_153.jpg,4x4,4,4,8,NEQR,1024,aer,12,4,8,128,88,60,"{""h"": 4, ""x"": 64, ""mcx"": 60}",0.001042082963977009,0.002452625019941479,5.641701864078641e-05,4.449998959898949e-05,0.004296500002965331,0.0,100.0,1.0
9997d727,2026-10-07T23:04:26.697426,NEU-DET,rolled-in_scale,rolled-in_scale_154.jpg,4x4,4,4,8,FRQI,1024,aer,5,4,1,1092,705,384,"{""h"": 132, ""x"": 64, ""cx"": 384, ""tdg"": 192, ""t"": 256, ""ry"": 64}",0.002570332959294319,0.010034625011030585,4.32920060120523e-05,8.679099846631289e-05,0.014460792008321732,0.0031136958558710503,25.067238113465255,0.793749485127733
b59ccb3a,2026-10-07T23:04:26.729879,NEU-DET,rolled-in_scale,rolled-in_scale_154.jpg,4x4,4,4,8,NEQR,1024,aer,12,4,8,132,92,64,"{""h"": 4, ""x"": 64, ""mcx"": 64}",0.0011452079634182155,0.003043208969756961,3.200001083314419e-05,2.7915986720472574e-05,0.005023500008974224,0.0,100.0,1.0
ed1623d0,2026-10-07T23:04:26.752637,NEU-DET,rolled-in_scale,rolled-in_scale_155.jpg,4x4,4,4,8,FRQI,1024,aer,5,4,1,1092,705,384,"{""h"": 132, ""x"": 64, ""cx"": 384, ""tdg"": 192, ""t"": 256, ""ry"": 64}",0.0012980420142412186,0.00790462497388944,4.1457999031990767e-05,8.179200813174248e-05,0.011015540978405625,0.0022557238829718643,26.46714062242189,0.8468296072671708
4c9d0feb,2026-10-07T23:04:26.781037,NEU-DET,rolled-in_scale,rolled-in_scale_155.jpg,4x4,4,4,8,NEQR,1024,aer,12,4,8,124,84,56,"{""h"": 4, ""x"": 64, ""mcx"": 56}",0.0009612090070731938,0.0024765420239418745,3.1833944376558065e-05,2.5209039449691772e-05,0.004080583981703967,0.0,100.0,1.0
4a8af95a,2026-10-07T23:04:26.802578,NEU-DET,rolled-in_scale,rolled-in_scale_156.jpg,4x4,4,4,8,FRQI,1024,aer,5,4,1,1092,705,384,"{""h"": 132, ""x"": 64, ""cx"": 384, ""tdg"": 192, ""t"": 256, ""ry"": 64}",0.0013475000159814954,0.006006083043757826,8.441699901595712e-05,9.166705422103405e-05,0.009354999987408519,0.0030783189655256035,25.11686381973454,0.5185764056787673
b8f22888,2026-10-07T23:04:26.826985,NEU-DET,rolled-in_scale,rolled-in_scale_156.jpg,4x4,4,4,8,NEQR,1024,aer,12,4,8,127,87,59,"{""h"": 4, ""x"": 64, ""mcx"": 59}",0.0010417080484330654,0.0023390419664792717,2.6165973395109177e-05,2.4374981876462698e-05,0.004140250035561621,0.0,100.0,1.0
94a0b30a,2026-10-07T23:04:26.851008,NEU-DET,rolled-in_scale,rolled-in_scale_157.jpg,4x4,4,4,8,FRQI,1024,aer,5,4,1,1092,705,384,"{""h"": 132, ""x"": 64, ""cx"": 384, ""tdg"": 192, ""t"": 256, ""ry"": 64}",0.0013546670088544488,0.006466333055868745,4.433299181982875e-05,8.625001646578312e-05,0.00976733397692442,0.002819994204856556,25.497517841634068,0.7204872105463058
19f244cd,2026-10-07T23:04:26.876487,NEU-DET,rolled-in_scale,rolled-in_scale_157.jpg,4x4,4,4,8,NEQR,1024,aer,12,4,8,124,84,56,"{""h"": 4, ""x"": 64, ""mcx"": 56}",0.0011188340140506625,0.002727709012106061,3.0792027246207e-05,2.924998989328742e-05,0.0047170420293696225,0.0,100.0,1.0
86723e1f,2026-10-07T23:04:26.896326,NEU-DET,rolled-in_scale,rolled-in_scale_158.jpg,4x4,4,4,8,FRQI,1024,aer,5,4,1,1092,705,384,"{""h"": 132, ""x"": 64, ""cx"": 384, ""tdg"": 192, ""t"": 256, ""ry"": 64}",0.0013620829558931291,0.005778042017482221,4.133401671424508e-05,8.07500327937305e-05,0.009065874968655407,0.0018918900057833844,27.231041170198274,0.7808873950946131
1d15ca1d,2026-10-07T23:04:26.921268,NEU-DET,rolled-in_scale,rolled-in_scale_158.jpg,4x4,4,4,8,NEQR,1024,aer,12,4,8,127,87,59,"{""h"": 4, ""x"": 64, ""mcx"": 59}",0.0011050840257667005,0.0024820839753374457,2.8333044610917568e-05,2.662499900907278e-05,0.004267791984602809,0.0,100.0,1.0
eaba4775,2026-10-07T23:04:26.944953,NEU-DET,rolled-in_scale,rolled-in_scale_159.jpg,4x4,4,4,8,FRQI,1024,aer,5,4,1,1092,705,384,"{""h"": 132, ""x"": 64, ""cx"": 384, ""tdg"": 192, ""t"": 256, ""ry"": 64}",0.0021887500188313425,0.0069747079978697,4.695798270404339e-05,8.600001456215978e-05,0.011080000025685877,0.0026151413725122264,25.825048285395837,0.5964364187686757
b91156d6,2026-10-07T23:04:26.973093,NEU-DET,rolled-in_scale,rolled-in_scale_159.jpg,4x4,4,4,8,NEQR,1024,aer,12,4,8,129,89,61,"{""h"": 4, ""x"": 64, ""mcx"": 61}",0.0011620830046012998,0.0024767499999143183,3.56250093318522e-05,2.7834030333906412e-05,0.004770874977111816,0.0,100.0,1.0
c81b3ca5,2026-10-07T23:04:26.992669,NEU-DET,rolled-in_scale,rolled-in_scale_16.jpg,4x4,4,4,8,FRQI,1024,aer,5,4,1,1092,705,384,"{""h"": 132, ""x"": 64, ""cx"": 384, ""tdg"": 192, ""t"": 256, ""ry"": 64}",0.0013409579987637699,0.005733542027883232,4.408304812386632e-05,8.416699711233377e-05,0.008992667018901557,0.002161076643814867,26.653298303422982,0.47651222463867365
213c4108,2026-10-07T23:04:27.016642,NEU-DET,rolled-in_scale,rolled-in_scale_16.jpg,4x4,4,4,8,NEQR,1024,aer,12,4,8,125,85,57,"{""h"": 4, ""x"": 64, ""mcx"": 57}",0.001089792000129819,0.0024044159799814224,2.5625049602240324e-05,2.320797648280859e-05,0.004124708997551352,0.0,100.0,1.0
2d3ed482,2026-10-07T23:04:27.037854,NEU-DET,rolled-in_scale,rolled-in_scale_160.jpg,4x4,4,4,8,FRQI,1024,aer,5,4,1,1092,705,384,"{""h"": 132, ""x"": 64, ""cx"": 384, ""tdg"": 192, ""t"": 256, ""ry"": 64}",0.0013444169890135527,0.005866374995093793,4.491599975153804e-05,7.837498560547829e-05,0.009107207995839417,0.00239453043841459,26.20779637990146,0.51083680472174
62c06b42,2026-10-07T23:04:27.061818,NEU-DET,rolled-in_scale,rolled-in_scale_160.jpg,4x4,4,4,8,NEQR,1024,aer,12,4,8,133,93,65,"{""h"": 4, ""x"": 64, ""mcx"": 65}",0.001647625002078712,0.002401583013124764,2.741598291322589e-05,2.462498378008604e-05,0.004760459007229656,0.0,100.0,1.0
6b2654a7,2026-10-07T23:04:27.083653,NEU-DET,rolled-in_scale,rolled-in_scale_161.jpg,4x4,4,4,8,FRQI,1024,aer,5,4,1,1092,705,384,"{""h"": 132, ""x"": 64, ""cx"": 384, ""tdg"": 192, ""t"": 256, ""ry"": 64}",0.001345416996628046,0.005721624998841435,4.39999857917428e-05,8.116697426885366e-05,0.00898445799248293,0.0026690540829267945,25.736426260331356,0.42728571901467216
deffc13a,2026-10-07T23:04:27.107998,NEU-DET,rolled-in_scale,rolled-in_scale_161.jpg,4x4,4,4,8,NEQR,1024,aer,12,4,8,119,79,51,"{""h"": 4, ""x"": 64, ""mcx"": 51}",0.0009394590160809457,0.0023409160203300416,2.5707995519042015e-05,2.462498378008604e-05,0.0038880000356584787,0.0,100.0,1.0
fd5ae1cc,2026-10-07T23:04:27.127316,NEU-DET,rolled-in_scale,rolled-in_scale_162.jpg,4x4,4,4,8,FRQI,1024,aer,5,4,1,1092,705,384,"{""h"": 132, ""x"": 64, ""cx"": 384, ""tdg"": 192, ""t"": 256, ""ry"": 64}",0.0012995830038562417,0.005819415964651853,4.2583036702126265e-05,7.912504952400923e-05,0.009012707974761724,0.002385881072744645,26.223512080831092,0.426412488324044
83441f13,2026-10-07T23:04:27.152866,NEU-DET,rolled-in_scale,rolled-in_scale_162.jpg,4x4,4,4,8,NEQR,1024,aer,12,4,8,113,73,45,"{""h"": 4, ""x"": 64, ""mcx"": 45}",0.0008874160121195018,0.0022439589956775308,2.5457993615418673e-05,2.4500011932104826e-05,0.003728999989107251,0.0,100.0,1.0
33c5abdc,2026-10-07T23:04:27.177008,NEU-DET,rolled-in_scale,rolled-in_scale_163.jpg,4x4,4,4,8,FRQI,1024,aer,5,4,1,1092,705,384,"{""h"": 132, ""x"": 64, ""cx"": 384, ""tdg"": 192, ""t"": 256, ""ry"": 64}",0.0018795409705489874,0.005908749997615814,4.287500632926822e-05,8.625001646578312e-05,0.009834082971792668,0.0022261094688355194,26.52453483064088,0.564329224169567
656ef5fa,2026-10-07T23:04:27.202494,NEU-DET,rolled-in_scale,rolled-in_scale_163.jpg,4x4,4,4,8,NEQR,1024,aer,12,4,8,120,80,52,"{""h"": 4, ""x"": 64, ""mcx"": 52}",0.0009553330019116402,0.002565500035416335,2.962502185255289e-05,2.5500019546598196e-05,0.004146624996792525,0.0,100.0,1.0
018139aa,2026-10-07T23:04:27.225108,NEU-DET,rolled-in_scale,rolled-in_scale_164.jpg,4x4,4,4,8,FRQI,1024,aer,5,4,1,1092,705,384,"{""h"": 132, ""x"": 64, ""cx"": 384, ""tdg"": 192, ""t"": 256, ""ry"": 64}",0.0013355829869396985,0.0059484170051291585,4.150002496317029e-05,8.450000314041972e-05,0.009206041984725744,0.002687010105789505,25.707307001911843,0.5212687072698172
1ade17e1,2026-10-07T23:04:27.252118,NEU-DET,rolled-in_scale,rolled-in_scale_164.jpg,4x4,4,4,8,NEQR,1024,aer,12,4,8,128,88,60,"{""h"": 4, ""x"": 64, ""mcx"": 60}",0.001075624953955412,0.00240004196530208,2.616702113300562e-05,2.379197394475341e-05,0.004157999996095896,0.0,100.0,1.0
525c998a,2026-10-07T23:04:27.273224,NEU-DET,rolled-in_scale,rolled-in_scale_165.jpg,4x4,4,4,8,FRQI,1024,aer,5,4,1,1092,705,384,"{""h"": 132, ""x"": 64, ""cx"": 384, ""tdg"": 192, ""t"": 256, ""ry"": 64}",0.0013607089640572667,0.005768833041656762,4.2082974687218666e-05,7.854198338463902e-05,0.009025082981679589,0.002724591258960854,25.646986410175835,0.5460773692785156
0f200d5b,2026-10-07T23:04:27.296869,NEU-DET,rolled-in_scale,rolled-in_scale_165.jpg,4x4,4,4,8,NEQR,1024,aer,12,4,8,127,87,59,"{""h"": 4, ""x"": 64, ""mcx"": 59}",0.0010942500084638596,0.002355292032007128,2.8416980057954788e-05,2.4084001779556274e-05,0.004089666996151209,0.0,100.0,1.0
5ebd6d7d,2026-10-07T23:04:27.315939,NEU-DET,rolled-in_scale,rolled-in_scale_166.jpg,4x4,4,4,8,FRQI,1024,aer,5,4,1,1092,705,384,"{""h"": 132, ""x"": 64, ""cx"": 384, ""tdg"": 192, ""t"": 256, ""ry"": 64}",0.0014375829487107694,0.005747791030444205,3.866601036861539e-05,7.48750171624124e-05,0.009129874990321696,0.00224040528110888,26.496734122781845,0.5866483603933017
f07dae4a,2026-10-07T23:04:27.340402,NEU-DET,rolled-in_scale,rolled-in_scale_166.jpg,4x4,4,4,8,NEQR,1024,aer,12,4,8,136,96,68,"{""h"": 4, ""x"": 64, ""mcx"": 68}",0.0011508750030770898,0.002391165995504707,2.5416025891900063e-05,2.341700019314885e-05,0.004195333051029593,0.0,100.0,1.0
b35f4c89,2026-10-07T23:04:27.360674,NEU-DET,rolled-in_scale,rolled-in_scale_167.jpg,4x4,4,4,8,FRQI,1024,aer,5,4,1,1092,705,384,"{""h"": 132, ""x"": 64, ""cx"": 384, ""tdg"": 192, ""t"": 256, ""ry"": 64}",0.0013579159858636558,0.005885957973077893,3.91670037060976e-05,7.929198909550905e-05,0.00944191700546071,0.0024697591830900147,26.073453910941225,0.5983432457857879
5c90198b,2026-10-07T23:04:27.384908,NEU-DET,rolled-in_scale,rolled-in_scale_167.jpg,4x4,4,4,8,NEQR,1024,aer,12,4,8,137,97,69,"{""h"": 4, ""x"": 64, ""mcx"": 69}",0.0011777079780586064,0.00240883301012218,2.6958994567394257e-05,2.4374981876462698e-05,0.004675832984503359,0.0,100.0,1.0
b3f06969,2026-10-07T23:04:27.405360,NEU-DET,rolled-in_scale,rolled-in_scale_168.jpg,4x4,4,4,8,FRQI,1024,aer,5,4,1,1092,705,384,"{""h"": 132, ""x"": 64, ""cx"": 384, ""tdg"": 192, ""t"": 256, ""ry"": 64}",0.0013735830434598029,0.0057467499864287674,3.958295565098524e-05,7.429096149280667e-05,0.009140415990259498,0.0027668895412926615,25.580081782513915,0.562654896290381
1915311e,2026-10-07T23:04:27.434090,NEU-DET,rolled-in_scale,rolled-in_scale_168.jpg,4x4,4,4,8,NEQR,1024,aer,12,4,8,131,91,63,"{""h"": 4, ""x"": 64, ""mcx"": 63}",0.0011064590071327984,0.0023972499766387045,2.662499900907278e-05,2.2458028979599476e-05,0.0041769579984247684,0.0,100.0,1.0
cfc50e2b,2026-10-07T23:04:27.457904,NEU-DET,rolled-in_scale,rolled-in_scale_169.jpg,4x4,4,4,8,FRQI,1024,aer,5,4,1,1092,705,384,"{""h"": 132, ""x"": 64, ""cx"": 384, ""tdg"": 192, ""t"": 256, ""ry"": 64}",0.0013693749788217247,0.006281291018240154,4.170800093561411e-05,8.408399298787117e-05,0.009586416999809444,0.0024856591397300403,26.04558426733741,0.7021905252666221
da48ca8e,2026-10-07T23:04:27.483578,NEU-DET,rolled-in_scale,rolled-in_scale_169.jpg,4x4,4,4,8,NEQR,1024,aer,12,4,8,129,89,61,"{""h"": 4, ""x"": 64, ""mcx"": 61}",0.0011087500024586916,0.002421625016722828,2.3916945792734623e-05,2.2916996385902166e-05,0.0041882499936036766,0.0,100.0,1.0
8d20307b,2026-10-07T23:04:27.508330,NEU-DET,rolled-in_scale,rolled-in_scale_17.jpg,4x4,4,4,8,FRQI,1024,aer,5,4,1,1092,705,384,"{""h"": 132, ""x"": 64, ""cx"": 384, ""tdg"": 192, ""t"": 256, ""ry"": 64}",0.0013184589915908873,0.0061261249938979745,4.2417028453201056e-05,8.162501035258174e-05,0.009913582995068282,0.002341318912495674,26.305394267544923,0.7169849707258237
214462e0,2026-10-07T23:04:27.537083,NEU-DET,rolled-in_scale,rolled-in_scale_17.jpg,4x4,4,4,8,NEQR,1024,aer,12,4,8,127,87,59,"{""h"": 4, ""x"": 64, ""mcx"": 59}",0.0010574170155450702,0.0025459580356255174,3.245798870921135e-05,2.5874993298202753e-05,0.004543791990727186,0.0,100.0,1.0
07ebf84b,2026-10-07T23:04:27.556853,NEU-DET,rolled-in_scale,rolled-in_scale_170.jpg,4x4,4,4,8,FRQI,1024,aer,5,4,1,1092,705,384,"{""h"": 132, ""x"": 64, ""cx"": 384, ""tdg"": 192, ""t"": 256, ""ry"": 64}",0.001336707966402173,0.005758875049650669,4.270899808034301e-05,8.129194611683488e-05,0.009025125007610768,0.002297960503395352,26.386574400971952,0.6390149249885526
08a4ccf3,2026-10-07T23:04:27.581052,NEU-DET,rolled-in_scale,rolled-in_scale_170.jpg,4x4,4,4,8,NEQR,1024,aer,12,4,8,120,80,52,"{""h"": 4, ""x"": 64, ""mcx"": 52}",0.0009556660079397261,0.002388875000178814,2.6333029381930828e-05,2.5083019863814116e-05,0.003978959051892161,0.0,100.0,1.0
d279f5c3,2026-10-07T23:04:27.601260,NEU-DET,rolled-in_scale,rolled-in_scale_171.jpg,4x4,4,4,8,FRQI,1024,aer,5,4,1,1092,705,384,"{""h"": 132, ""x"": 64, ""cx"": 384, ""tdg"": 192, ""t"": 256, ""ry"": 64}",0.0014611250371672213,0.005710750003345311,3.80830024369061e-05,7.720803841948509e-05,0.00912879197858274,0.0027033718726872675,25.680942091486628,0.676345096212531
6bbb0d33,2026-10-07T23:04:27.625292,NEU-DET,rolled-in_scale,rolled-in_scale_171.jpg,4x4,4,4,8,NEQR,1024,aer,12,4,8,125,85,57,"{""h"": 4, ""x"": 64, ""mcx"": 57}",0.00108299998100847,0.002473041007760912,3.0207971576601267e-05,2.5374989490956068e-05,0.00421112502226606,0.0,100.0,1.0
4835ea73,2026-10-07T23:04:27.644606,NEU-DET,rolled-in_scale,rolled-in_scale_172.jpg,4x4,4,4,8,FRQI,1024,aer,5,4,1,1092,705,384,"{""h"": 132, ""x"": 64, ""cx"": 384, ""tdg"": 192, ""t"": 256, ""ry"": 64}",0.0014898329973220825,0.005768125003669411,3.954197745770216e-05,7.37080117687583e-05,0.009254875010810792,0.0022944065899471633,26.39329618638872,0.8051413614017608
c838d613,2026-10-07T23:04:27.668801,NEU-DET,rolled-in_scale,rolled-in_scale_172.jpg,4x4,4,4,8,NEQR,1024,aer,12,4,8,126,86,58,"{""h"": 4, ""x"": 64, ""mcx"": 58}",0.0010176250361837447,0.0022987499833106995,2.516701351851225e-05,2.2083986550569534e-05,0.003914333996362984,0.0,100.0,1.0
74872d24,2026-10-07T23:04:27.687557,NEU-DET,rolled-in_scale,rolled-in_scale_173.jpg,4x4,4,4,8,FRQI,1024,aer,5,4,1,1092,705,384,"{""h"": 132, ""x"": 64, ""cx"": 384, ""tdg"": 192, ""t"": 256, ""ry"": 64}",0.0018632499850355089,0.00567433302057907,4.0000013541430235e-05,7.545901462435722e-05,0.010243750002700835,0.0029391351814472833,25.317804386955125,0.4305256795891177
2d4b1c81,2026-10-07T23:04:27.712708,NEU-DET,rolled-in_scale,rolled-in_scale_173.jpg,4x4,4,4,8,NEQR,1024,aer,12,4,8,124,84,56,"{""h"": 4, ""x"": 64, ""mcx"": 56}",0.0010755830444395542,0.0022807909990660846,2.5291985366493464e-05,2.216699067503214e-05,0.003941292001400143,0.0,100.0,1.0
94c64f26,2026-10-07T23:04:27.732435,NEU-DET,rolled-in_scale,rolled-in_scale_174.jpg,4x4,4,4,8,FRQI,1024,aer,5,4,1,1092,705,384,"{""h"": 132, ""x"": 64, ""cx"": 384, ""tdg"": 192, ""t"": 256, ""ry"": 64}",0.0023879999644123018,0.0058007079642266035,4.333397373557091e-05,8.295796578750014e-05,0.010076833015773445,0.002559313496800596,25.918765130219285,0.502277282239572
fbe7c24d,2026-10-07T23:04:27.757662,NEU-DET,rolled-in_scale,rolled-in_scale_174.jpg,4x4,4,4,8,NEQR,1024,aer,12,4,8,137,97,69,"{""h"": 4, ""x"": 64, ""mcx"": 69}",0.0012557919835671782,0.0024619169998914003,2.520799171179533e-05,2.316699828952551e-05,0.004367167013697326,0.0,100.0,1.0
d5bc1e60,2026-10-07T23:04:27.778056,NEU-DET,rolled-in_scale,rolled-in_scale_175.jpg,4x4,4,4,8,FRQI,1024,aer,5,4,1,1092,705,384,"{""h"": 132, ""x"": 64, ""cx"": 384, ""tdg"": 192, ""t"": 256, ""ry"": 64}",0.0013455000007525086,0.005758291983511299,3.787502646446228e-05,7.187505252659321e-05,0.008958292019087821,0.002305183133998883,26.372945666188844,0.759064256632377
5be48b95,2026-10-07T23:04:27.801661,NEU-DET,rolled-in_scale,rolled-in_scale_175.jpg,4x4,4,4,8,NEQR,1024,aer,12,4,8,131,91,63,"{""h"": 4, ""x"": 64, ""mcx"": 63}",0.0021303329849615693,0.0023301670444197953,2.508395118638873e-05,2.1084037143737078e-05,0.005377999972552061,0.0,100.0,1.0
19c1e9d9,2026-10-07T23:04:27.823896,NEU-DET,rolled-in_scale,rolled-in_scale_176.jpg,4x4,4,4,8,FRQI,1024,aer,5,4,1,1092,705,384,"{""h"": 132, ""x"": 64, ""cx"": 384, ""tdg"": 192, ""t"": 256, ""ry"": 64}",0.0012079589650966227,0.005670916987583041,3.69579647667706e-05,7.208297029137611e-05,0.008663790998980403,0.002863485062392376,25.43105078077973,0.7261371424456461
94901cdd,2026-10-07T23:04:27.847283,NEU-DET,rolled-in_scale,rolled-in_scale_176.jpg,4x4,4,4,8,NEQR,1024,aer,12,4,8,120,80,52,"{""h"": 4, ""x"": 64, ""mcx"": 52}",0.0009241669904440641,0.002233541978057474,2.379197394475341e-05,2.1875021047890186e-05,0.003716041042935103,0.0,100.0,1.0
a7ee3cc5,2026-10-07T23:04:27.867036,NEU-DET,rolled-in_scale,rolled-in_scale_177.jpg,4x4,4,4,8,FRQI,1024,aer,5,4,1,1092,705,384,"{""h"": 132, ""x"": 64, ""cx"": 384, ""tdg"": 192, ""t"": 256, ""ry"": 64}",0.001367541030049324,0.005687666998710483,3.8792029954493046e-05,7.441604975610971e-05,0.008957582991570234,0.002325718449795849,26.334428618780166,0.5166199859949419
c3847718,2026-10-07T23:04:27.890707,NEU-DET,rolled-in_scale,rolled-in_scale_177.jpg,4x4,4,4,8,NEQR,1024,aer,12,4,8,123,83,55,"{""h"": 4, ""x"": 64, ""mcx"": 55}",0.0010444159852340817,0.0024510420043952763,2.274999860674143e-05,2.0208011846989393e-05,0.004107499960809946,0.0,100.0,1.0
9350a738,2026-10-07T23:04:27.909562,NEU-DET,rolled-in_scale,rolled-in_scale_178.jpg,4x4,4,4,8,FRQI,1024,aer,5,4,1,1092,705,384,"{""h"": 132, ""x"": 64, ""cx"": 384, ""tdg"": 192, ""t"": 256, ""ry"": 64}",0.0014059579698368907,0.0056972079910337925,3.762502456083894e-05,7.145799463614821e-05,0.00909179198788479,0.0020208833979363577,26.944587439283907,0.7530306062652756
93170885,2026-10-07T23:04:27.934289,NEU-DET,rolled-in_scale,rolled-in_scale_178.jpg,4x4,4,4,8,NEQR,1024,aer,12,4,8,116,76,48,"{""h"": 4, ""x"": 64, ""mcx"": 48}",0.0009318329975940287,0.002307708957232535,2.7375004719942808e-05,2.400000812485814e-05,0.0038274999824352562,0.0,100.0,1.0
b6c7357e,2026-10-07T23:04:27.953100,NEU-DET,rolled-in_scale,rolled-in_scale_179.jpg,4x4,4,4,8,FRQI,1024,aer,5,4,1,1092,705,384,"{""h"": 132, ""x"": 64, ""cx"": 384, ""tdg"": 192, ""t"": 256, ""ry"": 64}",0.002506249991711229,0.005560874997172505,3.816699609160423e-05,7.420900510624051e-05,0.01124787499429658,0.0022826548706221953,26.41559747342443,0.6364127464949934
823ee0d4,2026-10-07T23:04:27.978914,NEU-DET,rolled-in_scale,rolled-in_scale_179.jpg,4x4,4,4,8,NEQR,1024,aer,12,4,8,121,81,53,"{""h"": 4, ""x"": 64, ""mcx"": 53}",0.0009492499521002173,0.0030578330042771995,3.720802487805486e-05,2.8709007892757654e-05,0.00780799996573478,0.0,100.0,1.0
47e7a87e,2026-10-07T23:04:28.005605,NEU-DET,rolled-in_scale,rolled-in_scale_18.jpg,4x4,4,4,8,FRQI,1024,aer,5,4,1,1092,705,384,"{""h"": 132, ""x"": 64, ""cx"": 384, ""tdg"": 192, ""t"": 256, ""ry"": 64}",0.002902165986597538,0.005662291019689292,4.087499110028148e-05,7.770804222673178e-05,0.010566833021584898,0.00213811695229513,26.69968543118226,0.6673699142272552
8c9e4a44,2026-10-07T23:04:28.031421,NEU-DET,rolled-in_scale,rolled-in_scale_18.jpg,4x4,4,4,8,NEQR,1024,aer,12,4,8,117,77,49,"{""h"": 4, ""x"": 64, ""mcx"": 49}",0.0009711250313557684,0.00358550000237301,2.7542002499103546e-05,2.2916996385902166e-05,0.005177249957341701,0.0,100.0,1.0
f104a7fa,2026-10-07T23:04:28.051688,NEU-DET,rolled-in_scale,rolled-in_scale_180.jpg,4x4,4,4,8,FRQI,1024,aer,5,4,1,1092,705,384,"{""h"": 132, ""x"": 64, ""cx"": 384, ""tdg"": 192, ""t"": 256, ""ry"": 64}",0.001311000029090792,0.005813249968923628,4.437495954334736e-05,8.287501987069845e-05,0.009022917016409338,0.0024111465004617097,26.17776401232177,0.606950219418238
e823bc3c,2026-10-07T23:04:28.075658,NEU-DET,rolled-in_scale,rolled-in_scale_180.jpg,4x4,4,4,8,NEQR,1024,aer,12,4,8,120,80,52,"{""h"": 4, ""x"": 64, ""mcx"": 52}",0.0009276249911636114,0.0022595409536734223,2.5416025891900063e-05,2.1792016923427582e-05,0.0037500840262509882,0.0,100.0,1.0
022ed2af,2026-10-07T23:04:28.095409,NEU-DET,rolled-in_scale,rolled-in_scale_181.jpg,4x4,4,4,8,FRQI,1024,aer,5,4,1,1092,705,384,"{""h"": 132, ""x"": 64, ""cx"": 384, ""tdg"": 192, ""t"": 256, ""ry"": 64}",0.0013078339979983866,0.005738375009968877,3.712496254593134e-05,7.262500002980232e-05,0.00893029203871265,0.0024351985295014422,26.13465627158865,0.6764484328109209
fbda6ba0,2026-10-07T23:04:28.118893,NEU-DET,rolled-in_scale,rolled-in_scale_181.jpg,4x4,4,4,8,NEQR,1024,aer,12,4,8,134,94,66,"{""h"": 4, ""x"": 64, ""mcx"": 66}",0.0012058750144205987,0.0024346669670194387,2.575002145022154e-05,2.31250305660069e-05,0.004262375005055219,0.0,100.0,1.0
e55dad1b,2026-10-07T23:04:28.139090,NEU-DET,rolled-in_scale,rolled-in_scale_182.jpg,4x4,4,4,8,FRQI,1024,aer,5,4,1,1092,705,384,"{""h"": 132, ""x"": 64, ""cx"": 384, ""tdg"": 192, ""t"": 256, ""ry"": 64}",0.001305999991018325,0.006292584002949297,4.054099554196e-05,7.341697346419096e-05,0.009471290977671742,0.0024187611186277337,26.16407021255588,0.6426855670978575
7fe921d4,2026-10-07T23:04:28.163111,NEU-DET,rolled-in_scale,rolled-in_scale_182.jpg,4x4,4,4,8,NEQR,1024,aer,12,4,8,125,85,57,"{""h"": 4, ""x"": 64, ""mcx"": 57}",0.0010142920073121786,0.002278542029671371,2.3291038814932108e-05,2.0332983694970608e-05,0.003859124961309135,0.0,100.0,1.0
559ed395,2026-10-07T23:04:28.182989,NEU-DET,rolled-in_scale,rolled-in_scale_183.jpg,4x4,4,4,8,FRQI,1024,aer,5,4,1,1092,705,384,"{""h"": 132, ""x"": 64, ""cx"": 384, ""tdg"": 192, ""t"": 256, ""ry"": 64}",0.0013596249627880752,0.0056976250489242375,3.787496825680137e-05,7.19579984433949e-05,0.008908791991416365,0.002595077616008009,25.85849648335796,0.5116238277092098
4143aa3a,2026-10-07T23:04:28.206935,NEU-DET,rolled-in_scale,rolled-in_scale_183.jpg,4x4,4,4,8,NEQR,1024,aer,12,4,8,122,82,54,"{""h"": 4, ""x"": 64, ""mcx"": 54}",0.0018842500285245478,0.0022595840273424983,2.5124987587332726e-05,2.1832995116710663e-05,0.00496195798041299,0.0,100.0,1.0
8c4d5d59,2026-10-07T23:04:28.227027,NEU-DET,rolled-in_scale,rolled-in_scale_184.jpg,4x4,4,4,8,FRQI,1024,aer,5,4,1,1092,705,384,"{""h"": 132, ""x"": 64, ""cx"": 384, ""tdg"": 192, ""t"": 256, ""ry"": 64}",0.0012992499978281558,0.005638917034957558,4.11659711971879e-05,7.624999852851033e-05,0.008823416021186858,0.002765000826710831,25.583047345090485,0.4697728024799413
7e775c30,2026-10-07T23:04:28.250583,NEU-DET,rolled-in_scale,rolled-in_scale_184.jpg,4x4,4,4,8,NEQR,1024,aer,12,4,8,127,87,59,"{""h"": 4, ""x"": 64, ""mcx"": 59}",0.0010293330415152013,0.0022668750025331974,2.4250010028481483e-05,2.2833002731204033e-05,0.0038817920139990747,0.0,100.0,1.0
79a6fa55,2026-10-07T23:04:28.269101,NEU-DET,rolled-in_scale,rolled-in_scale_185.jpg,4x4,4,4,8,FRQI,1024,aer,5,4,1,1092,705,384,"{""h"": 132, ""x"": 64, ""cx"": 384, ""tdg"": 192, ""t"": 256, ""ry"": 64}",0.0022594580077566206,0.005618957977276295,3.787502646446228e-05,7.374997949227691e-05,0.00979120802367106,0.0036105420549758125,24.424275920520444,0.5328685425610601
e42d56ae,2026-10-07T23:04:28.293634,NEU-DET,rolled-in_scale,rolled-in_scale_185.jpg,4x4,4,4,8,NEQR,1024,aer,12,4,8,144,104,76,"{""h"": 4, ""x"": 64, ""mcx"": 76}",0.0012422080035321414,0.0025689590256661177,2.6041001547127962e-05,2.1874962840229273e-05,0.0044473750167526305,0.0,100.0,1.0
d2e4154f,2026-10-07T23:04:28.312483,NEU-DET,rolled-in_scale,rolled-in_scale_186.jpg,4x4,4,4,8,FRQI,1024,aer,5,4,1,1092,705,384,"{""h"": 132, ""x"": 64, ""cx"": 384, ""tdg"": 192, ""t"": 256, ""ry"": 64}",0.0013745420146733522,0.007229999988339841,4.1457999031990767e-05,8.333398727700114e-05,0.01132616598624736,0.0028243605057378905,25.490798700635434,0.5690446830104584
2715ff6f,2026-10-07T23:04:28.340156,NEU-DET,rolled-in_scale,rolled-in_scale_186.jpg,4x4,4,4,8,NEQR,1024,aer,12,4,8,140,100,72,"{""h"": 4, ""x"": 64, ""mcx"": 72}",0.001226667023729533,0.002426916966214776,2.745899837464094e-05,2.295803278684616e-05,0.004620874999091029,0.0,100.0,1.0
78dbc873,2026-10-07T23:04:28.360138,NEU-DET,rolled-in_scale,rolled-in_scale_187.jpg,4x4,4,4,8,FRQI,1024,aer,5,4,1,1092,705,384,"{""h"": 132, ""x"": 64, ""cx"": 384, ""tdg"": 192, ""t"": 256, ""ry"": 64}",0.0014712909469380975,0.0059067499823868275,4.3083971831947565e-05,8.229201193898916e-05,0.009426207980141044,0.0020471248355243155,26.888556728595894,0.8224395617396741
dd551cfe,2026-10-07T23:04:28.385114,NEU-DET,rolled-in_scale,rolled-in_scale_187.jpg,4x4,4,4,8,NEQR,1024,aer,12,4,8,132,92,64,"{""h"": 4, ""x"": 64, ""mcx"": 64}",0.0011155420215800405,0.0024004169972613454,2.9875023756176233e-05,2.512504579499364e-05,0.004190957988612354,0.0,100.0,1.0
cc405c0a,2026-10-07T23:04:28.407679,NEU-DET,rolled-in_scale,rolled-in_scale_188.jpg,4x4,4,4,8,FRQI,1024,aer,5,4,1,1092,705,384,"{""h"": 132, ""x"": 64, ""cx"": 384, ""tdg"": 192, ""t"": 256, ""ry"": 64}",0.0013698340044356883,0.005815375014208257,3.845803439617157e-05,7.504195673391223e-05,0.009739542030729353,0.002245664108117825,26.48655202170729,0.3853958085936667
68c15808,2026-10-07T23:04:28.432762,NEU-DET,rolled-in_scale,rolled-in_scale_188.jpg,4x4,4,4,8,NEQR,1024,aer,12,4,8,128,88,60,"{""h"": 4, ""x"": 64, ""mcx"": 60}",0.0011424580006860197,0.0023359170299954712,2.9749993700534105e-05,2.512504579499364e-05,0.004164249985478818,0.0,100.0,1.0
d5aaa275,2026-10-07T23:04:28.452200,NEU-DET,rolled-in_scale,rolled-in_scale_189.jpg,4x4,4,4,8,FRQI,1024,aer,5,4,1,1092,705,384,"{""h"": 132, ""x"": 64, ""cx"": 384, ""tdg"": 192, ""t"": 256, ""ry"": 64}",0.0013162499526515603,0.005843207996804267,4.1499966755509377e-05,8.399999933317304e-05,0.00907887500943616,0.0019804020691397994,27.032466285859947,0.6899892574846676
df310d00,2026-10-07T23:04:28.477052,NEU-DET,rolled-in_scale,rolled-in_scale_189.jpg,4x4,4,4,8,NEQR,1024,aer,12,4,8,142,102,74,"{""h"": 4, ""x"": 64, ""mcx"": 74}",0.0012412919895723462,0.002340499951969832,2.7291011065244675e-05,2.5374989490956068e-05,0.004262207949068397,0.0,100.0,1.0
e93e19a0,2026-10-07T23:04:28.496663,NEU-DET,rolled-in_scale,rolled-in_scale_19.jpg,4x4,4,4,8,FRQI,1024,aer,5,4,1,1092,705,384,"{""h"": 132, ""x"": 64, ""cx"": 384, ""tdg"": 192, ""t"": 256, ""ry"": 64}",0.001509041991084814,0.005954166001174599,4.1000021155923605e-05,7.841701153665781e-05,0.009728292003273964,0.002393656963821199,26.209380884300863,0.5591840165475808
ff0c2c31,2026-10-07T23:04:28.522297,NEU-DET,rolled-in_scale,rolled-in_scale_19.jpg,4x4,4,4,8,NEQR,1024,aer,12,4,8,129,89,61,"{""h"": 4, ""x"": 64, ""mcx"": 61}",0.00208679202478379,0.0023050830350257456,2.462498378008604e-05,2.2249994799494743e-05,0.005341124953702092,0.0,100.0,1.0
2d63dfb8,2026-10-07T23:04:28.543903,NEU-DET,rolled-in_scale,rolled-in_scale_190.jpg,4x4,4,4,8,FRQI,1024,aer,5,4,1,1092,705,384,"{""h"": 132, ""x"": 64, ""cx"": 384, ""tdg"": 192, ""t"": 256, ""ry"": 64}",0.0013529169955290854,0.005657250003423542,3.954098792746663e-05,7.216603262349963e-05,0.00890900002559647,0.0027049980160876656,25.678330490795915,0.41577344216631257
b05293ac,2026-10-07T23:04:28.567967,NEU-DET,rolled-in_scale,rolled-in_scale_190.jpg,4x4,4,4,8,NEQR,1024,aer,12,4,8,142,102,74,"{""h"": 4, ""x"": 64, ""mcx"": 74}",0.0012304169940762222,0.00232954096281901,2.5541987270116806e-05,2.154201501980424e-05,0.004205458040814847,0.0,100.0,1.0
ee708f86,2026-10-07T23:04:28.589535,NEU-DET,rolled-in_scale,rolled-in_scale_191.jpg,4x4,4,4,8,FRQI,1024,aer,5,4,1,1092,705,384,"{""h"": 132, ""x"": 64, ""cx"": 384, ""tdg"": 192, ""t"": 256, ""ry"": 64}",0.0012710419832728803,0.0057873339974321425,4.2625004425644875e-05,8.39160056784749e-05,0.008879750035703182,0.002913805524491324,25.35539437623941,0.4864517216310546
83cfe190,2026-10-07T23:04:28.614449,NEU-DET,rolled-in_scale,rolled-in_scale_191.jpg,4x4,4,4,8,NEQR,1024,aer,12,4,8,149,109,81,"{""h"": 4, ""x"": 64, ""mcx"": 81}",0.002587915980257094,0.0024508750066161156,2.741598291322589e-05,2.4208042304962873e-05,0.006278291984926909,0.0,100.0,1.0
8cc5eb0d,2026-10-07T23:04:28.638142,NEU-DET,rolled-in_scale,rolled-in_scale_192.jpg,4x4,4,4,8,FRQI,1024,aer,5,4,1,1092,705,384,"{""h"": 132, ""x"": 64, ""cx"": 384, ""tdg"": 192, ""t"": 256, ""ry"": 64}",0.0014495000359602273,0.0058966249926015735,4.395795986056328e-05,8.587498450651765e-05,0.009297708980739117,0.0025029779419986223,26.015429776832235,0.5447006172302581
7d46275e,2026-10-07T23:04:28.662873,NEU-DET,rolled-in_scale,rolled-in_scale_192.jpg,4x4,4,4,8,NEQR,1024,aer,12,4,8,138,98,70,"{""h"": 4, ""x"": 64, ""mcx"": 70}",0.0011930830078199506,0.002378083998337388,2.5500019546598196e-05,2.2833002731204033e-05,0.004229999962262809,0.0,100.0,1.0
dcffc7f2,2026-10-07T23:04:28.683565,NEU-DET,rolled-in_scale,rolled-in_scale_193.jpg,4x4,4,4,8,FRQI,1024,aer,5,4,1,1092,705,384,"{""h"": 132, ""x"": 64, ""cx"": 384, ""tdg"": 192, ""t"": 256, ""ry"": 64}",0.001300124975387007,0.005729541997425258,4.074996104463935e-05,7.512501906603575e-05,0.00892033299896866,0.0022264013612174447,26.52396541147134,0.4134084389593398
47bee0b5,2026-10-07T23:04:28.708284,NEU-DET,rolled-in_scale,rolled-in_scale_193.jpg,4x4,4,4,8,NEQR,1024,aer,12,4,8,142,102,74,"{""h"": 4, ""x"": 64, ""mcx"": 74}",0.0013254579971544445,0.0024647920508868992,2.6916968636214733e-05,2.2916006855666637e-05,0.004499084025155753,0.0,100.0,1.0
ec27aba9,2026-10-07T23:04:28.728274,NEU-DET,rolled-in_scale,rolled-in_scale_194.jpg,4x4,4,4,8,FRQI,1024,aer,5,4,1,1092,705,384,"{""h"": 132, ""x"": 64, ""cx"": 384, ""tdg"": 192, ""t"": 256, ""ry"": 64}",0.0013894999865442514,0.0057251250254921615,3.9417005609720945e-05,7.258396362885833e-05,0.008994291012641042,0.002419580741627839,26.162598808674666,0.38268311365015323
87865ac7,2026-10-07T23:04:28.755489,NEU-DET,rolled-in_scale,rolled-in_scale_194.jpg,4x4,4,4,8,NEQR,1024,aer,12,4,8,147,107,79,"{""h"": 4, ""x"": 64, ""mcx"": 79}",0.0013017079909332097,0.0023304169881157577,2.6582973077893257e-05,2.4334003683179617e-05,0.004299416032154113,0.0,100.0,1.0
cde2bd8b,2026-10-07T23:04:28.776992,NEU-DET,rolled-in_scale,rolled-in_scale_195.jpg,4x4,4,4,8,FRQI,1024,aer,5,4,1,1092,705,384,"{""h"": 132, ""x"": 64, ""cx"": 384, ""tdg"": 192, ""t"": 256, ""ry"": 64}",0.0012921250308863819,0.00592108303681016,3.9792037568986416e-05,7.316598203033209e-05,0.00907983403885737,0.0032637217824017053,24.8628686999097,0.7330741030875967
f3ecc8ca,2026-10-07T23:04:28.801678,NEU-DET,rolled-in_scale,rolled-in_scale_195.jpg,4x4,4,4,8,NEQR,1024,aer,12,4,8,127,87,59,"{""h"": 4, ""x"": 64, ""mcx"": 59}",0.0011357079492881894,0.0022434169659391046,2.4999957531690598e-05,2.179195871576667e-05,0.004043709021061659,0.0,100.0,1.0
0f1ae958,2026-10-07T23:04:28.821646,NEU-DET,rolled-in_scale,rolled-in_scale_196.jpg,4x4,4,4,8,FRQI,1024,aer,5,4,1,1092,705,384,"{""h"": 132, ""x"": 64, ""cx"": 384, ""tdg"": 192, ""t"": 256, ""ry"": 64}",0.00127333402633667,0.005767832975834608,4.104204708710313e-05,7.329200161620975e-05,0.008904916001483798,0.002069528438009169,26.841286014518644,0.6043339613389729
86f89a7e,2026-10-07T23:04:28.845906,NEU-DET,rolled-in_scale,rolled-in_scale_196.jpg,4x4,4,4,8,NEQR,1024,aer,12,4,8,130,90,62,"{""h"": 4, ""x"": 64, ""mcx"": 62}",0.001154207973740995,0.002462209027726203,2.8875016141682863e-05,2.520799171179533e-05,0.004271916986908764,0.0,100.0,1.0
38b67f2f,2026-10-07T23:04:28.865710,NEU-DET,rolled-in_scale,rolled-in_scale_197.jpg,4x4,4,4,8,FRQI,1024,aer,5,4,1,1092,705,384,"{""h"": 132, ""x"": 64, ""cx"": 384, ""tdg"": 192, ""t"": 256, ""ry"": 64}",0.001265290949959308,0.005800209008157253,3.812497016042471e-05,7.395900320261717e-05,0.008911667042411864,0.002946903866758365,25.30634031376863,0.40029807954073515
6a7b5fb8,2026-10-07T23:04:28.890098,NEU-DET,rolled-in_scale,rolled-in_scale_197.jpg,4x4,4,4,8,NEQR,1024,aer,12,4,8,136,96,68,"{""h"": 4, ""x"": 64, ""mcx"": 68}",0.0013532089651562274,0.0023413749877363443,2.7541012968868017e-05,2.4625041987746954e-05,0.004350250004790723,0.0,100.0,1.0
ab283c89,2026-10-07T23:04:28.909622,NEU-DET,rolled-in_scale,rolled-in_scale_198.jpg,4x4,4,4,8,FRQI,1024,aer,5,4,1,1092,705,384,"{""h"": 132, ""x"": 64, ""cx"": 384, ""tdg"": 192, ""t"": 256, ""ry"": 64}",0.0013145830016583204,0.005861707963049412,3.929197555407882e-05,7.483398076146841e-05,0.00903441698756069,0.0026585220200511716,25.753597381532217,0.4918104349262286
6f6fdf57,2026-10-07T23:04:28.933625,NEU-DET,rolled-in_scale,rolled-in_scale_198.jpg,4x4,4,4,8,NEQR,1024,aer,12,4,8,147,107,79,"{""h"": 4, ""x"": 64, ""mcx"": 79}",0.001289999985601753,0.0023299999884329736,2.4999957531690598e-05,2.1625019144266844e-05,0.004260290996171534,0.0,100.0,1.0
cce0a858,2026-10-07T23:04:28.955448,NEU-DET,rolled-in_scale,rolled-in_scale_199.jpg,4x4,4,4,8,FRQI,1024,aer,5,4,1,1092,705,384,"{""h"": 132, ""x"": 64, ""cx"": 384, ""tdg"": 192, ""t"": 256, ""ry"": 64}",0.0013260419946163893,0.005676041007973254,3.97919793613255e-05,7.524999091401696e-05,0.008873458951711655,0.0020281876399776745,26.928918682552908,0.4873152166124002
8485e0d5,2026-10-07T23:04:28.979197,NEU-DET,rolled-in_scale,rolled-in_scale_199.jpg,4x4,4,4,8,NEQR,1024,aer,12,4,8,145,105,77,"{""h"": 4, ""x"": 64, ""mcx"": 77}",0.0012567919911816716,0.0023790000122971833,2.5749963242560625e-05,2.1458021365106106e-05,0.004270290955901146,0.0,100.0,1.0
087fc648,2026-10-07T23:04:28.999798,NEU-DET,rolled-in_scale,rolled-in_scale_2.jpg,4x4,4,4,8,FRQI,1024,aer,5,4,1,1092,705,384,"{""h"": 132, ""x"": 64, ""cx"": 384, ""tdg"": 192, ""t"": 256, ""ry"": 64}",0.0012981659965589643,0.0056556250201538205,3.954197745770216e-05,7.320899749174714e-05,0.008804958953987807,0.0024385966455890487,26.128600279279446,0.8347158992666993
bce6d2fd,2026-10-07T23:04:29.023917,NEU-DET,rolled-in_scale,rolled-in_scale_2.jpg,4x4,4,4,8,NEQR,1024,aer,12,4,8,127,87,59,"{""h"": 4, ""x"": 64, ""mcx"": 59}",0.0011023330152966082,0.0025474170106463134,2.695905277505517e-05,2.4582957848906517e-05,0.004292999976314604,0.0,100.0,1.0
39b6ea2a,2026-10-07T23:04:29.046865,NEU-DET,rolled-in_scale,rolled-in_scale_20.jpg,4x4,4,4,8,FRQI,1024,aer,5,4,1,1092,705,384,"{""h"": 132, ""x"": 64, ""cx"": 384, ""tdg"": 192, ""t"": 256, ""ry"": 64}",0.0013345410116016865,0.005776583973784,3.625004319474101e-05,7.133401231840253e-05,0.009013124974444509,0.002403582253294849,26.191410112341742,0.5135913311264202
7859bc28,2026-10-07T23:04:29.071454,NEU-DET,rolled-in_scale,rolled-in_scale_20.jpg,4x4,4,4,8,NEQR,1024,aer,12,4,8,123,83,55,"{""h"": 4, ""x"": 64, ""mcx"": 55}",0.0010392920230515301,0.0024680409696884453,2.6916968636214733e-05,2.370803849771619e-05,0.0041784580098465085,0.0,100.0,1.0
5130ec31,2026-10-07T23:04:29.093068,NEU-DET,rolled-in_scale,rolled-in_scale_200.jpg,4x4,4,4,8,FRQI,1024,aer,5,4,1,1092,705,384,"{""h"": 132, ""x"": 64, ""cx"": 384, ""tdg"": 192, ""t"": 256, ""ry"": 64}",0.0014331250567920506,0.005846792017109692,3.820803249254823e-05,7.724994793534279e-05,0.009241625026334077,0.0023544379132284083,26.281127574607233,0.5922826569757615
c67c9b77,2026-10-07T23:04:29.118867,NEU-DET,rolled-in_scale,rolled-in_scale_200.jpg,4x4,4,4,8,NEQR,1024,aer,12,4,8,139,99,71,"{""h"": 4, ""x"": 64, ""mcx"": 71}",0.0013051669811829925,0.002333209034986794,2.5083019863814116e-05,2.300000051036477e-05,0.004311540978960693,0.0,100.0,1.0
707b7a24,2026-10-07T23:04:29.140747,NEU-DET,rolled-in_scale,rolled-in_scale_201.jpg,4x4,4,4,8,FRQI,1024,aer,5,4,1,1092,705,384,"{""h"": 132, ""x"": 64, ""cx"": 384, ""tdg"": 192, ""t"": 256, ""ry"": 64}",0.001360666996333748,0.005786749999970198,4.237500252202153e-05,8.07089963927865e-05,0.009081541968043894,0.002144821652431572,26.68608814707718,0.3668097785753921
a9d75870,2026-10-07T23:04:29.165243,NEU-DET,rolled-in_scale,rolled-in_scale_201.jpg,4x4,4,4,8,NEQR,1024,aer,12,4,8,141,101,73,"{""h"": 4, ""x"": 64, ""mcx"": 73}",0.0012391670024953783,0.0023508750018663704,2.7416041120886803e-05,2.300000051036477e-05,0.004251790989656001,0.0,100.0,1.0
fdaf9ae0,2026-10-07T23:04:29.185412,NEU-DET,rolled-in_scale,rolled-in_scale_202.jpg,4x4,4,4,8,FRQI,1024,aer,5,4,1,1092,705,384,"{""h"": 132, ""x"": 64, ""cx"": 384, ""tdg"": 192, ""t"": 256, ""ry"": 64}",0.0013084160163998604,0.0057457080110907555,4.04169550165534e-05,8.037500083446503e-05,0.008984707994386554,0.0025608073281402034,25.916230960623388,0.4504503756232636
8a982a50,2026-10-07T23:04:29.209673,NEU-DET,rolled-in_scale,rolled-in_scale_202.jpg,4x4,4,4,8,NEQR,1024,aer,12,4,8,143,103,75,"{""h"": 4, ""x"": 64, ""mcx"": 75}",0.0012525829952210188,0.00240433297585696,2.8958020266145468e-05,2.3667002096772194e-05,0.0043322499841451645,0.0,100.0,1.0
574e0b5b,2026-10-07T23:04:29.231178,NEU-DET,rolled-in_scale,rolled-in_scale_203.jpg,4x4,4,4,8,FRQI,1024,aer,5,4,1,1092,705,384,"{""h"": 132, ""x"": 64, ""cx"": 384, ""tdg"": 192, ""t"": 256, ""ry"": 64}",0.0014419580111280084,0.005804832966532558,4.099996294826269e-05,7.90830235928297e-05,0.009176084015052766,0.0023459754475163154,26.29676537431052,0.5909829028558709
e3353081,2026-10-07T23:04:29.256430,NEU-DET,rolled-in_scale,rolled-in_scale_203.jpg,4x4,4,4,8,NEQR,1024,aer,12,4,8,142,102,74,"{""h"": 4, ""x"": 64, ""mcx"": 74}",0.0013380409800447524,0.0025216249632649124,2.6083027478307486e-05,2.320797648280859e-05,0.004559832974337041,0.0,100.0,1.0
f2d11f54,2026-10-07T23:04:29.279281,NEU-DET,rolled-in_scale,rolled-in_scale_204.jpg,4x4,4,4,8,FRQI,1024,aer,5,4,1,1092,705,384,"{""h"": 132, ""x"": 64, ""cx"": 384, ""tdg"": 192, ""t"": 256, ""ry"": 64}",0.001397542015183717,0.006119124998804182,4.470802377909422e-05,8.129200432449579e-05,0.009452500031329691,0.0026744933227063053,25.72758482052167,0.5116410107671008
caa654f1,2026-10-07T23:04:29.304266,NEU-DET,rolled-in_scale,rolled-in_scale_204.jpg,4x4,4,4,8,NEQR,1024,aer,12,4,8,145,105,77,"{""h"": 4, ""x"": 64, ""mcx"": 77}",0.001286375045310706,0.0023772920249029994,2.3458036594092846e-05,2.2292020730674267e-05,0.004335917008575052,0.0,100.0,1.0
618b257d,2026-10-07T23:04:29.326154,NEU-DET,rolled-in_scale,rolled-in_scale_205.jpg,4x4,4,4,8,FRQI,1024,aer,5,4,1,1092,705,384,"{""h"": 132, ""x"": 64, ""cx"": 384, ""tdg"": 192, ""t"": 256, ""ry"": 64}",0.001319750037509948,0.005689166020601988,3.57080134563148e-05,7.341697346419096e-05,0.008898459025658667,0.0020513906392387385,26.879516305572277,0.588399994668446
fed4d2d1,2026-10-07T23:04:29.350554,NEU-DET,rolled-in_scale,rolled-in_scale_205.jpg,4x4,4,4,8,NEQR,1024,aer,12,4,8,136,96,68,"{""h"": 4, ""x"": 64, ""mcx"": 68}",0.0011735419975593686,0.0026135839871130884,2.7125002816319466e-05,2.258300082758069e-05,0.004422582976985723,0.0,100.0,1.0
b3d08cd3,2026-10-07T23:04:29.370561,NEU-DET,rolled-in_scale,rolled-in_scale_206.jpg,4x4,4,4,8,FRQI,1024,aer,5,4,1,1092,705,384,"{""h"": 132, ""x"": 64, ""cx"": 384, ""tdg"": 192, ""t"": 256, ""ry"": 64}",0.0013224589638411999,0.005688500008545816,4.0166021790355444e-05,7.175002247095108e-05,0.008901250024791807,0.002468253613994299,26.076102184234642,0.6059238050872511
bdd99434,2026-10-07T23:04:29.394955,NEU-DET,rolled-in_scale,rolled-in_scale_206.jpg,4x4,4,4,8,NEQR,1024,aer,12,4,8,134,94,66,"{""h"": 4, ""x"": 64, ""mcx"": 66}",0.0011236669961363077,0.002256791980471462,2.5834015104919672e-05,2.666597720235586e-05,0.004027875023894012,0.0,100.0,1.0
69295ed6,2026-10-07T23:04:29.413883,NEU-DET,rolled-in_scale,rolled-in_scale_207.jpg,4x4,4,4,8,FRQI,1024,aer,5,4,1,1092,705,384,"{""h"": 132, ""x"": 64, ""cx"": 384, ""tdg"": 192, ""t"": 256, ""ry"": 64}",0.0013018340105190873,0.005580083001405001,3.666698466986418e-05,7.008295506238937e-05,0.008736124960705638,0.00257880088412682,25.8858218956558,0.6066355649915541
9ab4344a,2026-10-07T23:04:29.437995,NEU-DET,rolled-in_scale,rolled-in_scale_207.jpg,4x4,4,4,8,NEQR,1024,aer,12,4,8,132,92,64,"{""h"": 4, ""x"": 64, ""mcx"": 64}",0.001100707973819226,0.0021920419530943036,2.4250010028481483e-05,2.0832987502217293e-05,0.003891416999977082,0.0,100.0,1.0
6e2f788d,2026-10-07T23:04:29.457837,NEU-DET,rolled-in_scale,rolled-in_scale_208.jpg,4x4,4,4,8,FRQI,1024,aer,5,4,1,1092,705,384,"{""h"": 132, ""x"": 64, ""cx"": 384, ""tdg"": 192, ""t"": 256, ""ry"": 64}",0.0014153330121189356,0.005666457989718765,3.7792022339999676e-05,7.112498860806227e-05,0.009075041976757348,0.002007761306884622,26.972879196468575,0.5674788277313618
8829af6b,2026-10-07T23:04:29.481988,NEU-DET,rolled-in_scale,rolled-in_scale_208.jpg,4x4,4,4,8,NEQR,1024,aer,12,4,8,137,97,69,"{""h"": 4, ""x"": 64, ""mcx"": 69}",0.0011461660033091903,0.002438458031974733,2.60839588008821e-05,2.1916988771408796e-05,0.004241916001774371,0.0,100.0,1.0
b70f27f4,2026-10-07T23:04:29.501400,NEU-DET,rolled-in_scale,rolled-in_scale_209.jpg,4x4,4,4,8,FRQI,1024,aer,5,4,1,1092,705,384,"{""h"": 132, ""x"": 64, ""cx"": 384, ""tdg"": 192, ""t"": 256, ""ry"": 64}",0.00136133300838992,0.005843541992362589,3.958400338888168e-05,7.304095197468996e-05,0.00920358404982835,0.002398356896910559,26.20086189533366,0.40579242542504784
1463bea1,2026-10-07T23:04:29.525665,NEU-DET,rolled-in_scale,rolled-in_scale_209.jpg,4x4,4,4,8,NEQR,1024,aer,12,4,8,137,97,69,"{""h"": 4, ""x"": 64, ""mcx"": 69}",0.0011520000407472253,0.002140624972525984,2.5124987587332726e-05,2.1082989405840635e-05,0.003912458021659404,0.0,100.0,1.0
053387e1,2026-10-07T23:04:29.545084,NEU-DET,rolled-in_scale,rolled-in_scale_21.jpg,4x4,4,4,8,FRQI,1024,aer,5,4,1,1092,705,384,"{""h"": 132, ""x"": 64, ""cx"": 384, ""tdg"": 192, ""t"": 256, ""ry"": 64}",0.0014115829835645854,0.005647125013638288,3.845803439617157e-05,7.062498480081558e-05,0.008923791989218444,0.0021917806497328326,26.59202911582444,0.6831604001485666
bc61f6aa,2026-10-07T23:04:29.569131,NEU-DET,rolled-in_scale,rolled-in_scale_21.jpg,4x4,4,4,8,NEQR,1024,aer,12,4,8,119,79,51,"{""h"": 4, ""x"": 64, ""mcx"": 51}",0.0009138750028796494,0.0022541670477949083,2.3083004634827375e-05,2.1042011212557554e-05,0.0037130420096218586,0.0,100.0,1.0
0441372f,2026-10-07T23:04:29.588739,NEU-DET,rolled-in_scale,rolled-in_scale_210.jpg,4x4,4,4,8,FRQI,1024,aer,5,4,1,1092,705,384,"{""h"": 132, ""x"": 64, ""cx"": 384, ""tdg"": 192, ""t"": 256, ""ry"": 64}",0.0012801249977201223,0.005597582960035652,3.749999450519681e-05,6.958399899303913e-05,0.008755582966841757,0.0024504123280372865,26.10760831258169,0.473121380653527
24531592,2026-10-07T23:04:29.612276,NEU-DET,rolled-in_scale,rolled-in_scale_210.jpg,4x4,4,4,8,NEQR,1024,aer,12,4,8,140,100,72,"{""h"": 4, ""x"": 64, ""mcx"": 72}",0.0012005000025965273,0.0023968329769559205,2.400000812485814e-05,2.112501533702016e-05,0.0042292500147596,0.0,100.0,1.0
68a09955,2026-10-07T23:04:29.631780,NEU-DET,rolled-in_scale,rolled-in_scale_211.jpg,4x4,4,4,8,FRQI,1024,aer,5,4,1,1092,705,384,"{""h"": 132, ""x"": 64, ""cx"": 384, ""tdg"": 192, ""t"": 256, ""ry"": 64}",0.001365291012916714,0.005651333020068705,3.833300434052944e-05,7.179100066423416e-05,0.008877000014763325,0.0026213300305426472,25.814782970921783,0.531919800580927
5b042489,2026-10-07T23:04:29.655519,NEU-DET,rolled-in_scale,rolled-in_scale_211.jpg,4x4,4,4,8,NEQR,1024,aer,12,4,8,135,95,67,"{""h"": 4, ""x"": 64, ""mcx"": 67}",0.0011566670145839453,0.002385124971624464,2.4332955945283175e-05,2.0915991626679897e-05,0.004156458016950637,0.0,100.0,1.0
7ae46d88,2026-10-07T23:04:29.675994,NEU-DET,rolled-in_scale,rolled-in_scale_212.jpg,4x4,4,4,8,FRQI,1024,aer,5,4,1,1092,705,384,"{""h"": 132, ""x"": 64, ""cx"": 384, ""tdg"": 192, ""t"": 256, ""ry"": 64}",0.0012959170271642506,0.005726290983147919,3.825000021606684e-05,7.408298552036285e-05,0.008895833045244217,0.0025270154249344874,25.9739210713292,0.5754522402938914
2ae37152,2026-10-07T23:04:29.700224,NEU-DET,rolled-in_scale,rolled-in_scale_212.jpg,4x4,4,4,8,NEQR,1024,aer,12,4,8,144,104,76,"{""h"": 4, ""x"": 64, ""mcx"": 76}",0.0013169169542379677,0.0023826250107958913,2.6834022719413042e-05,2.2875028662383556e-05,0.00436891702702269,0.0,100.0,1.0
82e038a9,2026-10-07T23:04:29.721334,NEU-DET,rolled-in_scale,rolled-in_scale_213.jpg,4x4,4,4,8,FRQI,1024,aer,5,4,1,1092,705,384,"{""h"": 132, ""x"": 64, ""cx"": 384, ""tdg"": 192, ""t"": 256, ""ry"": 64}",0.001324417011346668,0.005749207979533821,3.91670037060976e-05,7.508398266509175e-05,0.008953417011070997,0.0025215280210437482,25.983362012835272,0.5500937622434637
33cc8514,2026-10-07T23:04:29.746246,NEU-DET,rolled-in_scale,rolled-in_scale_213.jpg,4x4,4,4,8,NEQR,1024,aer,12,4,8,139,99,71,"{""h"": 4, ""x"": 64, ""mcx"": 71}",0.0011964999721385539,0.0023081250255927444,2.662499900907278e-05,2.395902993157506e-05,0.004154416965320706,0.0,100.0,1.0
35ad8ca0,2026-10-07T23:04:29.767268,NEU-DET,rolled-in_scale,rolled-in_scale_214.jpg,4x4,4,4,8,FRQI,1024,aer,5,4,1,1092,705,384,"{""h"": 132, ""x"": 64, ""cx"": 384, ""tdg"": 192, ""t"": 256, ""ry"": 64}",0.0013027919922024012,0.005736999970395118,3.558304160833359e-05,7.437501335516572e-05,0.008930707990657538,0.002412685218303989,26.174993365542477,0.5693823998780069
cabdda03,2026-10-07T23:04:29.791600,NEU-DET,rolled-in_scale,rolled-in_scale_214.jpg,4x4,4,4,8,NEQR,1024,aer,12,4,8,132,92,64,"{""h"": 4, ""x"": 64, ""mcx"": 64}",0.0010986249544657767,0.0022637920337729156,2.624996704980731e-05,2.2500054910779e-05,0.003974416991695762,0.0,100.0,1.0
bf5c6627,2026-10-07T23:04:29.810896,NEU-DET,rolled-in_scale,rolled-in_scale_215.jpg,4x4,4,4,8,FRQI,1024,aer,5,4,1,1092,705,384,"{""h"": 132, ""x"": 64, ""cx"": 384, ""tdg"": 192, ""t"": 256, ""ry"": 64}",0.001296832982916385,0.00568966701393947,3.774999640882015e-05,7.279199780896306e-05,0.008867374970577657,0.002545773809271225,25.941801858156033,0.44641747045428926
e6844e60,2026-10-07T23:04:29.835576,NEU-DET,rolled-in_scale,rolled-in_scale_215.jpg,4x4,4,4,8,NEQR,1024,aer,12,4,8,146,106,78,"{""h"": 4, ""x"": 64, ""mcx"": 78}",0.0012739580124616623,0.0023610839853063226,2.3875036276876926e-05,2.2082997020334005e-05,0.0042845000280067325,0.0,100.0,1.0
7fc92ca2,2026-10-07T23:04:29.855937,NEU-DET,rolled-in_scale,rolled-in_scale_216.jpg,4x4,4,4,8,FRQI,1024,aer,5,4,1,1092,705,384,"{""h"": 132, ""x"": 64, ""cx"": 384, ""tdg"": 192, ""t"": 256, ""ry"": 64}",0.001329416991211474,0.0056636250228621066,3.766699228435755e-05,7.079099304974079e-05,0.008869624987710267,0.002749829731886619,25.60694196639339,0.45433939286116054
4c5c006a,2026-10-07T23:04:29.880754,NEU-DET,rolled-in_scale,rolled-in_scale_216.jpg,4x4,4,4,8,NEQR,1024,aer,12,4,8,145,105,77,"{""h"": 4, ""x"": 64, ""mcx"": 77}",0.0013517499901354313,0.0025611669989302754,2.745899837464094e-05,2.4457986000925303e-05,0.004605082969646901,0.0,100.0,1.0
e811fb49,2026-10-07T23:04:29.900855,NEU-DET,rolled-in_scale,rolled-in_scale_217.jpg,4x4,4,4,8,FRQI,1024,aer,5,4,1,1092,705,384,"{""h"": 132, ""x"": 64, ""cx"": 384, ""tdg"": 192, ""t"": 256, ""ry"": 64}",0.0013077090261504054,0.005862416990566999,4.587502917274833e-05,8.150003850460052e-05,0.009098082955460995,0.001268059196144858,28.968604720386843,0.7118095545887222
303ce97e,2026-10-07T23:04:29.925578,NEU-DET,rolled-in_scale,rolled-in_scale_217.jpg,4x4,4,4,8,NEQR,1024,aer,12,4,8,121,81,53,"{""h"": 4, ""x"": 64, ""mcx"": 53}",0.0009538750164210796,0.0019469999824650586,2.5082961656153202e-05,2.0749983377754688e-05,0.0034954999573528767,0.0,100.0,1.0
4d42e688,2026-10-07T23:04:29.945051,NEU-DET,rolled-in_scale,rolled-in_scale_218.jpg,4x4,4,4,8,FRQI,1024,aer,5,4,1,1092,705,384,"{""h"": 132, ""x"": 64, ""cx"": 384, ""tdg"": 192, ""t"": 256, ""ry"": 64}",0.0013163749827072024,0.005736083956435323,3.9000005926936865e-05,7.583305705338717e-05,0.00893700000597164,0.00293395289706176,25.32546862786658,0.3841868136044162
22c0dda6,2026-10-07T23:04:29.970546,NEU-DET,rolled-in_scale,rolled-in_scale_218.jpg,4x4,4,4,8,NEQR,1024,aer,12,4,8,131,91,63,"{""h"": 4, ""x"": 64, ""mcx"": 63}",0.0011001250240951777,0.002068875008262694,2.5042041670531034e-05,2.19999928958714e-05,0.003777582955081016,0.0,100.0,1.0
3c139b27,2026-10-07T23:04:29.989762,NEU-DET,rolled-in_scale,rolled-in_scale_219.jpg,4x4,4,4,8,FRQI,1024,aer,5,4,1,1092,705,384,"{""h"": 132, ""x"": 64, ""cx"": 384, ""tdg"": 192, ""t"": 256, ""ry"": 64}",0.0014382499502971768,0.0058086669887416065,4.129199078306556e-05,8.054199861362576e-05,0.009181125031318516,0.0013776574052843473,28.608587689981448,0.6054276781950502
030cd9a6,2026-10-07T23:04:30.014409,NEU-DET,rolled-in_scale,rolled-in_scale_219.jpg,4x4,4,4,8,NEQR,1024,aer,12,4,8,130,90,62,"{""h"": 4, ""x"": 64, ""mcx"": 62}",0.0013784169568680227,0.002048916998319328,2.524995943531394e-05,2.1499989088624716e-05,0.004481166950426996,0.0,100.0,1.0
c9510691,2026-10-07T23:04:30.034134,NEU-DET,rolled-in_scale,rolled-in_scale_22.jpg,4x4,4,4,8,FRQI,1024,aer,5,4,1,1092,705,384,"{""h"": 132, ""x"": 64, ""cx"": 384, ""tdg"": 192, ""t"": 256, ""ry"": 64}",0.0013659580145031214,0.005876999988686293,4.091695882380009e-05,7.758400170132518e-05,0.009199708991218358,0.00199456692313864,27.001513873500187,0.5086662121302223
bfb6c4e1,2026-10-07T23:04:30.059433,NEU-DET,rolled-in_scale,rolled-in_scale_22.jpg,4x4,4,4,8,NEQR,1024,aer,12,4,8,145,105,77,"{""h"": 4, ""x"": 64, ""mcx"": 77}",0.0011988329933956265,0.0023991669877432287,2.5290995836257935e-05,2.212502295151353e-05,0.004229457990732044,0.0,100.0,1.0
fd74ae4f,2026-10-07T23:04:30.079098,NEU-DET,rolled-in_scale,rolled-in_scale_220.jpg,4x4,4,4,8,FRQI,1024,aer,5,4,1,1092,705,384,"{""h"": 132, ""x"": 64, ""cx"": 384, ""tdg"": 192, ""t"": 256, ""ry"": 64}",0.0012760000536218286,0.00568516697967425,3.745901631191373e-05,7.150002056732774e-05,0.008807874983176589,0.001860769137815532,27.30307505639899,0.471461408662127
fdf4f115,2026-10-07T23:04:30.103235,NEU-DET,rolled-in_scale,rolled-in_scale_220.jpg,4x4,4,4,8,NEQR,1024,aer,12,4,8,121,81,53,"{""h"": 4, ""x"": 64, ""mcx"": 53}",0.0010089169954881072,0.0019257920212112367,2.49580480158329e-05,2.166605554521084e-05,0.003532000002451241,0.0,100.0,1.0
ee5c5430,2026-10-07T23:04:30.122430,NEU-DET,rolled-in_scale,rolled-in_scale_221.jpg,4x4,4,4,8,FRQI,1024,aer,5,4,1,1092,705,384,"{""h"": 132, ""x"": 64, ""cx"": 384, ""tdg"": 192, ""t"": 256, ""ry"": 64}",0.0012584999785758555,0.0063961250125430524,3.6375015042722225e-05,7.241603452712297e-05,0.009506332979071885,0.0018449660571057981,27.340116193950305,0.605117846930449
d6121fc1,2026-10-07T23:04:30.147553,NEU-DET,rolled-in_scale,rolled-in_scale_221.jpg,4x4,4,4,8,NEQR,1024,aer,12,4,8,118,78,50,"{""h"": 4, ""x"": 64, ""mcx"": 50}",0.000903833017218858,0.0018349169986322522,2.641702303662896e-05,2.3333996068686247e-05,0.0033171249669976532,0.0,100.0,1.0
9da7ba40,2026-10-07T23:04:30.166380,NEU-DET,rolled-in_scale,rolled-in_scale_222.jpg,4x4,4,4,8,FRQI,1024,aer,5,4,1,1092,705,384,"{""h"": 132, ""x"": 64, ""cx"": 384, ""tdg"": 192, ""t"": 256, ""ry"": 64}",0.0013155839988030493,0.005752124998252839,3.8624973967671394e-05,7.19169620424509e-05,0.008944041968788952,0.002469025587012415,26.074744093630372,0.5152843525432961
e7c2ae0c,2026-10-07T23:04:30.190084,NEU-DET,rolled-in_scale,rolled-in_scale_222.jpg,4x4,4,4,8,NEQR,1024,aer,12,4,8,113,73,45,"{""h"": 4, ""x"": 64, ""mcx"": 45}",0.001303750032093376,0.0017719580209814012,2.604199107736349e-05,2.241699257865548e-05,0.0037145829992368817,0.0,100.0,1.0
71a064e0,2026-10-07T23:04:30.209077,NEU-DET,rolled-in_scale,rolled-in_scale_223.jpg,4x4,4,4,8,FRQI,1024,aer,5,4,1,1092,705,384,"{""h"": 132, ""x"": 64, ""cx"": 384, ""tdg"": 192, ""t"": 256, ""ry"": 64}",0.0013916249736212194,0.005643541982863098,4.1207997128367424e-05,7.937499321997166e-05,0.008947041991632432,0.001670137978129006,27.77247648214864,0.6444156745127466
c28a394b,2026-10-07T23:04:30.234865,NEU-DET,rolled-in_scale,rolled-in_scale_223.jpg,4x4,4,4,8,NEQR,1024,aer,12,4,8,125,85,57,"{""h"": 4, ""x"": 64, ""mcx"": 57}",0.0019930829876102507,0.0019213749910704792,2.5917019229382277e-05,2.400000812485814e-05,0.004921334038954228,0.0,100.0,1.0
74a8ae04,2026-10-07T23:04:30.255660,NEU-DET,rolled-in_scale,rolled-in_scale_224.jpg,4x4,4,4,8,FRQI,1024,aer,5,4,1,1092,705,384,"{""h"": 132, ""x"": 64, ""cx"": 384, ""tdg"": 192, ""t"": 256, ""ry"": 64}",0.0014057919615879655,0.005677375011146069,3.9083999581635e-05,7.358298171311617e-05,0.00898670800961554,0.002641512038452426,25.78147405714674,0.5072963217342454
017c2cb2,2026-10-07T23:04:30.280181,NEU-DET,rolled-in_scale,rolled-in_scale_224.jpg,4x4,4,4,8,NEQR,1024,aer,12,4,8,130,90,62,"{""h"": 4, ""x"": 64, ""mcx"": 62}",0.0011512080091051757,0.002107541949953884,2.575002145022154e-05,2.3291970137506723e-05,0.00390008301474154,0.0,100.0,1.0
7389e18f,2026-10-07T23:04:30.299212,NEU-DET,rolled-in_scale,rolled-in_scale_225.jpg,4x4,4,4,8,FRQI,1024,aer,5,4,1,1092,705,384,"{""h"": 132, ""x"": 64, ""cx"": 384, ""tdg"": 192, ""t"": 256, ""ry"": 64}",0.0013297080295160413,0.005689666955731809,3.991700941696763e-05,7.408298552036285e-05,0.008906667004339397,0.0015468130331248834,28.105621773085836,0.7300471148376536
aa9fd135,2026-10-07T23:04:30.323934,NEU-DET,rolled-in_scale,rolled-in_scale_225.jpg,4x4,4,4,8,NEQR,1024,aer,12,4,8,125,85,57,"{""h"": 4, ""x"": 64, ""mcx"": 57}",0.001090959005523473,0.002122375008184463,2.4916022084653378e-05,2.179096918553114e-05,0.0038375420263037086,0.0,100.0,1.0
b0c026d1,2026-10-07T23:04:30.342918,NEU-DET,rolled-in_scale,rolled-in_scale_226.jpg,4x4,4,4,8,FRQI,1024,aer,5,4,1,1092,705,384,"{""h"": 132, ""x"": 64, ""cx"": 384, ""tdg"": 192, ""t"": 256, ""ry"": 64}",0.001373999984934926,0.005730625009164214,3.783300053328276e-05,7.287500193342566e-05,0.009095875022467226,0.001948768078400385,27.102398429060596,0.6377142957455759
0fdb0ffe,2026-10-07T23:04:30.367745,NEU-DET,rolled-in_scale,rolled-in_scale_226.jpg,4x4,4,4,8,NEQR,1024,aer,12,4,8,123,83,55,"{""h"": 4, ""x"": 64, ""mcx"": 55}",0.0010255829547531903,0.0021261670044623315,2.5291985366493464e-05,2.3374974261969328e-05,0.003768083988688886,0.0,100.0,1.0
576fe7b1,2026-10-07T23:04:30.387385,NEU-DET,rolled-in_scale,rolled-in_scale_227.jpg,4x4,4,4,8,FRQI,1024,aer,5,4,1,1092,705,384,"{""h"": 132, ""x"": 64, ""cx"": 384, ""tdg"": 192, ""t"": 256, ""ry"": 64}",0.0013740409631282091,0.0058488749782554805,3.887497587129474e-05,7.60830007493496e-05,0.00921695795841515,0.001479159685127384,28.29984938493903,0.6316188850037698
376c1f4f,2026-10-07T23:04:30.412246,NEU-DET,rolled-in_scale,rolled-in_scale_227.jpg,4x4,4,4,8,NEQR,1024,aer,12,4,8,122,82,54,"{""h"": 4, ""x"": 64, ""mcx"": 54}",0.0010288340272381902,0.0021657500183209777,2.7250032871961594e-05,2.316699828952551e-05,0.003833291004411876,0.0,100.0,1.0
2158c6e0,2026-10-07T23:04:30.431844,NEU-DET,rolled-in_scale,rolled-in_scale_228.jpg,4x4,4,4,8,FRQI,1024,aer,5,4,1,1092,705,384,"{""h"": 132, ""x"": 64, ""cx"": 384, ""tdg"": 192, ""t"": 256, ""ry"": 64}",0.0013209170429036021,0.005632332991808653,3.908301005139947e-05,7.216597441583872e-05,0.008834999985992908,0.0011059655814366189,29.56258388424397,0.6656821924592742
0e8df124,2026-10-07T23:04:30.456211,NEU-DET,rolled-in_scale,rolled-in_scale_228.jpg,4x4,4,4,8,NEQR,1024,aer,12,4,8,125,85,57,"{""h"": 4, ""x"": 64, ""mcx"": 57}",0.0010497079929336905,0.0020610830397345126,2.6416033506393433e-05,2.237502485513687e-05,0.003743707959074527,0.0,100.0,1.0
639faf5b,2026-10-07T23:04:30.476917,NEU-DET,rolled-in_scale,rolled-in_scale_229.jpg,4x4,4,4,8,FRQI,1024,aer,5,4,1,1092,705,384,"{""h"": 132, ""x"": 64, ""cx"": 384, ""tdg"": 192, ""t"": 256, ""ry"": 64}",0.0012941670138388872,0.005853333976119757,3.8958038203418255e-05,7.350003579631448e-05,0.009021042031235993,0.0021110940330044776,26.75492421782141,0.5427644847765098
fae59441,2026-10-07T23:04:30.500917,NEU-DET,rolled-in_scale,rolled-in_scale_229.jpg,4x4,4,4,8,NEQR,1024,aer,12,4,8,134,94,66,"{""h"": 4, ""x"": 64, ""mcx"": 66}",0.0011106670135632157,0.002137333038263023,2.341700019314885e-05,2.0458013750612736e-05,0.0038373330025933683,0.0,100.0,1.0
93038329,2026-10-07T23:04:30.520244,NEU-DET,rolled-in_scale,rolled-in_scale_23.jpg,4x4,4,4,8,FRQI,1024,aer,5,4,1,1092,705,384,"{""h"": 132, ""x"": 64, ""cx"": 384, ""tdg"": 192, ""t"": 256, ""ry"": 64}",0.001374291954562068,0.005648582999128848,3.875000402331352e-05,7.283297600224614e-05,0.00893249997170642,0.0024479446011295013,26.111984148336663,0.49950216758379884
73cc1ff9,2026-10-07T23:04:30.544138,NEU-DET,rolled-in_scale,rolled-in_scale_23.jpg,4x4,4,4,8,NEQR,1024,aer,12,4,8,120,80,52,"{""h"": 4, ""x"": 64, ""mcx"": 52}",0.0009250000002793968,0.0022216670331545174,2.400000812485814e-05,2.0458013750612736e-05,0.0037037910078652203,0.0,100.0,1.0
089edffc,2026-10-07T23:04:30.562980,NEU-DET,rolled-in_scale,rolled-in_scale_230.jpg,4x4,4,4,8,FRQI,1024,aer,5,4,1,1092,705,384,"{""h"": 132, ""x"": 64, ""cx"": 384, ""tdg"": 192, ""t"": 256, ""ry"": 64}",0.0013857090380042791,0.005687457975000143,3.8375030271708965e-05,6.970803951844573e-05,0.009041707962751389,0.002789919799666132,25.544082809783983,0.5240946787145591
e9c1fe01,2026-10-07T23:04:30.587164,NEU-DET,rolled-in_scale,rolled-in_scale_230.jpg,4x4,4,4,8,NEQR,1024,aer,12,4,8,127,87,59,"{""h"": 4, ""x"": 64, ""mcx"": 59}",0.001021042000502348,0.0020531670306809247,2.5792047381401062e-05,2.26249685510993e-05,0.0036886659800074995,0.0,100.0,1.0
1b1d7d69,2026-10-07T23:04:30.607512,NEU-DET,rolled-in_scale,rolled-in_scale_231.jpg,4x4,4,4,8,FRQI,1024,aer,5,4,1,1092,705,384,"{""h"": 132, ""x"": 64, ""cx"": 384, ""tdg"": 192, ""t"": 256, ""ry"": 64}",0.0012924170005135238,0.005786416004411876,3.954197745770216e-05,6.941601168364286e-05,0.008935125020798296,0.0015699677007943184,28.04109282311206,0.5640458894364621
cb8c6250,2026-10-07T23:04:30.631369,NEU-DET,rolled-in_scale,rolled-in_scale_231.jpg,4x4,4,4,8,NEQR,1024,aer,12,4,8,121,81,53,"{""h"": 4, ""x"": 64, ""mcx"": 53}",0.0009210419957526028,0.0019119589705951512,2.3374974261969328e-05,2.0584033336490393e-05,0.0033797499490901828,0.0,100.0,1.0
ce5effa1,2026-10-07T23:04:30.651118,NEU-DET,rolled-in_scale,rolled-in_scale_232.jpg,4x4,4,4,8,FRQI,1024,aer,5,4,1,1092,705,384,"{""h"": 132, ""x"": 64, ""cx"": 384, ""tdg"": 192, ""t"": 256, ""ry"": 64}",0.0014236250426620245,0.005623792007099837,3.645801916718483e-05,6.987503729760647e-05,0.00892058404861018,0.002563374516984202,25.911879374064092,0.3680120098672153
7e7649d1,2026-10-07T23:04:30.675497,NEU-DET,rolled-in_scale,rolled-in_scale_232.jpg,4x4,4,4,8,NEQR,1024,aer,12,4,8,116,76,48,"{""h"": 4, ""x"": 64, ""mcx"": 48}",0.000914334028493613,0.0018918329733423889,2.3457978386431932e-05,2.037500962615013e-05,0.0034168329439125955,0.0,100.0,1.0
06693f97,2026-10-07T23:04:30.694658,NEU-DET,rolled-in_scale,rolled-in_scale_233.jpg,4x4,4,4,8,FRQI,1024,aer,5,4,1,1092,705,384,"{""h"": 132, ""x"": 64, ""cx"": 384, ""tdg"": 192, ""t"": 256, ""ry"": 64}",0.0013005000073462725,0.0056201660190708935,3.825000021606684e-05,7.1709044277668e-05,0.008783375029452145,0.0016766641966802847,27.75553909446387,0.589361035038371
a92b2866,2026-10-07T23:04:30.719060,NEU-DET,rolled-in_scale,rolled-in_scale_233.jpg,4x4,4,4,8,NEQR,1024,aer,12,4,8,118,78,50,"{""h"": 4, ""x"": 64, ""mcx"": 50}",0.0009042500169016421,0.0017972909845411777,2.358300844207406e-05,2.0209001377224922e-05,0.0032497919746674597,0.0,100.0,1.0
ac9c6950,2026-10-07T23:04:30.737365,NEU-DET,rolled-in_scale,rolled-in_scale_234.jpg,4x4,4,4,8,FRQI,1024,aer,5,4,1,1092,705,384,"{""h"": 132, ""x"": 64, ""cx"": 384, ""tdg"": 192, ""t"": 256, ""ry"": 64}",0.0013663330464623868,0.007559292018413544,4.099996294826269e-05,7.991597522050142e-05,0.012516250018961728,0.0021208383170848426,26.734924388263664,0.4985201839465848
22ba23fe,2026-10-07T23:04:30.765733,NEU-DET,rolled-in_scale,rolled-in_scale_234.jpg,4x4,4,4,8,NEQR,1024,aer,12,4,8,129,89,61,"{""h"": 4, ""x"": 64, ""mcx"": 61}",0.0011451250175014138,0.002117208030540496,2.4250010028481483e-05,2.1417043171823025e-05,0.0038915830082260072,0.0,100.0,1.0
4b4f6230,2026-10-07T23:04:30.785014,NEU-DET,rolled-in_scale,rolled-in_scale_235.jpg,4x4,4,4,8,FRQI,1024,aer,5,4,1,1092,705,384,"{""h"": 132, ""x"": 64, ""cx"": 384, ""tdg"": 192, ""t"": 256, ""ry"": 64}",0.001370083016809076,0.005711624980904162,3.933301195502281e-05,7.687503239139915e-05,0.009058750001713634,0.002463700769499816,26.084120408446914,0.6497300777574039
7e69770f,2026-10-07T23:04:30.809942,NEU-DET,rolled-in_scale,rolled-in_scale_235.jpg,4x4,4,4,8,NEQR,1024,aer,12,4,8,122,82,54,"{""h"": 4, ""x"": 64, ""mcx"": 54}",0.0010118329664692283,0.0020571249770000577,2.2916006855666637e-05,2.0042003598064184e-05,0.003651042003184557,0.0,100.0,1.0
b951ff8c,2026-10-07T23:04:30.830616,NEU-DET,rolled-in_scale,rolled-in_scale_236.jpg,4x4,4,4,8,FRQI,1024,aer,5,4,1,1092,705,384,"{""h"": 132, ""x"": 64, ""cx"": 384, ""tdg"": 192, ""t"": 256, ""ry"": 64}",0.001406207971740514,0.005623375007417053,3.891601227223873e-05,7.383304182440042e-05,0.008960458042565733,0.002441442562489798,26.123534884952207,0.4009372462535235
c527a031,2026-10-07T23:04:30.855667,NEU-DET,rolled-in_scale,rolled-in_scale_236.jpg,4x4,4,4,8,NEQR,1024,aer,12,4,8,120,80,52,"{""h"": 4, ""x"": 64, ""mcx"": 52}",0.0010114159667864442,0.002075499971397221,2.9332994017750025e-05,2.4374981876462698e-05,0.0037075409782119095,0.0,100.0,1.0
f097208a,2026-10-07T23:04:30.876267,NEU-DET,rolled-in_scale,rolled-in_scale_237.jpg,4x4,4,4,8,FRQI,1024,aer,5,4,1,1092,705,384,"{""h"": 132, ""x"": 64, ""cx"": 384, ""tdg"": 192, ""t"": 256, ""ry"": 64}",0.0013147080317139626,0.005606333026662469,3.970804391428828e-05,7.529096910730004e-05,0.008805125020444393,0.0022165962762358965,26.543134006922205,0.5237603049873683
bb4e639d,2026-10-07T23:04:30.900590,NEU-DET,rolled-in_scale,rolled-in_scale_237.jpg,4x4,4,4,8,NEQR,1024,aer,12,4,8,118,78,50,"{""h"": 4, ""x"": 64, ""mcx"": 50}",0.0009716250351630151,0.0018779580132104456,2.4917011614888906e-05,2.0666047930717468e-05,0.0034476250293664634,0.0,100.0,1.0
dc20f9f3,2026-10-07T23:04:30.919933,NEU-DET,rolled-in_scale,rolled-in_scale_238.jpg,4x4,4,4,8,FRQI,1024,aer,5,4,1,1092,705,384,"{""h"": 132, ""x"": 64, ""cx"": 384, ""tdg"": 192, ""t"": 256, ""ry"": 64}",0.0025052500423043966,0.005652291001752019,3.733299672603607e-05,7.595802890136838e-05,0.010258874972350895,0.0026446788214160295,25.77627062591445,0.5137635169437429
3b605a78,2026-10-07T23:04:30.945498,NEU-DET,rolled-in_scale,rolled-in_scale_238.jpg,4x4,4,4,8,NEQR,1024,aer,12,4,8,118,78,50,"{""h"": 4, ""x"": 64, ""mcx"": 50}",0.0009065420017577708,0.0020142910070717335,2.5165965780615807e-05,2.0042003598064184e-05,0.003476249985396862,0.0,100.0,1.0
5b61ada4,2026-10-07T23:04:30.964495,NEU-DET,rolled-in_scale,rolled-in_scale_239.jpg,4x4,4,4,8,FRQI,1024,aer,5,4,1,1092,705,384,"{""h"": 132, ""x"": 64, ""cx"": 384, ""tdg"": 192, ""t"": 256, ""ry"": 64}",0.0013668749597854912,0.005629500024951994,3.545801155269146e-05,6.933300755918026e-05,0.008945082954596728,0.001467519275487258,28.334161856968556,0.6077192360169528
66726393,2026-10-07T23:04:30.988530,NEU-DET,rolled-in_scale,rolled-in_scale_239.jpg,4x4,4,4,8,NEQR,1024,aer,12,4,8,121,81,53,"{""h"": 4, ""x"": 64, ""mcx"": 53}",0.0009864580351859331,0.0019932499853894114,2.4250010028481483e-05,2.1083978936076164e-05,0.003589749976526946,0.0,100.0,1.0
a6459a1c,2026-10-07T23:04:31.007501,NEU-DET,rolled-in_scale,rolled-in_scale_24.jpg,4x4,4,4,8,FRQI,1024,aer,5,4,1,1092,705,384,"{""h"": 132, ""x"": 64, ""cx"": 384, ""tdg"": 192, ""t"": 256, ""ry"": 64}",0.0013387079816311598,0.005587209016084671,3.6833982449024916e-05,7.987499702721834e-05,0.00880020804470405,0.002667020972565961,25.73973569149323,0.47967646203403375
1f609984,2026-10-07T23:04:31.032122,NEU-DET,rolled-in_scale,rolled-in_scale_24.jpg,4x4,4,4,8,NEQR,1024,aer,12,4,8,117,77,49,"{""h"": 4, ""x"": 64, ""mcx"": 49}",0.0009445410105399787,0.0023103750427253544,2.6374997105449438e-05,2.216699067503214e-05,0.003816584008745849,0.0,100.0,1.0
9dabc481,2026-10-07T23:04:31.052537,NEU-DET,rolled-in_scale,rolled-in_scale_240.jpg,4x4,4,4,8,FRQI,1024,aer,5,4,1,1092,705,384,"{""h"": 132, ""x"": 64, ""cx"": 384, ""tdg"": 192, ""t"": 256, ""ry"": 64}",0.001328082988038659,0.005696833017282188,8.454202907159925e-05,0.00014362501678988338,0.00905416696332395,0.002515776262966539,25.99327984880044,0.3629288156618943
fe039a0d,2026-10-07T23:04:31.077259,NEU-DET,rolled-in_scale,rolled-in_scale_240.jpg,4x4,4,4,8,NEQR,1024,aer,12,4,8,114,74,46,"{""h"": 4, ""x"": 64, ""mcx"": 46}",0.0008535420056432486,0.0017701660399325192,2.84170382656157e-05,2.4333014152944088e-05,0.003197792044375092,0.0,100.0,1.0
20415119,2026-10-07T23:04:31.097094,NEU-DET,rolled-in_scale,rolled-in_scale_25.jpg,4x4,4,4,8,FRQI,1024,aer,5,4,1,1092,705,384,"{""h"": 132, ""x"": 64, ""cx"": 384, ""tdg"": 192, ""t"": 256, ""ry"": 64}",0.0013235420337878168,0.005652124993503094,3.737496444955468e-05,7.50409672036767e-05,0.008854915970005095,0.0020374430972093615,26.909145116250745,0.7627598597972413
bd072cf4,2026-10-07T23:04:31.121554,NEU-DET,rolled-in_scale,rolled-in_scale_25.jpg,4x4,4,4,8,NEQR,1024,aer,12,4,8,129,89,61,"{""h"": 4, ""x"": 64, ""mcx"": 61}",0.0010919999913312495,0.002327917027287185,2.5457993615418673e-05,2.1167041268199682e-05,0.004013540979940444,0.0,100.0,1.0
9145387a,2026-10-07T23:04:31.140999,NEU-DET,rolled-in_scale,rolled-in_scale_26.jpg,4x4,4,4,8,FRQI,1024,aer,5,4,1,1092,705,384,"{""h"": 132, ""x"": 64, ""cx"": 384, ""tdg"": 192, ""t"": 256, ""ry"": 64}",0.0013571669696830213,0.0057074170326814055,3.787502646446228e-05,6.962503539398313e-05,0.008934292010962963,0.002145040579663474,26.685644874619037,0.7645084463691767
7ea57d5d,2026-10-07T23:04:31.165867,NEU-DET,rolled-in_scale,rolled-in_scale_26.jpg,4x4,4,4,8,NEQR,1024,aer,12,4,8,139,99,71,"{""h"": 4, ""x"": 64, ""mcx"": 71}",0.0011810410069301724,0.0023714170092716813,2.4540990125387907e-05,2.1750049199908972e-05,0.004166875034570694,0.0,100.0,1.0
1b6bdc94,2026-10-07T23:04:31.187633,NEU-DET,rolled-in_scale,rolled-in_scale_27.jpg,4x4,4,4,8,FRQI,1024,aer,5,4,1,1092,705,384,"{""h"": 132, ""x"": 64, ""cx"": 384, ""tdg"": 192, ""t"": 256, ""ry"": 64}",0.0012963749468326569,0.005711832956876606,4.333403194323182e-05,7.516698678955436e-05,0.008891124976798892,0.001919273133642283,27.168632159926315,0.8034472981527585
fda55c0e,2026-10-07T23:04:31.212206,NEU-DET,rolled-in_scale,rolled-in_scale_27.jpg,4x4,4,4,8,NEQR,1024,aer,12,4,8,128,88,60,"{""h"": 4, ""x"": 64, ""mcx"": 60}",0.0010398750309832394,0.0023987499880604446,2.5541987270116806e-05,2.0417035557329655e-05,0.004019999993033707,0.0,100.0,1.0
ee98464e,2026-10-07T23:04:31.232839,NEU-DET,rolled-in_scale,rolled-in_scale_28.jpg,4x4,4,4,8,FRQI,1024,aer,5,4,1,1092,705,384,"{""h"": 132, ""x"": 64, ""cx"": 384, ""tdg"": 192, ""t"": 256, ""ry"": 64}",0.0012763749691657722,0.005439041997306049,3.583304351195693e-05,7.01249809935689e-05,0.008493917004670948,0.001616249452546203,27.914916092151557,0.8362102674762584
c8c46871,2026-10-07T23:04:31.257230,NEU-DET,rolled-in_scale,rolled-in_scale_28.jpg,4x4,4,4,8,NEQR,1024,aer,12,4,8,136,96,68,"{""h"": 4, ""x"": 64, ""mcx"": 68}",0.0012137499870732427,0.002523083006963134,2.7709000278264284e-05,2.358300844207406e-05,0.004372166993562132,0.0,100.0,1.0
277f9d6e,2026-10-07T23:04:31.278077,NEU-DET,rolled-in_scale,rolled-in_scale_29.jpg,4x4,4,4,8,FRQI,1024,aer,5,4,1,1092,705,384,"{""h"": 132, ""x"": 64, ""cx"": 384, ""tdg"": 192, ""t"": 256, ""ry"": 64}",0.0012985829962417483,0.005650999955832958,4.295899998396635e-05,7.275003008544445e-05,0.008779917028732598,0.0015674300816096772,28.048118226492974,0.8363169136740967
dd15a5fb,2026-10-07T23:04:31.302283,NEU-DET,rolled-in_scale,rolled-in_scale_29.jpg,4x4,4,4,8,NEQR,1024,aer,12,4,8,134,94,66,"{""h"": 4, ""x"": 64, ""mcx"": 66}",0.0011329579865559936,0.0024298750213347375,2.4416018277406693e-05,2.054101787507534e-05,0.004177499969955534,0.0,100.0,1.0
5c33f922,2026-10-07T23:04:31.323200,NEU-DET,rolled-in_scale,rolled-in_scale_3.jpg,4x4,4,4,8,FRQI,1024,aer,5,4,1,1092,705,384,"{""h"": 132, ""x"": 64, ""cx"": 384, ""tdg"": 192, ""t"": 256, ""ry"": 64}",0.0012912079691886902,0.0055575420265085995,3.870896762236953e-05,7.033301517367363e-05,0.008710708993021399,0.0025080229152578716,26.006684997693196,0.5459411566154703
f6b92962,2026-10-07T23:04:31.347487,NEU-DET,rolled-in_scale,rolled-in_scale_3.jpg,4x4,4,4,8,NEQR,1024,aer,12,4,8,123,83,55,"{""h"": 4, ""x"": 64, ""mcx"": 55}",0.0010014580329880118,0.002458499977365136,2.6541994884610176e-05,2.2332998923957348e-05,0.004033582983538508,0.0,100.0,1.0
967132d9,2026-10-07T23:04:31.367457,NEU-DET,rolled-in_scale,rolled-in_scale_30.jpg,4x4,4,4,8,FRQI,1024,aer,5,4,1,1092,705,384,"{""h"": 132, ""x"": 64, ""cx"": 384, ""tdg"": 192, ""t"": 256, ""ry"": 64}",0.0013296249671839178,0.005759374995250255,3.733299672603607e-05,6.970897084102035e-05,0.008930958982091397,0.0027564401248902017,25.59651436782466,0.4583644662056282
4b9f9185,2026-10-07T23:04:31.392225,NEU-DET,rolled-in_scale,rolled-in_scale_30.jpg,4x4,4,4,8,NEQR,1024,aer,12,4,8,116,76,48,"{""h"": 4, ""x"": 64, ""mcx"": 48}",0.0009202919900417328,0.0021683750092051923,2.6458001229912043e-05,2.2457970771938562e-05,0.0036599169834516943,0.0,100.0,1.0
bf10ef66,2026-10-07T23:04:31.412460,NEU-DET,rolled-in_scale,rolled-in_scale_31.jpg,4x4,4,4,8,FRQI,1024,aer,5,4,1,1092,705,384,"{""h"": 132, ""x"": 64, ""cx"": 384, ""tdg"": 192, ""t"": 256, ""ry"": 64}",0.0013177920482121408,0.005374290980398655,3.762502456083894e-05,7.02079851180315e-05,0.008434457995463163,0.0020190927460788026,26.948437314847276,0.4114061246764601
db196b17,2026-10-07T23:04:31.436689,NEU-DET,rolled-in_scale,rolled-in_scale_31.jpg,4x4,4,4,8,NEQR,1024,aer,12,4,8,123,83,55,"{""h"": 4, ""x"": 64, ""mcx"": 55}",0.0009832080104388297,0.002181583025958389,2.4666020181030035e-05,2.158299321308732e-05,0.00374195899348706,0.0,100.0,1.0
2a02d853,2026-10-07T23:04:31.456981,NEU-DET,rolled-in_scale,rolled-in_scale_32.jpg,4x4,4,4,8,FRQI,1024,aer,5,4,1,1092,705,384,"{""h"": 132, ""x"": 64, ""cx"": 384, ""tdg"": 192, ""t"": 256, ""ry"": 64}",0.0012936670100316405,0.005549249995965511,4.174996865913272e-05,7.84999574534595e-05,0.008621832996141165,0.0022483514551671253,26.481358002607234,0.31171829533027834
863dc276,2026-10-07T23:04:31.481563,NEU-DET,rolled-in_scale,rolled-in_scale_32.jpg,4x4,4,4,8,NEQR,1024,aer,12,4,8,127,87,59,"{""h"": 4, ""x"": 64, ""mcx"": 59}",0.0010217090020887554,0.0022647500154562294,2.6500027161091566e-05,2.258300082758069e-05,0.00389579200418666,0.0,100.0,1.0
76288bec,2026-10-07T23:04:31.502482,NEU-DET,rolled-in_scale,rolled-in_scale_33.jpg,4x4,4,4,8,FRQI,1024,aer,5,4,1,1092,705,384,"{""h"": 132, ""x"": 64, ""cx"": 384, ""tdg"": 192, ""t"": 256, ""ry"": 64}",0.0013369579683057964,0.005799042002763599,3.787502646446228e-05,7.341598393395543e-05,0.00902154203504324,0.0019155248443468683,27.177122108472936,0.757425050484107
1f9570da,2026-10-07T23:04:31.527665,NEU-DET,rolled-in_scale,rolled-in_scale_33.jpg,4x4,4,4,8,NEQR,1024,aer,12,4,8,136,96,68,"{""h"": 4, ""x"": 64, ""mcx"": 68}",0.0015100000309757888,0.002801500027999282,2.8292008209973574e-05,2.3916014470160007e-05,0.0053193329949863255,0.0,100.0,1.0
6f53ab26,2026-10-07T23:04:31.550123,NEU-DET,rolled-in_scale,rolled-in_scale_34.jpg,4x4,4,4,8,FRQI,1024,aer,5,4,1,1092,705,384,"{""h"": 132, ""x"": 64, ""cx"": 384, ""tdg"": 192, ""t"": 256, ""ry"": 64}",0.0014195420080795884,0.005687166994903237,3.7416990380734205e-05,7.24170240573585e-05,0.009111833001952618,0.0019184890295664884,27.170406798705958,0.8191513799959336
8a079460,2026-10-07T23:04:31.575819,NEU-DET,rolled-in_scale,rolled-in_scale_34.jpg,4x4,4,4,8,NEQR,1024,aer,12,4,8,126,86,58,"{""h"": 4, ""x"": 64, ""mcx"": 58}",0.0010651249904185534,0.0025688749738037586,2.72089964710176e-05,2.3625034373253584e-05,0.004267291980795562,0.0,100.0,1.0
739b104c,2026-10-07T23:04:31.597110,NEU-DET,rolled-in_scale,rolled-in_scale_35.jpg,4x4,4,4,8,FRQI,1024,aer,5,4,1,1092,705,384,"{""h"": 132, ""x"": 64, ""cx"": 384, ""tdg"": 192, ""t"": 256, ""ry"": 64}",0.0013775420375168324,0.005659124988596886,3.662501694634557e-05,7.329200161620975e-05,0.008902875008061528,0.0017715308853245028,27.516512716632473,0.5671535544933104
24096f1f,2026-10-07T23:04:31.622127,NEU-DET,rolled-in_scale,rolled-in_scale_35.jpg,4x4,4,4,8,NEQR,1024,aer,12,4,8,130,90,62,"{""h"": 4, ""x"": 64, ""mcx"": 62}",0.0011457090149633586,0.0023020829539746046,2.7375004719942808e-05,2.354203024879098e-05,0.0040876250131987035,0.0,100.0,1.0
cb0eaa23,2026-10-07T23:04:31.643300,NEU-DET,rolled-in_scale,rolled-in_scale_36.jpg,4x4,4,4,8,FRQI,1024,aer,5,4,1,1092,705,384,"{""h"": 132, ""x"": 64, ""cx"": 384, ""tdg"": 192, ""t"": 256, ""ry"": 64}",0.00130733399419114,0.005892917048186064,3.812497016042471e-05,7.758301217108965e-05,0.009049791959114373,0.0025252505837764856,25.976955198218835,0.3006821330446715
3f53a23f,2026-10-07T23:04:31.668793,NEU-DET,rolled-in_scale,rolled-in_scale_36.jpg,4x4,4,4,8,NEQR,1024,aer,12,4,8,124,84,56,"{""h"": 4, ""x"": 64, ""mcx"": 56}",0.0010532920132391155,0.002493667008820921,2.7458008844405413e-05,2.537504769861698e-05,0.004513041989412159,0.0,100.0,1.0
c732eff6,2026-10-07T23:04:31.691703,NEU-DET,rolled-in_scale,rolled-in_scale_37.jpg,4x4,4,4,8,FRQI,1024,aer,5,4,1,1092,705,384,"{""h"": 132, ""x"": 64, ""cx"": 384, ""tdg"": 192, ""t"": 256, ""ry"": 64}",0.0014646250056102872,0.005855249997694045,4.3666979763656855e-05,8.187501225620508e-05,0.009257040976081043,0.0030576834133700702,25.146074826071505,0.41891943706888757
60c7c747,2026-10-07T23:04:31.717679,NEU-DET,rolled-in_scale,rolled-in_scale_37.jpg,4x4,4,4,8,NEQR,1024,aer,12,4,8,125,85,57,"{""h"": 4, ""x"": 64, ""mcx"": 57}",0.001019208983052522,0.002380667021498084,2.6124995201826096e-05,2.2916006855666637e-05,0.004014874983113259,0.0,100.0,1.0
3bf3d696,2026-10-07T23:04:31.738089,NEU-DET,rolled-in_scale,rolled-in_scale_38.jpg,4x4,4,4,8,FRQI,1024,aer,5,4,1,1092,705,384,"{""h"": 132, ""x"": 64, ""cx"": 384, ""tdg"": 192, ""t"": 256, ""ry"": 64}",0.0013272080104798079,0.005689999961759895,3.8416997995227575e-05,7.279100827872753e-05,0.008885791990906,0.002512099230479787,25.999632095213684,0.48305681549286594
5a06d533,2026-10-07T23:04:31.763718,NEU-DET,rolled-in_scale,rolled-in_scale_38.jpg,4x4,4,4,8,NEQR,1024,aer,12,4,8,131,91,63,"{""h"": 4, ""x"": 64, ""mcx"": 63}",0.0011454999912530184,0.0025123750092461705,2.9374961741268635e-05,2.3416010662913322e-05,0.004306457994971424,0.0,100.0,1.0
3b2fc0f8,2026-10-07T23:04:31.784903,NEU-DET,rolled-in_scale,rolled-in_scale_39.jpg,4x4,4,4,8,FRQI,1024,aer,5,4,1,1092,705,384,"{""h"": 132, ""x"": 64, ""cx"": 384, ""tdg"": 192, ""t"": 256, ""ry"": 64}",0.001310250023379922,0.005650041974149644,3.9583013858646154e-05,7.120799273252487e-05,0.008790166990365833,0.0025692394383446024,25.901954200987053,0.4720043253817706
08e0d1a7,2026-10-07T23:04:31.809559,NEU-DET,rolled-in_scale,rolled-in_scale_39.jpg,4x4,4,4,8,NEQR,1024,aer,12,4,8,129,89,61,"{""h"": 4, ""x"": 64, ""mcx"": 61}",0.0011160409776493907,0.0024679170455783606,2.762500662356615e-05,2.3083994165062904e-05,0.004213374981191009,0.0,100.0,1.0
af915fd7,2026-10-07T23:04:31.830950,NEU-DET,rolled-in_scale,rolled-in_scale_4.jpg,4x4,4,4,8,FRQI,1024,aer,5,4,1,1092,705,384,"{""h"": 132, ""x"": 64, ""cx"": 384, ""tdg"": 192, ""t"": 256, ""ry"": 64}",0.0013019999605603516,0.006050625001080334,3.779103280976415e-05,7.404200732707977e-05,0.009205167007166892,0.0024682757271384114,26.076063275860758,0.7113765137511325
322684de,2026-10-07T23:04:31.856517,NEU-DET,rolled-in_scale,rolled-in_scale_4.jpg,4x4,4,4,8,NEQR,1024,aer,12,4,8,129,89,61,"{""h"": 4, ""x"": 64, ""mcx"": 61}",0.0011087500024586916,0.0024335000198334455,2.6374997105449438e-05,2.1459010895341635e-05,0.004193708009552211,0.0,100.0,1.0
b106456e,2026-10-07T23:04:31.877769,NEU-DET,rolled-in_scale,rolled-in_scale_40.jpg,4x4,4,4,8,FRQI,1024,aer,5,4,1,1092,705,384,"{""h"": 132, ""x"": 64, ""cx"": 384, ""tdg"": 192, ""t"": 256, ""ry"": 64}",0.001366417040117085,0.00563954102108255,3.779097460210323e-05,7.000000914558768e-05,0.008849250036291778,0.0027494678978642172,25.607513466719794,0.452323752991681
aa6991f3,2026-10-07T23:04:31.903012,NEU-DET,rolled-in_scale,rolled-in_scale_40.jpg,4x4,4,4,8,NEQR,1024,aer,12,4,8,118,78,50,"{""h"": 4, ""x"": 64, ""mcx"": 50}",0.0009629999985918403,0.00344158400548622,2.5082961656153202e-05,2.19999928958714e-05,0.004973125003743917,0.0,100.0,1.0
69477155,2026-10-07T23:04:31.925036,NEU-DET,rolled-in_scale,rolled-in_scale_41.jpg,4x4,4,4,8,FRQI,1024,aer,5,4,1,1092,705,384,"{""h"": 132, ""x"": 64, ""cx"": 384, ""tdg"": 192, ""t"": 256, ""ry"": 64}",0.001275583985261619,0.005868832988198847,3.9457983803004026e-05,7.154204649850726e-05,0.008963291998952627,0.001975436132803831,27.04337006792075,0.6953534383349388
eabe4823,2026-10-07T23:04:31.950104,NEU-DET,rolled-in_scale,rolled-in_scale_41.jpg,4x4,4,4,8,NEQR,1024,aer,12,4,8,134,94,66,"{""h"": 4, ""x"": 64, ""mcx"": 66}",0.0011991250212304294,0.0025199169758707285,2.3374974261969328e-05,2.1332991309463978e-05,0.004357374971732497,0.0,100.0,1.0
ab288783,2026-10-07T23:04:31.970994,NEU-DET,rolled-in_scale,rolled-in_scale_42.jpg,4x4,4,4,8,FRQI,1024,aer,5,4,1,1092,705,384,"{""h"": 132, ""x"": 64, ""cx"": 384, ""tdg"": 192, ""t"": 256, ""ry"": 64}",0.001360541966278106,0.005745000031311065,3.912497777491808e-05,7.61249684728682e-05,0.009066667000297457,0.002263817236154507,26.451586377900867,0.6326248127516396
32077f7f,2026-10-07T23:04:31.996676,NEU-DET,rolled-in_scale,rolled-in_scale_42.jpg,4x4,4,4,8,NEQR,1024,aer,12,4,8,127,87,59,"{""h"": 4, ""x"": 64, ""mcx"": 59}",0.0010938330087810755,0.002344791020732373,2.3625034373253584e-05,2.099998528137803e-05,0.0040433749672956765,0.0,100.0,1.0
3a7d3309,2026-10-07T23:04:32.018187,NEU-DET,rolled-in_scale,rolled-in_scale_43.jpg,4x4,4,4,8,FRQI,1024,aer,5,4,1,1092,705,384,"{""h"": 132, ""x"": 64, ""cx"": 384, ""tdg"": 192, ""t"": 256, ""ry"": 64}",0.0013562910025939345,0.0056280409917235374,3.820803249254823e-05,7.36669753678143e-05,0.008818417030852288,0.0024475694453732345,26.112649770265524,0.41586703561299465
f1099b34,2026-10-07T23:04:32.042532,NEU-DET,rolled-in_scale,rolled-in_scale_43.jpg,4x4,4,4,8,NEQR,1024,aer,12,4,8,123,83,55,"{""h"": 4, ""x"": 64, ""mcx"": 55}",0.002019291976466775,0.0022425830247811973,2.4040986318141222e-05,1.9915984012186527e-05,0.004898916988167912,0.0,100.0,1.0
b38182ed,2026-10-07T23:04:32.064664,NEU-DET,rolled-in_scale,rolled-in_scale_44.jpg,4x4,4,4,8,FRQI,1024,aer,5,4,1,1092,705,384,"{""h"": 132, ""x"": 64, ""cx"": 384, ""tdg"": 192, ""t"": 256, ""ry"": 64}",0.0013005000073462725,0.0056476249592378736,3.862503217533231e-05,6.90409797243774e-05,0.008769833017140627,0.002306780674712551,26.36993695591666,0.7690066361026916
53bb0203,2026-10-07T23:04:32.089865,NEU-DET,rolled-in_scale,rolled-in_scale_44.jpg,4x4,4,4,8,NEQR,1024,aer,12,4,8,124,84,56,"{""h"": 4, ""x"": 64, ""mcx"": 56}",0.0009890419896692038,0.002269832999445498,2.170802326872945e-05,2.1540967281907797e-05,0.003823542036116123,0.0,100.0,1.0
269ec18a,2026-10-07T23:04:32.109603,NEU-DET,rolled-in_scale,rolled-in_scale_45.jpg,4x4,4,4,8,FRQI,1024,aer,5,4,1,1092,705,384,"{""h"": 132, ""x"": 64, ""cx"": 384, ""tdg"": 192, ""t"": 256, ""ry"": 64}",0.0013522919616661966,0.005761000036727637,3.850000211969018e-05,7.341703167185187e-05,0.009062875004019588,0.00233948963456867,26.308788746691086,0.492068932955346
e3e8eeb5,2026-10-07T23:04:32.134295,NEU-DET,rolled-in_scale,rolled-in_scale_45.jpg,4x4,4,4,8,NEQR,1024,aer,12,4,8,128,88,60,"{""h"": 4, ""x"": 64, ""mcx"": 60}",0.0010481250355951488,0.0022560410434380174,2.4290988221764565e-05,2.1708954591304064e-05,0.0038984169950708747,0.0,100.0,1.0
6aad088f,2026-10-07T23:04:32.155819,NEU-DET,rolled-in_scale,rolled-in_scale_46.jpg,4x4,4,4,8,FRQI,1024,aer,5,4,1,1092,705,384,"{""h"": 132, ""x"": 64, ""cx"": 384, ""tdg"": 192, ""t"": 256, ""ry"": 64}",0.002547500014770776,0.005549333000089973,3.7792022339999676e-05,7.899996126070619e-05,0.011282833002042025,0.002982620823253331,25.254019544273177,0.7151326457983653
698a77a2,2026-10-07T23:04:32.182930,NEU-DET,rolled-in_scale,rolled-in_scale_46.jpg,4x4,4,4,8,NEQR,1024,aer,12,4,8,129,89,61,"{""h"": 4, ""x"": 64, ""mcx"": 61}",0.0010955420439131558,0.002452000044286251,2.4042034056037664e-05,2.2082997020334005e-05,0.00429037498543039,0.0,100.0,1.0
0689fa78,2026-10-07T23:04:32.204230,NEU-DET,rolled-in_scale,rolled-in_scale_47.jpg,4x4,4,4,8,FRQI,1024,aer,5,4,1,1092,705,384,"{""h"": 132, ""x"": 64, ""cx"": 384, ""tdg"": 192, ""t"": 256, ""ry"": 64}",0.0013014589785598218,0.00568404101068154,4.254101077094674e-05,7.650000043213367e-05,0.008860333007760346,0.0031648770840526615,24.996431522356495,0.42993363152387865
56e725ea,2026-10-07T23:04:32.229324,NEU-DET,rolled-in_scale,rolled-in_scale_47.jpg,4x4,4,4,8,NEQR,1024,aer,12,4,8,139,99,71,"{""h"": 4, ""x"": 64, ""mcx"": 71}",0.001278374984394759,0.002615500008687377,2.6667024940252304e-05,2.5916961021721363e-05,0.0045925420126877725,0.0,100.0,1.0
00aacefa,2026-10-07T23:04:32.254181,NEU-DET,rolled-in_scale,rolled-in_scale_48.jpg,4x4,4,4,8,FRQI,1024,aer,5,4,1,1092,705,384,"{""h"": 132, ""x"": 64, ""cx"": 384, ""tdg"": 192, ""t"": 256, ""ry"": 64}",0.0013478749897331,0.005770541960373521,4.016701132059097e-05,7.566699059680104e-05,0.009002540959045291,0.0025418998861720284,25.948415583214505,0.4127724426274717
ca9cc350,2026-10-07T23:04:32.279395,NEU-DET,rolled-in_scale,rolled-in_scale_48.jpg,4x4,4,4,8,NEQR,1024,aer,12,4,8,140,100,72,"{""h"": 4, ""x"": 64, ""mcx"": 72}",0.002096207987051457,0.002398999989964068,2.4042034056037664e-05,2.158398274332285e-05,0.005175375030376017,0.0,100.0,1.0
634c0b04,2026-10-07T23:04:32.301639,NEU-DET,rolled-in_scale,rolled-in_scale_49.jpg,4x4,4,4,8,FRQI,1024,aer,5,4,1,1092,705,384,"{""h"": 132, ""x"": 64, ""cx"": 384, ""tdg"": 192, ""t"": 256, ""ry"": 64}",0.0013482500216923654,0.005713250022381544,4.2208004742860794e-05,8.01669666543603e-05,0.008978165977168828,0.0023368840827682853,26.31362829525891,0.4830058057271648
b12eac12,2026-10-07T23:04:32.326930,NEU-DET,rolled-in_scale,rolled-in_scale_49.jpg,4x4,4,4,8,NEQR,1024,aer,12,4,8,138,98,70,"{""h"": 4, ""x"": 64, ""mcx"": 70}",0.0011910839821211994,0.002348250010982156,2.8207956347614527e-05,2.32499442063272e-05,0.004180917050689459,0.0,100.0,1.0
a34a7a89,2026-10-07T23:04:32.348408,NEU-DET,rolled-in_scale,rolled-in_scale_5.jpg,4x4,4,4,8,FRQI,1024,aer,5,4,1,1092,705,384,"{""h"": 132, ""x"": 64, ""cx"": 384, ""tdg"": 192, ""t"": 256, ""ry"": 64}",0.0013727500336244702,0.005700084031559527,3.9417005609720945e-05,7.312500383704901e-05,0.008926125010475516,0.002155607278026245,26.664303587551267,0.7635959323427554
013a29a7,2026-10-07T23:04:32.373501,NEU-DET,rolled-in_scale,rolled-in_scale_5.jpg,4x4,4,4,8,NEQR,1024,aer,12,4,8,129,89,61,"{""h"": 4, ""x"": 64, ""mcx"": 61}",0.0011106249876320362,0.002415624971035868,2.4374981876462698e-05,2.158398274332285e-05,0.004118875018320978,0.0,100.0,1.0
73a94d5d,2026-10-07T23:04:32.394602,NEU-DET,rolled-in_scale,rolled-in_scale_50.jpg,4x4,4,4,8,FRQI,1024,aer,5,4,1,1092,705,384,"{""h"": 132, ""x"": 64, ""cx"": 384, ""tdg"": 192, ""t"": 256, ""ry"": 64}",0.0013009580434300005,0.00563916697865352,3.8207974284887314e-05,7.220898987725377e-05,0.008802124997600913,0.0018636106363487447,27.29644819529684,0.6082730706425759
117256c1,2026-10-07T23:04:32.419352,NEU-DET,rolled-in_scale,rolled-in_scale_50.jpg,4x4,4,4,8,NEQR,1024,aer,12,4,8,125,85,57,"{""h"": 4, ""x"": 64, ""mcx"": 57}",0.0010056660394184291,0.0022687080199830234,2.5957997422665358e-05,2.274999860674143e-05,0.0038617500104010105,0.0,100.0,1.0
212e2d08,2026-10-07T23:04:32.440407,NEU-DET,rolled-in_scale,rolled-in_scale_51.jpg,4x4,4,4,8,FRQI,1024,aer,5,4,1,1092,705,384,"{""h"": 132, ""x"": 64, ""cx"": 384, ""tdg"": 192, ""t"": 256, ""ry"": 64}",0.0013277080142870545,0.0056392920087091625,4.037498729303479e-05,7.625005673617125e-05,0.008831541985273361,0.0023406958471769513,26.306550153825825,0.31742371589877516
7a7aaebf,2026-10-07T23:04:32.467922,NEU-DET,rolled-in_scale,rolled-in_scale_51.jpg,4x4,4,4,8,NEQR,1024,aer,12,4,8,122,82,54,"{""h"": 4, ""x"": 64, ""mcx"": 54}",0.0009565830114297569,0.0022286660387180746,2.483295975252986e-05,2.158398274332285e-05,0.0037575410096906126,0.0,100.0,1.0
ec825401,2026-10-07T23:04:32.487876,NEU-DET,rolled-in_scale,rolled-in_scale_52.jpg,4x4,4,4,8,FRQI,1024,aer,5,4,1,1092,705,384,"{""h"": 132, ""x"": 64, ""cx"": 384, ""tdg"": 192, ""t"": 256, ""ry"": 64}",0.001382332993671298,0.005725832947064191,8.958298712968826e-05,0.00014054204802960157,0.009213792043738067,0.002060532727022753,26.86020483273575,0.4860778876183325
3bea0634,2026-10-07T23:04:32.514398,NEU-DET,rolled-in_scale,rolled-in_scale_52.jpg,4x4,4,4,8,NEQR,1024,aer,12,4,8,135,95,67,"{""h"": 4, ""x"": 64, ""mcx"": 67}",0.0011566659668460488,0.002252291946206242,2.5416025891900063e-05,2.099998528137803e-05,0.004040833038743585,0.0,100.0,1.0
97c6fa76,2026-10-07T23:04:32.534486,NEU-DET,rolled-in_scale,rolled-in_scale_53.jpg,4x4,4,4,8,FRQI,1024,aer,5,4,1,1092,705,384,"{""h"": 132, ""x"": 64, ""cx"": 384, ""tdg"": 192, ""t"": 256, ""ry"": 64}",0.0012920420267619193,0.005651584011502564,3.566697705537081e-05,7.404200732707977e-05,0.008802875003311783,0.001983923830837144,27.024750058119473,0.8006281571448488
eb2ae3b2,2026-10-07T23:04:32.559432,NEU-DET,rolled-in_scale,rolled-in_scale_53.jpg,4x4,4,4,8,NEQR,1024,aer,12,4,8,134,94,66,"{""h"": 4, ""x"": 64, ""mcx"": 66}",0.00169720797566697,0.002305749978404492,2.900004619732499e-05,2.3500004317611456e-05,0.004702624981291592,0.0,100.0,1.0
c501c40c,2026-10-07T23:04:32.581993,NEU-DET,rolled-in_scale,rolled-in_scale_54.jpg,4x4,4,4,8,FRQI,1024,aer,5,4,1,1092,705,384,"{""h"": 132, ""x"": 64, ""cx"": 384, ""tdg"": 192, ""t"": 256, ""ry"": 64}",0.0012845000019297004,0.005630000028759241,3.862503217533231e-05,7.545796688646078e-05,0.008771541994065046,0.002207982285238644,26.56004415296991,0.5337673149497731
d62e97d5,2026-10-07T23:04:32.607665,NEU-DET,rolled-in_scale,rolled-in_scale_54.jpg,4x4,4,4,8,NEQR,1024,aer,12,4,8,128,88,60,"{""h"": 4, ""x"": 64, ""mcx"": 60}",0.0011245000059716403,0.0024152499972842634,3.0041032005101442e-05,2.3457978386431932e-05,0.004180207964964211,0.0,100.0,1.0
f38363af,2026-10-07T23:04:32.628420,NEU-DET,rolled-in_scale,rolled-in_scale_55.jpg,4x4,4,4,8,FRQI,1024,aer,5,4,1,1092,705,384,"{""h"": 132, ""x"": 64, ""cx"": 384, ""tdg"": 192, ""t"": 256, ""ry"": 64}",0.0013841670006513596,0.005658666952513158,4.145904676988721e-05,7.929099956527352e-05,0.008944917004555464,0.0029471582213229748,25.30596547963124,0.34355637478936885
c0e32a94,2026-10-07T23:04:32.653418,NEU-DET,rolled-in_scale,rolled-in_scale_55.jpg,4x4,4,4,8,NEQR,1024,aer,12,4,8,115,75,47,"{""h"": 4, ""x"": 64, ""mcx"": 47}",0.0009189170086756349,0.0021624999935738742,2.516701351851225e-05,2.237502485513687e-05,0.0036545839975588024,0.0,100.0,1.0
c4e646a9,2026-10-07T23:04:32.673446,NEU-DET,rolled-in_scale,rolled-in_scale_56.jpg,4x4,4,4,8,FRQI,1024,aer,5,4,1,1092,705,384,"{""h"": 132, ""x"": 64, ""cx"": 384, ""tdg"": 192, ""t"": 256, ""ry"": 64}",0.00136599998222664,0.0060280420002527535,3.9041973650455475e-05,7.24999699741602e-05,0.00934820796828717,0.0018949283126682404,27.22407215248154,0.8291764233313342
a1397672,2026-10-07T23:04:32.698932,NEU-DET,rolled-in_scale,rolled-in_scale_56.jpg,4x4,4,4,8,NEQR,1024,aer,12,4,8,128,88,60,"{""h"": 4, ""x"": 64, ""mcx"": 60}",0.0010961669613607228,0.002417084004264325,2.412503818050027e-05,2.116698306053877e-05,0.0041187910246662796,0.0,100.0,1.0
2de073bf,2026-10-07T23:04:32.720646,NEU-DET,rolled-in_scale,rolled-in_scale_57.jpg,4x4,4,4,8,FRQI,1024,aer,5,4,1,1092,705,384,"{""h"": 132, ""x"": 64, ""cx"": 384, ""tdg"": 192, ""t"": 256, ""ry"": 64}",0.001311417028773576,0.005628374987281859,3.8416997995227575e-05,7.329101208597422e-05,0.008794665976893157,0.002280806575060434,26.419115437219443,0.6859289633525432
9c16f0e4,2026-10-07T23:04:32.745611,NEU-DET,rolled-in_scale,rolled-in_scale_57.jpg,4x4,4,4,8,NEQR,1024,aer,12,4,8,123,83,55,"{""h"": 4, ""x"": 64, ""mcx"": 55}",0.0009627919644117355,0.0022891669650562108,2.5042041670531034e-05,2.0499981474131346e-05,0.004080249986145645,0.0,100.0,1.0
4a63dde9,2026-10-07T23:04:32.767120,NEU-DET,rolled-in_scale,rolled-in_scale_58.jpg,4x4,4,4,8,FRQI,1024,aer,5,4,1,1092,705,384,"{""h"": 132, ""x"": 64, ""cx"": 384, ""tdg"": 192, ""t"": 256, ""ry"": 64}",0.0013552499585784972,0.005643832962960005,3.895797999575734e-05,7.375003769993782e-05,0.008972292009275407,0.0025689753818784002,25.902400574952704,0.8019176211700714
2df76d75,2026-10-07T23:04:32.792054,NEU-DET,rolled-in_scale,rolled-in_scale_58.jpg,4x4,4,4,8,NEQR,1024,aer,12,4,8,127,87,59,"{""h"": 4, ""x"": 64, ""mcx"": 59}",0.0021081670420244336,0.0023242500028572977,2.5250017642974854e-05,2.054101787507534e-05,0.005146874987985939,0.0,100.0,1.0
37adadb4,2026-10-07T23:04:32.814699,NEU-DET,rolled-in_scale,rolled-in_scale_59.jpg,4x4,4,4,8,FRQI,1024,aer,5,4,1,1092,705,384,"{""h"": 132, ""x"": 64, ""cx"": 384, ""tdg"": 192, ""t"": 256, ""ry"": 64}",0.0013050839770585299,0.005580833007115871,3.825000021606684e-05,7.18749943189323e-05,0.008742874953895807,0.0016400022631102237,27.851555526501045,0.7773938481946409
fcb34998,2026-10-07T23:04:32.839364,NEU-DET,rolled-in_scale,rolled-in_scale_59.jpg,4x4,4,4,8,NEQR,1024,aer,12,4,8,134,94,66,"{""h"": 4, ""x"": 64, ""mcx"": 66}",0.002011457982007414,0.0024957499699667096,2.5708985049277544e-05,2.2374966647475958e-05,0.00511729100253433,0.0,100.0,1.0
3799947f,2026-10-07T23:04:32.861212,NEU-DET,rolled-in_scale,rolled-in_scale_6.jpg,4x4,4,4,8,FRQI,1024,aer,5,4,1,1092,705,384,"{""h"": 132, ""x"": 64, ""cx"": 384, ""tdg"": 192, ""t"": 256, ""ry"": 64}",0.0015131249674595892,0.005770292016677558,4.116696072742343e-05,7.512496085837483e-05,0.009278416982851923,0.002346375315764534,26.296025188493772,0.7393772325783363
aa013e71,2026-10-07T23:04:32.886928,NEU-DET,rolled-in_scale,rolled-in_scale_6.jpg,4x4,4,4,8,NEQR,1024,aer,12,4,8,131,91,63,"{""h"": 4, ""x"": 64, ""mcx"": 63}",0.001159791019745171,0.0024980840389616787,2.4625041987746954e-05,2.5083019863814116e-05,0.004324791021645069,0.0,100.0,1.0
605d5f3c,2026-10-07T23:04:32.909260,NEU-DET,rolled-in_scale,rolled-in_scale_60.jpg,4x4,4,4,8,FRQI,1024,aer,5,4,1,1092,705,384,"{""h"": 132, ""x"": 64, ""cx"": 384, ""tdg"": 192, ""t"": 256, ""ry"": 64}",0.0018280830117873847,0.005643083015456796,3.854196984320879e-05,7.458403706550598e-05,0.009463791968300939,0.00205018548034554,26.88206846531251,0.6582107205121968
f659e87d,2026-10-07T23:04:32.934313,NEU-DET,rolled-in_scale,rolled-in_scale_60.jpg,4x4,4,4,8,NEQR,1024,aer,12,4,8,125,85,57,"{""h"": 4, ""x"": 64, ""mcx"": 57}",0.0010010830010287464,0.0023373750154860318,2.4917011614888906e-05,2.1916988771408796e-05,0.003925667027942836,0.0,100.0,1.0
ac6e51e5,2026-10-07T23:04:32.954675,NEU-DET,rolled-in_scale,rolled-in_scale_61.jpg,4x4,4,4,8,FRQI,1024,aer,5,4,1,1092,705,384,"{""h"": 132, ""x"": 64, ""cx"": 384, ""tdg"": 192, ""t"": 256, ""ry"": 64}",0.0013312500086613,0.005676667031366378,3.620801726356149e-05,7.245899178087711e-05,0.008877624990418553,0.002992885367502304,25.239099170437356,0.7110803966267085
679cf382,2026-10-07T23:04:32.979969,NEU-DET,rolled-in_scale,rolled-in_scale_61.jpg,4x4,4,4,8,NEQR,1024,aer,12,4,8,122,82,54,"{""h"": 4, ""x"": 64, ""mcx"": 54}",0.0009585410007275641,0.0032296659774146974,2.6582973077893257e-05,2.562499139457941e-05,0.004799875023309141,0.0,100.0,1.0
50289711,2026-10-07T23:04:33.002119,NEU-DET,rolled-in_scale,rolled-in_scale_62.jpg,4x4,4,4,8,FRQI,1024,aer,5,4,1,1092,705,384,"{""h"": 132, ""x"": 64, ""cx"": 384, ""tdg"": 192, ""t"": 256, ""ry"": 64}",0.0013053750153630972,0.005662542011123151,3.912497777491808e-05,7.058301707729697e-05,0.008830042032059282,0.0022064550096697697,26.563049235312505,0.8236440125026501
39735458,2026-10-07T23:04:33.026947,NEU-DET,rolled-in_scale,rolled-in_scale_62.jpg,4x4,4,4,8,NEQR,1024,aer,12,4,8,124,84,56,"{""h"": 4, ""x"": 64, ""mcx"": 56}",0.001033749955240637,0.0025024579954333603,2.6291003450751305e-05,2.220895839855075e-05,0.004144415957853198,0.0,100.0,1.0
b3c9271c,2026-10-07T23:04:33.047471,NEU-DET,rolled-in_scale,rolled-in_scale_63.jpg,4x4,4,4,8,FRQI,1024,aer,5,4,1,1092,705,384,"{""h"": 132, ""x"": 64, ""cx"": 384, ""tdg"": 192, ""t"": 256, ""ry"": 64}",0.001399667002260685,0.005648666003253311,3.8166006561368704e-05,7.324997568503022e-05,0.009013917006086558,0.001958637384131136,27.08045960456444,0.8300258957241907
c20ee73c,2026-10-07T23:04:33.073354,NEU-DET,rolled-in_scale,rolled-in_scale_63.jpg,4x4,4,4,8,NEQR,1024,aer,12,4,8,132,92,64,"{""h"": 4, ""x"": 64, ""mcx"": 64}",0.00118937500519678,0.002571042045019567,2.5333953090012074e-05,2.2250053007155657e-05,0.004402749997097999,0.0,100.0,1.0
9114f9e6,2026-10-07T23:04:33.095601,NEU-DET,rolled-in_scale,rolled-in_scale_64.jpg,4x4,4,4,8,FRQI,1024,aer,5,4,1,1092,705,384,"{""h"": 132, ""x"": 64, ""cx"": 384, ""tdg"": 192, ""t"": 256, ""ry"": 64}",0.0012889160425402224,0.006039957981556654,4.112499300390482e-05,7.637502858415246e-05,0.00918820803053677,0.001926188601331576,27.153011915066834,0.6279947718815073
0e2c8b21,2026-10-07T23:04:33.122168,NEU-DET,rolled-in_scale,rolled-in_scale_64.jpg,4x4,4,4,8,NEQR,1024,aer,12,4,8,134,94,66,"{""h"": 4, ""x"": 64, ""mcx"": 66}",0.0012003750307485461,0.0024087080382741988,2.4457986000925303e-05,2.2290972992777824e-05,0.004255624953657389,0.0,100.0,1.0
f8e00907,2026-10-07T23:04:33.142696,NEU-DET,rolled-in_scale,rolled-in_scale_65.jpg,4x4,4,4,8,FRQI,1024,aer,5,4,1,1092,705,384,"{""h"": 132, ""x"": 64, ""cx"": 384, ""tdg"": 192, ""t"": 256, ""ry"": 64}",0.001269749947823584,0.006022167042829096,3.85420280508697e-05,7.641600677743554e-05,0.009154749976005405,0.00209937665753298,26.779096359230937,0.5962319834751098
e53a3370,2026-10-07T23:04:33.168549,NEU-DET,rolled-in_scale,rolled-in_scale_65.jpg,4x4,4,4,8,NEQR,1024,aer,12,4,8,136,96,68,"{""h"": 4, ""x"": 64, ""mcx"": 68}",0.001452249998692423,0.003278166987001896,3.2167008612304926e-05,2.5874993298202753e-05,0.005813833966385573,0.0,100.0,1.0
dff374fc,2026-10-07T23:04:33.195972,NEU-DET,rolled-in_scale,rolled-in_scale_66.jpg,4x4,4,4,8,FRQI,1024,aer,5,4,1,1092,705,384,"{""h"": 132, ""x"": 64, ""cx"": 384, ""tdg"": 192, ""t"": 256, ""ry"": 64}",0.0013161670067347586,0.005775958008598536,4.091596929356456e-05,7.524999091401696e-05,0.009003832994494587,0.0020542489949012966,26.873469168449937,0.5358140064636584
cd92e10a,2026-10-07T23:04:33.221605,NEU-DET,rolled-in_scale,rolled-in_scale_66.jpg,4x4,4,4,8,NEQR,1024,aer,12,4,8,135,95,67,"{""h"": 4, ""x"": 64, ""mcx"": 67}",0.001222709019202739,0.0025682910345494747,2.583296736702323e-05,2.2290972992777824e-05,0.00445187499281019,0.0,100.0,1.0
49d99d22,2026-10-07T23:04:33.243374,NEU-DET,rolled-in_scale,rolled-in_scale_67.jpg,4x4,4,4,8,FRQI,1024,aer,5,4,1,1092,705,384,"{""h"": 132, ""x"": 64, ""cx"": 384, ""tdg"": 192, ""t"": 256, ""ry"": 64}",0.001437333005014807,0.0056450419942848384,3.912497777491808e-05,7.43329874239862e-05,0.009023666963912547,0.002137703603550588,26.700525106641372,0.652535152873738
c3492502,2026-10-07T23:04:33.268841,NEU-DET,rolled-in_scale,rolled-in_scale_67.jpg,4x4,4,4,8,NEQR,1024,aer,12,4,8,118,78,50,"{""h"": 4, ""x"": 64, ""mcx"": 50}",0.0008917920058593154,0.0022101670037955046,2.424995182082057e-05,2.0292005501687527e-05,0.003650916973128915,0.0,100.0,1.0
157cd74e,2026-10-07T23:04:33.288834,NEU-DET,rolled-in_scale,rolled-in_scale_68.jpg,4x4,4,4,8,FRQI,1024,aer,5,4,1,1092,705,384,"{""h"": 132, ""x"": 64, ""cx"": 384, ""tdg"": 192, ""t"": 256, ""ry"": 64}",0.0014101670240052044,0.005737958999816328,4.095799522474408e-05,7.545796688646078e-05,0.009037625044584274,0.0026337894995795297,25.79418938115389,0.713174011809545
3717469d,2026-10-07T23:04:33.314314,NEU-DET,rolled-in_scale,rolled-in_scale_68.jpg,4x4,4,4,8,NEQR,1024,aer,12,4,8,140,100,72,"{""h"": 4, ""x"": 64, ""mcx"": 72}",0.0012702919775620103,0.00241891696350649,2.4958979338407516e-05,2.141698496416211e-05,0.004321583022829145,0.0,100.0,1.0
50589397,2026-10-07T23:04:33.334592,NEU-DET,rolled-in_scale,rolled-in_scale_69.jpg,4x4,4,4,8,FRQI,1024,aer,5,4,1,1092,705,384,"{""h"": 132, ""x"": 64, ""cx"": 384, ""tdg"": 192, ""t"": 256, ""ry"": 64}",0.0012800419935956597,0.00561412499519065,4.3082982301712036e-05,7.862504571676254e-05,0.008758625015616417,0.0030549034171135957,25.150025157250834,0.6328308502596584
0482d00a,2026-10-07T23:04:33.359985,NEU-DET,rolled-in_scale,rolled-in_scale_69.jpg,4x4,4,4,8,NEQR,1024,aer,12,4,8,138,98,70,"{""h"": 4, ""x"": 64, ""mcx"": 70}",0.0012199169723317027,0.002263790986035019,2.62079993262887e-05,2.1625019144266844e-05,0.004129959037527442,0.0,100.0,1.0
f656dcd4,2026-10-07T23:04:33.381839,NEU-DET,rolled-in_scale,rolled-in_scale_7.jpg,4x4,4,4,8,FRQI,1024,aer,5,4,1,1092,705,384,"{""h"": 132, ""x"": 64, ""cx"": 384, ""tdg"": 192, ""t"": 256, ""ry"": 64}",0.0012589580146595836,0.005558417004067451,3.84590239264071e-05,7.641699630767107e-05,0.008663083950523287,0.0024550222413136052,26.09944569025324,0.7949937262777533
16a2d8be,2026-10-07T23:04:33.407286,NEU-DET,rolled-in_scale,rolled-in_scale_7.jpg,4x4,4,4,8,NEQR,1024,aer,12,4,8,132,92,64,"{""h"": 4, ""x"": 64, ""mcx"": 64}",0.0011545420275069773,0.0025728329783305526,2.6250025257468224e-05,2.2042018827050924e-05,0.004357540979981422,0.0,100.0,1.0
4d1d3440,2026-10-07T23:04:33.428039,NEU-DET,rolled-in_scale,rolled-in_scale_70.jpg,4x4,4,4,8,FRQI,1024,aer,5,4,1,1092,705,384,"{""h"": 132, ""x"": 64, ""cx"": 384, ""tdg"": 192, ""t"": 256, ""ry"": 64}",0.0013820829917676747,0.005342709016986191,4.1417020838707685e-05,7.54999928176403e-05,0.008700541977304965,0.002497475182038651,26.024988187605263,0.6003302625127652
bd7503fe,2026-10-07T23:04:33.453605,NEU-DET,rolled-in_scale,rolled-in_scale_70.jpg,4x4,4,4,8,NEQR,1024,aer,12,4,8,137,97,69,"{""h"": 4, ""x"": 64, ""mcx"": 69}",0.0015307089779525995,0.002497375011444092,2.54589831456542e-05,2.1832995116710663e-05,0.0046696249628439546,0.0,100.0,1.0
f9084cf1,2026-10-07T23:04:33.477300,NEU-DET,rolled-in_scale,rolled-in_scale_71.jpg,4x4,4,4,8,FRQI,1024,aer,5,4,1,1092,705,384,"{""h"": 132, ""x"": 64, ""cx"": 384, ""tdg"": 192, ""t"": 256, ""ry"": 64}",0.0013841670006513596,0.005682207993231714,3.8457976188510656e-05,7.291702786460519e-05,0.00906729098642245,0.0020467260131583577,26.88940290672864,0.8240752054820588
0719a990,2026-10-07T23:04:33.502580,NEU-DET,rolled-in_scale,rolled-in_scale_71.jpg,4x4,4,4,8,NEQR,1024,aer,12,4,8,129,89,61,"{""h"": 4, ""x"": 64, ""mcx"": 61}",0.001127458002883941,0.002347624977119267,2.4042034056037664e-05,2.0708015654236078e-05,0.004090042028110474,0.0,100.0,1.0
cb511d80,2026-10-07T23:04:33.523125,NEU-DET,rolled-in_scale,rolled-in_scale_72.jpg,4x4,4,4,8,FRQI,1024,aer,5,4,1,1092,705,384,"{""h"": 132, ""x"": 64, ""cx"": 384, ""tdg"": 192, ""t"": 256, ""ry"": 64}",0.0014139170525595546,0.005619124975055456,3.866601036861539e-05,7.087498670443892e-05,0.009019541961606592,0.0024477914983340185,26.112255779396477,0.7070329202258118
d61bddf0,2026-10-07T23:04:33.548837,NEU-DET,rolled-in_scale,rolled-in_scale_72.jpg,4x4,4,4,8,NEQR,1024,aer,12,4,8,131,91,63,"{""h"": 4, ""x"": 64, ""mcx"": 63}",0.001148790994193405,0.0023529999889433384,2.466596197336912e-05,2.1832995116710663e-05,0.004113042028620839,0.0,100.0,1.0
c4c56ee2,2026-10-07T23:04:33.572265,NEU-DET,rolled-in_scale,rolled-in_scale_73.jpg,4x4,4,4,8,FRQI,1024,aer,5,4,1,1092,705,384,"{""h"": 132, ""x"": 64, ""cx"": 384, ""tdg"": 192, ""t"": 256, ""ry"": 64}",0.0012994580320082605,0.005647999991197139,3.5833974834531546e-05,7.283396553248167e-05,0.008824374992400408,0.002373957795222366,26.24527006301801,0.8086833089519792
d610d776,2026-10-07T23:04:33.597653,NEU-DET,rolled-in_scale,rolled-in_scale_73.jpg,4x4,4,4,8,NEQR,1024,aer,12,4,8,127,87,59,"{""h"": 4, ""x"": 64, ""mcx"": 59}",0.0010790000087581575,0.002583832945674658,2.6916968636214733e-05,2.1332991309463978e-05,0.004284583032131195,0.0,100.0,1.0
1f94f8a4,2026-10-07T23:04:33.620588,NEU-DET,rolled-in_scale,rolled-in_scale_74.jpg,4x4,4,4,8,FRQI,1024,aer,5,4,1,1092,705,384,"{""h"": 132, ""x"": 64, ""cx"": 384, ""tdg"": 192, ""t"": 256, ""ry"": 64}",0.001336707966402173,0.005635624984279275,3.991700941696763e-05,7.166701834648848e-05,0.008854500018060207,0.002332409811870897,26.32195140277736,0.8077553539330711
0e5cd606,2026-10-07T23:04:33.645817,NEU-DET,rolled-in_scale,rolled-in_scale_74.jpg,4x4,4,4,8,NEQR,1024,aer,12,4,8,129,89,61,"{""h"": 4, ""x"": 64, ""mcx"": 61}",0.001079667010344565,0.0025585839757695794,2.5374989490956068e-05,2.0124949514865875e-05,0.004231332975905389,0.0,100.0,1.0
90eae4cf,2026-10-07T23:04:33.668460,NEU-DET,rolled-in_scale,rolled-in_scale_75.jpg,4x4,4,4,8,FRQI,1024,aer,5,4,1,1092,705,384,"{""h"": 132, ""x"": 64, ""cx"": 384, ""tdg"": 192, ""t"": 256, ""ry"": 64}",0.001291832944843918,0.005719250009860843,3.954197745770216e-05,7.329200161620975e-05,0.008884707989636809,0.0022793480217618645,26.42189359597385,0.5908412857361568
30a1782f,2026-10-07T23:04:33.693720,NEU-DET,rolled-in_scale,rolled-in_scale_75.jpg,4x4,4,4,8,NEQR,1024,aer,12,4,8,116,76,48,"{""h"": 4, ""x"": 64, ""mcx"": 48}",0.0008615840342827141,0.00228154199430719,2.7709000278264284e-05,2.2584048565477133e-05,0.0036988749634474516,0.0,100.0,1.0
79fb5979,2026-10-07T23:04:33.714218,NEU-DET,rolled-in_scale,rolled-in_scale_76.jpg,4x4,4,4,8,FRQI,1024,aer,5,4,1,1092,705,384,"{""h"": 132, ""x"": 64, ""cx"": 384, ""tdg"": 192, ""t"": 256, ""ry"": 64}",0.001359041954856366,0.005570291948970407,3.608304541558027e-05,6.891699740663171e-05,0.008822458039503545,0.002663278786804045,25.745833700862462,0.6989749004136104
fb722672,2026-10-07T23:04:33.739405,NEU-DET,rolled-in_scale,rolled-in_scale_76.jpg,4x4,4,4,8,NEQR,1024,aer,12,4,8,143,103,75,"{""h"": 4, ""x"": 64, ""mcx"": 75}",0.0013289999915286899,0.002350082970224321,2.5916961021721363e-05,2.1707965061068535e-05,0.004340457962825894,0.0,100.0,1.0
fc78757d,2026-10-07T23:04:33.760552,NEU-DET,rolled-in_scale,rolled-in_scale_77.jpg,4x4,4,4,8,FRQI,1024,aer,5,4,1,1092,705,384,"{""h"": 132, ""x"": 64, ""cx"": 384, ""tdg"": 192, ""t"": 256, ""ry"": 64}",0.0013741250149905682,0.005797709047328681,3.408401971682906e-05,7.025001104921103e-05,0.009130165970418602,0.0018475657424392633,27.334000990383526,0.90399493758514
f6a38269,2026-10-07T23:04:33.785974,NEU-DET,rolled-in_scale,rolled-in_scale_77.jpg,4x4,4,4,8,NEQR,1024,aer,12,4,8,131,91,63,"{""h"": 4, ""x"": 64, ""mcx"": 63}",0.0010745830368250608,0.002429540967568755,2.3791042622178793e-05,2.0209001377224922e-05,0.004072292009368539,0.0,100.0,1.0
941ef032,2026-10-07T23:04:33.807557,NEU-DET,rolled-in_scale,rolled-in_scale_78.jpg,4x4,4,4,8,FRQI,1024,aer,5,4,1,1092,705,384,"{""h"": 132, ""x"": 64, ""cx"": 384, ""tdg"": 192, ""t"": 256, ""ry"": 64}",0.002367999986745417,0.0056183330016210675,3.9458973333239555e-05,7.158302469179034e-05,0.010606667026877403,0.001691440934944423,27.717431631586386,0.8873218387314983
351a3902,2026-10-07T23:04:33.834362,NEU-DET,rolled-in_scale,rolled-in_scale_78.jpg,4x4,4,4,8,NEQR,1024,aer,12,4,8,129,89,61,"{""h"": 4, ""x"": 64, ""mcx"": 61}",0.0010577909997664392,0.0023628330091014504,2.462498378008604e-05,2.158299321308732e-05,0.004006250004749745,0.0,100.0,1.0
9933a73a,2026-10-07T23:04:33.854672,NEU-DET,rolled-in_scale,rolled-in_scale_79.jpg,4x4,4,4,8,FRQI,1024,aer,5,4,1,1092,705,384,"{""h"": 132, ""x"": 64, ""cx"": 384, ""tdg"": 192, ""t"": 256, ""ry"": 64}",0.0012768750311806798,0.005748416995629668,3.770797047764063e-05,6.9458968937397e-05,0.008911666984204203,0.002521528918123286,25.983360467753798,0.5737838365973159
b4ab4101,2026-10-07T23:04:33.880092,NEU-DET,rolled-in_scale,rolled-in_scale_79.jpg,4x4,4,4,8,NEQR,1024,aer,12,4,8,133,93,65,"{""h"": 4, ""x"": 64, ""mcx"": 65}",0.0011710419785231352,0.002422875026240945,2.3957982193678617e-05,2.1124957129359245e-05,0.004197166999801993,0.0,100.0,1.0
f0f4c80e,2026-10-07T23:04:33.900488,NEU-DET,rolled-in_scale,rolled-in_scale_8.jpg,4x4,4,4,8,FRQI,1024,aer,5,4,1,1092,705,384,"{""h"": 132, ""x"": 64, ""cx"": 384, ""tdg"": 192, ""t"": 256, ""ry"": 64}",0.0016920830239541829,0.005693625018466264,4.1249964851886034e-05,7.783400360494852e-05,0.010534000000916421,0.0021704582029900797,26.634485730529004,0.552821320030155
403ddbbf,2026-10-07T23:04:33.927410,NEU-DET,rolled-in_scale,rolled-in_scale_8.jpg,4x4,4,4,8,NEQR,1024,aer,12,4,8,127,87,59,"{""h"": 4, ""x"": 64, ""mcx"": 59}",0.001092833001166582,0.0024752080207690597,5.6165968999266624e-05,4.212500061839819e-05,0.0042595830163918436,0.0,100.0,1.0
521fbdfd,2026-10-07T23:04:33.951076,NEU-DET,rolled-in_scale,rolled-in_scale_80.jpg,4x4,4,4,8,FRQI,1024,aer,5,4,1,1092,705,384,"{""h"": 132, ""x"": 64, ""cx"": 384, ""tdg"": 192, ""t"": 256, ""ry"": 64}",0.0013190840254537761,0.005813584022689611,4.241697024554014e-05,7.624999852851033e-05,0.008999166020657867,0.0018592058961972692,27.30672511986688,0.8950023057934192
bedef8a1,2026-10-07T23:04:33.976545,NEU-DET,rolled-in_scale,rolled-in_scale_80.jpg,4x4,4,4,8,NEQR,1024,aer,12,4,8,124,84,56,"{""h"": 4, ""x"": 64, ""mcx"": 56}",0.0009701670496724546,0.00237499998183921,2.6165973395109177e-05,2.2458028979599476e-05,0.003922542033251375,0.0,100.0,1.0
e108582b,2026-10-07T23:04:33.999967,NEU-DET,rolled-in_scale,rolled-in_scale_81.jpg,4x4,4,4,8,FRQI,1024,aer,5,4,1,1092,705,384,"{""h"": 132, ""x"": 64, ""cx"": 384, ""tdg"": 192, ""t"": 256, ""ry"": 64}",0.0013119580107741058,0.005640124960336834,3.616698086261749e-05,7.079198257997632e-05,0.008803666976746172,0.0020079068999686645,26.97256427865279,0.8412741255782809
adb154d0,2026-10-07T23:04:34.025207,NEU-DET,rolled-in_scale,rolled-in_scale_81.jpg,4x4,4,4,8,NEQR,1024,aer,12,4,8,126,86,58,"{""h"": 4, ""x"": 64, ""mcx"": 58}",0.0010758329881355166,0.002364083018619567,2.704199869185686e-05,2.3083004634827375e-05,0.004068874986842275,0.0,100.0,1.0
2ce8fd5d,2026-10-07T23:04:34.046888,NEU-DET,rolled-in_scale,rolled-in_scale_82.jpg,4x4,4,4,8,FRQI,1024,aer,5,4,1,1092,705,384,"{""h"": 132, ""x"": 64, ""cx"": 384, ""tdg"": 192, ""t"": 256, ""ry"": 64}",0.0012982499902136624,0.005631209001876414,4.037498729303479e-05,7.183296838775277e-05,0.008788291015662253,0.0021613253233419287,26.652798580596162,0.8486375545049984
8bf4e7b6,2026-10-07T23:04:34.071889,NEU-DET,rolled-in_scale,rolled-in_scale_82.jpg,4x4,4,4,8,NEQR,1024,aer,12,4,8,126,86,58,"{""h"": 4, ""x"": 64, ""mcx"": 58}",0.0010059159831143916,0.0023597499821335077,2.4957989808171988e-05,2.2707972675561905e-05,0.003940458002034575,0.0,100.0,1.0
32402266,2026-10-07T23:04:34.091955,NEU-DET,rolled-in_scale,rolled-in_scale_83.jpg,4x4,4,4,8,FRQI,1024,aer,5,4,1,1092,705,384,"{""h"": 132, ""x"": 64, ""cx"": 384, ""tdg"": 192, ""t"": 256, ""ry"": 64}",0.001279874995816499,0.0055860829888843,3.933301195502281e-05,7.087504491209984e-05,0.008710499969311059,0.0016238792938137827,27.894462558700127,0.8835157115324249
9f87e06a,2026-10-07T23:04:34.117137,NEU-DET,rolled-in_scale,rolled-in_scale_83.jpg,4x4,4,4,8,NEQR,1024,aer,12,4,8,125,85,57,"{""h"": 4, ""x"": 64, ""mcx"": 57}",0.0010653749923221767,0.00256062502739951,2.72089964710176e-05,2.3500004317611456e-05,0.004245333024300635,0.0,100.0,1.0
3dfd20ac,2026-10-07T23:04:34.138819,NEU-DET,rolled-in_scale,rolled-in_scale_84.jpg,4x4,4,4,8,FRQI,1024,aer,5,4,1,1092,705,384,"{""h"": 132, ""x"": 64, ""cx"": 384, ""tdg"": 192, ""t"": 256, ""ry"": 64}",0.0012846249737776816,0.005796375044155866,3.891601227223873e-05,7.02079851180315e-05,0.008936166996136308,0.0020401614620830025,26.903354603599755,0.7880829702495016
8a1fc11b,2026-10-07T23:04:34.164634,NEU-DET,rolled-in_scale,rolled-in_scale_84.jpg,4x4,4,4,8,NEQR,1024,aer,12,4,8,127,87,59,"{""h"": 4, ""x"": 64, ""mcx"": 59}",0.0010722909937612712,0.0022998329950496554,2.4958979338407516e-05,2.1290965378284454e-05,0.003977749962359667,0.0,100.0,1.0
66c0ef3f,2026-10-07T23:04:34.186266,NEU-DET,rolled-in_scale,rolled-in_scale_85.jpg,4x4,4,4,8,FRQI,1024,aer,5,4,1,1092,705,384,"{""h"": 132, ""x"": 64, ""cx"": 384, ""tdg"": 192, ""t"": 256, ""ry"": 64}",0.0013193750055506825,0.005783250031527132,4.1665975004434586e-05,7.60830007493496e-05,0.0089762500138022,0.0027327696431357767,25.633969753074844,0.7176281868302045
871f71cf,2026-10-07T23:04:34.211702,NEU-DET,rolled-in_scale,rolled-in_scale_85.jpg,4x4,4,4,8,NEQR,1024,aer,12,4,8,138,98,70,"{""h"": 4, ""x"": 64, ""mcx"": 70}",0.0011710830149240792,0.0023862500092945993,2.466596197336912e-05,2.13750172406435e-05,0.004174707981292158,0.0,100.0,1.0
63016a15,2026-10-07T23:04:34.232171,NEU-DET,rolled-in_scale,rolled-in_scale_86.jpg,4x4,4,4,8,FRQI,1024,aer,5,4,1,1092,705,384,"{""h"": 132, ""x"": 64, ""cx"": 384, ""tdg"": 192, ""t"": 256, ""ry"": 64}",0.0012612079735845327,0.005701709014829248,3.620801726356149e-05,7.620797259733081e-05,0.008815166016574949,0.0022853028408712107,26.410562404937217,0.7236278810229576
733f16e3,2026-10-07T23:04:34.257753,NEU-DET,rolled-in_scale,rolled-in_scale_86.jpg,4x4,4,4,8,NEQR,1024,aer,12,4,8,133,93,65,"{""h"": 4, ""x"": 64, ""mcx"": 65}",0.0011997500550933182,0.0024277910124510527,2.879102248698473e-05,2.55830236710608e-05,0.004287957970518619,0.0,100.0,1.0
a29277c4,2026-10-07T23:04:34.278797,NEU-DET,rolled-in_scale,rolled-in_scale_87.jpg,4x4,4,4,8,FRQI,1024,aer,5,4,1,1092,705,384,"{""h"": 132, ""x"": 64, ""cx"": 384, ""tdg"": 192, ""t"": 256, ""ry"": 64}",0.0014054159983061254,0.005671417049597949,3.774999640882015e-05,7.345899939537048e-05,0.009054499969352037,0.002968530274462018,25.274585175768138,0.641644363321081
9df217c2,2026-10-07T23:04:34.305072,NEU-DET,rolled-in_scale,rolled-in_scale_87.jpg,4x4,4,4,8,NEQR,1024,aer,12,4,8,133,93,65,"{""h"": 4, ""x"": 64, ""mcx"": 65}",0.001189666974823922,0.0022392079699784517,2.4874985683709383e-05,2.1665997337549925e-05,0.0040760000119917095,0.0,100.0,1.0
e06fda1b,2026-10-07T23:04:34.327287,NEU-DET,rolled-in_scale,rolled-in_scale_88.jpg,4x4,4,4,8,FRQI,1024,aer,5,4,1,1092,705,384,"{""h"": 132, ""x"": 64, ""cx"": 384, ""tdg"": 192, ""t"": 256, ""ry"": 64}",0.0013198750093579292,0.005697250016964972,3.7999998312443495e-05,7.166696013882756e-05,0.008895958017092198,0.0022519266466089274,26.474457601314437,0.7486365761169302
cbe27d47,2026-10-07T23:04:34.353076,NEU-DET,rolled-in_scale,rolled-in_scale_88.jpg,4x4,4,4,8,NEQR,1024,aer,12,4,8,135,95,67,"{""h"": 4, ""x"": 64, ""mcx"": 67}",0.0012177500175312161,0.0024623750359751284,2.2249994799494743e-05,2.0666979253292084e-05,0.004315750033129007,0.0,100.0,1.0
d025278d,2026-10-07T23:04:34.375603,NEU-DET,rolled-in_scale,rolled-in_scale_89.jpg,4x4,4,4,8,FRQI,1024,aer,5,4,1,1092,705,384,"{""h"": 132, ""x"": 64, ""cx"": 384, ""tdg"": 192, ""t"": 256, ""ry"": 64}",0.001385917013976723,0.008783375029452145,3.8707978092134e-05,7.454096339643002e-05,0.012039208027999848,0.0021583691776878677,26.658742695141168,0.7834882111647369
7a2e7bbb,2026-10-07T23:04:34.404301,NEU-DET,rolled-in_scale,rolled-in_scale_89.jpg,4x4,4,4,8,NEQR,1024,aer,12,4,8,137,97,69,"{""h"": 4, ""x"": 64, ""mcx"": 69}",0.0012381249689497054,0.0023849160061217844,2.54589831456542e-05,2.2332998923957348e-05,0.004273540980648249,0.0,100.0,1.0
bac2acb1,2026-10-07T23:04:34.426220,NEU-DET,rolled-in_scale,rolled-in_scale_9.jpg,4x4,4,4,8,FRQI,1024,aer,5,4,1,1092,705,384,"{""h"": 132, ""x"": 64, ""cx"": 384, ""tdg"": 192, ""t"": 256, ""ry"": 64}",0.0012939170119352639,0.005614916037302464,3.791699418798089e-05,7.008295506238937e-05,0.008753083006013185,0.0028904962201110633,25.390275942134398,0.6511381906419804
c2c8df16,2026-10-07T23:04:34.451580,NEU-DET,rolled-in_scale,rolled-in_scale_9.jpg,4x4,4,4,8,NEQR,1024,aer,12,4,8,138,98,70,"{""h"": 4, ""x"": 64, ""mcx"": 70}",0.0012411660281941295,0.0025249170139431953,2.675002906471491e-05,2.316699828952551e-05,0.004417958960402757,0.0,100.0,1.0
d29b4953,2026-10-07T23:04:34.473839,NEU-DET,rolled-in_scale,rolled-in_scale_90.jpg,4x4,4,4,8,FRQI,1024,aer,5,4,1,1092,705,384,"{""h"": 132, ""x"": 64, ""cx"": 384, ""tdg"": 192, ""t"": 256, ""ry"": 64}",0.0013610419700853527,0.0056443329667672515,3.84590239264071e-05,7.48750171624124e-05,0.008964749984443188,0.002886450318905016,25.39635913104234,0.6417418529471088
143ec57b,2026-10-07T23:04:34.501190,NEU-DET,rolled-in_scale,rolled-in_scale_90.jpg,4x4,4,4,8,NEQR,1024,aer,12,4,8,136,96,68,"{""h"": 4, ""x"": 64, ""mcx"": 68}",0.001236707961652428,0.002200125018134713,2.541701542213559e-05,2.258399035781622e-05,0.004063708009198308,0.0,100.0,1.0
2e9e5f98,2026-10-07T23:04:34.522326,NEU-DET,rolled-in_scale,rolled-in_scale_91.jpg,4x4,4,4,8,FRQI,1024,aer,5,4,1,1092,705,384,"{""h"": 132, ""x"": 64, ""cx"": 384, ""tdg"": 192, ""t"": 256, ""ry"": 64}",0.0013898329925723374,0.005753875011578202,3.6415993236005306e-05,7.25829740986228e-05,0.009119333990383893,0.0024935871574863835,26.031754474360447,0.7599552346053899
67367f7d,2026-10-07T23:04:34.548326,NEU-DET,rolled-in_scale,rolled-in_scale_91.jpg,4x4,4,4,8,NEQR,1024,aer,12,4,8,139,99,71,"{""h"": 4, ""x"": 64, ""mcx"": 71}",0.0012588329846039414,0.002608374983537942,2.5124987587332726e-05,2.158299321308732e-05,0.004511584003921598,0.0,100.0,1.0
b41ae02e,2026-10-07T23:04:34.571381,NEU-DET,rolled-in_scale,rolled-in_scale_92.jpg,4x4,4,4,8,FRQI,1024,aer,5,4,1,1092,705,384,"{""h"": 132, ""x"": 64, ""cx"": 384, ""tdg"": 192, ""t"": 256, ""ry"": 64}",0.0013582920073531568,0.005641666997689754,3.683404065668583e-05,7.137499051168561e-05,0.008848875004332513,0.0031120691292561473,25.069507644712203,0.8734117975676434
7ec6ab16,2026-10-07T23:04:34.596999,NEU-DET,rolled-in_scale,rolled-in_scale_92.jpg,4x4,4,4,8,NEQR,1024,aer,12,4,8,133,93,65,"{""h"": 4, ""x"": 64, ""mcx"": 65}",0.001159709005150944,0.002549749973695725,2.6332971174269915e-05,2.3541972041130066e-05,0.004339875013101846,0.0,100.0,1.0
72559764,2026-10-07T23:04:34.619436,NEU-DET,rolled-in_scale,rolled-in_scale_93.jpg,4x4,4,4,8,FRQI,1024,aer,5,4,1,1092,705,384,"{""h"": 132, ""x"": 64, ""cx"": 384, ""tdg"": 192, ""t"": 256, ""ry"": 64}",0.001256708987057209,0.005860208009835333,3.716698847711086e-05,7.020903285592794e-05,0.008955625002272427,0.002667038781849424,25.739706691167434,0.8504365267575537
d6eadf80,2026-10-07T23:04:34.645273,NEU-DET,rolled-in_scale,rolled-in_scale_93.jpg,4x4,4,4,8,NEQR,1024,aer,12,4,8,138,98,70,"{""h"": 4, ""x"": 64, ""mcx"": 70}",0.0012498750002123415,0.0024413340142928064,2.3083004634827375e-05,2.0250037778168917e-05,0.004323458997532725,0.0,100.0,1.0
cbdb3d9a,2026-10-07T23:04:34.667756,NEU-DET,rolled-in_scale,rolled-in_scale_94.jpg,4x4,4,4,8,FRQI,1024,aer,5,4,1,1092,705,384,"{""h"": 132, ""x"": 64, ""cx"": 384, ""tdg"": 192, ""t"": 256, ""ry"": 64}",0.0012915409752167761,0.005776999983936548,3.787496825680137e-05,6.925000343471766e-05,0.008950999996159226,0.002154208576374968,26.667122494209117,0.8980301470433922
5d9b2794,2026-10-07T23:04:34.694035,NEU-DET,rolled-in_scale,rolled-in_scale_94.jpg,4x4,4,4,8,NEQR,1024,aer,12,4,8,128,88,60,"{""h"": 4, ""x"": 64, ""mcx"": 60}",0.0011217499850317836,0.0026279999874532223,2.5124987587332726e-05,2.1625019144266844e-05,0.004370332986582071,0.0,100.0,1.0
1590933f,2026-10-07T23:04:34.715255,NEU-DET,rolled-in_scale,rolled-in_scale_95.jpg,4x4,4,4,8,FRQI,1024,aer,5,4,1,1092,705,384,"{""h"": 132, ""x"": 64, ""cx"": 384, ""tdg"": 192, ""t"": 256, ""ry"": 64}",0.0013087919796817005,0.005638375005219132,3.574998117983341e-05,7.245800225064158e-05,0.008825332974083722,0.0019949681794073533,27.000640271040552,0.5791391955539569
339fa3c5,2026-10-07T23:04:34.741244,NEU-DET,rolled-in_scale,rolled-in_scale_95.jpg,4x4,4,4,8,NEQR,1024,aer,12,4,8,141,101,73,"{""h"": 4, ""x"": 64, ""mcx"": 73}",0.001288625004235655,0.0022975000320002437,2.5666027795523405e-05,2.1415995433926582e-05,0.004210916988085955,0.0,100.0,1.0
33294c9f,2026-10-07T23:04:34.763206,NEU-DET,rolled-in_scale,rolled-in_scale_96.jpg,4x4,4,4,8,FRQI,1024,aer,5,4,1,1092,705,384,"{""h"": 132, ""x"": 64, ""cx"": 384, ""tdg"": 192, ""t"": 256, ""ry"": 64}",0.0013012500130571425,0.005559457989875227,3.6165991332381964e-05,6.937497528269887e-05,0.008742792007979006,0.0029427588168801115,25.31245330421732,0.6800764687556442
60106d04,2026-10-07T23:04:34.788583,NEU-DET,rolled-in_scale,rolled-in_scale_96.jpg,4x4,4,4,8,NEQR,1024,aer,12,4,8,144,104,76,"{""h"": 4, ""x"": 64, ""mcx"": 76}",0.001339583017397672,0.0024482919834554195,2.54589831456542e-05,2.1957966964691877e-05,0.00445633300114423,0.0,100.0,1.0
c2022538,2026-10-07T23:04:34.810613,NEU-DET,rolled-in_scale,rolled-in_scale_97.jpg,4x4,4,4,8,FRQI,1024,aer,5,4,1,1092,705,384,"{""h"": 132, ""x"": 64, ""cx"": 384, ""tdg"": 192, ""t"": 256, ""ry"": 64}",0.001385540992487222,0.005612000008113682,3.754202043637633e-05,7.058295886963606e-05,0.008913083001971245,0.002668174965087109,25.737856950401937,0.5659361059941997
8b623474,2026-10-07T23:04:34.836294,NEU-DET,rolled-in_scale,rolled-in_scale_97.jpg,4x4,4,4,8,NEQR,1024,aer,12,4,8,133,93,65,"{""h"": 4, ""x"": 64, ""mcx"": 65}",0.0011734580039046705,0.002221332979388535,2.541701542213559e-05,2.1292013116180897e-05,0.004005957976914942,0.0,100.0,1.0
377996a3,2026-10-07T23:04:34.858021,NEU-DET,rolled-in_scale,rolled-in_scale_98.jpg,4x4,4,4,8,FRQI,1024,aer,5,4,1,1092,705,384,"{""h"": 132, ""x"": 64, ""cx"": 384, ""tdg"": 192, ""t"": 256, ""ry"": 64}",0.0012934999540448189,0.005581457982771099,3.545801155269146e-05,6.916699931025505e-05,0.008730499946977943,0.002485742055026121,26.04543940010926,0.7691464005822629
9e78a4de,2026-10-07T23:04:34.883671,NEU-DET,rolled-in_scale,rolled-in_scale_98.jpg,4x4,4,4,8,NEQR,1024,aer,12,4,8,131,91,63,"{""h"": 4, ""x"": 64, ""mcx"": 63}",0.0011402919772081077,0.0023782909847795963,2.437504008412361e-05,2.2167048882693052e-05,0.0041387919918634,0.0,100.0,1.0
3eaadc07,2026-10-07T23:04:34.904596,NEU-DET,rolled-in_scale,rolled-in_scale_99.jpg,4x4,4,4,8,FRQI,1024,aer,5,4,1,1092,705,384,"{""h"": 132, ""x"": 64, ""cx"": 384, ""tdg"": 192, ""t"": 256, ""ry"": 64}",0.0013777500134892762,0.0056606250000186265,4.087499110028148e-05,7.412495324388146e-05,0.009072833985555917,0.0027792165984544025,25.560776051305588,0.6686878242095015
ac942159,2026-10-07T23:04:34.930291,NEU-DET,rolled-in_scale,rolled-in_scale_99.jpg,4x4,4,4,8,NEQR,1024,aer,12,4,8,128,88,60,"{""h"": 4, ""x"": 64, ""mcx"": 60}",0.0011151249636895955,0.01600525004323572,2.4250010028481483e-05,2.1499989088624716e-05,0.017737917019985616,0.0,100.0,1.0
5fcb4a9c,2026-10-07T23:04:34.965692,NEU-DET,scratches,scratches_117.jpg,4x4,4,4,8,FRQI,1024,aer,5,4,1,1092,705,384,"{""h"": 132, ""x"": 64, ""cx"": 384, ""tdg"": 192, ""t"": 256, ""ry"": 64}",0.0019404590129852295,0.005706750031094998,4.129204899072647e-05,7.920799544081092e-05,0.009584749990608543,0.0021953392321747227,26.58498361399882,0.9308559309947821
faa20471,2026-10-07T23:04:34.992093,NEU-DET,scratches,scratches_117.jpg,4x4,4,4,8,NEQR,1024,aer,12,4,8,131,91,63,"{""h"": 4, ""x"": 64, ""mcx"": 63}",0.001101542031392455,0.002410957997199148,2.6416033506393433e-05,2.479198155924678e-05,0.004146209044847637,0.0,100.0,1.0
06b16b85,2026-10-07T23:04:35.014853,NEU-DET,scratches,scratches_118.jpg,4x4,4,4,8,FRQI,1024,aer,5,4,1,1092,705,384,"{""h"": 132, ""x"": 64, ""cx"": 384, ""tdg"": 192, ""t"": 256, ""ry"": 64}",0.0014001670060679317,0.006002915964927524,3.958400338888168e-05,7.508299313485622e-05,0.009314625000115484,0.0021942165854992412,26.58720506549492,0.9241689562774191
678ec7d9,2026-10-07T23:04:35.041661,NEU-DET,scratches,scratches_118.jpg,4x4,4,4,8,NEQR,1024,aer,12,4,8,144,104,76,"{""h"": 4, ""x"": 64, ""mcx"": 76}",0.0013499169726856053,0.0026027499698102474,2.6374997105449438e-05,2.1709012798964977e-05,0.0046416669501923025,0.0,100.0,1.0
5e1ef4f8,2026-10-07T23:04:35.065312,NEU-DET,scratches,scratches_119.jpg,4x4,4,4,8,FRQI,1024,aer,5,4,1,1092,705,384,"{""h"": 132, ""x"": 64, ""cx"": 384, ""tdg"": 192, ""t"": 256, ""ry"": 64}",0.0013802499743178487,0.005832083988934755,4.0790997445583344e-05,7.604202255606651e-05,0.009206834016367793,0.0024766259701589233,26.06139577330807,0.8976593878513275
bb76b1e0,2026-10-07T23:04:35.091417,NEU-DET,scratches,scratches_119.jpg,4x4,4,4,8,NEQR,1024,aer,12,4,8,131,91,63,"{""h"": 4, ""x"": 64, ""mcx"": 63}",0.0011680840398184955,0.0023114579962566495,2.5874993298202753e-05,2.2082997020334005e-05,0.004127333988435566,0.0,100.0,1.0
e1063ef7,2026-10-07T23:04:35.113194,NEU-DET,scratches,scratches_12.jpg,4x4,4,4,8,FRQI,1024,aer,5,4,1,1092,705,384,"{""h"": 132, ""x"": 64, ""cx"": 384, ""tdg"": 192, ""t"": 256, ""ry"": 64}",0.001334582979325205,0.0059202080010436475,3.866699989885092e-05,7.24170240573585e-05,0.009150875033810735,0.0028112251269011845,25.51104374080936,0.4854427570239923
7380b23e,2026-10-07T23:04:35.139249,NEU-DET,scratches,scratches_12.jpg,4x4,4,4,8,NEQR,1024,aer,12,4,8,122,82,54,"{""h"": 4, ""x"": 64, ""mcx"": 54}",0.0010105420369654894,0.0024924579774960876,2.604199107736349e-05,2.241699257865548e-05,0.004099082958418876,0.0,100.0,1.0
f50fed1a,2026-10-07T23:04:35.161654,NEU-DET,scratches,scratches_120.jpg,4x4,4,4,8,FRQI,1024,aer,5,4,1,1092,705,384,"{""h"": 132, ""x"": 64, ""cx"": 384, ""tdg"": 192, ""t"": 256, ""ry"": 64}",0.0014252080000005662,0.0056150840246118605,3.9792037568986416e-05,7.004104554653168e-05,0.008925458008889109,0.0028700185001039862,25.421153038000913,0.8036765838373697
60034029,2026-10-07T23:04:35.187994,NEU-DET,scratches,scratches_120.jpg,4x4,4,4,8,NEQR,1024,aer,12,4,8,135,95,67,"{""h"": 4, ""x"": 64, ""mcx"": 67}",0.0011975829838775098,0.0024919999996200204,2.8959009796380997e-05,2.420798409730196e-05,0.004338958009611815,0.0,100.0,1.0
320d84a4,2026-10-07T23:04:35.210044,NEU-DET,scratches,scratches_121.jpg,4x4,4,4,8,FRQI,1024,aer,5,4,1,1092,705,384,"{""h"": 132, ""x"": 64, ""cx"": 384, ""tdg"": 192, ""t"": 256, ""ry"": 64}",0.0013964580139145255,0.005619624978862703,3.683299291878939e-05,7.295800605788827e-05,0.008990666014142334,0.0028779637820365604,25.409146757783713,0.8648356144494141
58163901,2026-10-07T23:04:35.235792,NEU-DET,scratches,scratches_121.jpg,4x4,4,4,8,NEQR,1024,aer,12,4,8,134,94,66,"{""h"": 4, ""x"": 64, ""mcx"": 66}",0.0012087079812772572,0.0023154999944381416,2.4541979655623436e-05,2.1249987185001373e-05,0.004161000018939376,0.0,100.0,1.0
fe92324f,2026-10-07T23:04:35.259395,NEU-DET,scratches,scratches_122.jpg,4x4,4,4,8,FRQI,1024,aer,5,4,1,1092,705,384,"{""h"": 132, ""x"": 64, ""cx"": 384, ""tdg"": 192, ""t"": 256, ""ry"": 64}",0.0013608750305138528,0.005648458027280867,3.866601036861539e-05,7.095799082890153e-05,0.008878708991687745,0.003279100053044559,24.842453317837535,0.9119430797553203
0faa22e0,2026-10-07T23:04:35.284923,NEU-DET,scratches,scratches_122.jpg,4x4,4,4,8,NEQR,1024,aer,12,4,8,135,95,67,"{""h"": 4, ""x"": 64, ""mcx"": 67}",0.0011985839810222387,0.002318750019185245,2.320797648280859e-05,2.0875013433396816e-05,0.004148459003772587,0.0,100.0,1.0
926457ae,2026-10-07T23:04:35.306266,NEU-DET,scratches,scratches_123.jpg,4x4,4,4,8,FRQI,1024,aer,5,4,1,1092,705,384,"{""h"": 132, ""x"": 64, ""cx"": 384, ""tdg"": 192, ""t"": 256, ""ry"": 64}",0.0013757499982602894,0.005676750035490841,4.1624996811151505e-05,7.641699630767107e-05,0.008964792010374367,0.002050345504807559,26.881729495841917,0.8523877750862058
758a9b00,2026-10-07T23:04:35.332539,NEU-DET,scratches,scratches_123.jpg,4x4,4,4,8,NEQR,1024,aer,12,4,8,135,95,67,"{""h"": 4, ""x"": 64, ""mcx"": 67}",0.0012148329988121986,0.002407624968327582,2.8582988306879997e-05,2.3874978069216013e-05,0.004273416008800268,0.0,100.0,1.0
77f71b91,2026-10-07T23:04:35.354759,NEU-DET,scratches,scratches_124.jpg,4x4,4,4,8,FRQI,1024,aer,5,4,1,1092,705,384,"{""h"": 132, ""x"": 64, ""cx"": 384, ""tdg"": 192, ""t"": 256, ""ry"": 64}",0.0013890409609302878,0.005328291968908161,3.483297768980265e-05,6.775005022063851e-05,0.008686458982992917,0.0013023337897595686,28.852776912885606,0.857962044926183
f0c119af,2026-10-07T23:04:35.380681,NEU-DET,scratches,scratches_124.jpg,4x4,4,4,8,NEQR,1024,aer,12,4,8,137,97,69,"{""h"": 4, ""x"": 64, ""mcx"": 69}",0.0012265420518815517,0.0021923750173300505,2.541596768423915e-05,2.1499989088624716e-05,0.004061708983499557,0.0,100.0,1.0
785109f9,2026-10-07T23:04:35.402402,NEU-DET,scratches,scratches_125.jpg,4x4,4,4,8,FRQI,1024,aer,5,4,1,1092,705,384,"{""h"": 132, ""x"": 64, ""cx"": 384, ""tdg"": 192, ""t"": 256, ""ry"": 64}",0.0013039580080658197,0.005595041962806135,3.870902583003044e-05,7.312500383704901e-05,0.008767042018007487,0.0014150311998432524,28.492339843302354,0.8094272774054487
209a172f,2026-10-07T23:04:35.428180,NEU-DET,scratches,scratches_125.jpg,4x4,4,4,8,NEQR,1024,aer,12,4,8,124,84,56,"{""h"": 4, ""x"": 64, ""mcx"": 56}",0.000995042035356164,0.0017643329920247197,2.5290995836257935e-05,2.1667045075446367e-05,0.0033449999755248427,0.0,100.0,1.0
287a03b2,2026-10-07T23:04:35.449498,NEU-DET,scratches,scratches_126.jpg,4x4,4,4,8,FRQI,1024,aer,5,4,1,1092,705,384,"{""h"": 132, ""x"": 64, ""cx"": 384, ""tdg"": 192, ""t"": 256, ""ry"": 64}",0.0014563339645974338,0.00560800003586337,3.9207981899380684e-05,7.112498860806227e-05,0.009039083030074835,0.0021865552099292066,26.60239552362167,0.7413534665180634
b94e6d00,2026-10-07T23:04:35.475223,NEU-DET,scratches,scratches_126.jpg,4x4,4,4,8,NEQR,1024,aer,12,4,8,120,80,52,"{""h"": 4, ""x"": 64, ""mcx"": 52}",0.0017297500162385404,0.0016706249443814158,2.3707980290055275e-05,2.116698306053877e-05,0.0040249169687740505,0.0,100.0,1.0
99ce7b3d,2026-10-07T23:04:35.496934,NEU-DET,scratches,scratches_127.jpg,4x4,4,4,8,FRQI,1024,aer,5,4,1,1092,705,384,"{""h"": 132, ""x"": 64, ""cx"": 384, ""tdg"": 192, ""t"": 256, ""ry"": 64}",0.0013890410191379488,0.005544541985727847,3.733299672603607e-05,7.075001485645771e-05,0.008781542012002319,0.001854442936916889,27.317865258098376,0.8388471365738055
160973ad,2026-10-07T23:04:35.522749,NEU-DET,scratches,scratches_127.jpg,4x4,4,4,8,NEQR,1024,aer,12,4,8,120,80,52,"{""h"": 4, ""x"": 64, ""mcx"": 52}",0.0009782499982975423,0.002022417029365897,2.5916029699146748e-05,2.270803088322282e-05,0.003599666990339756,0.0,100.0,1.0
a35c7650,2026-10-07T23:04:35.543954,NEU-DET,scratches,scratches_128.jpg,4x4,4,4,8,FRQI,1024,aer,5,4,1,1092,705,384,"{""h"": 132, ""x"": 64, ""cx"": 384, ""tdg"": 192, ""t"": 256, ""ry"": 64}",0.0018277079798281193,0.007363790995441377,4.212500061839819e-05,8.19999841041863e-05,0.011651999957393855,0.002295166816938468,26.391857436591877,0.8583121867838734
ea8019f8,2026-10-07T23:04:35.573065,NEU-DET,scratches,scratches_128.jpg,4x4,4,4,8,NEQR,1024,aer,12,4,8,116,76,48,"{""h"": 4, ""x"": 64, ""mcx"": 48}",0.0009007909684441984,0.0018724999972619116,2.666597720235586e-05,2.258300082758069e-05,0.0033416670048609376,0.0,100.0,1.0
7e0e83cc,2026-10-07T23:04:35.593588,NEU-DET,scratches,scratches_129.jpg,4x4,4,4,8,FRQI,1024,aer,5,4,1,1092,705,384,"{""h"": 132, ""x"": 64, ""cx"": 384, ""tdg"": 192, ""t"": 256, ""ry"": 64}",0.0014106250018812716,0.005804874992463738,8.804199751466513e-05,0.00014470895985141397,0.009433042025193572,0.0023946500106414286,26.207579517919047,0.7873155955204977
d5860395,2026-10-07T23:04:35.620512,NEU-DET,scratches,scratches_129.jpg,4x4,4,4,8,NEQR,1024,aer,12,4,8,125,85,57,"{""h"": 4, ""x"": 64, ""mcx"": 57}",0.0010755829862318933,0.0020299170282669365,2.604199107736349e-05,2.1707965061068535e-05,0.00373933301307261,0.0,100.0,1.0
4c735554,2026-10-07T23:04:35.643043,NEU-DET,scratches,scratches_13.jpg,4x4,4,4,8,FRQI,1024,aer,5,4,1,1092,705,384,"{""h"": 132, ""x"": 64, ""cx"": 384, ""tdg"": 192, ""t"": 256, ""ry"": 64}",0.001285332953557372,0.0057015829952433705,3.862503217533231e-05,7.416598964482546e-05,0.00885158299934119,0.001605286348554307,27.944474875551602,0.64548750079136
3f696905,2026-10-07T23:04:35.669133,NEU-DET,scratches,scratches_13.jpg,4x4,4,4,8,NEQR,1024,aer,12,4,8,141,101,73,"{""h"": 4, ""x"": 64, ""mcx"": 73}",0.0013201250112615526,0.0023802500218153,2.5958986952900887e-05,2.1332991309463978e-05,0.004360166960395873,0.0,100.0,1.0
dc06941c,2026-10-07T23:04:35.705094,NEU-DET,scratches,scratches_130.jpg,4x4,4,4,8,FRQI,1024,aer,5,4,1,1092,705,384,"{""h"": 132, ""x"": 64, ""cx"": 384, ""tdg"": 192, ""t"": 256, ""ry"": 64}",0.0013781669549643993,0.005680083006154746,4.341697786003351e-05,7.695797830820084e-05,0.009077917027752846,0.0015888271592956007,27.989233449870383,0.9240124588071632
c5ea8082,2026-10-07T23:04:35.731318,NEU-DET,scratches,scratches_130.jpg,4x4,4,4,8,NEQR,1024,aer,12,4,8,128,88,60,"{""h"": 4, ""x"": 64, ""mcx"": 60}",0.0010349169606342912,0.0018505830084905028,2.5416957214474678e-05,2.170802326872945e-05,0.003478500002529472,0.0,100.0,1.0
fbee26e8,2026-10-07T23:04:35.752283,NEU-DET,scratches,scratches_131.jpg,4x4,4,4,8,FRQI,1024,aer,5,4,1,1092,705,384,"{""h"": 132, ""x"": 64, ""cx"": 384, ""tdg"": 192, ""t"": 256, ""ry"": 64}",0.0013715830282308161,0.005687249999027699,3.729102900251746e-05,7.104198448359966e-05,0.008905458962544799,0.001985844593914457,27.020547410602727,0.7536878389839556
2ff7564a,2026-10-07T23:04:35.778376,NEU-DET,scratches,scratches_131.jpg,4x4,4,4,8,NEQR,1024,aer,12,4,8,128,88,60,"{""h"": 4, ""x"": 64, ""mcx"": 60}",0.0010759170399978757,0.002055416989605874,2.641702303662896e-05,2.3209024220705032e-05,0.0037585420068353415,0.0,100.0,1.0
f80d104f,2026-10-07T23:04:35.800341,NEU-DET,scratches,scratches_132.jpg,4x4,4,4,8,FRQI,1024,aer,5,4,1,1092,705,384,"{""h"": 132, ""x"": 64, ""cx"": 384, ""tdg"": 192, ""t"": 256, ""ry"": 64}",0.0013872089912183583,0.005599708005320281,3.966700751334429e-05,7.924996316432953e-05,0.008968040987383574,0.0013864831157361795,28.58085414789514,0.79529780019587
430c3cb4,2026-10-07T23:04:35.827113,NEU-DET,scratches,scratches_132.jpg,4x4,4,4,8,NEQR,1024,aer,12,4,8,122,82,54,"{""h"": 4, ""x"": 64, ""mcx"": 54}",0.001007791026495397,0.0019156250054948032,2.7875008527189493e-05,2.3124972358345985e-05,0.003529749985318631,0.0,100.0,1.0
c4ca02dd,2026-10-07T23:04:35.849320,NEU-DET,scratches,scratches_133.jpg,4x4,4,4,8,FRQI,1024,aer,5,4,1,1092,705,384,"{""h"": 132, ""x"": 64, ""cx"": 384, ""tdg"": 192, ""t"": 256, ""ry"": 64}",0.0012948330258950591,0.005641916999593377,3.904203185811639e-05,7.320800796151161e-05,0.008797625021543354,0.0015109706215002674,28.207439797671018,0.8738843514180135
78ca23e1,2026-10-07T23:04:35.874937,NEU-DET,scratches,scratches_133.jpg,4x4,4,4,8,NEQR,1024,aer,12,4,8,130,90,62,"{""h"": 4, ""x"": 64, ""mcx"": 62}",0.0016074589802883565,0.002083958010189235,2.5124987587332726e-05,2.170802326872945e-05,0.004322915978264064,0.0,100.0,1.0
0ce2e5fa,2026-10-07T23:04:35.896698,NEU-DET,scratches,scratches_134.jpg,4x4,4,4,8,FRQI,1024,aer,5,4,1,1092,705,384,"{""h"": 132, ""x"": 64, ""cx"": 384, ""tdg"": 192, ""t"": 256, ""ry"": 64}",0.0013004170032218099,0.005681500013452023,3.7582998629659414e-05,7.766700582578778e-05,0.008842709008604288,0.002152276442799416,26.671019477492372,0.8632030061738831
61a0d424,2026-10-07T23:04:35.922963,NEU-DET,scratches,scratches_134.jpg,4x4,4,4,8,NEQR,1024,aer,12,4,8,132,92,64,"{""h"": 4, ""x"": 64, ""mcx"": 64}",0.0011571659706532955,0.0020515419892035425,2.5833025574684143e-05,2.120796125382185e-05,0.00381408300017938,0.0,100.0,1.0
97bab902,2026-10-07T23:04:35.945343,NEU-DET,scratches,scratches_135.jpg,4x4,4,4,8,FRQI,1024,aer,5,4,1,1092,705,384,"{""h"": 132, ""x"": 64, ""cx"": 384, ""tdg"": 192, ""t"": 256, ""ry"": 64}",0.0013656250084750354,0.005686209013219923,3.749999450519681e-05,7.162505062296987e-05,0.009026292013004422,0.0020429005592199996,26.89752772688695,0.8780765756928077
5391289f,2026-10-07T23:04:35.971915,NEU-DET,scratches,scratches_135.jpg,4x4,4,4,8,NEQR,1024,aer,12,4,8,135,95,67,"{""h"": 4, ""x"": 64, ""mcx"": 67}",0.0012173749855719507,0.0023612920194864273,2.54589831456542e-05,2.2042018827050924e-05,0.00422704202355817,0.0,100.0,1.0
8af7a307,2026-10-07T23:04:35.994778,NEU-DET,scratches,scratches_136.jpg,4x4,4,4,8,FRQI,1024,aer,5,4,1,1092,705,384,"{""h"": 132, ""x"": 64, ""cx"": 384, ""tdg"": 192, ""t"": 256, ""ry"": 64}",0.001269125030376017,0.00559675000840798,3.9040984120219946e-05,7.308297790586948e-05,0.008716374984942377,0.0027672720576955414,25.579481421428312,0.9065529814028019
e12d937a,2026-10-07T23:04:36.021244,NEU-DET,scratches,scratches_136.jpg,4x4,4,4,8,NEQR,1024,aer,12,4,8,139,99,71,"{""h"": 4, ""x"": 64, ""mcx"": 71}",0.0012565419892780483,0.002353666990529746,2.5958986952900887e-05,2.2249994799494743e-05,0.004265416995622218,0.0,100.0,1.0
2a9f4266,2026-10-07T23:04:36.044147,NEU-DET,scratches,scratches_137.jpg,4x4,4,4,8,FRQI,1024,aer,5,4,1,1092,705,384,"{""h"": 132, ""x"": 64, ""cx"": 384, ""tdg"": 192, ""t"": 256, ""ry"": 64}",0.0013256670208647847,0.005725334049202502,3.966700751334429e-05,7.258402183651924e-05,0.008930707990657538,0.0018859254413196036,27.244754807734168,0.9292998616135899
05d36044,2026-10-07T23:04:36.070286,NEU-DET,scratches,scratches_137.jpg,4x4,4,4,8,NEQR,1024,aer,12,4,8,131,91,63,"{""h"": 4, ""x"": 64, ""mcx"": 63}",0.0011453329934738576,0.0024155830033123493,2.520898124203086e-05,2.1875021047890186e-05,0.004195708024781197,0.0,100.0,1.0
77046107,2026-10-07T23:04:36.093424,NEU-DET,scratches,scratches_138.jpg,4x4,4,4,8,FRQI,1024,aer,5,4,1,1092,705,384,"{""h"": 132, ""x"": 64, ""cx"": 384, ""tdg"": 192, ""t"": 256, ""ry"": 64}",0.0013804159825667739,0.005886583996471018,4.058296326547861e-05,7.950002327561378e-05,0.009173042024485767,0.0018909024767375542,27.233308693077454,0.8677427441525706
05319d2f,2026-10-07T23:04:36.119919,NEU-DET,scratches,scratches_138.jpg,4x4,4,4,8,NEQR,1024,aer,12,4,8,133,93,65,"{""h"": 4, ""x"": 64, ""mcx"": 65}",0.001191207964438945,0.002512665989343077,3.15000070258975e-05,2.4457986000925303e-05,0.004382457991596311,0.0,100.0,1.0
e7c88bda,2026-10-07T23:04:36.142507,NEU-DET,scratches,scratches_139.jpg,4x4,4,4,8,FRQI,1024,aer,5,4,1,1092,705,384,"{""h"": 132, ""x"": 64, ""cx"": 384, ""tdg"": 192, ""t"": 256, ""ry"": 64}",0.0014306250377558172,0.005581333010923117,3.912503598257899e-05,7.370900129899383e-05,0.008899499953258783,0.00293891882139124,25.318124098133143,0.9214966792004335
f0062d2d,2026-10-07T23:04:36.168698,NEU-DET,scratches,scratches_139.jpg,4x4,4,4,8,NEQR,1024,aer,12,4,8,126,86,58,"{""h"": 4, ""x"": 64, ""mcx"": 58}",0.0010462920181453228,0.002243500028271228,2.4667009711265564e-05,2.195901470258832e-05,0.003881084034219384,0.0,100.0,1.0
2a982604,2026-10-07T23:04:36.190628,NEU-DET,scratches,scratches_14.jpg,4x4,4,4,8,FRQI,1024,aer,5,4,1,1092,705,384,"{""h"": 132, ""x"": 64, ""cx"": 384, ""tdg"": 192, ""t"": 256, ""ry"": 64}",0.0013111250009387732,0.005940625036600977,3.820803249254823e-05,7.20410025678575e-05,0.009097874979488552,0.001819936615958817,27.39943737190022,0.6212337658265918
b25ed4a9,2026-10-07T23:04:36.217128,NEU-DET,scratches,scratches_14.jpg,4x4,4,4,8,NEQR,1024,aer,12,4,8,138,98,70,"{""h"": 4, ""x"": 64, ""mcx"": 70}",0.0011852089664898813,0.0025064170476980507,2.5124987587332726e-05,2.1250045392662287e-05,0.0043184999958612025,0.0,100.0,1.0
b94643f5,2026-10-07T23:04:36.238959,NEU-DET,scratches,scratches_140.jpg,4x4,4,4,8,FRQI,1024,aer,5,4,1,1092,705,384,"{""h"": 132, ""x"": 64, ""cx"": 384, ""tdg"": 192, ""t"": 256, ""ry"": 64}",0.0013085000100545585,0.006116083008237183,4.1417020838707685e-05,7.804203778505325e-05,0.00930079200770706,0.002176187939575962,26.62303600887371,0.9625579338189947
d1724dcd,2026-10-07T23:04:36.265574,NEU-DET,scratches,scratches_140.jpg,4x4,4,4,8,NEQR,1024,aer,12,4,8,143,103,75,"{""h"": 4, ""x"": 64, ""mcx"": 75}",0.0013412919943220913,0.002593542041722685,2.3250002413988113e-05,2.0665989723056555e-05,0.004609125026036054,0.0,100.0,1.0
a93fa5fb,2026-10-07T23:04:36.287808,NEU-DET,scratches,scratches_141.jpg,4x4,4,4,8,FRQI,1024,aer,5,4,1,1092,705,384,"{""h"": 132, ""x"": 64, ""cx"": 384, ""tdg"": 192, ""t"": 256, ""ry"": 64}",0.001404833048582077,0.005637875001411885,3.704201662912965e-05,7.299997378140688e-05,0.008923290995880961,0.0019548949001676947,27.088765863520887,0.9427953209351252
83bbf65f,2026-10-07T23:04:36.314057,NEU-DET,scratches,scratches_141.jpg,4x4,4,4,8,NEQR,1024,aer,12,4,8,134,94,66,"{""h"": 4, ""x"": 64, ""mcx"": 66}",0.0011347499676048756,0.002423166995868087,2.5292043574154377e-05,2.2209016606211662e-05,0.004170666972640902,0.0,100.0,1.0
472105e2,2026-10-07T23:04:36.337361,NEU-DET,scratches,scratches_142.jpg,4x4,4,4,8,FRQI,1024,aer,5,4,1,1092,705,384,"{""h"": 132, ""x"": 64, ""cx"": 384, ""tdg"": 192, ""t"": 256, ""ry"": 64}",0.0014367909752763808,0.006023333000484854,4.2666972149163485e-05,8.208304643630981e-05,0.009442792041227221,0.002431647598671334,26.140993640382206,0.9330198772583396
fc5a4039,2026-10-07T23:04:36.364902,NEU-DET,scratches,scratches_142.jpg,4x4,4,4,8,NEQR,1024,aer,12,4,8,139,99,71,"{""h"": 4, ""x"": 64, ""mcx"": 71}",0.0012725000269711018,0.0025571250007487833,2.983299782499671e-05,2.4957989808171988e-05,0.004527499957475811,0.0,100.0,1.0
1619b5d0,2026-10-07T23:04:36.387637,NEU-DET,scratches,scratches_143.jpg,4x4,4,4,8,FRQI,1024,aer,5,4,1,1092,705,384,"{""h"": 132, ""x"": 64, ""cx"": 384, ""tdg"": 192, ""t"": 256, ""ry"": 64}",0.0013510420103557408,0.005381292023230344,4.187499871477485e-05,7.850001566112041e-05,0.008582332986406982,0.0031311076584552722,25.043019995599494,0.9362556013150591
ca2a20fe,2026-10-07T23:04:36.413865,NEU-DET,scratches,scratches_143.jpg,4x4,4,4,8,NEQR,1024,aer,12,4,8,128,88,60,"{""h"": 4, ""x"": 64, ""mcx"": 60}",0.0010881249909289181,0.002198624948505312,2.537504769861698e-05,2.279097680002451e-05,0.0038857919862493873,0.0,100.0,1.0
29cab6ad,2026-10-07T23:04:36.436310,NEU-DET,scratches,scratches_144.jpg,4x4,4,4,8,FRQI,1024,aer,5,4,1,1092,705,384,"{""h"": 132, ""x"": 64, ""cx"": 384, ""tdg"": 192, ""t"": 256, ""ry"": 64}",0.001380916975904256,0.006032667006365955,3.850000211969018e-05,7.208302849903703e-05,0.009371790976729244,0.0018962013016376792,27.22115559640473,0.8984648294617402
92b41225,2026-10-07T23:04:36.462889,NEU-DET,scratches,scratches_144.jpg,4x4,4,4,8,NEQR,1024,aer,12,4,8,135,95,67,"{""h"": 4, ""x"": 64, ""mcx"": 67}",0.0012293339823372662,0.002451875014230609,2.508395118638873e-05,2.095801755785942e-05,0.00433183298446238,0.0,100.0,1.0
9d6577f6,2026-10-07T23:04:36.485994,NEU-DET,scratches,scratches_145.jpg,4x4,4,4,8,FRQI,1024,aer,5,4,1,1092,705,384,"{""h"": 132, ""x"": 64, ""cx"": 384, ""tdg"": 192, ""t"": 256, ""ry"": 64}",0.0013824999914504588,0.005698124994523823,4.1040999349206686e-05,7.612502668052912e-05,0.009076499962247908,0.003269225034502367,24.855551840758217,0.8547628692708646
ba784050,2026-10-07T23:04:36.512987,NEU-DET,scratches,scratches_145.jpg,4x4,4,4,8,NEQR,1024,aer,12,4,8,126,86,58,"{""h"": 4, ""x"": 64, ""mcx"": 58}",0.001135124999564141,0.0022432089899666607,2.4917011614888906e-05,2.208305522799492e-05,0.00400137499673292,0.0,100.0,1.0
9f9b9b62,2026-10-07T23:04:36.535557,NEU-DET,scratches,scratches_146.jpg,4x4,4,4,8,FRQI,1024,aer,5,4,1,1092,705,384,"{""h"": 132, ""x"": 64, ""cx"": 384, ""tdg"": 192, ""t"": 256, ""ry"": 64}",0.0012956670252606273,0.005611333006527275,3.875000402331352e-05,7.395801367238164e-05,0.008771499968133867,0.0027776724328364534,25.56318971341223,0.8797539472680729
44f0524b,2026-10-07T23:04:36.562070,NEU-DET,scratches,scratches_146.jpg,4x4,4,4,8,NEQR,1024,aer,12,4,8,137,97,69,"{""h"": 4, ""x"": 64, ""mcx"": 69}",0.0012454170500859618,0.002292625023983419,2.4625041987746954e-05,2.1916988771408796e-05,0.00419300002977252,0.0,100.0,1.0
90f502e1,2026-10-07T23:04:36.585349,NEU-DET,scratches,scratches_147.jpg,4x4,4,4,8,FRQI,1024,aer,5,4,1,1092,705,384,"{""h"": 132, ""x"": 64, ""cx"": 384, ""tdg"": 192, ""t"": 256, ""ry"": 64}",0.0012985420180484653,0.005576041003223509,3.654201282188296e-05,7.141701644286513e-05,0.008724207989871502,0.002797243857431477,25.532696711613987,0.8465112673306378
1e03ad88,2026-10-07T23:04:36.611587,NEU-DET,scratches,scratches_147.jpg,4x4,4,4,8,NEQR,1024,aer,12,4,8,126,86,58,"{""h"": 4, ""x"": 64, ""mcx"": 58}",0.0010978339705616236,0.0023023749818094075,2.512504579499364e-05,2.3458036594092846e-05,0.004041708016302437,0.0,100.0,1.0
adf73e0c,2026-10-07T23:04:36.636273,NEU-DET,scratches,scratches_148.jpg,4x4,4,4,8,FRQI,1024,aer,5,4,1,1092,705,384,"{""h"": 132, ""x"": 64, ""cx"": 384, ""tdg"": 192, ""t"": 256, ""ry"": 64}",0.0014011669554747641,0.005445499962661415,3.716698847711086e-05,6.724998820573092e-05,0.008707790984772146,0.0021224074879441224,26.731712308135727,0.8904166910189852
20748354,2026-10-07T23:04:36.662757,NEU-DET,scratches,scratches_148.jpg,4x4,4,4,8,NEQR,1024,aer,12,4,8,135,95,67,"{""h"": 4, ""x"": 64, ""mcx"": 67}",0.0011402080417610705,0.002261665998958051,2.8250040486454964e-05,2.4083012249320745e-05,0.004050459014251828,0.0,100.0,1.0
18b99ea6,2026-10-07T23:04:36.684065,NEU-DET,scratches,scratches_149.jpg,4x4,4,4,8,FRQI,1024,aer,5,4,1,1092,705,384,"{""h"": 132, ""x"": 64, ""cx"": 384, ""tdg"": 192, ""t"": 256, ""ry"": 64}",0.001292874978389591,0.005629041988868266,3.945804201066494e-05,7.854198338463902e-05,0.00877775001572445,0.00243120992382616,26.141775402010058,0.8313503354556724
738238d9,2026-10-07T23:04:36.709948,NEU-DET,scratches,scratches_149.jpg,4x4,4,4,8,NEQR,1024,aer,12,4,8,123,83,55,"{""h"": 4, ""x"": 64, ""mcx"": 55}",0.0009584170184098184,0.001895124965813011,2.6124995201826096e-05,2.0832987502217293e-05,0.003428374999202788,0.0,100.0,1.0
43e18271,2026-10-07T23:04:36.730110,NEU-DET,scratches,scratches_15.jpg,4x4,4,4,8,FRQI,1024,aer,5,4,1,1092,705,384,"{""h"": 132, ""x"": 64, ""cx"": 384, ""tdg"": 192, ""t"": 256, ""ry"": 64}",0.0014408749993890524,0.005793291958980262,3.850000211969018e-05,7.200002437457442e-05,0.009212000004481524,0.0024030649867868023,26.19234484285041,0.672127580349509
34ecfe4d,2026-10-07T23:04:36.756645,NEU-DET,scratches,scratches_15.jpg,4x4,4,4,8,NEQR,1024,aer,12,4,8,122,82,54,"{""h"": 4, ""x"": 64, ""mcx"": 54}",0.0009780830005183816,0.002276292012538761,2.4333014152944088e-05,2.095801755785942e-05,0.0038335410063154995,0.0,100.0,1.0
1e63c274,2026-10-07T23:04:36.778722,NEU-DET,scratches,scratches_150.jpg,4x4,4,4,8,FRQI,1024,aer,5,4,1,1092,705,384,"{""h"": 132, ""x"": 64, ""cx"": 384, ""tdg"": 192, ""t"": 256, ""ry"": 64}",0.00130883400561288,0.005538041004911065,4.020804772153497e-05,7.79160181991756e-05,0.008616000006441027,0.0017502259064406933,27.56905892120169,0.7248259650394957
5d374eb7,2026-10-07T23:04:36.804683,NEU-DET,scratches,scratches_150.jpg,4x4,4,4,8,NEQR,1024,aer,12,4,8,125,85,57,"{""h"": 4, ""x"": 64, ""mcx"": 57}",0.0010033330181613564,0.0017185830511152744,2.500001573935151e-05,2.2625026758760214e-05,0.0033124169567599893,0.0,100.0,1.0
24a4141d,2026-10-07T23:04:36.826388,NEU-DET,scratches,scratches_151.jpg,4x4,4,4,8,FRQI,1024,aer,5,4,1,1092,705,384,"{""h"": 132, ""x"": 64, ""cx"": 384, ""tdg"": 192, ""t"": 256, ""ry"": 64}",0.0013948749983683228,0.005405374977272004,3.570900298655033e-05,6.716599455103278e-05,0.008762707991991192,0.0013817527680168454,28.59569656738416,0.8360917050504901
84ca8c0c,2026-10-07T23:04:36.853204,NEU-DET,scratches,scratches_151.jpg,4x4,4,4,8,NEQR,1024,aer,12,4,8,125,85,57,"{""h"": 4, ""x"": 64, ""mcx"": 57}",0.0010538329952396452,0.0018259999924339354,2.6250025257468224e-05,2.2540974896401167e-05,0.003492458024993539,0.0,100.0,1.0
ef37c1df,2026-10-07T23:04:36.874356,NEU-DET,scratches,scratches_152.jpg,4x4,4,4,8,FRQI,1024,aer,5,4,1,1092,705,384,"{""h"": 132, ""x"": 64, ""cx"": 384, ""tdg"": 192, ""t"": 256, ""ry"": 64}",0.0013673750218003988,0.005604083009529859,3.716698847711086e-05,7.024995284155011e-05,0.008827792014926672,0.0016063752920772434,27.94152984438608,0.7187682399233427
6e7f7674,2026-10-07T23:04:36.900696,NEU-DET,scratches,scratches_152.jpg,4x4,4,4,8,NEQR,1024,aer,12,4,8,132,92,64,"{""h"": 4, ""x"": 64, ""mcx"": 64}",0.0010816249996423721,0.0019439999596215785,2.68329749815166e-05,2.279097680002451e-05,0.0036277500330470502,0.0,100.0,1.0
ae7d5bf7,2026-10-07T23:04:36.922732,NEU-DET,scratches,scratches_153.jpg,4x4,4,4,8,FRQI,1024,aer,5,4,1,1092,705,384,"{""h"": 132, ""x"": 64, ""cx"": 384, ""tdg"": 192, ""t"": 256, ""ry"": 64}",0.0013912499998696148,0.005859208002220839,4.095799522474408e-05,7.416604785248637e-05,0.009181958972476423,0.0023064559437284598,26.370548365590132,0.463438190494367
db3f7255,2026-10-07T23:04:36.949518,NEU-DET,scratches,scratches_153.jpg,4x4,4,4,8,NEQR,1024,aer,12,4,8,119,79,51,"{""h"": 4, ""x"": 64, ""mcx"": 51}",0.0009626249666325748,0.001867417013272643,2.5875051505863667e-05,2.2124964743852615e-05,0.003407625015825033,0.0,100.0,1.0
cd5e7cc4,2026-10-07T23:04:36.971514,NEU-DET,scratches,scratches_154.jpg,4x4,4,4,8,FRQI,1024,aer,5,4,1,1092,705,384,"{""h"": 132, ""x"": 64, ""cx"": 384, ""tdg"": 192, ""t"": 256, ""ry"": 64}",0.0013219999964348972,0.00563770899316296,3.854196984320879e-05,7.145904237404466e-05,0.008821959025226533,0.001858985164000175,27.307240761875246,0.48579435148670536
c8cb5c2d,2026-10-07T23:04:37.000973,NEU-DET,scratches,scratches_154.jpg,4x4,4,4,8,NEQR,1024,aer,12,4,8,136,96,68,"{""h"": 4, ""x"": 64, ""mcx"": 68}",0.0011567079927772284,0.0020548340398818254,2.7082976885139942e-05,2.341700019314885e-05,0.003848374995868653,0.0,100.0,1.0
a37eff96,2026-10-07T23:04:37.023095,NEU-DET,scratches,scratches_155.jpg,4x4,4,4,8,FRQI,1024,aer,5,4,1,1092,705,384,"{""h"": 132, ""x"": 64, ""cx"": 384, ""tdg"": 192, ""t"": 256, ""ry"": 64}",0.0012935000122524798,0.005673833016771823,4.008400719612837e-05,7.345800986513495e-05,0.008825541997794062,0.0024706022086768906,26.07197174664188,0.4216983506970527
57676b26,2026-10-07T23:04:37.050342,NEU-DET,scratches,scratches_155.jpg,4x4,4,4,8,NEQR,1024,aer,12,4,8,132,92,64,"{""h"": 4, ""x"": 64, ""mcx"": 64}",0.0010930420248769224,0.002071750001050532,2.6124995201826096e-05,2.2332998923957348e-05,0.003778084006626159,0.0,100.0,1.0
6f680a47,2026-10-07T23:04:37.072592,NEU-DET,scratches,scratches_156.jpg,4x4,4,4,8,FRQI,1024,aer,5,4,1,1092,705,384,"{""h"": 132, ""x"": 64, ""cx"": 384, ""tdg"": 192, ""t"": 256, ""ry"": 64}",0.0012965839705429971,0.005627957987599075,4.008301766589284e-05,7.329200161620975e-05,0.008778958988841623,0.0026177019427511125,25.82079804686572,0.7086634396182709
6d662362,2026-10-07T23:04:37.099237,NEU-DET,scratches,scratches_156.jpg,4x4,4,4,8,NEQR,1024,aer,12,4,8,120,80,52,"{""h"": 4, ""x"": 64, ""mcx"": 52}",0.0009924169862642884,0.001955291023477912,2.420798409730196e-05,2.19999928958714e-05,0.003688167023938149,0.0,100.0,1.0
6fd27d95,2026-10-07T23:04:37.120504,NEU-DET,scratches,scratches_157.jpg,4x4,4,4,8,FRQI,1024,aer,5,4,1,1092,705,384,"{""h"": 132, ""x"": 64, ""cx"": 384, ""tdg"": 192, ""t"": 256, ""ry"": 64}",0.0013308330089785159,0.005637332971673459,4.0499959141016006e-05,7.204199209809303e-05,0.008830499951727688,0.0015533968778555863,28.08717572061266,0.7961803180259545
6335bc6d,2026-10-07T23:04:37.147065,NEU-DET,scratches,scratches_157.jpg,4x4,4,4,8,NEQR,1024,aer,12,4,8,132,92,64,"{""h"": 4, ""x"": 64, ""mcx"": 64}",0.0010957089834846556,0.0021262909867800772,2.4708977434784174e-05,2.2124964743852615e-05,0.0038284999900497496,0.0,100.0,1.0
d16b4fae,2026-10-07T23:04:37.168747,NEU-DET,scratches,scratches_158.jpg,4x4,4,4,8,FRQI,1024,aer,5,4,1,1092,705,384,"{""h"": 132, ""x"": 64, ""cx"": 384, ""tdg"": 192, ""t"": 256, ""ry"": 64}",0.0013883330393582582,0.005865290993824601,3.8707978092134e-05,7.466599345207214e-05,0.009234917000867426,0.001841122989531513,27.349171990621045,0.67490022886055
a6af5236,2026-10-07T23:04:37.195629,NEU-DET,scratches,scratches_158.jpg,4x4,4,4,8,NEQR,1024,aer,12,4,8,130,90,62,"{""h"": 4, ""x"": 64, ""mcx"": 62}",0.0010640000109560788,0.002132207970134914,2.5874993298202753e-05,2.2124964743852615e-05,0.0038097910000942647,0.0,100.0,1.0
bb557da8,2026-10-07T23:04:37.218535,NEU-DET,scratches,scratches_159.jpg,4x4,4,4,8,FRQI,1024,aer,5,4,1,1092,705,384,"{""h"": 132, ""x"": 64, ""cx"": 384, ""tdg"": 192, ""t"": 256, ""ry"": 64}",0.0014338339678943157,0.0056917499750852585,3.837497206404805e-05,7.420795736834407e-05,0.00905004097148776,0.002218828944098119,26.538761774875827,0.8266430755377961
a86c854e,2026-10-07T23:04:37.245261,NEU-DET,scratches,scratches_159.jpg,4x4,4,4,8,NEQR,1024,aer,12,4,8,132,92,64,"{""h"": 4, ""x"": 64, ""mcx"": 64}",0.0011200840235687792,0.002150750020518899,2.62079993262887e-05,2.258300082758069e-05,0.0038910419680178165,0.0,100.0,1.0
8aeeb1e4,2026-10-07T23:04:37.268296,NEU-DET,scratches,scratches_16.jpg,4x4,4,4,8,FRQI,1024,aer,5,4,1,1092,705,384,"{""h"": 132, ""x"": 64, ""cx"": 384, ""tdg"": 192, ""t"": 256, ""ry"": 64}",0.001399416010826826,0.005665082950145006,3.887497587129474e-05,7.616699440404773e-05,0.009013167000375688,0.0021347799558991015,26.706468835728167,0.5947235258942953
520e4770,2026-10-07T23:04:37.295080,NEU-DET,scratches,scratches_16.jpg,4x4,4,4,8,NEQR,1024,aer,12,4,8,122,82,54,"{""h"": 4, ""x"": 64, ""mcx"": 54}",0.0010327090276405215,0.002491332998033613,2.6084017008543015e-05,2.358399797230959e-05,0.004143500002101064,0.0,100.0,1.0
7045bebd,2026-10-07T23:04:37.318821,NEU-DET,scratches,scratches_160.jpg,4x4,4,4,8,FRQI,1024,aer,5,4,1,1092,705,384,"{""h"": 132, ""x"": 64, ""cx"": 384, ""tdg"": 192, ""t"": 256, ""ry"": 64}",0.0013830409734509885,0.005902333999983966,3.825000021606684e-05,7.366598583757877e-05,0.009251250012312084,0.001469978437845589,28.32689035587442,0.935121733874914
dc8b6107,2026-10-07T23:04:37.345786,NEU-DET,scratches,scratches_160.jpg,4x4,4,4,8,NEQR,1024,aer,12,4,8,127,87,59,"{""h"": 4, ""x"": 64, ""mcx"": 59}",0.0010924169910140336,0.0022746669710613787,2.6291992980986834e-05,2.362497616559267e-05,0.004020124964881688,0.0,100.0,1.0
d98b9a46,2026-10-07T23:04:37.368893,NEU-DET,scratches,scratches_161.jpg,4x4,4,4,8,FRQI,1024,aer,5,4,1,1092,705,384,"{""h"": 132, ""x"": 64, ""cx"": 384, ""tdg"": 192, ""t"": 256, ""ry"": 64}",0.0013796659768559039,0.00578258401947096,4.1458988562226295e-05,7.695803651586175e-05,0.009062541997991502,0.0013539404838016898,28.68400425846297,0.7764042630130843
e4d078c6,2026-10-07T23:04:37.395782,NEU-DET,scratches,scratches_161.jpg,4x4,4,4,8,NEQR,1024,aer,12,4,8,124,84,56,"{""h"": 4, ""x"": 64, ""mcx"": 56}",0.0012103330227546394,0.0019382910104468465,2.55830236710608e-05,2.1374959032982588e-05,0.0037475419812835753,0.0,100.0,1.0
7fbe605d,2026-10-07T23:04:37.418535,NEU-DET,scratches,scratches_162.jpg,4x4,4,4,8,FRQI,1024,aer,5,4,1,1092,705,384,"{""h"": 132, ""x"": 64, ""cx"": 384, ""tdg"": 192, ""t"": 256, ""ry"": 64}",0.0014334589941427112,0.005609499989077449,3.9417005609720945e-05,7.429096149280667e-05,0.008963791013229638,0.0027275614041736024,25.64225463583403,0.7948264743691063
8d1b6552,2026-10-07T23:04:37.445515,NEU-DET,scratches,scratches_162.jpg,4x4,4,4,8,NEQR,1024,aer,12,4,8,134,94,66,"{""h"": 4, ""x"": 64, ""mcx"": 66}",0.0011163749732077122,0.0021400830009952188,2.4416018277406693e-05,2.0458013750612736e-05,0.003853458969388157,0.0,100.0,1.0
d75005a9,2026-10-07T23:04:37.467316,NEU-DET,scratches,scratches_163.jpg,4x4,4,4,8,FRQI,1024,aer,5,4,1,1092,705,384,"{""h"": 132, ""x"": 64, ""cx"": 384, ""tdg"": 192, ""t"": 256, ""ry"": 64}",0.001379124994855374,0.005671708029694855,3.97919793613255e-05,7.349997758865356e-05,0.009018250042572618,0.0027882701899549656,25.546651443756904,0.7366415986244883
c7e18f4e,2026-10-07T23:04:37.513477,NEU-DET,scratches,scratches_163.jpg,4x4,4,4,8,NEQR,1024,aer,12,4,8,134,94,66,"{""h"": 4, ""x"": 64, ""mcx"": 66}",0.0011558330152183771,0.002226874988991767,2.62079993262887e-05,2.154201501980424e-05,0.004010749980807304,0.0,100.0,1.0
850582c5,2026-10-07T23:04:37.536702,NEU-DET,scratches,scratches_164.jpg,4x4,4,4,8,FRQI,1024,aer,5,4,1,1092,705,384,"{""h"": 132, ""x"": 64, ""cx"": 384, ""tdg"": 192, ""t"": 256, ""ry"": 64}",0.0013559579965658486,0.005836791009642184,4.199997056275606e-05,7.82920396886766e-05,0.009633833018597215,0.002462646711837634,26.08597887025869,0.5600154170961099
83d8be46,2026-10-07T23:04:37.565762,NEU-DET,scratches,scratches_164.jpg,4x4,4,4,8,NEQR,1024,aer,12,4,8,123,83,55,"{""h"": 4, ""x"": 64, ""mcx"": 55}",0.001052207953762263,0.0022542080259881914,3.162503708153963e-05,2.62079993262887e-05,0.003956208995077759,0.0,100.0,1.0
56622314,2026-10-07T23:04:37.608369,NEU-DET,scratches,scratches_165.jpg,4x4,4,4,8,FRQI,1024,aer,5,4,1,1092,705,384,"{""h"": 132, ""x"": 64, ""cx"": 384, ""tdg"": 192, ""t"": 256, ""ry"": 64}",0.0012991249677725136,0.00577466597314924,4.095799522474408e-05,7.833301788195968e-05,0.008961000014096498,0.001799546425667657,27.448369447036516,0.847727374796872
c9fd31f0,2026-10-07T23:04:37.635135,NEU-DET,scratches,scratches_165.jpg,4x4,4,4,8,NEQR,1024,aer,12,4,8,128,88,60,"{""h"": 4, ""x"": 64, ""mcx"": 60}",0.001044625008944422,0.002004292036872357,2.6250025257468224e-05,2.2290972992777824e-05,0.0036565419868566096,0.0,100.0,1.0
89210188,2026-10-07T23:04:37.656587,NEU-DET,scratches,scratches_166.jpg,4x4,4,4,8,FRQI,1024,aer,5,4,1,1092,705,384,"{""h"": 132, ""x"": 64, ""cx"": 384, ""tdg"": 192, ""t"": 256, ""ry"": 64}",0.0013341669691726565,0.0056671249913051724,3.987498348578811e-05,7.924996316432953e-05,0.008890500001143664,0.0017042254000310358,27.684729661914,0.8800614813390765
6db9f98c,2026-10-07T23:04:37.683001,NEU-DET,scratches,scratches_166.jpg,4x4,4,4,8,NEQR,1024,aer,12,4,8,126,86,58,"{""h"": 4, ""x"": 64, ""mcx"": 58}",0.0010303339804522693,0.002004624984692782,2.2540974896401167e-05,2.204196061939001e-05,0.0036315000033937395,0.0,100.0,1.0
ac40be6d,2026-10-07T23:04:37.704507,NEU-DET,scratches,scratches_167.jpg,4x4,4,4,8,FRQI,1024,aer,5,4,1,1092,705,384,"{""h"": 132, ""x"": 64, ""cx"": 384, ""tdg"": 192, ""t"": 256, ""ry"": 64}",0.0013100419891998172,0.005676834029145539,3.850000211969018e-05,7.558299694210291e-05,0.008856666972860694,0.0011560790192166053,29.370124804164526,0.816635048996125
ecee7b34,2026-10-07T23:04:37.731505,NEU-DET,scratches,scratches_167.jpg,4x4,4,4,8,NEQR,1024,aer,12,4,8,123,83,55,"{""h"": 4, ""x"": 64, ""mcx"": 55}",0.0009857499971985817,0.0018429580377414823,2.683396451175213e-05,2.19999928958714e-05,0.0034252500045113266,0.0,100.0,1.0
468f0494,2026-10-07T23:04:37.752943,NEU-DET,scratches,scratches_168.jpg,4x4,4,4,8,FRQI,1024,aer,5,4,1,1092,705,384,"{""h"": 132, ""x"": 64, ""cx"": 384, ""tdg"": 192, ""t"": 256, ""ry"": 64}",0.0013842089683748782,0.0060753749567084014,3.670802107080817e-05,7.283396553248167e-05,0.009442958980798721,0.0018690456639135302,27.283800879505385,0.6679194880425922
effc3c46,2026-10-07T23:04:37.780001,NEU-DET,scratches,scratches_168.jpg,4x4,4,4,8,NEQR,1024,aer,12,4,8,119,79,51,"{""h"": 4, ""x"": 64, ""mcx"": 51}",0.0009683339740149677,0.00182862498331815,2.420798409730196e-05,2.2167048882693052e-05,0.0033761659869924188,0.0,100.0,1.0
553b446d,2026-10-07T23:04:37.802254,NEU-DET,scratches,scratches_169.jpg,4x4,4,4,8,FRQI,1024,aer,5,4,1,1092,705,384,"{""h"": 132, ""x"": 64, ""cx"": 384, ""tdg"": 192, ""t"": 256, ""ry"": 64}",0.0013390410458669066,0.005993750004563481,4.5041029807180166e-05,8.099997648969293e-05,0.009220249950885773,0.0017010906911713143,27.692725319927696,0.4889043926729606
a2c0d0f5,2026-10-07T23:04:37.829932,NEU-DET,scratches,scratches_169.jpg,4x4,4,4,8,NEQR,1024,aer,12,4,8,117,77,49,"{""h"": 4, ""x"": 64, ""mcx"": 49}",0.0009647500119172037,0.0016507089603692293,2.5042041670531034e-05,2.254202263429761e-05,0.003208541020285338,0.0,100.0,1.0
1ea59ba8,2026-10-07T23:04:37.852754,NEU-DET,scratches,scratches_17.jpg,4x4,4,4,8,FRQI,1024,aer,5,4,1,1092,705,384,"{""h"": 132, ""x"": 64, ""cx"": 384, ""tdg"": 192, ""t"": 256, ""ry"": 64}",0.00132395897526294,0.00573395803803578,3.875000402331352e-05,7.300003198906779e-05,0.008911833981983364,0.002488983668065185,26.039779530870433,0.7777434584441058
2340b069,2026-10-07T23:04:37.879565,NEU-DET,scratches,scratches_17.jpg,4x4,4,4,8,NEQR,1024,aer,12,4,8,135,95,67,"{""h"": 4, ""x"": 64, ""mcx"": 67}",0.001201291976030916,0.0022989159915596247,5.866604624316096e-05,4.120805533602834e-05,0.004299165972042829,0.0,100.0,1.0
2817c742,2026-10-07T23:04:37.901720,NEU-DET,scratches,scratches_170.jpg,4x4,4,4,8,FRQI,1024,aer,5,4,1,1092,705,384,"{""h"": 132, ""x"": 64, ""cx"": 384, ""tdg"": 192, ""t"": 256, ""ry"": 64}",0.0015202909708023071,0.0062291250214912,4.3791020289063454e-05,8.487497689202428e-05,0.009787834016606212,0.0021166935809879203,26.743420072228563,0.5649622525911975
5754bd31,2026-10-07T23:04:37.930150,NEU-DET,scratches,scratches_170.jpg,4x4,4,4,8,NEQR,1024,aer,12,4,8,118,78,50,"{""h"": 4, ""x"": 64, ""mcx"": 50}",0.0009922499884851277,0.0018617500318214297,2.96669895760715e-05,2.4874985683709383e-05,0.003504958003759384,0.0,100.0,1.0
33ec082a,2026-10-07T23:04:37.953467,NEU-DET,scratches,scratches_171.jpg,4x4,4,4,8,FRQI,1024,aer,5,4,1,1092,705,384,"{""h"": 132, ""x"": 64, ""cx"": 384, ""tdg"": 192, ""t"": 256, ""ry"": 64}",0.0013384579797275364,0.006167209008708596,4.437501775100827e-05,8.125003660097718e-05,0.009387083002366126,0.0011350184697957767,29.449970712769176,0.6901160039624661
0bf44b65,2026-10-07T23:04:37.981883,NEU-DET,scratches,scratches_171.jpg,4x4,4,4,8,NEQR,1024,aer,12,4,8,121,81,53,"{""h"": 4, ""x"": 64, ""mcx"": 53}",0.000952333037275821,0.0017371250432915986,2.5500019546598196e-05,2.3667002096772194e-05,0.0032835830352269113,0.0,100.0,1.0
9035d88e,2026-10-07T23:04:38.007307,NEU-DET,scratches,scratches_172.jpg,4x4,4,4,8,FRQI,1024,aer,5,4,1,1092,705,384,"{""h"": 132, ""x"": 64, ""cx"": 384, ""tdg"": 192, ""t"": 256, ""ry"": 64}",0.001445709029212594,0.008728665998205543,4.7332956455647945e-05,8.712499402463436e-05,0.012235625006724149,0.0021049771446105424,26.76752615278864,0.6254877796083603
e8118c06,2026-10-07T23:04:38.038983,NEU-DET,scratches,scratches_172.jpg,4x4,4,4,8,NEQR,1024,aer,12,4,8,123,83,55,"{""h"": 4, ""x"": 64, ""mcx"": 55}",0.0010589169687591493,0.0019229999743402004,2.7416041120886803e-05,2.562499139457941e-05,0.0036532090161927044,0.0,100.0,1.0
ca5dc512,2026-10-07T23:04:38.063099,NEU-DET,scratches,scratches_173.jpg,4x4,4,4,8,FRQI,1024,aer,5,4,1,1092,705,384,"{""h"": 132, ""x"": 64, ""cx"": 384, ""tdg"": 192, ""t"": 256, ""ry"": 64}",0.0014946670271456242,0.006075875018723309,4.1249964851886034e-05,7.89170153439045e-05,0.009592709015123546,0.0020779616625176346,26.82362469247865,0.5383162871276367
a1673eaf,2026-10-07T23:04:38.092269,NEU-DET,scratches,scratches_173.jpg,4x4,4,4,8,NEQR,1024,aer,12,4,8,122,82,54,"{""h"": 4, ""x"": 64, ""mcx"": 54}",0.0011147920158691704,0.0019600000232458115,3.454199759289622e-05,2.8375012334436178e-05,0.0037783330189995468,0.0,100.0,1.0
210315e1,2026-10-07T23:04:38.117077,NEU-DET,scratches,scratches_174.jpg,4x4,4,4,8,FRQI,1024,aer,5,4,1,1092,705,384,"{""h"": 132, ""x"": 64, ""cx"": 384, ""tdg"": 192, ""t"": 256, ""ry"": 64}",0.0014259169693104923,0.006490707979537547,4.354200791567564e-05,7.929198909550905e-05,0.009939583018422127,0.0023774344135221483,26.238914551427285,0.7883152534436938
36bfd984,2026-10-07T23:04:38.147229,NEU-DET,scratches,scratches_174.jpg,4x4,4,4,8,NEQR,1024,aer,12,4,8,119,79,51,"{""h"": 4, ""x"": 64, ""mcx"": 51}",0.0009891660301946104,0.010252000007312745,2.6124995201826096e-05,2.5208049919456244e-05,0.011867458000779152,0.0,100.0,1.0
06e4dc8b,2026-10-07T23:04:38.179754,NEU-DET,scratches,scratches_175.jpg,4x4,4,4,8,FRQI,1024,aer,5,4,1,1092,705,384,"{""h"": 132, ""x"": 64, ""cx"": 384, ""tdg"": 192, ""t"": 256, ""ry"": 64}",0.0015797499800100923,0.006162458041217178,4.0041981264948845e-05,7.879099575802684e-05,0.009803583030588925,0.0013481470603364206,28.70262730939387,0.8919054832531128
0c1818fb,2026-10-07T23:04:38.209206,NEU-DET,scratches,scratches_175.jpg,4x4,4,4,8,NEQR,1024,aer,12,4,8,125,85,57,"{""h"": 4, ""x"": 64, ""mcx"": 57}",0.0011679590097628534,0.002221332979388535,5.9917045291513205e-05,4.633399657905102e-05,0.004239125002641231,0.0,100.0,1.0
9292c297,2026-10-07T23:04:38.234441,NEU-DET,scratches,scratches_176.jpg,4x4,4,4,8,FRQI,1024,aer,5,4,1,1092,705,384,"{""h"": 132, ""x"": 64, ""cx"": 384, ""tdg"": 192, ""t"": 256, ""ry"": 64}",0.0013975840411148965,0.007883833022788167,4.554196493700147e-05,8.641701424494386e-05,0.011304125015158206,0.0012127821576716304,29.1621720096149,0.8724937936953708
e5b28b6e,2026-10-07T23:04:38.265778,NEU-DET,scratches,scratches_176.jpg,4x4,4,4,8,NEQR,1024,aer,12,4,8,124,84,56,"{""h"": 4, ""x"": 64, ""mcx"": 56}",0.001979124965146184,0.0021353339543566108,3.291596658527851e-05,2.820801455527544e-05,0.005086166027467698,0.0,100.0,1.0
484ba636,2026-10-07T23:04:38.291742,NEU-DET,scratches,scratches_177.jpg,4x4,4,4,8,FRQI,1024,aer,5,4,1,1092,705,384,"{""h"": 132, ""x"": 64, ""cx"": 384, ""tdg"": 192, ""t"": 256, ""ry"": 64}",0.001474916993174702,0.0060350000276230276,4.483398515731096e-05,8.179200813174248e-05,0.009529916977044195,0.0021509950785223563,26.67360583277358,0.8083336381625972
95fc7455,2026-10-07T23:04:38.320029,NEU-DET,scratches,scratches_177.jpg,4x4,4,4,8,NEQR,1024,aer,12,4,8,127,87,59,"{""h"": 4, ""x"": 64, ""mcx"": 59}",0.001990457996726036,0.001979249995201826,2.4583947379142046e-05,2.116599353030324e-05,0.004895250021945685,0.0,100.0,1.0
85ec7e09,2026-10-07T23:04:38.343863,NEU-DET,scratches,scratches_178.jpg,4x4,4,4,8,FRQI,1024,aer,5,4,1,1092,705,384,"{""h"": 132, ""x"": 64, ""cx"": 384, ""tdg"": 192, ""t"": 256, ""ry"": 64}",0.0014484580024145544,0.00608950003515929,4.537496715784073e-05,8.537498069927096e-05,0.009590792004019022,0.0024349685130556297,26.135066503403554,0.5770967629778696
d437a7b3,2026-10-07T23:04:38.372243,NEU-DET,scratches,scratches_178.jpg,4x4,4,4,8,NEQR,1024,aer,12,4,8,122,82,54,"{""h"": 4, ""x"": 64, ""mcx"": 54}",0.0010369159863330424,0.002130832988768816,2.9499991796910763e-05,2.3875036276876926e-05,0.003811584028881043,0.0,100.0,1.0
5ffba276,2026-10-07T23:04:38.395153,NEU-DET,scratches,scratches_179.jpg,4x4,4,4,8,FRQI,1024,aer,5,4,1,1092,705,384,"{""h"": 132, ""x"": 64, ""cx"": 384, ""tdg"": 192, ""t"": 256, ""ry"": 64}",0.0015484580071642995,0.006058999977540225,4.0624989196658134e-05,7.558299694210291e-05,0.0096401660121046,0.002065449923577916,26.849853299429842,0.8392337679597173
188e2630,2026-10-07T23:04:38.423756,NEU-DET,scratches,scratches_179.jpg,4x4,4,4,8,NEQR,1024,aer,12,4,8,137,97,69,"{""h"": 4, ""x"": 64, ""mcx"": 69}",0.001257832976989448,0.0022824169718660414,2.829096047207713e-05,2.4083012249320745e-05,0.004217667039483786,0.0,100.0,1.0
73dbfc59,2026-10-07T23:04:38.448227,NEU-DET,scratches,scratches_18.jpg,4x4,4,4,8,FRQI,1024,aer,5,4,1,1092,705,384,"{""h"": 132, ""x"": 64, ""cx"": 384, ""tdg"": 192, ""t"": 256, ""ry"": 64}",0.006459750002250075,0.006471665983553976,4.533299943432212e-05,8.758297190070152e-05,0.015475083026103675,0.0022195823010628616,26.537287469058896,0.7702445722751037
14c03bc5,2026-10-07T23:04:38.482400,NEU-DET,scratches,scratches_18.jpg,4x4,4,4,8,NEQR,1024,aer,12,4,8,144,104,76,"{""h"": 4, ""x"": 64, ""mcx"": 76}",0.001365291012916714,0.002637874975334853,2.762500662356615e-05,2.3917004000395536e-05,0.004753042012453079,0.0,100.0,1.0
d85df4f8,2026-10-07T23:04:38.506949,NEU-DET,scratches,scratches_180.jpg,4x4,4,4,8,FRQI,1024,aer,5,4,1,1092,705,384,"{""h"": 132, ""x"": 64, ""cx"": 384, ""tdg"": 192, ""t"": 256, ""ry"": 64}",0.0013438750174827874,0.005832166003528982,4.370900569483638e-05,8.166697807610035e-05,0.00908279197756201,0.0020062379289568326,26.976175632869204,0.7142445817270502
370aa219,2026-10-07T23:04:38.534367,NEU-DET,scratches,scratches_180.jpg,4x4,4,4,8,NEQR,1024,aer,12,4,8,136,96,68,"{""h"": 4, ""x"": 64, ""mcx"": 68}",0.0012522080214694142,0.0022909159888513386,2.658303128555417e-05,2.3499946109950542e-05,0.00423520797630772,0.0,100.0,1.0
eb1191db,2026-10-07T23:04:38.557079,NEU-DET,scratches,scratches_181.jpg,4x4,4,4,8,FRQI,1024,aer,5,4,1,1092,705,384,"{""h"": 132, ""x"": 64, ""cx"": 384, ""tdg"": 192, ""t"": 256, ""ry"": 64}",0.0013871670234948397,0.006048374983947724,4.158297087997198e-05,7.566699059680104e-05,0.009436291991733015,0.0018809482405979488,27.256231550779987,0.7802742946370673
0905d74b,2026-10-07T23:04:38.587167,NEU-DET,scratches,scratches_181.jpg,4x4,4,4,8,NEQR,1024,aer,12,4,8,132,92,64,"{""h"": 4, ""x"": 64, ""mcx"": 64}",0.0011897910153493285,0.0022897080052644014,2.8499984182417393e-05,2.3124972358345985e-05,0.004144250007811934,0.0,100.0,1.0
a22b67eb,2026-10-07T23:04:38.610999,NEU-DET,scratches,scratches_182.jpg,4x4,4,4,8,FRQI,1024,aer,5,4,1,1092,705,384,"{""h"": 132, ""x"": 64, ""cx"": 384, ""tdg"": 192, ""t"": 256, ""ry"": 64}",0.0014106659800745547,0.005624916986562312,3.804202424362302e-05,7.400003960356116e-05,0.008890457975212485,0.001083528836968866,29.65159525904109,0.9663175796495502
58a62f8b,2026-10-07T23:04:38.638332,NEU-DET,scratches,scratches_182.jpg,4x4,4,4,8,NEQR,1024,aer,12,4,8,126,86,58,"{""h"": 4, ""x"": 64, ""mcx"": 58}",0.0010822920012287796,0.002119500015396625,2.8291018679738045e-05,2.4499953724443913e-05,0.003849000029731542,0.0,100.0,1.0
2975d594,2026-10-07T23:04:38.661122,NEU-DET,scratches,scratches_183.jpg,4x4,4,4,8,FRQI,1024,aer,5,4,1,1092,705,384,"{""h"": 132, ""x"": 64, ""cx"": 384, ""tdg"": 192, ""t"": 256, ""ry"": 64}",0.001416665967553854,0.005920082970988005,4.1209044866263866e-05,7.987499702721834e-05,0.009224249981343746,0.0029474040503552506,25.305603240037016,0.8125926600153801
091bbb9b,2026-10-07T23:04:38.689500,NEU-DET,scratches,scratches_183.jpg,4x4,4,4,8,NEQR,1024,aer,12,4,8,132,92,64,"{""h"": 4, ""x"": 64, ""mcx"": 64}",0.0011772910365834832,0.002065583015792072,2.9709015507251024e-05,2.441700780764222e-05,0.003906791971530765,0.0,100.0,1.0
49cc7c14,2026-10-07T23:04:38.713246,NEU-DET,scratches,scratches_184.jpg,4x4,4,4,8,FRQI,1024,aer,5,4,1,1092,705,384,"{""h"": 132, ""x"": 64, ""cx"": 384, ""tdg"": 192, ""t"": 256, ""ry"": 64}",0.0013317919801920652,0.006018958054482937,4.3249980080872774e-05,8.112494833767414e-05,0.009246750036254525,0.001645238372642842,27.837711697970118,0.7409075709496905
13576e4f,2026-10-07T23:04:38.741252,NEU-DET,scratches,scratches_184.jpg,4x4,4,4,8,NEQR,1024,aer,12,4,8,134,94,66,"{""h"": 4, ""x"": 64, ""mcx"": 66}",0.0019034580327570438,0.0019335830002091825,2.6333960704505444e-05,2.254202263429761e-05,0.00446641695452854,0.0,100.0,1.0
46477d91,2026-10-07T23:04:38.764205,NEU-DET,scratches,scratches_185.jpg,4x4,4,4,8,FRQI,1024,aer,5,4,1,1092,705,384,"{""h"": 132, ""x"": 64, ""cx"": 384, ""tdg"": 192, ""t"": 256, ""ry"": 64}",0.0014149590278975666,0.006071333948057145,3.9417005609720945e-05,7.512501906603575e-05,0.009500000043772161,0.0020055041497219718,26.97776435053818,0.5972284063007547
b67abdc5,2026-10-07T23:04:38.792684,NEU-DET,scratches,scratches_185.jpg,4x4,4,4,8,NEQR,1024,aer,12,4,8,131,91,63,"{""h"": 4, ""x"": 64, ""mcx"": 63}",0.0011745000374503434,0.002282583969645202,2.7374946512281895e-05,2.5374989490956068e-05,0.004125749983359128,0.0,100.0,1.0
933990ff,2026-10-07T23:04:38.816541,NEU-DET,scratches,scratches_186.jpg,4x4,4,4,8,FRQI,1024,aer,5,4,1,1092,705,384,"{""h"": 132, ""x"": 64, ""cx"": 384, ""tdg"": 192, ""t"": 256, ""ry"": 64}",0.0014185829786583781,0.006076291028875858,4.0457991417497396e-05,7.97079992480576e-05,0.009393499989528209,0.0020205709456703525,26.945258961383217,0.7588574182584135
e505afcb,2026-10-07T23:04:38.844527,NEU-DET,scratches,scratches_186.jpg,4x4,4,4,8,NEQR,1024,aer,12,4,8,135,95,67,"{""h"": 4, ""x"": 64, ""mcx"": 67}",0.0012137079611420631,0.0022914999863132834,2.5916961021721363e-05,2.2916006855666637e-05,0.004167167004197836,0.0,100.0,1.0
e086d77d,2026-10-07T23:04:38.868715,NEU-DET,scratches,scratches_187.jpg,4x4,4,4,8,FRQI,1024,aer,5,4,1,1092,705,384,"{""h"": 132, ""x"": 64, ""cx"": 384, ""tdg"": 192, ""t"": 256, ""ry"": 64}",0.0014579580165445805,0.005739707965403795,3.9000005926936865e-05,7.037498289719224e-05,0.009177542000543326,0.0015525396059311157,28.08957311977189,0.8035436296552365
c72e5bd1,2026-10-07T23:04:38.896575,NEU-DET,scratches,scratches_187.jpg,4x4,4,4,8,NEQR,1024,aer,12,4,8,116,76,48,"{""h"": 4, ""x"": 64, ""mcx"": 48}",0.0008822919917292893,0.0019781250157393515,2.7083035092800856e-05,2.254202263429761e-05,0.0034164999960921705,0.0,100.0,1.0
1ddce3f0,2026-10-07T23:04:38.919829,NEU-DET,scratches,scratches_188.jpg,4x4,4,4,8,FRQI,1024,aer,5,4,1,1092,705,384,"{""h"": 132, ""x"": 64, ""cx"": 384, ""tdg"": 192, ""t"": 256, ""ry"": 64}",0.001432000019121915,0.005767166963778436,4.5249995309859514e-05,8.612498641014099e-05,0.00923041597707197,0.0010337341009955012,29.855911569102748,0.9230858428229284
54791934,2026-10-07T23:04:38.947714,NEU-DET,scratches,scratches_188.jpg,4x4,4,4,8,NEQR,1024,aer,12,4,8,120,80,52,"{""h"": 4, ""x"": 64, ""mcx"": 52}",0.0010300829890184104,0.0020879579824395478,2.9959017410874367e-05,2.558401320129633e-05,0.003773041011299938,0.0,100.0,1.0
4fbbe3bb,2026-10-07T23:04:38.970688,NEU-DET,scratches,scratches_189.jpg,4x4,4,4,8,FRQI,1024,aer,5,4,1,1092,705,384,"{""h"": 132, ""x"": 64, ""cx"": 384, ""tdg"": 192, ""t"": 256, ""ry"": 64}",0.0014381249784491956,0.005844665982294828,4.191597690805793e-05,8.237501606345177e-05,0.009238792001269758,0.0012428962164041666,29.055651340492197,0.8340890804383071
bf7cf05e,2026-10-07T23:04:38.998985,NEU-DET,scratches,scratches_189.jpg,4x4,4,4,8,NEQR,1024,aer,12,4,8,128,88,60,"{""h"": 4, ""x"": 64, ""mcx"": 60}",0.0011238750303164124,0.003027374972589314,2.8958951588720083e-05,2.383295213803649e-05,0.004801124974619597,0.0,100.0,1.0
09599b84,2026-10-07T23:04:39.022369,NEU-DET,scratches,scratches_19.jpg,4x4,4,4,8,FRQI,1024,aer,5,4,1,1092,705,384,"{""h"": 132, ""x"": 64, ""cx"": 384, ""tdg"": 192, ""t"": 256, ""ry"": 64}",0.0015161670162342489,0.00588945799972862,4.358298610895872e-05,8.045794675126672e-05,0.009379791968967766,0.0023116988427256896,26.36068744413041,0.7725911245241167
acf44fc9,2026-10-07T23:04:39.050521,NEU-DET,scratches,scratches_19.jpg,4x4,4,4,8,NEQR,1024,aer,12,4,8,136,96,68,"{""h"": 4, ""x"": 64, ""mcx"": 68}",0.0012904159957543015,0.0023970830370672047,2.645899076014757e-05,2.4499953724443913e-05,0.004379499994684011,0.0,100.0,1.0
3eee476b,2026-10-07T23:04:39.074248,NEU-DET,scratches,scratches_190.jpg,4x4,4,4,8,FRQI,1024,aer,5,4,1,1092,705,384,"{""h"": 132, ""x"": 64, ""cx"": 384, ""tdg"": 192, ""t"": 256, ""ry"": 64}",0.001955667044967413,0.005759374995250255,4.2208004742860794e-05,8.712499402463436e-05,0.00990133301820606,0.0015774587076278458,28.020420002512335,0.767827489732836
86784844,2026-10-07T23:04:39.103001,NEU-DET,scratches,scratches_190.jpg,4x4,4,4,8,NEQR,1024,aer,12,4,8,123,83,55,"{""h"": 4, ""x"": 64, ""mcx"": 55}",0.0010063329827971756,0.001979458029381931,2.5833025574684143e-05,2.2374966647475958e-05,0.0035899170325137675,0.0,100.0,1.0
d7e83fbb,2026-10-07T23:04:39.125466,NEU-DET,scratches,scratches_191.jpg,4x4,4,4,8,FRQI,1024,aer,5,4,1,1092,705,384,"{""h"": 132, ""x"": 64, ""cx"": 384, ""tdg"": 192, ""t"": 256, ""ry"": 64}",0.001406292023602873,0.006022708024829626,4.1665975004434586e-05,7.90830235928297e-05,0.009460625005885959,0.003004988122352466,25.221572402692203,0.626638558990771
3c480096,2026-10-07T23:04:39.153420,NEU-DET,scratches,scratches_191.jpg,4x4,4,4,8,NEQR,1024,aer,12,4,8,123,83,55,"{""h"": 4, ""x"": 64, ""mcx"": 55}",0.0010260000126436353,0.0020599999697878957,2.9499991796910763e-05,2.5042041670531034e-05,0.0037176249898038805,0.0,100.0,1.0
4c25dc9b,2026-10-07T23:04:39.177363,NEU-DET,scratches,scratches_192.jpg,4x4,4,4,8,FRQI,1024,aer,5,4,1,1092,705,384,"{""h"": 132, ""x"": 64, ""cx"": 384, ""tdg"": 192, ""t"": 256, ""ry"": 64}",0.001465291017666459,0.006107541033998132,4.358298610895872e-05,7.937499321997166e-05,0.009581165970303118,0.001156316304525084,29.369233505869524,0.8573440084757749
6f5e97af,2026-10-07T23:04:39.205856,NEU-DET,scratches,scratches_192.jpg,4x4,4,4,8,NEQR,1024,aer,12,4,8,112,72,44,"{""h"": 4, ""x"": 64, ""mcx"": 44}",0.0009698329959064722,0.002960124984383583,2.624996704980731e-05,2.2499996703118086e-05,0.0045262500061653554,0.0,100.0,1.0
bb92fc66,2026-10-07T23:04:39.229457,NEU-DET,scratches,scratches_193.jpg,4x4,4,4,8,FRQI,1024,aer,5,4,1,1092,705,384,"{""h"": 132, ""x"": 64, ""cx"": 384, ""tdg"": 192, ""t"": 256, ""ry"": 64}",0.0014275829889811575,0.0056686660391278565,4.141597310081124e-05,7.833301788195968e-05,0.00908483297098428,0.0014559589832313104,28.368508596433255,0.4938204718999014
ced38c84,2026-10-07T23:04:39.257373,NEU-DET,scratches,scratches_193.jpg,4x4,4,4,8,NEQR,1024,aer,12,4,8,125,85,57,"{""h"": 4, ""x"": 64, ""mcx"": 57}",0.001081541005987674,0.0020299170282669365,2.8541020583361387e-05,2.458301605656743e-05,0.003752332995645702,0.0,100.0,1.0
86ad08b8,2026-10-07T23:04:39.281464,NEU-DET,scratches,scratches_194.jpg,4x4,4,4,8,FRQI,1024,aer,5,4,1,1092,705,384,"{""h"": 132, ""x"": 64, ""cx"": 384, ""tdg"": 192, ""t"": 256, ""ry"": 64}",0.001591874985024333,0.005636250018142164,3.9624981582164764e-05,7.420801557600498e-05,0.009124249976594001,0.0015473181860450663,28.104203700533887,0.64075338128851
e8b5a2ad,2026-10-07T23:04:39.308864,NEU-DET,scratches,scratches_194.jpg,4x4,4,4,8,NEQR,1024,aer,12,4,8,120,80,52,"{""h"": 4, ""x"": 64, ""mcx"": 52}",0.000996084010694176,0.0019178750226274133,2.8749986086040735e-05,2.4124979972839355e-05,0.0035298329894430935,0.0,100.0,1.0
80481ff8,2026-10-07T23:04:39.331043,NEU-DET,scratches,scratches_195.jpg,4x4,4,4,8,FRQI,1024,aer,5,4,1,1092,705,384,"{""h"": 132, ""x"": 64, ""cx"": 384, ""tdg"": 192, ""t"": 256, ""ry"": 64}",0.0014185840263962746,0.006022749992553145,4.054198507219553e-05,7.712503429502249e-05,0.009434167004656047,0.00173045000955902,27.618409423890718,0.5592839906685297
39bc1182,2026-10-07T23:04:39.359274,NEU-DET,scratches,scratches_195.jpg,4x4,4,4,8,NEQR,1024,aer,12,4,8,121,81,53,"{""h"": 4, ""x"": 64, ""mcx"": 53}",0.0010079580242745578,0.0019097909680567682,2.641597529873252e-05,2.3250002413988113e-05,0.0035223340382799506,0.0,100.0,1.0
c51137bc,2026-10-07T23:04:39.382893,NEU-DET,scratches,scratches_196.jpg,4x4,4,4,8,FRQI,1024,aer,5,4,1,1092,705,384,"{""h"": 132, ""x"": 64, ""cx"": 384, ""tdg"": 192, ""t"": 256, ""ry"": 64}",0.0014189169742166996,0.005801042017992586,4.079198697581887e-05,7.466599345207214e-05,0.009195458027534187,0.0017709846642179326,27.517851995520846,0.6465851556652913
0cf10348,2026-10-07T23:04:39.410551,NEU-DET,scratches,scratches_196.jpg,4x4,4,4,8,NEQR,1024,aer,12,4,8,116,76,48,"{""h"": 4, ""x"": 64, ""mcx"": 48}",0.0009410000056959689,0.0018985830247402191,2.8125010430812836e-05,2.4500011932104826e-05,0.0034520840272307396,0.0,100.0,1.0
fd1a454e,2026-10-07T23:04:39.433635,NEU-DET,scratches,scratches_197.jpg,4x4,4,4,8,FRQI,1024,aer,5,4,1,1092,705,384,"{""h"": 132, ""x"": 64, ""cx"": 384, ""tdg"": 192, ""t"": 256, ""ry"": 64}",0.001299416006077081,0.0060005830018781126,4.229199839755893e-05,7.675000233575702e-05,0.009153750026598573,0.001332097057961884,28.75464130870204,0.7983802455875184
99e25744,2026-10-07T23:04:39.461439,NEU-DET,scratches,scratches_197.jpg,4x4,4,4,8,NEQR,1024,aer,12,4,8,127,87,59,"{""h"": 4, ""x"": 64, ""mcx"": 59}",0.0010978750069625676,0.0020456669735722244,2.5874993298202753e-05,2.2249994799494743e-05,0.0038045000401325524,0.0,100.0,1.0
9c300c98,2026-10-07T23:04:39.485368,NEU-DET,scratches,scratches_198.jpg,4x4,4,4,8,FRQI,1024,aer,5,4,1,1092,705,384,"{""h"": 132, ""x"": 64, ""cx"": 384, ""tdg"": 192, ""t"": 256, ""ry"": 64}",0.0015004579909145832,0.00568791595287621,4.11659711971879e-05,7.637502858415246e-05,0.009292915987316519,0.001846618676933392,27.33622776244209,0.508477575740712
6be6f413,2026-10-07T23:04:39.513718,NEU-DET,scratches,scratches_198.jpg,4x4,4,4,8,NEQR,1024,aer,12,4,8,123,83,55,"{""h"": 4, ""x"": 64, ""mcx"": 55}",0.0020067079458385706,0.0019380840240046382,2.6124995201826096e-05,2.1666986867785454e-05,0.004554166051093489,0.0,100.0,1.0
20ec7641,2026-10-07T23:04:39.538476,NEU-DET,scratches,scratches_199.jpg,4x4,4,4,8,FRQI,1024,aer,5,4,1,1092,705,384,"{""h"": 132, ""x"": 64, ""cx"": 384, ""tdg"": 192, ""t"": 256, ""ry"": 64}",0.0013043340295553207,0.005868208012543619,3.9583013858646154e-05,7.616699440404773e-05,0.009135333995800465,0.0015179244835677435,28.18749833964659,0.4480544036629659
f953016e,2026-10-07T23:04:39.567003,NEU-DET,scratches,scratches_199.jpg,4x4,4,4,8,NEQR,1024,aer,12,4,8,126,86,58,"{""h"": 4, ""x"": 64, ""mcx"": 58}",0.0010902080102823675,0.0018773750052787364,6.295798812061548e-05,4.429201362654567e-05,0.003760292020160705,0.0,100.0,1.0
7a7abbc3,2026-10-07T23:04:39.591071,NEU-DET,scratches,scratches_2.jpg,4x4,4,4,8,FRQI,1024,aer,5,4,1,1092,705,384,"{""h"": 132, ""x"": 64, ""cx"": 384, ""tdg"": 192, ""t"": 256, ""ry"": 64}",0.0014446249697357416,0.006205667043104768,4.274997627362609e-05,8.408300345763564e-05,0.009688500023912638,0.0019132199532090322,27.182350984652462,0.4612309002383224
fc5033f4,2026-10-07T23:04:39.619939,NEU-DET,scratches,scratches_2.jpg,4x4,4,4,8,NEQR,1024,aer,12,4,8,137,97,69,"{""h"": 4, ""x"": 64, ""mcx"": 69}",0.0012754169874824584,0.002329332986846566,2.8125010430812836e-05,2.4874985683709383e-05,0.004307208000682294,0.0,100.0,1.0
2d9a451c,2026-10-07T23:04:39.644308,NEU-DET,scratches,scratches_20.jpg,4x4,4,4,8,FRQI,1024,aer,5,4,1,1092,705,384,"{""h"": 132, ""x"": 64, ""cx"": 384, ""tdg"": 192, ""t"": 256, ""ry"": 64}",0.0022206249996088445,0.006052874960005283,4.0207989513874054e-05,7.899996126070619e-05,0.01014841697178781,0.0014361742996351818,28.427928492468453,0.8723326089262472
f6f75d40,2026-10-07T23:04:39.673185,NEU-DET,scratches,scratches_20.jpg,4x4,4,4,8,NEQR,1024,aer,12,4,8,122,82,54,"{""h"": 4, ""x"": 64, ""mcx"": 54}",0.0010051249992102385,0.0019079159828834236,2.675002906471491e-05,2.2833992261439562e-05,0.0035337500157766044,0.0,100.0,1.0
e04c3a24,2026-10-07T23:04:39.696302,NEU-DET,scratches,scratches_200.jpg,4x4,4,4,8,FRQI,1024,aer,5,4,1,1092,705,384,"{""h"": 132, ""x"": 64, ""cx"": 384, ""tdg"": 192, ""t"": 256, ""ry"": 64}",0.0014257500297389925,0.005905041005462408,4.012498538941145e-05,7.091701263561845e-05,0.009337332972791046,0.0012573384822354555,29.005477921799276,0.7603503991780676
1c8ab636,2026-10-07T23:04:39.724419,NEU-DET,scratches,scratches_200.jpg,4x4,4,4,8,NEQR,1024,aer,12,4,8,126,86,58,"{""h"": 4, ""x"": 64, ""mcx"": 58}",0.0010347499628551304,0.001793583040125668,2.4541979655623436e-05,2.3957982193678617e-05,0.0034387079649604857,0.0,100.0,1.0
14ffcdb1,2026-10-07T23:04:39.747640,NEU-DET,scratches,scratches_201.jpg,4x4,4,4,8,FRQI,1024,aer,5,4,1,1092,705,384,"{""h"": 132, ""x"": 64, ""cx"": 384, ""tdg"": 192, ""t"": 256, ""ry"": 64}",0.0013992500025779009,0.005893792025744915,4.5833003241568804e-05,8.495798101648688e-05,0.009211708034854382,0.0014278200904587666,28.453265114977523,0.5958079876368819
61ea4ea9,2026-10-07T23:04:39.775979,NEU-DET,scratches,scratches_201.jpg,4x4,4,4,8,NEQR,1024,aer,12,4,8,124,84,56,"{""h"": 4, ""x"": 64, ""mcx"": 56}",0.0010682500433176756,0.0018598750466480851,2.9166985768824816e-05,2.412503818050027e-05,0.00357504200655967,0.0,100.0,1.0
6352d94e,2026-10-07T23:04:39.798584,NEU-DET,scratches,scratches_202.jpg,4x4,4,4,8,FRQI,1024,aer,5,4,1,1092,705,384,"{""h"": 132, ""x"": 64, ""cx"": 384, ""tdg"": 192, ""t"": 256, ""ry"": 64}",0.0014249589876271784,0.0059372500400058925,4.212500061839819e-05,8.016702486202121e-05,0.009267459041438997,0.001260585727928009,28.994276141683596,0.6952836305898791
1b7704df,2026-10-07T23:04:39.827623,NEU-DET,scratches,scratches_202.jpg,4x4,4,4,8,NEQR,1024,aer,12,4,8,124,84,56,"{""h"": 4, ""x"": 64, ""mcx"": 56}",0.001058791996911168,0.0019926659879274666,2.8375012334436178e-05,2.4999957531690598e-05,0.003687333024572581,0.0,100.0,1.0
310e5959,2026-10-07T23:04:39.850177,NEU-DET,scratches,scratches_203.jpg,4x4,4,4,8,FRQI,1024,aer,5,4,1,1092,705,384,"{""h"": 132, ""x"": 64, ""cx"": 384, ""tdg"": 192, ""t"": 256, ""ry"": 64}",0.0014335829764604568,0.00607374997343868,3.9583013858646154e-05,7.504201494157314e-05,0.009502458036877215,0.0018764798969983232,27.266560838858386,0.6791571622568391
c570e499,2026-10-07T23:04:39.878773,NEU-DET,scratches,scratches_203.jpg,4x4,4,4,8,NEQR,1024,aer,12,4,8,127,87,59,"{""h"": 4, ""x"": 64, ""mcx"": 59}",0.0010995410266332328,0.0020807909895665944,2.579099964350462e-05,2.341700019314885e-05,0.003808709036093205,0.0,100.0,1.0
0fee6a57,2026-10-07T23:04:39.901590,NEU-DET,scratches,scratches_204.jpg,4x4,4,4,8,FRQI,1024,aer,5,4,1,1092,705,384,"{""h"": 132, ""x"": 64, ""cx"": 384, ""tdg"": 192, ""t"": 256, ""ry"": 64}",0.00139233295340091,0.00561770802596584,3.854098031297326e-05,7.679197005927563e-05,0.00895216700155288,0.0014222521157588475,28.470234114981704,0.48317158527839205
17cc3e48,2026-10-07T23:04:39.929156,NEU-DET,scratches,scratches_204.jpg,4x4,4,4,8,NEQR,1024,aer,12,4,8,119,79,51,"{""h"": 4, ""x"": 64, ""mcx"": 51}",0.0009747910080477595,0.0018971660174429417,2.7165981009602547e-05,2.3165950551629066e-05,0.003476915997453034,0.0,100.0,1.0
86f84bc2,2026-10-07T23:04:39.952122,NEU-DET,scratches,scratches_205.jpg,4x4,4,4,8,FRQI,1024,aer,5,4,1,1092,705,384,"{""h"": 132, ""x"": 64, ""cx"": 384, ""tdg"": 192, ""t"": 256, ""ry"": 64}",0.0013692500069737434,0.005726458039134741,4.2000028770416975e-05,8.041597902774811e-05,0.009012666996568441,0.0012213191442468434,29.131708352569518,0.7052606444467597
69713e1e,2026-10-07T23:04:39.979812,NEU-DET,scratches,scratches_205.jpg,4x4,4,4,8,NEQR,1024,aer,12,4,8,115,75,47,"{""h"": 4, ""x"": 64, ""mcx"": 47}",0.0009285419946536422,0.0019290829659439623,2.6666035410016775e-05,2.258300082758069e-05,0.0034583330270834267,0.0,100.0,1.0
9f95a8b0,2026-10-07T23:04:40.002323,NEU-DET,scratches,scratches_206.jpg,4x4,4,4,8,FRQI,1024,aer,5,4,1,1092,705,384,"{""h"": 132, ""x"": 64, ""cx"": 384, ""tdg"": 192, ""t"": 256, ""ry"": 64}",0.0013892920105718076,0.0058934580301865935,3.875000402331352e-05,7.133296458050609e-05,0.009258042031433433,0.0011172828947071814,29.518368501117664,0.9022434871538908
cb1dc146,2026-10-07T23:04:40.029921,NEU-DET,scratches,scratches_206.jpg,4x4,4,4,8,NEQR,1024,aer,12,4,8,124,84,56,"{""h"": 4, ""x"": 64, ""mcx"": 56}",0.001041000010445714,0.002053458010777831,2.800003858283162e-05,2.3250002413988113e-05,0.0037185410037636757,0.0,100.0,1.0
4cfb656d,2026-10-07T23:04:40.053560,NEU-DET,scratches,scratches_207.jpg,4x4,4,4,8,FRQI,1024,aer,5,4,1,1092,705,384,"{""h"": 132, ""x"": 64, ""cx"": 384, ""tdg"": 192, ""t"": 256, ""ry"": 64}",0.0013412089901976287,0.0055701249511912465,3.9083999581635e-05,7.108302088454366e-05,0.008754790993407369,0.0011565366564970155,29.368405976861943,0.8019445007537952
cc1240ca,2026-10-07T23:04:40.081033,NEU-DET,scratches,scratches_207.jpg,4x4,4,4,8,NEQR,1024,aer,12,4,8,131,91,63,"{""h"": 4, ""x"": 64, ""mcx"": 63}",0.0011536669917404652,0.0020981669658795,2.7999980375170708e-05,2.2833002731204033e-05,0.003921832947526127,0.0,100.0,1.0
b36e09fa,2026-10-07T23:04:40.105648,NEU-DET,scratches,scratches_208.jpg,4x4,4,4,8,FRQI,1024,aer,5,4,1,1092,705,384,"{""h"": 132, ""x"": 64, ""cx"": 384, ""tdg"": 192, ""t"": 256, ""ry"": 64}",0.0014236250426620245,0.0056320419535040855,3.708404256030917e-05,7.212499622255564e-05,0.00903441704576835,0.0018229541742662034,27.392242485767643,0.7132549640076409
8d01a849,2026-10-07T23:04:40.133372,NEU-DET,scratches,scratches_208.jpg,4x4,4,4,8,NEQR,1024,aer,12,4,8,121,81,53,"{""h"": 4, ""x"": 64, ""mcx"": 53}",0.001019165967591107,0.0020443329703994095,2.924998989328742e-05,2.4541979655623436e-05,0.0036816250067204237,0.0,100.0,1.0
4a683afc,2026-10-07T23:04:40.156145,NEU-DET,scratches,scratches_209.jpg,4x4,4,4,8,FRQI,1024,aer,5,4,1,1092,705,384,"{""h"": 132, ""x"": 64, ""cx"": 384, ""tdg"": 192, ""t"": 256, ""ry"": 64}",0.0013945840182714164,0.0059881669585593045,3.779103280976415e-05,7.279199780896306e-05,0.009353167028166354,0.0018730901944053531,27.274413096565645,0.725993880763048
e9a21581,2026-10-07T23:04:40.184150,NEU-DET,scratches,scratches_209.jpg,4x4,4,4,8,NEQR,1024,aer,12,4,8,128,88,60,"{""h"": 4, ""x"": 64, ""mcx"": 60}",0.0011269589886069298,0.0020089580211788416,2.7125002816319466e-05,2.216699067503214e-05,0.0037778330151923,0.0,100.0,1.0
512ed0f3,2026-10-07T23:04:40.206812,NEU-DET,scratches,scratches_21.jpg,4x4,4,4,8,FRQI,1024,aer,5,4,1,1092,705,384,"{""h"": 132, ""x"": 64, ""cx"": 384, ""tdg"": 192, ""t"": 256, ""ry"": 64}",0.0014118750113993883,0.005671459017321467,3.8416997995227575e-05,7.37910158932209e-05,0.009027541964314878,0.0019340614948169061,27.135297213414027,0.5482185994822202
1db72f41,2026-10-07T23:04:40.234708,NEU-DET,scratches,scratches_21.jpg,4x4,4,4,8,NEQR,1024,aer,12,4,8,130,90,62,"{""h"": 4, ""x"": 64, ""mcx"": 62}",0.00115537503734231,0.00214245798997581,2.816703636199236e-05,2.420798409730196e-05,0.004306124988943338,0.0,100.0,1.0
a3d8fbb5,2026-10-07T23:04:40.259029,NEU-DET,scratches,scratches_210.jpg,4x4,4,4,8,FRQI,1024,aer,5,4,1,1092,705,384,"{""h"": 132, ""x"": 64, ""cx"": 384, ""tdg"": 192, ""t"": 256, ""ry"": 64}",0.0028209160082042217,0.005734750011470169,4.329101648181677e-05,8.79999715834856e-05,0.010837499983608723,0.0015409025241211703,28.122248334264505,0.766767443519283
ae46528d,2026-10-07T23:04:40.289439,NEU-DET,scratches,scratches_210.jpg,4x4,4,4,8,NEQR,1024,aer,12,4,8,121,81,53,"{""h"": 4, ""x"": 64, ""mcx"": 53}",0.0010219999821856618,0.0020247920183464885,2.7541012968868017e-05,2.4458044208586216e-05,0.0036740830400958657,0.0,100.0,1.0
799fc4c6,2026-10-07T23:04:40.312336,NEU-DET,scratches,scratches_211.jpg,4x4,4,4,8,FRQI,1024,aer,5,4,1,1092,705,384,"{""h"": 132, ""x"": 64, ""cx"": 384, ""tdg"": 192, ""t"": 256, ""ry"": 64}",0.0014332919963635504,0.006082582985982299,4.1457999031990767e-05,8.112500654533505e-05,0.00952874997165054,0.0011387854758068696,29.435580805285557,0.7638830583182141
53be861e,2026-10-07T23:04:40.341190,NEU-DET,scratches,scratches_211.jpg,4x4,4,4,8,NEQR,1024,aer,12,4,8,132,92,64,"{""h"": 4, ""x"": 64, ""mcx"": 64}",0.001163666951470077,0.0020673329709097743,2.9999995604157448e-05,2.420798409730196e-05,0.0038888329872861505,0.0,100.0,1.0
dbb183eb,2026-10-07T23:04:40.365199,NEU-DET,scratches,scratches_212.jpg,4x4,4,4,8,FRQI,1024,aer,5,4,1,1092,705,384,"{""h"": 132, ""x"": 64, ""cx"": 384, ""tdg"": 192, ""t"": 256, ""ry"": 64}",0.001324750017374754,0.0059585419949144125,4.191702464595437e-05,7.758295396342874e-05,0.009172416990622878,0.0013080173999574143,28.833864787524025,0.8008317149863904
770c3c2c,2026-10-07T23:04:40.393635,NEU-DET,scratches,scratches_212.jpg,4x4,4,4,8,NEQR,1024,aer,12,4,8,129,89,61,"{""h"": 4, ""x"": 64, ""mcx"": 61}",0.001135417027398944,0.0021074169781059027,2.6499968953430653e-05,2.1832995116710663e-05,0.003918875008821487,0.0,100.0,1.0
f4fdc712,2026-10-07T23:04:40.416278,NEU-DET,scratches,scratches_213.jpg,4x4,4,4,8,FRQI,1024,aer,5,4,1,1092,705,384,"{""h"": 132, ""x"": 64, ""cx"": 384, ""tdg"": 192, ""t"": 256, ""ry"": 64}",0.0013864580541849136,0.0056903340155258775,3.974995343014598e-05,7.562502287328243e-05,0.00906970800133422,0.001624568986448067,27.892618418458767,0.6070355649589148
11b32ff4,2026-10-07T23:04:40.444102,NEU-DET,scratches,scratches_213.jpg,4x4,4,4,8,NEQR,1024,aer,12,4,8,122,82,54,"{""h"": 4, ""x"": 64, ""mcx"": 54}",0.0009749589953571558,0.002055416989605874,2.5707995519042015e-05,2.2499996703118086e-05,0.003632000007200986,0.0,100.0,1.0
28345650,2026-10-07T23:04:40.466791,NEU-DET,scratches,scratches_214.jpg,4x4,4,4,8,FRQI,1024,aer,5,4,1,1092,705,384,"{""h"": 132, ""x"": 64, ""cx"": 384, ""tdg"": 192, ""t"": 256, ""ry"": 64}",0.0014172919909469783,0.0059944160166196525,3.6958022974431515e-05,7.229100447148085e-05,0.009376208006870002,0.0017170059821734417,27.652281917229566,0.7811183571811038
3149ac3e,2026-10-07T23:04:40.495093,NEU-DET,scratches,scratches_214.jpg,4x4,4,4,8,NEQR,1024,aer,12,4,8,132,92,64,"{""h"": 4, ""x"": 64, ""mcx"": 64}",0.0011825829860754311,0.0023013330064713955,2.6958005037158728e-05,2.320797648280859e-05,0.004137124982662499,0.0,100.0,1.0
d0bd7efd,2026-10-07T23:04:40.520515,NEU-DET,scratches,scratches_215.jpg,4x4,4,4,8,FRQI,1024,aer,5,4,1,1092,705,384,"{""h"": 132, ""x"": 64, ""cx"": 384, ""tdg"": 192, ""t"": 256, ""ry"": 64}",0.0013250420452095568,0.00567429099464789,3.7665944546461105e-05,7.30419997125864e-05,0.008880792011041194,0.0016978581795457006,27.700985887758147,0.6065169990474706
154a1653,2026-10-07T23:04:40.548241,NEU-DET,scratches,scratches_215.jpg,4x4,4,4,8,NEQR,1024,aer,12,4,8,130,90,62,"{""h"": 4, ""x"": 64, ""mcx"": 62}",0.0010596669744700193,0.0026863329694606364,2.7542002499103546e-05,2.400000812485814e-05,0.004355166980531067,0.0,100.0,1.0
14e19458,2026-10-07T23:04:40.571528,NEU-DET,scratches,scratches_216.jpg,4x4,4,4,8,FRQI,1024,aer,5,4,1,1092,705,384,"{""h"": 132, ""x"": 64, ""cx"": 384, ""tdg"": 192, ""t"": 256, ""ry"": 64}",0.0013932090369053185,0.005671041028108448,3.754097269847989e-05,7.216597441583872e-05,0.009030916029587388,0.0019279930531271412,27.14894535264093,0.6638662684677261
e2e9642e,2026-10-07T23:04:40.599816,NEU-DET,scratches,scratches_216.jpg,4x4,4,4,8,NEQR,1024,aer,12,4,8,126,86,58,"{""h"": 4, ""x"": 64, ""mcx"": 58}",0.0010281249997206032,0.001995416998397559,2.5874993298202753e-05,2.258300082758069e-05,0.003623666998464614,0.0,100.0,1.0
1ab763ac,2026-10-07T23:04:40.622738,NEU-DET,scratches,scratches_217.jpg,4x4,4,4,8,FRQI,1024,aer,5,4,1,1092,705,384,"{""h"": 132, ""x"": 64, ""cx"": 384, ""tdg"": 192, ""t"": 256, ""ry"": 64}",0.001385957992170006,0.005790374998468906,4.0665967389941216e-05,7.695902604609728e-05,0.009085708006750792,0.002201385670253019,26.573038648569995,0.5985526514127547
13f1d3b2,2026-10-07T23:04:40.650601,NEU-DET,scratches,scratches_217.jpg,4x4,4,4,8,NEQR,1024,aer,12,4,8,125,85,57,"{""h"": 4, ""x"": 64, ""mcx"": 57}",0.0010886670206673443,0.002111665962729603,2.875004429370165e-05,2.3833999875932932e-05,0.0038362499908544123,0.0,100.0,1.0
38fb6c50,2026-10-07T23:04:40.674885,NEU-DET,scratches,scratches_218.jpg,4x4,4,4,8,FRQI,1024,aer,5,4,1,1092,705,384,"{""h"": 132, ""x"": 64, ""cx"": 384, ""tdg"": 192, ""t"": 256, ""ry"": 64}",0.0012939170119352639,0.005905458005145192,4.2208004742860794e-05,7.891596760600805e-05,0.009060332959052175,0.0014908759155661518,28.265585010322,0.6229045552400339
1fe032b3,2026-10-07T23:04:40.703593,NEU-DET,scratches,scratches_218.jpg,4x4,4,4,8,NEQR,1024,aer,12,4,8,121,81,53,"{""h"": 4, ""x"": 64, ""mcx"": 53}",0.001105083036236465,0.001895583001896739,2.562499139457941e-05,2.0833977032452822e-05,0.003595416957978159,0.0,100.0,1.0
53f48ada,2026-10-07T23:04:40.727053,NEU-DET,scratches,scratches_219.jpg,4x4,4,4,8,FRQI,1024,aer,5,4,1,1092,705,384,"{""h"": 132, ""x"": 64, ""cx"": 384, ""tdg"": 192, ""t"": 256, ""ry"": 64}",0.0013224579743109643,0.006042334018275142,4.174996865913272e-05,7.966702105477452e-05,0.009262125007808208,0.0014071197936927132,28.516689277784238,0.6825232062641797
890ea0e7,2026-10-07T23:04:40.757054,NEU-DET,scratches,scratches_219.jpg,4x4,4,4,8,NEQR,1024,aer,12,4,8,131,91,63,"{""h"": 4, ""x"": 64, ""mcx"": 63}",0.0011583750019781291,0.002039457962382585,2.675002906471491e-05,2.1499989088624716e-05,0.0038440419593825936,0.0,100.0,1.0
dbba06bb,2026-10-07T23:04:40.779644,NEU-DET,scratches,scratches_22.jpg,4x4,4,4,8,FRQI,1024,aer,5,4,1,1092,705,384,"{""h"": 132, ""x"": 64, ""cx"": 384, ""tdg"": 192, ""t"": 256, ""ry"": 64}",0.0013343330356292427,0.005859624943695962,4.137499490752816e-05,7.879099575802684e-05,0.009093165979720652,0.002281333590312634,26.418112049297847,0.7460804486677917
9e5d361d,2026-10-07T23:04:40.807530,NEU-DET,scratches,scratches_22.jpg,4x4,4,4,8,NEQR,1024,aer,12,4,8,127,87,59,"{""h"": 4, ""x"": 64, ""mcx"": 59}",0.0010874579893425107,0.0032117919763550162,2.5667017325758934e-05,2.1832995116710663e-05,0.004912540956865996,0.0,100.0,1.0
3f009182,2026-10-07T23:04:40.831089,NEU-DET,scratches,scratches_220.jpg,4x4,4,4,8,FRQI,1024,aer,5,4,1,1092,705,384,"{""h"": 132, ""x"": 64, ""cx"": 384, ""tdg"": 192, ""t"": 256, ""ry"": 64}",0.0016999169602058828,0.005923874967265874,3.995798761025071e-05,7.495802128687501e-05,0.009701833012513816,0.0020428467867090604,26.897642041859477,0.539220154272599
1ae40d5f,2026-10-07T23:04:40.859590,NEU-DET,scratches,scratches_220.jpg,4x4,4,4,8,NEQR,1024,aer,12,4,8,133,93,65,"{""h"": 4, ""x"": 64, ""mcx"": 65}",0.0011876249918714166,0.001906457997392863,2.720800694078207e-05,2.2209016606211662e-05,0.003734625002834946,0.0,100.0,1.0
509b47aa,2026-10-07T23:04:40.882330,NEU-DET,scratches,scratches_221.jpg,4x4,4,4,8,FRQI,1024,aer,5,4,1,1092,705,384,"{""h"": 132, ""x"": 64, ""cx"": 384, ""tdg"": 192, ""t"": 256, ""ry"": 64}",0.0013881250051781535,0.005656667053699493,3.5415985621511936e-05,7.275003008544445e-05,0.009012082999106497,0.0011384290266900614,29.43694039513187,0.6842083537142938
cd3fcb81,2026-10-07T23:04:40.910184,NEU-DET,scratches,scratches_221.jpg,4x4,4,4,8,NEQR,1024,aer,12,4,8,119,79,51,"{""h"": 4, ""x"": 64, ""mcx"": 51}",0.0009224590030498803,0.0021881660213693976,2.5166955310851336e-05,2.2417050786316395e-05,0.003672791994176805,0.0,100.0,1.0
60a9b536,2026-10-07T23:04:40.933875,NEU-DET,scratches,scratches_222.jpg,4x4,4,4,8,FRQI,1024,aer,5,4,1,1092,705,384,"{""h"": 132, ""x"": 64, ""cx"": 384, ""tdg"": 192, ""t"": 256, ""ry"": 64}",0.0013882500352337956,0.00558908301172778,3.720895620062947e-05,7.241597631946206e-05,0.008845417003612965,0.0014730297663041016,28.317884770467092,0.6025139796550653
270fa5f3,2026-10-07T23:04:40.961453,NEU-DET,scratches,scratches_222.jpg,4x4,4,4,8,NEQR,1024,aer,12,4,8,123,83,55,"{""h"": 4, ""x"": 64, ""mcx"": 55}",0.001041417010128498,0.0018823339487425983,2.7458008844405413e-05,2.241699257865548e-05,0.0035413329605944455,0.0,100.0,1.0
7bbff8e3,2026-10-07T23:04:40.984165,NEU-DET,scratches,scratches_223.jpg,4x4,4,4,8,FRQI,1024,aer,5,4,1,1092,705,384,"{""h"": 132, ""x"": 64, ""cx"": 384, ""tdg"": 192, ""t"": 256, ""ry"": 64}",0.0013496250030584633,0.005799582984764129,4.3208012357354164e-05,7.924996316432953e-05,0.009033375012222677,0.001199321986529683,29.21064204557426,0.7467213093429722
5be7dca2,2026-10-07T23:04:41.012257,NEU-DET,scratches,scratches_223.jpg,4x4,4,4,8,NEQR,1024,aer,12,4,8,132,92,64,"{""h"": 4, ""x"": 64, ""mcx"": 64}",0.0012191670248284936,0.0020447910064831376,2.6916968636214733e-05,2.1874962840229273e-05,0.003911250038072467,0.0,100.0,1.0
910da94f,2026-10-07T23:04:41.035111,NEU-DET,scratches,scratches_224.jpg,4x4,4,4,8,FRQI,1024,aer,5,4,1,1092,705,384,"{""h"": 132, ""x"": 64, ""cx"": 384, ""tdg"": 192, ""t"": 256, ""ry"": 64}",0.0014697920414619148,0.006054709025193006,4.083302337676287e-05,8.304096991196275e-05,0.009534291981253773,0.0011534293003301879,29.380090204905002,0.7178071369159508
d9e505d0,2026-10-07T23:04:41.065521,NEU-DET,scratches,scratches_224.jpg,4x4,4,4,8,NEQR,1024,aer,12,4,8,118,78,50,"{""h"": 4, ""x"": 64, ""mcx"": 50}",0.0009158329921774566,0.002313541015610099,3.004097379744053e-05,2.4834007490426302e-05,0.0038852079887874424,0.0,100.0,1.0
9d0dea6e,2026-10-07T23:04:41.092667,NEU-DET,scratches,scratches_225.jpg,4x4,4,4,8,FRQI,1024,aer,5,4,1,1092,705,384,"{""h"": 132, ""x"": 64, ""cx"": 384, ""tdg"": 192, ""t"": 256, ""ry"": 64}",0.0014348749537020922,0.007899457996245474,4.262494621798396e-05,7.999996887519956e-05,0.011357125011272728,0.002261696126033882,26.45565745852588,0.630167383313503
5d3bfbc0,2026-10-07T23:04:41.123463,NEU-DET,scratches,scratches_225.jpg,4x4,4,4,8,NEQR,1024,aer,12,4,8,120,80,52,"{""h"": 4, ""x"": 64, ""mcx"": 52}",0.0010151250171475112,0.001945541996974498,2.824998227879405e-05,2.3458036594092846e-05,0.0035903750103898346,0.0,100.0,1.0
53e3a76f,2026-10-07T23:04:41.147175,NEU-DET,scratches,scratches_226.jpg,4x4,4,4,8,FRQI,1024,aer,5,4,1,1092,705,384,"{""h"": 132, ""x"": 64, ""cx"": 384, ""tdg"": 192, ""t"": 256, ""ry"": 64}",0.0014197499840520322,0.00565937499050051,3.950000973418355e-05,7.349997758865356e-05,0.009080415999051183,0.0010555446878685458,29.76523375540705,0.807971521451941
9e395848,2026-10-07T23:04:41.175135,NEU-DET,scratches,scratches_226.jpg,4x4,4,4,8,NEQR,1024,aer,12,4,8,124,84,56,"{""h"": 4, ""x"": 64, ""mcx"": 56}",0.0009913750109262764,0.0021317499922588468,2.479198155924678e-05,2.2124964743852615e-05,0.003711625002324581,0.0,100.0,1.0
5f0465a2,2026-10-07T23:04:41.199216,NEU-DET,scratches,scratches_227.jpg,4x4,4,4,8,FRQI,1024,aer,5,4,1,1092,705,384,"{""h"": 132, ""x"": 64, ""cx"": 384, ""tdg"": 192, ""t"": 256, ""ry"": 64}",0.0014345829840749502,0.005821249971631914,4.037498729303479e-05,7.566699059680104e-05,0.009145042044110596,0.0020437218594358624,26.895782098737364,0.47476727191295576
1b65a89c,2026-10-07T23:04:41.227552,NEU-DET,scratches,scratches_227.jpg,4x4,4,4,8,NEQR,1024,aer,12,4,8,126,86,58,"{""h"": 4, ""x"": 64, ""mcx"": 58}",0.0010966249974444509,0.0020972919883206487,2.7291011065244675e-05,2.300000051036477e-05,0.003841541998554021,0.0,100.0,1.0
07a1775e,2026-10-07T23:04:41.251593,NEU-DET,scratches,scratches_228.jpg,4x4,4,4,8,FRQI,1024,aer,5,4,1,1092,705,384,"{""h"": 132, ""x"": 64, ""cx"": 384, ""tdg"": 192, ""t"": 256, ""ry"": 64}",0.0013337499694898725,0.0057207500212825835,4.287500632926822e-05,7.866701344028115e-05,0.00893158302642405,0.001136109002817901,29.44579998685482,0.8525210149623503
c4a64d44,2026-10-07T23:04:41.280933,NEU-DET,scratches,scratches_228.jpg,4x4,4,4,8,NEQR,1024,aer,12,4,8,120,80,52,"{""h"": 4, ""x"": 64, ""mcx"": 52}",0.0009609169792383909,0.0024050420033745468,3.1917006708681583e-05,2.462498378008604e-05,0.004003125010058284,0.0,100.0,1.0
18f573a2,2026-10-07T23:04:41.314633,NEU-DET,scratches,scratches_229.jpg,4x4,4,4,8,FRQI,1024,aer,5,4,1,1092,705,384,"{""h"": 132, ""x"": 64, ""cx"": 384, ""tdg"": 192, ""t"": 256, ""ry"": 64}",0.002133041969500482,0.0059024589718319476,4.1624996811151505e-05,8.237501606345177e-05,0.009943207958713174,0.0013066579885405599,28.83838072042162,0.568907827833355
ed0bccc8,2026-10-07T23:04:41.344224,NEU-DET,scratches,scratches_229.jpg,4x4,4,4,8,NEQR,1024,aer,12,4,8,118,78,50,"{""h"": 4, ""x"": 64, ""mcx"": 50}",0.0009939169976860285,0.00548275001347065,3.170798299834132e-05,2.883397974073887e-05,0.007132125028874725,0.0,100.0,1.0
e9126b63,2026-10-07T23:04:41.371812,NEU-DET,scratches,scratches_23.jpg,4x4,4,4,8,FRQI,1024,aer,5,4,1,1092,705,384,"{""h"": 132, ""x"": 64, ""cx"": 384, ""tdg"": 192, ""t"": 256, ""ry"": 64}",0.001460541971027851,0.00583674997324124,4.445895319804549e-05,7.775000995025039e-05,0.00936187501065433,0.0031279936285512626,25.047341402310664,0.4440147732105332
fe4a50d4,2026-10-07T23:04:41.400814,NEU-DET,scratches,scratches_23.jpg,4x4,4,4,8,NEQR,1024,aer,12,4,8,135,95,67,"{""h"": 4, ""x"": 64, ""mcx"": 67}",0.0011514999787323177,0.002238582994323224,2.5625049602240324e-05,2.5124987587332726e-05,0.00404116598656401,0.0,100.0,1.0
7ea8c673,2026-10-07T23:04:41.425363,NEU-DET,scratches,scratches_230.jpg,4x4,4,4,8,FRQI,1024,aer,5,4,1,1092,705,384,"{""h"": 132, ""x"": 64, ""cx"": 384, ""tdg"": 192, ""t"": 256, ""ry"": 64}",0.0013550830190069973,0.00581766600953415,4.174996865913272e-05,7.841602200642228e-05,0.00906395900528878,0.0016264232019893368,27.88766438831366,0.6519580108478471
ab256bc1,2026-10-07T23:04:41.454107,NEU-DET,scratches,scratches_230.jpg,4x4,4,4,8,NEQR,1024,aer,12,4,8,107,67,39,"{""h"": 4, ""x"": 64, ""mcx"": 39}",0.0008164999890141189,0.0018121670000255108,2.983299782499671e-05,2.4416018277406693e-05,0.0032062079990282655,0.0,100.0,1.0
f20b9934,2026-10-07T23:04:41.476302,NEU-DET,scratches,scratches_231.jpg,4x4,4,4,8,FRQI,1024,aer,5,4,1,1092,705,384,"{""h"": 132, ""x"": 64, ""cx"": 384, ""tdg"": 192, ""t"": 256, ""ry"": 64}",0.001383791968692094,0.005727499956265092,3.9000005926936865e-05,7.687503239139915e-05,0.009093208005651832,0.0015290513925141649,28.1557791739329,0.7337994891803479
d25e20e5,2026-10-07T23:04:41.504500,NEU-DET,scratches,scratches_231.jpg,4x4,4,4,8,NEQR,1024,aer,12,4,8,115,75,47,"{""h"": 4, ""x"": 64, ""mcx"": 47}",0.0009445420000702143,0.0018229580018669367,2.5749963242560625e-05,2.1916988771408796e-05,0.0033787499996833503,0.0,100.0,1.0
12a3c0e3,2026-10-07T23:04:41.528215,NEU-DET,scratches,scratches_232.jpg,4x4,4,4,8,FRQI,1024,aer,5,4,1,1092,705,384,"{""h"": 132, ""x"": 64, ""cx"": 384, ""tdg"": 192, ""t"": 256, ""ry"": 64}",0.0014544579898938537,0.005825459025800228,4.4625019654631615e-05,8.074997458606958e-05,0.009288959030527622,0.0012336746535405456,29.087993579703827,0.5435130384170628
fab45d7e,2026-10-07T23:04:41.556725,NEU-DET,scratches,scratches_232.jpg,4x4,4,4,8,NEQR,1024,aer,12,4,8,116,76,48,"{""h"": 4, ""x"": 64, ""mcx"": 48}",0.0009464590111747384,0.001910042017698288,3.0082999728620052e-05,2.5874993298202753e-05,0.0034820829750970006,0.0,100.0,1.0
cedf5f44,2026-10-07T23:04:41.582439,NEU-DET,scratches,scratches_233.jpg,4x4,4,4,8,FRQI,1024,aer,5,4,1,1092,705,384,"{""h"": 132, ""x"": 64, ""cx"": 384, ""tdg"": 192, ""t"": 256, ""ry"": 64}",0.001324125041719526,0.005743708985392004,4.187499871477485e-05,8.13339720480144e-05,0.008956583973485976,0.0018179249853860994,27.404240414138457,0.6806187259315614
7374c1f4,2026-10-07T23:04:41.611313,NEU-DET,scratches,scratches_233.jpg,4x4,4,4,8,NEQR,1024,aer,12,4,8,120,80,52,"{""h"": 4, ""x"": 64, ""mcx"": 52}",0.0016583750257268548,0.002041667001321912,2.879201201722026e-05,2.4875043891370296e-05,0.004636500030755997,0.0,100.0,1.0
8e5e0728,2026-10-07T23:04:41.635575,NEU-DET,scratches,scratches_234.jpg,4x4,4,4,8,FRQI,1024,aer,5,4,1,1092,705,384,"{""h"": 132, ""x"": 64, ""cx"": 384, ""tdg"": 192, ""t"": 256, ""ry"": 64}",0.0013698749826289713,0.005830875015817583,4.4208019971847534e-05,8.174998220056295e-05,0.009119874972384423,0.0016707924491991192,27.770774961065612,0.6328107524914639
cb8d5c4d,2026-10-07T23:04:41.664278,NEU-DET,scratches,scratches_234.jpg,4x4,4,4,8,NEQR,1024,aer,12,4,8,131,91,63,"{""h"": 4, ""x"": 64, ""mcx"": 63}",0.0012320000096224248,0.0018812079797498882,7.61660048738122e-05,2.3250002413988113e-05,0.0038118749507702887,0.0,100.0,1.0
4567362c,2026-10-07T23:04:41.687803,NEU-DET,scratches,scratches_235.jpg,4x4,4,4,8,FRQI,1024,aer,5,4,1,1092,705,384,"{""h"": 132, ""x"": 64, ""cx"": 384, ""tdg"": 192, ""t"": 256, ""ry"": 64}",0.0015422500437125564,0.005689750018063933,3.975001163780689e-05,7.399998139590025e-05,0.00940708298003301,0.0022543185120486725,26.469847226055585,0.6580544075849176
4c709ba0,2026-10-07T23:04:41.717153,NEU-DET,scratches,scratches_235.jpg,4x4,4,4,8,NEQR,1024,aer,12,4,8,126,86,58,"{""h"": 4, ""x"": 64, ""mcx"": 58}",0.0010926660033874214,0.005542708968278021,2.62079993262887e-05,2.2541964426636696e-05,0.007260209007654339,0.0,100.0,1.0
12dd0eee,2026-10-07T23:04:41.744146,NEU-DET,scratches,scratches_236.jpg,4x4,4,4,8,FRQI,1024,aer,5,4,1,1092,705,384,"{""h"": 132, ""x"": 64, ""cx"": 384, ""tdg"": 192, ""t"": 256, ""ry"": 64}",0.0014322500210255384,0.005809625028632581,3.99160198867321e-05,8.087500464171171e-05,0.009196166996844113,0.002217385199591004,26.541588555885696,0.664148990173614
54c0094a,2026-10-07T23:04:41.772584,NEU-DET,scratches,scratches_236.jpg,4x4,4,4,8,NEQR,1024,aer,12,4,8,122,82,54,"{""h"": 4, ""x"": 64, ""mcx"": 54}",0.0010477079777047038,0.0022011250257492065,2.824998227879405e-05,2.5583954993635416e-05,0.003920749993994832,0.0,100.0,1.0
a1cd8c92,2026-10-07T23:04:41.797354,NEU-DET,scratches,scratches_237.jpg,4x4,4,4,8,FRQI,1024,aer,5,4,1,1092,705,384,"{""h"": 132, ""x"": 64, ""cx"": 384, ""tdg"": 192, ""t"": 256, ""ry"": 64}",0.001307083002757281,0.006028500036336482,4.650000482797623e-05,8.229096420109272e-05,0.009280792030040175,0.0016626063611468083,27.79210562216374,0.5806077304899431
b7648f3a,2026-10-07T23:04:41.825976,NEU-DET,scratches,scratches_237.jpg,4x4,4,4,8,NEQR,1024,aer,12,4,8,127,87,59,"{""h"": 4, ""x"": 64, ""mcx"": 59}",0.0010560000082477927,0.0020452089956961572,2.558401320129633e-05,2.1667045075446367e-05,0.003980915993452072,0.0,100.0,1.0
e496c553,2026-10-07T23:04:41.849731,NEU-DET,scratches,scratches_238.jpg,4x4,4,4,8,FRQI,1024,aer,5,4,1,1092,705,384,"{""h"": 132, ""x"": 64, ""cx"": 384, ""tdg"": 192, ""t"": 256, ""ry"": 64}",0.0018479590071365237,0.006804749951697886,3.833399387076497e-05,7.90830235928297e-05,0.010583791008684784,0.002284431575115276,26.412218457040964,0.4947456967366622
05f37300,2026-10-07T23:04:41.880094,NEU-DET,scratches,scratches_238.jpg,4x4,4,4,8,NEQR,1024,aer,12,4,8,127,87,59,"{""h"": 4, ""x"": 64, ""mcx"": 59}",0.0011175000108778477,0.0038221669965423644,3.125000512227416e-05,2.8500042390078306e-05,0.005635624984279275,0.0,100.0,1.0
ca647496,2026-10-07T23:04:41.905996,NEU-DET,scratches,scratches_239.jpg,4x4,4,4,8,FRQI,1024,aer,5,4,1,1092,705,384,"{""h"": 132, ""x"": 64, ""cx"": 384, ""tdg"": 192, ""t"": 256, ""ry"": 64}",0.0013498750049620867,0.00595824996707961,4.250003257766366e-05,8.345796959474683e-05,0.00921983300941065,0.0018411826048067234,27.349031369021883,0.5899777498430019
aba37011,2026-10-07T23:04:41.935057,NEU-DET,scratches,scratches_239.jpg,4x4,4,4,8,NEQR,1024,aer,12,4,8,124,84,56,"{""h"": 4, ""x"": 64, ""mcx"": 56}",0.0010902920039370656,0.0021911669755354524,2.9166985768824816e-05,2.537504769861698e-05,0.004363499989267439,0.0,100.0,1.0
c07be1df,2026-10-07T23:04:41.959079,NEU-DET,scratches,scratches_24.jpg,4x4,4,4,8,FRQI,1024,aer,5,4,1,1092,705,384,"{""h"": 132, ""x"": 64, ""cx"": 384, ""tdg"": 192, ""t"": 256, ""ry"": 64}",0.0017030000453814864,0.005940750008448958,4.366703797131777e-05,8.729205001145601e-05,0.010392625001259148,0.002007805535165722,26.972783528289305,0.8204299690094852
2471735d,2026-10-07T23:04:41.988716,NEU-DET,scratches,scratches_24.jpg,4x4,4,4,8,NEQR,1024,aer,12,4,8,120,80,52,"{""h"": 4, ""x"": 64, ""mcx"": 52}",0.0010678750113584101,0.0021667080000042915,3.0791969038546085e-05,2.4333014152944088e-05,0.00399220798863098,0.0,100.0,1.0
2a09ba27,2026-10-07T23:04:42.013686,NEU-DET,scratches,scratches_240.jpg,4x4,4,4,8,FRQI,1024,aer,5,4,1,1092,705,384,"{""h"": 132, ""x"": 64, ""cx"": 384, ""tdg"": 192, ""t"": 256, ""ry"": 64}",0.0015359589597210288,0.005709000048227608,4.274997627362609e-05,8.166703628376126e-05,0.009369000035803765,0.0010329571012785456,29.85917714361182,0.6949043172393319
95b7b17e,2026-10-07T23:04:42.043501,NEU-DET,scratches,scratches_240.jpg,4x4,4,4,8,NEQR,1024,aer,12,4,8,122,82,54,"{""h"": 4, ""x"": 64, ""mcx"": 54}",0.001048583013471216,0.001972292026039213,2.6875000912696123e-05,2.4083012249320745e-05,0.003734625002834946,0.0,100.0,1.0
46f72a12,2026-10-07T23:04:42.066774,NEU-DET,scratches,scratches_25.jpg,4x4,4,4,8,FRQI,1024,aer,5,4,1,1092,705,384,"{""h"": 132, ""x"": 64, ""cx"": 384, ""tdg"": 192, ""t"": 256, ""ry"": 64}",0.0013976659975014627,0.00586758297868073,4.191702464595437e-05,8.129095658659935e-05,0.00927887501893565,0.0023542174220297462,26.281534306908235,0.5960082762622986
27e24426,2026-10-07T23:04:42.095909,NEU-DET,scratches,scratches_25.jpg,4x4,4,4,8,NEQR,1024,aer,12,4,8,136,96,68,"{""h"": 4, ""x"": 64, ""mcx"": 68}",0.0012545830104500055,0.0024681250215508044,3.258301876485348e-05,2.800003858283162e-05,0.004442959034349769,0.0,100.0,1.0
647fc3ea,2026-10-07T23:04:42.120822,NEU-DET,scratches,scratches_26.jpg,4x4,4,4,8,FRQI,1024,aer,5,4,1,1092,705,384,"{""h"": 132, ""x"": 64, ""cx"": 384, ""tdg"": 192, ""t"": 256, ""ry"": 64}",0.002679208992049098,0.006475166999734938,4.441599594429135e-05,9.004195453599095e-05,0.01164920802693814,0.0017714362695960496,27.51674467525349,0.82397229182698
3bbefed6,2026-10-07T23:04:42.152624,NEU-DET,scratches,scratches_26.jpg,4x4,4,4,8,NEQR,1024,aer,12,4,8,124,84,56,"{""h"": 4, ""x"": 64, ""mcx"": 56}",0.0010873329592868686,0.002315332996658981,2.887495793402195e-05,2.5834015104919672e-05,0.004067582951392978,0.0,100.0,1.0
42bd9e18,2026-10-07T23:04:42.176461,NEU-DET,scratches,scratches_27.jpg,4x4,4,4,8,FRQI,1024,aer,5,4,1,1092,705,384,"{""h"": 132, ""x"": 64, ""cx"": 384, ""tdg"": 192, ""t"": 256, ""ry"": 64}",0.0016394170233979821,0.006153374968562275,4.150002496317029e-05,8.104200242087245e-05,0.009821375017054379,0.0023543669588231603,26.28125845752766,0.7148310771942482
719a040f,2026-10-07T23:04:42.206282,NEU-DET,scratches,scratches_27.jpg,4x4,4,4,8,NEQR,1024,aer,12,4,8,135,95,67,"{""h"": 4, ""x"": 64, ""mcx"": 67}",0.0012249159626662731,0.0024284999817609787,2.6083027478307486e-05,2.2916006855666637e-05,0.004563416005112231,0.0,100.0,1.0
a4dfa147,2026-10-07T23:04:42.231032,NEU-DET,scratches,scratches_28.jpg,4x4,4,4,8,FRQI,1024,aer,5,4,1,1092,705,384,"{""h"": 132, ""x"": 64, ""cx"": 384, ""tdg"": 192, ""t"": 256, ""ry"": 64}",0.001414500002283603,0.005984792020171881,4.254200030118227e-05,8.166697807610035e-05,0.00932783301686868,0.0018023182177633905,27.4416852744262,0.8180635102417103
46c6941a,2026-10-07T23:04:42.260649,NEU-DET,scratches,scratches_28.jpg,4x4,4,4,8,NEQR,1024,aer,12,4,8,124,84,56,"{""h"": 4, ""x"": 64, ""mcx"": 56}",0.001080874993931502,0.0022398330038413405,2.7250032871961594e-05,2.5957997422665358e-05,0.004301957960706204,0.0,100.0,1.0
534346fe,2026-10-07T23:04:42.286536,NEU-DET,scratches,scratches_29.jpg,4x4,4,4,8,FRQI,1024,aer,5,4,1,1092,705,384,"{""h"": 132, ""x"": 64, ""cx"": 384, ""tdg"": 192, ""t"": 256, ""ry"": 64}",0.001413165999110788,0.0058267919812351465,3.97919793613255e-05,7.479096530005336e-05,0.009244000015314668,0.003403521517853274,24.68071499340153,0.5373578213550874
69a93f82,2026-10-07T23:04:42.316079,NEU-DET,scratches,scratches_29.jpg,4x4,4,4,8,NEQR,1024,aer,12,4,8,142,102,74,"{""h"": 4, ""x"": 64, ""mcx"": 74}",0.0014062500558793545,0.0023848339915275574,2.54589831456542e-05,2.362497616559267e-05,0.004504708980675787,0.0,100.0,1.0
22a3c123,2026-10-07T23:04:42.340571,NEU-DET,scratches,scratches_3.jpg,4x4,4,4,8,FRQI,1024,aer,5,4,1,1092,705,384,"{""h"": 132, ""x"": 64, ""cx"": 384, ""tdg"": 192, ""t"": 256, ""ry"": 64}",0.001418833970092237,0.006672333984170109,4.412501584738493e-05,8.13750084489584e-05,0.010101625055540353,0.0017458712345055681,27.579877905307292,0.5949969938549705
a981fc22,2026-10-07T23:04:42.371642,NEU-DET,scratches,scratches_3.jpg,4x4,4,4,8,NEQR,1024,aer,12,4,8,133,93,65,"{""h"": 4, ""x"": 64, ""mcx"": 65}",0.001216583012137562,0.0023824169766157866,2.8165988624095917e-05,2.4500011932104826e-05,0.0042819579830393195,0.0,100.0,1.0
2bc99c14,2026-10-07T23:04:42.398166,NEU-DET,scratches,scratches_30.jpg,4x4,4,4,8,FRQI,1024,aer,5,4,1,1092,705,384,"{""h"": 132, ""x"": 64, ""cx"": 384, ""tdg"": 192, ""t"": 256, ""ry"": 64}",0.0014787500258535147,0.006110957998316735,0.0001050839782692492,8.112500654533505e-05,0.00967720802873373,0.0026655241148793585,25.742173840781795,0.5290107573941516
ac98cee9,2026-10-07T23:04:42.428520,NEU-DET,scratches,scratches_30.jpg,4x4,4,4,8,NEQR,1024,aer,12,4,8,132,92,64,"{""h"": 4, ""x"": 64, ""mcx"": 64}",0.0011779170017689466,0.0026375409797765315,2.704199869185686e-05,2.4332955945283175e-05,0.0044835410080850124,0.0,100.0,1.0
36d360d7,2026-10-07T23:04:42.455238,NEU-DET,scratches,scratches_31.jpg,4x4,4,4,8,FRQI,1024,aer,5,4,1,1092,705,384,"{""h"": 132, ""x"": 64, ""cx"": 384, ""tdg"": 192, ""t"": 256, ""ry"": 64}",0.0015348330489359796,0.005791625007987022,3.9958045817911625e-05,7.54999928176403e-05,0.009291250025853515,0.0027399926212198114,25.622506067299163,0.5400002113191043
dd4baf6c,2026-10-07T23:04:42.484454,NEU-DET,scratches,scratches_31.jpg,4x4,4,4,8,NEQR,1024,aer,12,4,8,137,97,69,"{""h"": 4, ""x"": 64, ""mcx"": 69}",0.00125420797849074,0.002404416969511658,3.225001273676753e-05,2.6875000912696123e-05,0.004369416972622275,0.0,100.0,1.0
a0773172,2026-10-07T23:04:42.509961,NEU-DET,scratches,scratches_32.jpg,4x4,4,4,8,FRQI,1024,aer,5,4,1,1092,705,384,"{""h"": 132, ""x"": 64, ""cx"": 384, ""tdg"": 192, ""t"": 256, ""ry"": 64}",0.0014457919751293957,0.005772707983851433,4.3459003791213036e-05,7.800001185387373e-05,0.009193082980345935,0.001814418781733006,27.4126246721797,0.8210538972664398
d85fbed1,2026-10-07T23:04:42.538789,NEU-DET,scratches,scratches_32.jpg,4x4,4,4,8,NEQR,1024,aer,12,4,8,125,85,57,"{""h"": 4, ""x"": 64, ""mcx"": 57}",0.0010637909872457385,0.0021380410180427134,2.5457993615418673e-05,2.154102548956871e-05,0.003818208002485335,0.0,100.0,1.0
0aff0cff,2026-10-07T23:04:42.562103,NEU-DET,scratches,scratches_33.jpg,4x4,4,4,8,FRQI,1024,aer,5,4,1,1092,705,384,"{""h"": 132, ""x"": 64, ""cx"": 384, ""tdg"": 192, ""t"": 256, ""ry"": 64}",0.0013431250117719173,0.0059061250067316,4.195800283923745e-05,7.654097862541676e-05,0.009153333026915789,0.0031215009233152855,25.056365322718,0.6192692931619767
096d579f,2026-10-07T23:04:42.590864,NEU-DET,scratches,scratches_33.jpg,4x4,4,4,8,NEQR,1024,aer,12,4,8,128,88,60,"{""h"": 4, ""x"": 64, ""mcx"": 60}",0.0011056250077672303,0.002067083027213812,2.724997466430068e-05,2.479198155924678e-05,0.0038068750291131437,0.0,100.0,1.0
79b5e2e3,2026-10-07T23:04:42.614756,NEU-DET,scratches,scratches_34.jpg,4x4,4,4,8,FRQI,1024,aer,5,4,1,1092,705,384,"{""h"": 132, ""x"": 64, ""cx"": 384, ""tdg"": 192, ""t"": 256, ""ry"": 64}",0.0013835830031894147,0.005626041966024786,4.75000124424696e-05,8.099997648969293e-05,0.008984834013972431,0.0014080171669891887,28.513920501063886,0.8114067244928038
2e398de1,2026-10-07T23:04:42.643284,NEU-DET,scratches,scratches_34.jpg,4x4,4,4,8,NEQR,1024,aer,12,4,8,135,95,67,"{""h"": 4, ""x"": 64, ""mcx"": 67}",0.0014455419732257724,0.0025897499872371554,2.7875008527189493e-05,2.3709028027951717e-05,0.004718374984804541,0.0,100.0,1.0
49ef5aa1,2026-10-07T23:04:42.667522,NEU-DET,scratches,scratches_35.jpg,4x4,4,4,8,FRQI,1024,aer,5,4,1,1092,705,384,"{""h"": 132, ""x"": 64, ""cx"": 384, ""tdg"": 192, ""t"": 256, ""ry"": 64}",0.001317207992542535,0.005638082977384329,3.729201853275299e-05,7.124996045604348e-05,0.008812999993097037,0.0018880461729031727,27.23987389067684,0.797558497079407
5cd9c9b1,2026-10-07T23:04:42.695511,NEU-DET,scratches,scratches_35.jpg,4x4,4,4,8,NEQR,1024,aer,12,4,8,134,94,66,"{""h"": 4, ""x"": 64, ""mcx"": 66}",0.001219124998897314,0.0025344580062665045,2.5540997739881277e-05,2.354203024879098e-05,0.004422500031068921,0.0,100.0,1.0
ddf0edac,2026-10-07T23:04:42.719789,NEU-DET,scratches,scratches_36.jpg,4x4,4,4,8,FRQI,1024,aer,5,4,1,1092,705,384,"{""h"": 132, ""x"": 64, ""cx"": 384, ""tdg"": 192, ""t"": 256, ""ry"": 64}",0.001428999996278435,0.005741124972701073,4.112499300390482e-05,7.379200542345643e-05,0.009176167019177228,0.0022403930989480262,26.496757737525414,0.7859972529383931
8528b1e4,2026-10-07T23:04:42.748498,NEU-DET,scratches,scratches_36.jpg,4x4,4,4,8,NEQR,1024,aer,12,4,8,127,87,59,"{""h"": 4, ""x"": 64, ""mcx"": 59}",0.001118833024520427,0.0024907910265028477,2.7458008844405413e-05,2.358300844207406e-05,0.00425283401273191,0.0,100.0,1.0
22d728cd,2026-10-07T23:04:42.772063,NEU-DET,scratches,scratches_37.jpg,4x4,4,4,8,FRQI,1024,aer,5,4,1,1092,705,384,"{""h"": 132, ""x"": 64, ""cx"": 384, ""tdg"": 192, ""t"": 256, ""ry"": 64}",0.0013542500091716647,0.005883666977752,4.099996294826269e-05,8.483295096084476e-05,0.009128417004831135,0.0019163453035774274,27.175262332916105,0.4993319935884247
0e57fb43,2026-10-07T23:04:42.800695,NEU-DET,scratches,scratches_37.jpg,4x4,4,4,8,NEQR,1024,aer,12,4,8,131,91,63,"{""h"": 4, ""x"": 64, ""mcx"": 63}",0.0012567919911816716,0.0024290409637615085,2.4541979655623436e-05,2.0832987502217293e-05,0.004317874961998314,0.0,100.0,1.0
f501acc0,2026-10-07T23:04:42.824698,NEU-DET,scratches,scratches_38.jpg,4x4,4,4,8,FRQI,1024,aer,5,4,1,1092,705,384,"{""h"": 132, ""x"": 64, ""cx"": 384, ""tdg"": 192, ""t"": 256, ""ry"": 64}",0.0014104580041021109,0.006086207984481007,3.737496444955468e-05,7.18749943189323e-05,0.0094833750044927,0.00240481248911792,26.18918781292716,0.5967479933904788
17df7d0d,2026-10-07T23:04:42.853218,NEU-DET,scratches,scratches_38.jpg,4x4,4,4,8,NEQR,1024,aer,12,4,8,134,94,66,"{""h"": 4, ""x"": 64, ""mcx"": 66}",0.001123958034440875,0.0026000409852713346,2.5874993298202753e-05,2.0915991626679897e-05,0.00433724996400997,0.0,100.0,1.0
467f6a5b,2026-10-07T23:04:42.877042,NEU-DET,scratches,scratches_39.jpg,4x4,4,4,8,FRQI,1024,aer,5,4,1,1092,705,384,"{""h"": 132, ""x"": 64, ""cx"": 384, ""tdg"": 192, ""t"": 256, ""ry"": 64}",0.0016376670100726187,0.005925083009060472,4.312500823289156e-05,7.9624995123595e-05,0.009501208958681673,0.0027181871655138252,25.65720642470602,0.726495403716448
7907dd8d,2026-10-07T23:04:42.906733,NEU-DET,scratches,scratches_39.jpg,4x4,4,4,8,NEQR,1024,aer,12,4,8,134,94,66,"{""h"": 4, ""x"": 64, ""mcx"": 66}",0.0011938340030610561,0.002377833006903529,2.7582980692386627e-05,2.2625026758760214e-05,0.004226082994136959,0.0,100.0,1.0
c620a7b5,2026-10-07T23:04:42.931445,NEU-DET,scratches,scratches_4.jpg,4x4,4,4,8,FRQI,1024,aer,5,4,1,1092,705,384,"{""h"": 132, ""x"": 64, ""cx"": 384, ""tdg"": 192, ""t"": 256, ""ry"": 64}",0.0012935000122524798,0.005572583992034197,3.7958030588924885e-05,7.491698488593102e-05,0.008733333030249923,0.0029223530920665505,25.342673117857895,0.5787651689827945
67a924f3,2026-10-07T23:04:42.959849,NEU-DET,scratches,scratches_4.jpg,4x4,4,4,8,NEQR,1024,aer,12,4,8,129,89,61,"{""h"": 4, ""x"": 64, ""mcx"": 61}",0.0011226250207982957,0.0022358749993145466,2.4874985683709383e-05,2.13750172406435e-05,0.003980875015258789,0.0,100.0,1.0
42d68a7b,2026-10-07T23:04:42.984511,NEU-DET,scratches,scratches_40.jpg,4x4,4,4,8,FRQI,1024,aer,5,4,1,1092,705,384,"{""h"": 132, ""x"": 64, ""cx"": 384, ""tdg"": 192, ""t"": 256, ""ry"": 64}",0.0014083749847486615,0.005707208998501301,3.954203566536307e-05,7.24170240573585e-05,0.009106083016376942,0.0023687147480674024,26.254872359421952,0.5472629265778572
f3d4c4b1,2026-10-07T23:04:43.013212,NEU-DET,scratches,scratches_40.jpg,4x4,4,4,8,NEQR,1024,aer,12,4,8,135,95,67,"{""h"": 4, ""x"": 64, ""mcx"": 67}",0.0012028749915771186,0.0026940410025417805,2.7332978788763285e-05,2.2833992261439562e-05,0.004587208037264645,0.0,100.0,1.0
57415b60,2026-10-07T23:04:43.037559,NEU-DET,scratches,scratches_41.jpg,4x4,4,4,8,FRQI,1024,aer,5,4,1,1092,705,384,"{""h"": 132, ""x"": 64, ""cx"": 384, ""tdg"": 192, ""t"": 256, ""ry"": 64}",0.001447833958081901,0.005817333003506064,3.774999640882015e-05,7.345795165747404e-05,0.009305541985668242,0.0028222464084511796,25.494050709647848,0.7896586266227326
3d525ac9,2026-10-07T23:04:43.066509,NEU-DET,scratches,scratches_41.jpg,4x4,4,4,8,NEQR,1024,aer,12,4,8,136,96,68,"{""h"": 4, ""x"": 64, ""mcx"": 68}",0.0011587089975364506,0.002326624991837889,2.7958012651652098e-05,2.37500062212348e-05,0.00412829197011888,0.0,100.0,1.0
d3274201,2026-10-07T23:04:43.090213,NEU-DET,scratches,scratches_42.jpg,4x4,4,4,8,FRQI,1024,aer,5,4,1,1092,705,384,"{""h"": 132, ""x"": 64, ""cx"": 384, ""tdg"": 192, ""t"": 256, ""ry"": 64}",0.0013995419722050428,0.005711417004931718,4.108401481062174e-05,7.891602581366897e-05,0.00909029197646305,0.0024550328557388333,26.099426913330323,0.7385154672858933
46af5055,2026-10-07T23:04:43.119212,NEU-DET,scratches,scratches_42.jpg,4x4,4,4,8,NEQR,1024,aer,12,4,8,136,96,68,"{""h"": 4, ""x"": 64, ""mcx"": 68}",0.0012228339910507202,0.002403833030257374,2.7667032554745674e-05,2.2666004952043295e-05,0.004293082980439067,0.0,100.0,1.0
50fc98c7,2026-10-07T23:04:43.143099,NEU-DET,scratches,scratches_43.jpg,4x4,4,4,8,FRQI,1024,aer,5,4,1,1092,705,384,"{""h"": 132, ""x"": 64, ""cx"": 384, ""tdg"": 192, ""t"": 256, ""ry"": 64}",0.0016239999677054584,0.005727541982196271,3.987498348578811e-05,7.325003389269114e-05,0.009273957984987646,0.0029287624811398594,25.33315847612695,0.6694776671537184
7473a428,2026-10-07T23:04:43.172338,NEU-DET,scratches,scratches_43.jpg,4x4,4,4,8,NEQR,1024,aer,12,4,8,119,79,51,"{""h"": 4, ""x"": 64, ""mcx"": 51}",0.000976166978944093,0.001985958020668477,3.0333001632243395e-05,2.570805372670293e-05,0.0035844999947585166,0.0,100.0,1.0
ef314ac7,2026-10-07T23:04:43.195473,NEU-DET,scratches,scratches_44.jpg,4x4,4,4,8,FRQI,1024,aer,5,4,1,1092,705,384,"{""h"": 132, ""x"": 64, ""cx"": 384, ""tdg"": 192, ""t"": 256, ""ry"": 64}",0.0014549169573001564,0.005655791028402746,3.9000005926936865e-05,7.154204649850726e-05,0.009081709024030715,0.001967844608219165,27.06009198820025,0.7964114270134022
76ca317b,2026-10-07T23:04:43.223806,NEU-DET,scratches,scratches_44.jpg,4x4,4,4,8,NEQR,1024,aer,12,4,8,126,86,58,"{""h"": 4, ""x"": 64, ""mcx"": 58}",0.0010754590039141476,0.0020229999790899456,2.7708010748028755e-05,2.304196823388338e-05,0.0037176249898038805,0.0,100.0,1.0
e0956266,2026-10-07T23:04:43.247186,NEU-DET,scratches,scratches_45.jpg,4x4,4,4,8,FRQI,1024,aer,5,4,1,1092,705,384,"{""h"": 132, ""x"": 64, ""cx"": 384, ""tdg"": 192, ""t"": 256, ""ry"": 64}",0.0024623749777674675,0.005968958023004234,4.329101648181677e-05,8.420896483585238e-05,0.01049158297246322,0.002448860908827473,26.110358813694354,0.7494009795182812
438aa238,2026-10-07T23:04:43.279525,NEU-DET,scratches,scratches_45.jpg,4x4,4,4,8,NEQR,1024,aer,12,4,8,131,91,63,"{""h"": 4, ""x"": 64, ""mcx"": 63}",0.001137541956268251,0.0023778749746270478,3.0292023438960314e-05,2.5582965463399887e-05,0.0045233749551698565,0.0,100.0,1.0
e89d4b61,2026-10-07T23:04:43.304402,NEU-DET,scratches,scratches_46.jpg,4x4,4,4,8,FRQI,1024,aer,5,4,1,1092,705,384,"{""h"": 132, ""x"": 64, ""cx"": 384, ""tdg"": 192, ""t"": 256, ""ry"": 64}",0.0013630000175908208,0.005711417004931718,4.008301766589284e-05,7.483299123123288e-05,0.008963833039160818,0.0023013107430332855,26.38024735145827,0.2756935265970273
2337cf68,2026-10-07T23:04:43.333161,NEU-DET,scratches,scratches_46.jpg,4x4,4,4,8,NEQR,1024,aer,12,4,8,142,102,74,"{""h"": 4, ""x"": 64, ""mcx"": 74}",0.0012633330188691616,0.0025927909882739186,5.6541000958532095e-05,5.354202585294843e-05,0.004696624993812293,0.0,100.0,1.0
a9522517,2026-10-07T23:04:43.357242,NEU-DET,scratches,scratches_47.jpg,4x4,4,4,8,FRQI,1024,aer,5,4,1,1092,705,384,"{""h"": 132, ""x"": 64, ""cx"": 384, ""tdg"": 192, ""t"": 256, ""ry"": 64}",0.0013910410343669355,0.0059877919848077,4.4082989916205406e-05,7.754203397780657e-05,0.009276708005927503,0.0030900698408810466,25.10031704663685,0.8105638164628187
809cf334,2026-10-07T23:04:43.386376,NEU-DET,scratches,scratches_47.jpg,4x4,4,4,8,NEQR,1024,aer,12,4,8,131,91,63,"{""h"": 4, ""x"": 64, ""mcx"": 63}",0.0010741670266725123,0.0021127090440131724,2.6582973077893257e-05,2.2709020413458347e-05,0.0037971250130794942,0.0,100.0,1.0
7abacb6b,2026-10-07T23:04:43.410936,NEU-DET,scratches,scratches_48.jpg,4x4,4,4,8,FRQI,1024,aer,5,4,1,1092,705,384,"{""h"": 132, ""x"": 64, ""cx"": 384, ""tdg"": 192, ""t"": 256, ""ry"": 64}",0.001404792012181133,0.006596791965421289,4.537502536550164e-05,8.158403215929866e-05,0.010013166000135243,0.001494141665611661,28.256082233528623,0.7386904935291884
dbabb8b7,2026-10-07T23:04:43.440497,NEU-DET,scratches,scratches_48.jpg,4x4,4,4,8,NEQR,1024,aer,12,4,8,129,89,61,"{""h"": 4, ""x"": 64, ""mcx"": 61}",0.0010968329734168947,0.0022567090345546603,2.600002335384488e-05,2.1958956494927406e-05,0.003984415961895138,0.0,100.0,1.0
5d08aeb4,2026-10-07T23:04:43.464030,NEU-DET,scratches,scratches_49.jpg,4x4,4,4,8,FRQI,1024,aer,5,4,1,1092,705,384,"{""h"": 132, ""x"": 64, ""cx"": 384, ""tdg"": 192, ""t"": 256, ""ry"": 64}",0.001418125000782311,0.005686916992999613,3.8833997678011656e-05,7.48750171624124e-05,0.009096041962038726,0.0016955454255884448,27.70690570487412,0.8265487561339178
c7e15d93,2026-10-07T23:04:43.492744,NEU-DET,scratches,scratches_49.jpg,4x4,4,4,8,NEQR,1024,aer,12,4,8,124,84,56,"{""h"": 4, ""x"": 64, ""mcx"": 56}",0.0017085829749703407,0.002359375008381903,2.7125002816319466e-05,2.4292035959661007e-05,0.004674416966736317,0.0,100.0,1.0
b22379ed,2026-10-07T23:04:43.517823,NEU-DET,scratches,scratches_5.jpg,4x4,4,4,8,FRQI,1024,aer,5,4,1,1092,705,384,"{""h"": 132, ""x"": 64, ""cx"": 384, ""tdg"": 192, ""t"": 256, ""ry"": 64}",0.002464125049300492,0.005710874975193292,4.016596358269453e-05,7.666600868105888e-05,0.010312291036825627,0.0025691752096862024,25.902062772030206,0.6635869643687748
d7dba7aa,2026-10-07T23:04:43.547699,NEU-DET,scratches,scratches_5.jpg,4x4,4,4,8,NEQR,1024,aer,12,4,8,131,91,63,"{""h"": 4, ""x"": 64, ""mcx"": 63}",0.0011435830383561552,0.0021496660192497075,2.6083027478307486e-05,2.2249994799494743e-05,0.003927541023585945,0.0,100.0,1.0
c4f43c7f,2026-10-07T23:04:43.570758,NEU-DET,scratches,scratches_50.jpg,4x4,4,4,8,FRQI,1024,aer,5,4,1,1092,705,384,"{""h"": 132, ""x"": 64, ""cx"": 384, ""tdg"": 192, ""t"": 256, ""ry"": 64}",0.0014226250350475311,0.006186667014844716,3.812502836808562e-05,7.183302659541368e-05,0.00949570897500962,0.0025437151149575515,25.945315293954508,0.8972151110989366
c1d54fc6,2026-10-07T23:04:43.599572,NEU-DET,scratches,scratches_50.jpg,4x4,4,4,8,NEQR,1024,aer,12,4,8,133,93,65,"{""h"": 4, ""x"": 64, ""mcx"": 65}",0.0012034589890390635,0.0025961670326068997,2.6291003450751305e-05,2.3208034690469503e-05,0.0044607919990085065,0.0,100.0,1.0
dbbd7ebc,2026-10-07T23:04:43.624652,NEU-DET,scratches,scratches_51.jpg,4x4,4,4,8,FRQI,1024,aer,5,4,1,1092,705,384,"{""h"": 132, ""x"": 64, ""cx"": 384, ""tdg"": 192, ""t"": 256, ""ry"": 64}",0.0027012090431526303,0.005738542007748038,8.712499402463436e-05,0.0001462079817429185,0.01110662502469495,0.0025269550513355235,25.974024831020742,0.6600328883387543
092bc995,2026-10-07T23:04:43.657164,NEU-DET,scratches,scratches_51.jpg,4x4,4,4,8,NEQR,1024,aer,12,4,8,133,93,65,"{""h"": 4, ""x"": 64, ""mcx"": 65}",0.0011447920114733279,0.0025168749853037298,2.7542002499103546e-05,2.2625026758760214e-05,0.00432416598778218,0.0,100.0,1.0
ac61a221,2026-10-07T23:04:43.681479,NEU-DET,scratches,scratches_52.jpg,4x4,4,4,8,FRQI,1024,aer,5,4,1,1092,705,384,"{""h"": 132, ""x"": 64, ""cx"": 384, ""tdg"": 192, ""t"": 256, ""ry"": 64}",0.0017897079815156758,0.00568500004010275,4.033296136185527e-05,7.804197957739234e-05,0.009553874959237874,0.0016849915576866489,27.73402270732873,0.8034462237630534
c9442506,2026-10-07T23:04:43.710615,NEU-DET,scratches,scratches_52.jpg,4x4,4,4,8,NEQR,1024,aer,12,4,8,128,88,60,"{""h"": 4, ""x"": 64, ""mcx"": 60}",0.0011332090361975133,0.002617000020109117,2.583296736702323e-05,2.3957982193678617e-05,0.004397583019454032,0.0,100.0,1.0
1052ab34,2026-10-07T23:04:43.735801,NEU-DET,scratches,scratches_53.jpg,4x4,4,4,8,FRQI,1024,aer,5,4,1,1092,705,384,"{""h"": 132, ""x"": 64, ""cx"": 384, ""tdg"": 192, ""t"": 256, ""ry"": 64}",0.0014262500335462391,0.005771084048319608,3.970798570662737e-05,7.700000423938036e-05,0.009211500000674278,0.0012827050023474303,28.918732115780376,0.6659677109205521
65f8adcd,2026-10-07T23:04:43.764494,NEU-DET,scratches,scratches_53.jpg,4x4,4,4,8,NEQR,1024,aer,12,4,8,130,90,62,"{""h"": 4, ""x"": 64, ""mcx"": 62}",0.0011576659744605422,0.002706040977500379,2.6958005037158728e-05,2.3833010345697403e-05,0.004511124978307635,0.0,100.0,1.0
d1c14ea1,2026-10-07T23:04:43.788337,NEU-DET,scratches,scratches_54.jpg,4x4,4,4,8,FRQI,1024,aer,5,4,1,1092,705,384,"{""h"": 132, ""x"": 64, ""cx"": 384, ""tdg"": 192, ""t"": 256, ""ry"": 64}",0.0013441669871099293,0.005641916999593377,3.991700941696763e-05,7.629196625202894e-05,0.008881624962668866,0.00277083848516094,25.573887889228274,0.858653080044177
f21e6045,2026-10-07T23:04:43.817045,NEU-DET,scratches,scratches_54.jpg,4x4,4,4,8,NEQR,1024,aer,12,4,8,137,97,69,"{""h"": 4, ""x"": 64, ""mcx"": 69}",0.0012512500397861004,0.0026663330500014126,2.720800694078207e-05,2.2416003048419952e-05,0.004593416000716388,0.0,100.0,1.0
11860157,2026-10-07T23:04:43.842004,NEU-DET,scratches,scratches_55.jpg,4x4,4,4,8,FRQI,1024,aer,5,4,1,1092,705,384,"{""h"": 132, ""x"": 64, ""cx"": 384, ""tdg"": 192, ""t"": 256, ""ry"": 64}",0.001422832952812314,0.005917250004131347,3.920897142961621e-05,7.395795546472073e-05,0.009358166018500924,0.002434117727344704,26.136584207239775,0.8126572829583202
0b257bff,2026-10-07T23:04:43.871745,NEU-DET,scratches,scratches_55.jpg,4x4,4,4,8,NEQR,1024,aer,12,4,8,135,95,67,"{""h"": 4, ""x"": 64, ""mcx"": 67}",0.001385957992170006,0.0024997090222314,2.4374981876462698e-05,2.116599353030324e-05,0.004583749978337437,0.0,100.0,1.0
96a50aa8,2026-10-07T23:04:43.896814,NEU-DET,scratches,scratches_56.jpg,4x4,4,4,8,FRQI,1024,aer,5,4,1,1092,705,384,"{""h"": 132, ""x"": 64, ""cx"": 384, ""tdg"": 192, ""t"": 256, ""ry"": 64}",0.0014292080304585397,0.006277874985244125,7.995800115168095e-05,0.00014083401765674353,0.010003708011936396,0.0022603169734667587,26.4583065369562,0.6830501620276411
aae5c77c,2026-10-07T23:04:43.927551,NEU-DET,scratches,scratches_56.jpg,4x4,4,4,8,NEQR,1024,aer,12,4,8,127,87,59,"{""h"": 4, ""x"": 64, ""mcx"": 59}",0.001097917032893747,0.0024933749809861183,2.5333021767437458e-05,2.366595435887575e-05,0.004230084014125168,0.0,100.0,1.0
40dff1cd,2026-10-07T23:04:43.952895,NEU-DET,scratches,scratches_57.jpg,4x4,4,4,8,FRQI,1024,aer,5,4,1,1092,705,384,"{""h"": 132, ""x"": 64, ""cx"": 384, ""tdg"": 192, ""t"": 256, ""ry"": 64}",0.0015090840170159936,0.005941250012256205,4.091596929356456e-05,7.687497418373823e-05,0.009487834002356976,0.002108077201085446,26.761134886248254,0.8433875405810836
6aa0fb24,2026-10-07T23:04:43.982033,NEU-DET,scratches,scratches_57.jpg,4x4,4,4,8,NEQR,1024,aer,12,4,8,135,95,67,"{""h"": 4, ""x"": 64, ""mcx"": 67}",0.0022200419916771352,0.0022226250148378313,2.762500662356615e-05,2.274999860674143e-05,0.0054279169999063015,0.0,100.0,1.0
99d2fbe2,2026-10-07T23:04:44.008578,NEU-DET,scratches,scratches_58.jpg,4x4,4,4,8,FRQI,1024,aer,5,4,1,1092,705,384,"{""h"": 132, ""x"": 64, ""cx"": 384, ""tdg"": 192, ""t"": 256, ""ry"": 64}",0.0013505840324796736,0.005900457967072725,4.02920413762331e-05,7.71670020185411e-05,0.009139542002230883,0.0018046997242558791,27.435950480226573,0.8879577156888743
d8c6d6d8,2026-10-07T23:04:44.037957,NEU-DET,scratches,scratches_58.jpg,4x4,4,4,8,NEQR,1024,aer,12,4,8,133,93,65,"{""h"": 4, ""x"": 64, ""mcx"": 65}",0.0012870000209659338,0.00540891702985391,3.38749960064888e-05,3.100000321865082e-05,0.007421709015034139,0.0,100.0,1.0
3c69efbb,2026-10-07T23:04:44.068164,NEU-DET,scratches,scratches_59.jpg,4x4,4,4,8,FRQI,1024,aer,5,4,1,1092,705,384,"{""h"": 132, ""x"": 64, ""cx"": 384, ""tdg"": 192, ""t"": 256, ""ry"": 64}",0.002898167003877461,0.006061792024411261,4.191696643829346e-05,8.345796959474683e-05,0.010893625032622367,0.0017396124646766372,27.59547489187382,0.6303220142137469
a7cdce90,2026-10-07T23:04:44.099674,NEU-DET,scratches,scratches_59.jpg,4x4,4,4,8,NEQR,1024,aer,12,4,8,130,90,62,"{""h"": 4, ""x"": 64, ""mcx"": 62}",0.0011430419981479645,0.002812375023495406,3.091699909418821e-05,2.5875051505863667e-05,0.004629082977771759,0.0,100.0,1.0
978aff53,2026-10-07T23:04:44.125602,NEU-DET,scratches,scratches_6.jpg,4x4,4,4,8,FRQI,1024,aer,5,4,1,1092,705,384,"{""h"": 132, ""x"": 64, ""cx"": 384, ""tdg"": 192, ""t"": 256, ""ry"": 64}",0.0013876250013709068,0.006046042020898312,3.987498348578811e-05,7.683294825255871e-05,0.0094276670133695,0.0016720548253761221,27.767494864855475,0.9087561533115556
2b34c374,2026-10-07T23:04:44.155243,NEU-DET,scratches,scratches_6.jpg,4x4,4,4,8,NEQR,1024,aer,12,4,8,131,91,63,"{""h"": 4, ""x"": 64, ""mcx"": 63}",0.00216133298818022,0.002375125011894852,2.745899837464094e-05,2.3291970137506723e-05,0.005454749974887818,0.0,100.0,1.0
2d5d64c1,2026-10-07T23:04:44.180754,NEU-DET,scratches,scratches_60.jpg,4x4,4,4,8,FRQI,1024,aer,5,4,1,1092,705,384,"{""h"": 132, ""x"": 64, ""cx"": 384, ""tdg"": 192, ""t"": 256, ""ry"": 64}",0.0013872919953428209,0.006004625000059605,4.3208012357354164e-05,8.170801447704434e-05,0.009398250025697052,0.0021309043807911736,26.714360377688827,0.5942911870703226
49eff1ea,2026-10-07T23:04:44.209992,NEU-DET,scratches,scratches_60.jpg,4x4,4,4,8,NEQR,1024,aer,12,4,8,130,90,62,"{""h"": 4, ""x"": 64, ""mcx"": 62}",0.001151665986981243,0.002674124960321933,2.941599814221263e-05,2.500001573935151e-05,0.004503291973378509,0.0,100.0,1.0
c3cecc9f,2026-10-07T23:04:44.234514,NEU-DET,scratches,scratches_61.jpg,4x4,4,4,8,FRQI,1024,aer,5,4,1,1092,705,384,"{""h"": 132, ""x"": 64, ""cx"": 384, ""tdg"": 192, ""t"": 256, ""ry"": 64}",0.0014313330175355077,0.0057485830038785934,3.729102900251746e-05,7.775000995025039e-05,0.009188665950205177,0.002390359163328841,26.215368392474076,0.8948154540367197
0eeefaa5,2026-10-07T23:04:44.263974,NEU-DET,scratches,scratches_61.jpg,4x4,4,4,8,NEQR,1024,aer,12,4,8,145,105,77,"{""h"": 4, ""x"": 64, ""mcx"": 77}",0.0013749999925494194,0.003023000026587397,2.9749993700534105e-05,2.762500662356615e-05,0.0052191250142641366,0.0,100.0,1.0
7043a4a1,2026-10-07T23:04:44.289974,NEU-DET,scratches,scratches_62.jpg,4x4,4,4,8,FRQI,1024,aer,5,4,1,1092,705,384,"{""h"": 132, ""x"": 64, ""cx"": 384, ""tdg"": 192, ""t"": 256, ""ry"": 64}",0.001348750025499612,0.005999624961987138,4.1041988879442215e-05,8.129095658659935e-05,0.009264959022402763,0.0025865358614827676,25.872814958606938,0.8467260941244351
42e1a95e,2026-10-07T23:04:44.319186,NEU-DET,scratches,scratches_62.jpg,4x4,4,4,8,NEQR,1024,aer,12,4,8,129,89,61,"{""h"": 4, ""x"": 64, ""mcx"": 61}",0.0021328339935280383,0.0021707499981857836,2.579099964350462e-05,2.3500004317611456e-05,0.005250457965303212,0.0,100.0,1.0
cba49524,2026-10-07T23:04:44.344907,NEU-DET,scratches,scratches_63.jpg,4x4,4,4,8,FRQI,1024,aer,5,4,1,1092,705,384,"{""h"": 132, ""x"": 64, ""cx"": 384, ""tdg"": 192, ""t"": 256, ""ry"": 64}",0.0014427920104935765,0.005760749976616353,3.9166014175862074e-05,7.754104444757104e-05,0.009227167000062764,0.0025333459573935535,25.963054982759633,0.7659191252023824
fbba5221,2026-10-07T23:04:44.373934,NEU-DET,scratches,scratches_63.jpg,4x4,4,4,8,NEQR,1024,aer,12,4,8,129,89,61,"{""h"": 4, ""x"": 64, ""mcx"": 61}",0.001142708002589643,0.0024504580069333315,2.7999980375170708e-05,2.554204547777772e-05,0.004255583975464106,0.0,100.0,1.0
92dd5a15,2026-10-07T23:04:44.398084,NEU-DET,scratches,scratches_64.jpg,4x4,4,4,8,FRQI,1024,aer,5,4,1,1092,705,384,"{""h"": 132, ""x"": 64, ""cx"": 384, ""tdg"": 192, ""t"": 256, ""ry"": 64}",0.0014313330175355077,0.005876667040865868,4.3291947804391384e-05,7.995800115168095e-05,0.009248749993275851,0.0020463030818444186,26.890300416774416,0.9235272632603487
dce89098,2026-10-07T23:04:44.427549,NEU-DET,scratches,scratches_64.jpg,4x4,4,4,8,NEQR,1024,aer,12,4,8,122,82,54,"{""h"": 4, ""x"": 64, ""mcx"": 54}",0.001046457968186587,0.002338125021196902,2.8999987989664078e-05,2.6291992980986834e-05,0.00402079097693786,0.0,100.0,1.0
44110cbd,2026-10-07T23:04:44.451695,NEU-DET,scratches,scratches_65.jpg,4x4,4,4,8,FRQI,1024,aer,5,4,1,1092,705,384,"{""h"": 132, ""x"": 64, ""cx"": 384, ""tdg"": 192, ""t"": 256, ""ry"": 64}",0.0018042499432340264,0.005787916947156191,4.075001925230026e-05,8.345802780240774e-05,0.00998916698154062,0.0013351755707844974,28.744616223822458,0.6421556985968229
7dafea66,2026-10-07T23:04:44.482710,NEU-DET,scratches,scratches_65.jpg,4x4,4,4,8,NEQR,1024,aer,12,4,8,134,94,66,"{""h"": 4, ""x"": 64, ""mcx"": 66}",0.0023199580027721822,0.002659292018506676,3.2208976335823536e-05,2.6416964828968048e-05,0.006041957996785641,0.0,100.0,1.0
763e0c65,2026-10-07T23:04:44.509632,NEU-DET,scratches,scratches_66.jpg,4x4,4,4,8,FRQI,1024,aer,5,4,1,1092,705,384,"{""h"": 132, ""x"": 64, ""cx"": 384, ""tdg"": 192, ""t"": 256, ""ry"": 64}",0.0014650420052930713,0.005898082978092134,4.199997056275606e-05,7.729197386652231e-05,0.009396707988344133,0.00214438843355191,26.686965439472566,0.8457197340140616
250dd0b1,2026-10-07T23:04:44.539310,NEU-DET,scratches,scratches_66.jpg,4x4,4,4,8,NEQR,1024,aer,12,4,8,124,84,56,"{""h"": 4, ""x"": 64, ""mcx"": 56}",0.0010541669907979667,0.0023789579863660038,2.4749955628067255e-05,2.300000051036477e-05,0.004056291014421731,0.0,100.0,1.0
60c8b598,2026-10-07T23:04:44.563940,NEU-DET,scratches,scratches_67.jpg,4x4,4,4,8,FRQI,1024,aer,5,4,1,1092,705,384,"{""h"": 132, ""x"": 64, ""cx"": 384, ""tdg"": 192, ""t"": 256, ""ry"": 64}",0.0014323750510811806,0.007058124989271164,4.63749747723341e-05,9.058299474418163e-05,0.010548499994911253,0.002826388088862872,25.487682057996572,0.7831867984815607
2c8354cc,2026-10-07T23:04:44.597476,NEU-DET,scratches,scratches_67.jpg,4x4,4,4,8,NEQR,1024,aer,12,4,8,135,95,67,"{""h"": 4, ""x"": 64, ""mcx"": 67}",0.00124729098752141,0.0026276250137016177,2.8583977837115526e-05,2.6250025257468224e-05,0.004597917024511844,0.0,100.0,1.0
d31a7804,2026-10-07T23:04:44.625269,NEU-DET,scratches,scratches_68.jpg,4x4,4,4,8,FRQI,1024,aer,5,4,1,1092,705,384,"{""h"": 132, ""x"": 64, ""cx"": 384, ""tdg"": 192, ""t"": 256, ""ry"": 64}",0.0013969160499982536,0.0060449999873526394,5.500001134350896e-05,9.945803321897984e-05,0.009462708025239408,0.0021992418893075467,26.57727001010231,0.8578366321195522
69c0705a,2026-10-07T23:04:44.669384,NEU-DET,scratches,scratches_68.jpg,4x4,4,4,8,NEQR,1024,aer,12,4,8,131,91,63,"{""h"": 4, ""x"": 64, ""mcx"": 63}",0.0011512089986354113,0.0025132089504040778,3.0207971576601267e-05,2.9375019948929548e-05,0.004374874988570809,0.0,100.0,1.0
e92afedc,2026-10-07T23:04:44.695647,NEU-DET,scratches,scratches_69.jpg,4x4,4,4,8,FRQI,1024,aer,5,4,1,1092,705,384,"{""h"": 132, ""x"": 64, ""cx"": 384, ""tdg"": 192, ""t"": 256, ""ry"": 64}",0.0013425840297713876,0.006400624988600612,4.5249995309859514e-05,8.420803351327777e-05,0.00967120798304677,0.0022791947727459337,26.422185598067507,0.6008917184517076
0be73a3a,2026-10-07T23:04:44.726073,NEU-DET,scratches,scratches_69.jpg,4x4,4,4,8,NEQR,1024,aer,12,4,8,133,93,65,"{""h"": 4, ""x"": 64, ""mcx"": 65}",0.0012160830083303154,0.002415416995063424,2.7916976250708103e-05,2.566596958786249e-05,0.004337291000410914,0.0,100.0,1.0
2f833755,2026-10-07T23:04:44.750929,NEU-DET,scratches,scratches_7.jpg,4x4,4,4,8,FRQI,1024,aer,5,4,1,1092,705,384,"{""h"": 132, ""x"": 64, ""cx"": 384, ""tdg"": 192, ""t"": 256, ""ry"": 64}",0.0014664169866591692,0.0061687909765169024,4.549999721348286e-05,8.274998981505632e-05,0.009698416979517788,0.0020657945630326393,26.849128699303826,0.7402439737967098
2772fb86,2026-10-07T23:04:44.781394,NEU-DET,scratches,scratches_7.jpg,4x4,4,4,8,NEQR,1024,aer,12,4,8,128,88,60,"{""h"": 4, ""x"": 64, ""mcx"": 60}",0.0011636249837465584,0.002449040999636054,2.7875008527189493e-05,2.4084001779556274e-05,0.0043055410496890545,0.0,100.0,1.0
24be570a,2026-10-07T23:04:44.807782,NEU-DET,scratches,scratches_70.jpg,4x4,4,4,8,FRQI,1024,aer,5,4,1,1092,705,384,"{""h"": 132, ""x"": 64, ""cx"": 384, ""tdg"": 192, ""t"": 256, ""ry"": 64}",0.00147779198596254,0.0061489169602282345,4.499999340623617e-05,8.408300345763564e-05,0.009681166964583099,0.0021591488141211035,26.657174239351672,0.7380497636075454
5d6999e2,2026-10-07T23:04:44.837770,NEU-DET,scratches,scratches_70.jpg,4x4,4,4,8,NEQR,1024,aer,12,4,8,130,90,62,"{""h"": 4, ""x"": 64, ""mcx"": 62}",0.0011682079639285803,0.002650209004059434,3.63329891115427e-05,2.9582995921373367e-05,0.004541540984064341,0.0,100.0,1.0
7932fd50,2026-10-07T23:04:44.865926,NEU-DET,scratches,scratches_71.jpg,4x4,4,4,8,FRQI,1024,aer,5,4,1,1092,705,384,"{""h"": 132, ""x"": 64, ""cx"": 384, ""tdg"": 192, ""t"": 256, ""ry"": 64}",0.0013129999861121178,0.006132666952908039,4.3791020289063454e-05,8.241599425673485e-05,0.009351333021186292,0.0017554736534630216,27.55605684137388,0.7757429492961948
1c681569,2026-10-07T23:04:44.895445,NEU-DET,scratches,scratches_71.jpg,4x4,4,4,8,NEQR,1024,aer,12,4,8,136,96,68,"{""h"": 4, ""x"": 64, ""mcx"": 68}",0.0012596670421771705,0.002407875028438866,2.624996704980731e-05,2.3124972358345985e-05,0.004341292020399123,0.0,100.0,1.0
af265377,2026-10-07T23:04:44.920551,NEU-DET,scratches,scratches_72.jpg,4x4,4,4,8,FRQI,1024,aer,5,4,1,1092,705,384,"{""h"": 132, ""x"": 64, ""cx"": 384, ""tdg"": 192, ""t"": 256, ""ry"": 64}",0.0014063750277273357,0.006079582963138819,4.416599404066801e-05,8.062500273808837e-05,0.00948933302424848,0.001717242885952622,27.651682741059442,0.7029538106273983
8f12356a,2026-10-07T23:04:44.950019,NEU-DET,scratches,scratches_72.jpg,4x4,4,4,8,NEQR,1024,aer,12,4,8,134,94,66,"{""h"": 4, ""x"": 64, ""mcx"": 66}",0.00119554199045524,0.0025950830313377082,2.916704397648573e-05,2.4334003683179617e-05,0.004460541007574648,0.0,100.0,1.0
5b3abb61,2026-10-07T23:04:44.974572,NEU-DET,scratches,scratches_73.jpg,4x4,4,4,8,FRQI,1024,aer,5,4,1,1092,705,384,"{""h"": 132, ""x"": 64, ""cx"": 384, ""tdg"": 192, ""t"": 256, ""ry"": 64}",0.001382625021506101,0.00592345796758309,3.958400338888168e-05,8.037500083446503e-05,0.00919733295449987,0.0022569406861408198,26.46479854311795,0.6925692198628843
4bb70e77,2026-10-07T23:04:45.004632,NEU-DET,scratches,scratches_73.jpg,4x4,4,4,8,NEQR,1024,aer,12,4,8,126,86,58,"{""h"": 4, ""x"": 64, ""mcx"": 58}",0.0011291249538771808,0.002261207962874323,3.1167000997811556e-05,2.537504769861698e-05,0.0040705419960431755,0.0,100.0,1.0
9dc2a08e,2026-10-07T23:04:45.033056,NEU-DET,scratches,scratches_74.jpg,4x4,4,4,8,FRQI,1024,aer,5,4,1,1092,705,384,"{""h"": 132, ""x"": 64, ""cx"": 384, ""tdg"": 192, ""t"": 256, ""ry"": 64}",0.001969000033568591,0.005931083986070007,4.1457999031990767e-05,8.48339986987412e-05,0.009861583006568253,0.0017899372199041853,27.47162201158278,0.8310811055532781
4cd4ce8c,2026-10-07T23:04:45.070004,NEU-DET,scratches,scratches_74.jpg,4x4,4,4,8,NEQR,1024,aer,12,4,8,126,86,58,"{""h"": 4, ""x"": 64, ""mcx"": 58}",0.0014415840269066393,0.003449458978138864,6.933300755918026e-05,4.9291003961116076e-05,0.006266750046052039,0.0,100.0,1.0
1e6264b4,2026-10-07T23:04:45.106242,NEU-DET,scratches,scratches_75.jpg,4x4,4,4,8,FRQI,1024,aer,5,4,1,1092,705,384,"{""h"": 132, ""x"": 64, ""cx"": 384, ""tdg"": 192, ""t"": 256, ""ry"": 64}",0.0018541250028647482,0.006182582990732044,0.00010529201244935393,0.00015941698802635074,0.010508291015867144,0.001490135200091011,28.26774326225501,0.6521670637107253
b9d7512f,2026-10-07T23:04:45.137448,NEU-DET,scratches,scratches_75.jpg,4x4,4,4,8,NEQR,1024,aer,12,4,8,117,77,49,"{""h"": 4, ""x"": 64, ""mcx"": 49}",0.0009901249432004988,0.0028621249948628247,2.9041024390608072e-05,2.8915994334965944e-05,0.004515750042628497,0.0,100.0,1.0
e2f8ac93,2026-10-07T23:04:45.163958,NEU-DET,scratches,scratches_76.jpg,4x4,4,4,8,FRQI,1024,aer,5,4,1,1092,705,384,"{""h"": 132, ""x"": 64, ""cx"": 384, ""tdg"": 192, ""t"": 256, ""ry"": 64}",0.0014270410174503922,0.005723459005821496,4.016701132059097e-05,8.066702866926789e-05,0.00937458296539262,0.0019138290115014583,27.180968662867553,0.6815982365237467
f8073452,2026-10-07T23:04:45.195591,NEU-DET,scratches,scratches_76.jpg,4x4,4,4,8,NEQR,1024,aer,12,4,8,130,90,62,"{""h"": 4, ""x"": 64, ""mcx"": 62}",0.0011035000206902623,0.002261792018543929,6.46670232526958e-05,4.212500061839819e-05,0.004175291978754103,0.0,100.0,1.0
01a9e9b5,2026-10-07T23:04:45.222459,NEU-DET,scratches,scratches_77.jpg,4x4,4,4,8,FRQI,1024,aer,5,4,1,1092,705,384,"{""h"": 132, ""x"": 64, ""cx"": 384, ""tdg"": 192, ""t"": 256, ""ry"": 64}",0.0014382500085048378,0.005802041036076844,4.4249987695366144e-05,8.174998220056295e-05,0.009306082967668772,0.003048085203525774,25.159728972721034,0.6685932611005807
15d33645,2026-10-07T23:04:45.252476,NEU-DET,scratches,scratches_77.jpg,4x4,4,4,8,NEQR,1024,aer,12,4,8,137,97,69,"{""h"": 4, ""x"": 64, ""mcx"": 69}",0.0011975840316154063,0.002203333016950637,2.84170382656157e-05,2.4500011932104826e-05,0.004206957994028926,0.0,100.0,1.0
10fa80ac,2026-10-07T23:04:45.279114,NEU-DET,scratches,scratches_78.jpg,4x4,4,4,8,FRQI,1024,aer,5,4,1,1092,705,384,"{""h"": 132, ""x"": 64, ""cx"": 384, ""tdg"": 192, ""t"": 256, ""ry"": 64}",0.0014951250050216913,0.005875708011444658,4.6332948841154575e-05,9.374995715916157e-05,0.009371707972604781,0.0014168873090575121,28.486646896259863,0.8583749788129045
9df1aedc,2026-10-07T23:04:45.310068,NEU-DET,scratches,scratches_78.jpg,4x4,4,4,8,NEQR,1024,aer,12,4,8,127,87,59,"{""h"": 4, ""x"": 64, ""mcx"": 59}",0.0010480839991942048,0.0025114580057561398,3.112497506663203e-05,2.9082992114126682e-05,0.004237666027620435,0.0,100.0,1.0
6cd634c5,2026-10-07T23:04:45.336207,NEU-DET,scratches,scratches_79.jpg,4x4,4,4,8,FRQI,1024,aer,5,4,1,1092,705,384,"{""h"": 132, ""x"": 64, ""cx"": 384, ""tdg"": 192, ""t"": 256, ""ry"": 64}",0.0014496250078082085,0.006361750012729317,4.962499951943755e-05,8.945795707404613e-05,0.009876249998342246,0.001984096312752719,27.02437249983348,0.8204433909171659
8845501b,2026-10-07T23:04:45.366857,NEU-DET,scratches,scratches_79.jpg,4x4,4,4,8,NEQR,1024,aer,12,4,8,124,84,56,"{""h"": 4, ""x"": 64, ""mcx"": 56}",0.0010565000120550394,0.002420875011011958,2.9957969672977924e-05,2.7834030333906412e-05,0.00414400000590831,0.0,100.0,1.0
6c1a7699,2026-10-07T23:04:45.392567,NEU-DET,scratches,scratches_8.jpg,4x4,4,4,8,FRQI,1024,aer,5,4,1,1092,705,384,"{""h"": 132, ""x"": 64, ""cx"": 384, ""tdg"": 192, ""t"": 256, ""ry"": 64}",0.001469917013309896,0.006253750005271286,4.63749747723341e-05,8.966599125415087e-05,0.010218749986961484,0.002441594794392886,26.12326409662654,0.6045594206115958
d39e0f33,2026-10-07T23:04:45.427023,NEU-DET,scratches,scratches_8.jpg,4x4,4,4,8,NEQR,1024,aer,12,4,8,126,86,58,"{""h"": 4, ""x"": 64, ""mcx"": 58}",0.0011479170061647892,0.0031579999485984445,2.8875016141682863e-05,2.7958012651652098e-05,0.005024584010243416,0.0,100.0,1.0
8d6ae803,2026-10-07T23:04:45.455027,NEU-DET,scratches,scratches_80.jpg,4x4,4,4,8,FRQI,1024,aer,5,4,1,1092,705,384,"{""h"": 132, ""x"": 64, ""cx"": 384, ""tdg"": 192, ""t"": 256, ""ry"": 64}",0.0014368750271387398,0.006138416996691376,4.308403003960848e-05,8.408300345763564e-05,0.009638208022806793,0.003547991703377174,24.500174043932212,0.5589020784639176
693f1a2c,2026-10-07T23:04:45.485832,NEU-DET,scratches,scratches_80.jpg,4x4,4,4,8,NEQR,1024,aer,12,4,8,131,91,63,"{""h"": 4, ""x"": 64, ""mcx"": 63}",0.001196000026538968,0.00238695798907429,3.066699719056487e-05,2.658303128555417e-05,0.004286999988835305,0.0,100.0,1.0
17854011,2026-10-07T23:04:45.512448,NEU-DET,scratches,scratches_81.jpg,4x4,4,4,8,FRQI,1024,aer,5,4,1,1092,705,384,"{""h"": 132, ""x"": 64, ""cx"": 384, ""tdg"": 192, ""t"": 256, ""ry"": 64}",0.0014670839882455766,0.006897292041685432,4.716601688414812e-05,8.970900671556592e-05,0.010527750011533499,0.0016097121578214646,27.932517757978808,0.8236894521100498
055bf026,2026-10-07T23:04:45.567467,NEU-DET,scratches,scratches_81.jpg,4x4,4,4,8,NEQR,1024,aer,12,4,8,126,86,58,"{""h"": 4, ""x"": 64, ""mcx"": 58}",0.001972291967831552,0.0025090830167755485,3.554194699972868e-05,3.0082999728620052e-05,0.0052936249994672835,0.0,100.0,1.0
7c79299c,2026-10-07T23:04:45.596769,NEU-DET,scratches,scratches_82.jpg,4x4,4,4,8,FRQI,1024,aer,5,4,1,1092,705,384,"{""h"": 132, ""x"": 64, ""cx"": 384, ""tdg"": 192, ""t"": 256, ""ry"": 64}",0.0014769169501960278,0.006367084046360105,5.062500713393092e-05,9.620800847187638e-05,0.010687833011616021,0.0022138673775511353,26.548483992309517,0.5981896738188598
cd9441e3,2026-10-07T23:04:45.628780,NEU-DET,scratches,scratches_82.jpg,4x4,4,4,8,NEQR,1024,aer,12,4,8,129,89,61,"{""h"": 4, ""x"": 64, ""mcx"": 61}",0.001168375019915402,0.0025196250062435865,3.0499999411404133e-05,2.8082984499633312e-05,0.004412457987200469,0.0,100.0,1.0
b0457d9c,2026-10-07T23:04:45.655427,NEU-DET,scratches,scratches_83.jpg,4x4,4,4,8,FRQI,1024,aer,5,4,1,1092,705,384,"{""h"": 132, ""x"": 64, ""cx"": 384, ""tdg"": 192, ""t"": 256, ""ry"": 64}",0.0014597499975934625,0.0061497080023400486,4.454102599993348e-05,8.320796769112349e-05,0.009662375028710812,0.0022677124935452267,26.444120072666436,0.6280918845413599
a1d18479,2026-10-07T23:04:45.688895,NEU-DET,scratches,scratches_83.jpg,4x4,4,4,8,NEQR,1024,aer,12,4,8,132,92,64,"{""h"": 4, ""x"": 64, ""mcx"": 64}",0.002146499988157302,0.0032922080135904253,3.083300543949008e-05,2.924998989328742e-05,0.006462291989009827,0.0,100.0,1.0
1926a000,2026-10-07T23:04:45.717754,NEU-DET,scratches,scratches_84.jpg,4x4,4,4,8,FRQI,1024,aer,5,4,1,1092,705,384,"{""h"": 132, ""x"": 64, ""cx"": 384, ""tdg"": 192, ""t"": 256, ""ry"": 64}",0.0014724580105394125,0.006157124997116625,4.2041006963700056e-05,8.66670161485672e-05,0.009668958955444396,0.002655786447744853,25.758068495957037,0.6672147767738149
e7d412e5,2026-10-07T23:04:45.750043,NEU-DET,scratches,scratches_84.jpg,4x4,4,4,8,NEQR,1024,aer,12,4,8,130,90,62,"{""h"": 4, ""x"": 64, ""mcx"": 62}",0.0012423750013113022,0.0034331249771639705,3.4791999496519566e-05,2.9332994017750025e-05,0.005468667019158602,0.0,100.0,1.0
67a7a6d4,2026-10-07T23:04:45.777781,NEU-DET,scratches,scratches_85.jpg,4x4,4,4,8,FRQI,1024,aer,5,4,1,1092,705,384,"{""h"": 132, ""x"": 64, ""cx"": 384, ""tdg"": 192, ""t"": 256, ""ry"": 64}",0.0015008330228738487,0.006197665992658585,4.74589760415256e-05,8.637498831376433e-05,0.009760291024576873,0.001830265033957963,27.374860171268097,0.8140117190409283
f862ee7c,2026-10-07T23:04:45.813682,NEU-DET,scratches,scratches_85.jpg,4x4,4,4,8,NEQR,1024,aer,12,4,8,136,96,68,"{""h"": 4, ""x"": 64, ""mcx"": 68}",0.0012544160126708448,0.0023879999644123018,0.0002656250144354999,4.770804662257433e-05,0.004709750006441027,0.0,100.0,1.0
182fd3f7,2026-10-07T23:04:45.843242,NEU-DET,scratches,scratches_86.jpg,4x4,4,4,8,FRQI,1024,aer,5,4,1,1092,705,384,"{""h"": 132, ""x"": 64, ""cx"": 384, ""tdg"": 192, ""t"": 256, ""ry"": 64}",0.0014869999722577631,0.0062297090189531446,4.4832995627075434e-05,8.470902685075998e-05,0.009776582999620587,0.001746142122370324,27.579204110031668,0.8606953827829779
ed04a9d5,2026-10-07T23:04:45.874462,NEU-DET,scratches,scratches_86.jpg,4x4,4,4,8,NEQR,1024,aer,12,4,8,126,86,58,"{""h"": 4, ""x"": 64, ""mcx"": 58}",0.0011024579871445894,0.0020508329616859555,2.758402843028307e-05,2.6833033189177513e-05,0.0038391249836422503,0.0,100.0,1.0
ccc6feb5,2026-10-07T23:04:45.901344,NEU-DET,scratches,scratches_87.jpg,4x4,4,4,8,FRQI,1024,aer,5,4,1,1092,705,384,"{""h"": 132, ""x"": 64, ""cx"": 384, ""tdg"": 192, ""t"": 256, ""ry"": 64}",0.0014397079939953983,0.006171957997139543,4.716700641438365e-05,8.13750084489584e-05,0.00965012505184859,0.0013208493685323722,28.791467070980033,0.853402063081926
9dad00e7,2026-10-07T23:04:45.932364,NEU-DET,scratches,scratches_87.jpg,4x4,4,4,8,NEQR,1024,aer,12,4,8,126,86,58,"{""h"": 4, ""x"": 64, ""mcx"": 58}",0.0013123329845257103,0.0021840829867869616,3.15000070258975e-05,2.7375004719942808e-05,0.004192333028186113,0.0,100.0,1.0
559410d3,2026-10-07T23:04:45.958508,NEU-DET,scratches,scratches_88.jpg,4x4,4,4,8,FRQI,1024,aer,5,4,1,1092,705,384,"{""h"": 132, ""x"": 64, ""cx"": 384, ""tdg"": 192, ""t"": 256, ""ry"": 64}",0.0014406670234166086,0.006491250009275973,4.1457999031990767e-05,8.533301297575235e-05,0.010105374967679381,0.0019020171681553121,27.207855673137118,0.8206797516314772
b48b891d,2026-10-07T23:04:45.990544,NEU-DET,scratches,scratches_88.jpg,4x4,4,4,8,NEQR,1024,aer,12,4,8,133,93,65,"{""h"": 4, ""x"": 64, ""mcx"": 65}",0.0012126249494031072,0.002191875013522804,3.187498077750206e-05,2.6834022719413042e-05,0.0041086249984800816,0.0,100.0,1.0
01f20f79,2026-10-07T23:04:46.016905,NEU-DET,scratches,scratches_89.jpg,4x4,4,4,8,FRQI,1024,aer,5,4,1,1092,705,384,"{""h"": 132, ""x"": 64, ""cx"": 384, ""tdg"": 192, ""t"": 256, ""ry"": 64}",0.0020340420305728912,0.009983000054489821,8.50000069476664e-05,0.00015033397357910872,0.015082166995853186,0.00148438081098883,28.284546685347408,0.7727049306085452
424bda3a,2026-10-07T23:04:46.054437,NEU-DET,scratches,scratches_89.jpg,4x4,4,4,8,NEQR,1024,aer,12,4,8,126,86,58,"{""h"": 4, ""x"": 64, ""mcx"": 58}",0.0011226249625906348,0.002081249956972897,3.2416952308267355e-05,2.6958005037158728e-05,0.003924583026673645,0.0,100.0,1.0
402aa65d,2026-10-07T23:04:46.082233,NEU-DET,scratches,scratches_9.jpg,4x4,4,4,8,FRQI,1024,aer,5,4,1,1092,705,384,"{""h"": 132, ""x"": 64, ""cx"": 384, ""tdg"": 192, ""t"": 256, ""ry"": 64}",0.0017392499721609056,0.006078874983359128,4.7874986194074154e-05,8.604198228567839e-05,0.009881249978207052,0.0024054473931059707,26.188041366344642,0.7083871169053836
23f61680,2026-10-07T23:04:46.114245,NEU-DET,scratches,scratches_9.jpg,4x4,4,4,8,NEQR,1024,aer,12,4,8,136,96,68,"{""h"": 4, ""x"": 64, ""mcx"": 68}",0.0012659999774768949,0.0030129580409266055,2.8542010113596916e-05,2.7875008527189493e-05,0.005004082981031388,0.0,100.0,1.0
47ce4444,2026-10-07T23:04:46.140770,NEU-DET,scratches,scratches_90.jpg,4x4,4,4,8,FRQI,1024,aer,5,4,1,1092,705,384,"{""h"": 132, ""x"": 64, ""cx"": 384, ""tdg"": 192, ""t"": 256, ""ry"": 64}",0.0014541249838657677,0.006171333021484315,4.5082997530698776e-05,8.395797340199351e-05,0.009687457990366966,0.0020355782610812848,26.913121958135065,0.6560358022874103
cf8f44f6,2026-10-07T23:04:46.171859,NEU-DET,scratches,scratches_90.jpg,4x4,4,4,8,NEQR,1024,aer,12,4,8,127,87,59,"{""h"": 4, ""x"": 64, ""mcx"": 59}",0.0011114159715361893,0.0025749579654075205,2.9707967769354582e-05,2.8291018679738045e-05,0.004369499976746738,0.0,100.0,1.0
50e330b4,2026-10-07T23:04:46.200138,NEU-DET,scratches,scratches_91.jpg,4x4,4,4,8,FRQI,1024,aer,5,4,1,1092,705,384,"{""h"": 132, ""x"": 64, ""cx"": 384, ""tdg"": 192, ""t"": 256, ""ry"": 64}",0.0018173750140704215,0.006430374982301146,5.358300404623151e-05,0.00010354199912399054,0.010643708985298872,0.002173342547076483,26.628718178208747,0.7917330831658124
7a1abd26,2026-10-07T23:04:46.236777,NEU-DET,scratches,scratches_91.jpg,4x4,4,4,8,NEQR,1024,aer,12,4,8,134,94,66,"{""h"": 4, ""x"": 64, ""mcx"": 66}",0.00124074995983392,0.0026867910055443645,3.3292046282440424e-05,2.979201963171363e-05,0.00467225001193583,0.0,100.0,1.0
82842150,2026-10-07T23:04:46.266144,NEU-DET,scratches,scratches_92.jpg,4x4,4,4,8,FRQI,1024,aer,5,4,1,1092,705,384,"{""h"": 132, ""x"": 64, ""cx"": 384, ""tdg"": 192, ""t"": 256, ""ry"": 64}",0.0022180420346558094,0.008212540997192264,4.883401561528444e-05,9.200000204145908e-05,0.012806708982679993,0.002085804017261715,26.8072650042547,0.8482412736183563
5777e4f2,2026-10-07T23:04:46.301666,NEU-DET,scratches,scratches_92.jpg,4x4,4,4,8,NEQR,1024,aer,12,4,8,133,93,65,"{""h"": 4, ""x"": 64, ""mcx"": 65}",0.0013281250139698386,0.0027326669660396874,3.116601146757603e-05,2.675002906471491e-05,0.004824000003281981,0.0,100.0,1.0
338111f8,2026-10-07T23:04:46.329963,NEU-DET,scratches,scratches_93.jpg,4x4,4,4,8,FRQI,1024,aer,5,4,1,1092,705,384,"{""h"": 132, ""x"": 64, ""cx"": 384, ""tdg"": 192, ""t"": 256, ""ry"": 64}",0.0015852079959586263,0.0072475000051781535,5.4374977480620146e-05,9.758298983797431e-05,0.011108707985840738,0.002990189831034958,25.24301239784599,0.7881029165008044
4ba305b6,2026-10-07T23:04:46.363643,NEU-DET,scratches,scratches_93.jpg,4x4,4,4,8,NEQR,1024,aer,12,4,8,139,99,71,"{""h"": 4, ""x"": 64, ""mcx"": 71}",0.0014168749912641943,0.003969833021983504,3.1584000680595636e-05,2.6124995201826096e-05,0.0061634579906240106,0.0,100.0,1.0
fd8c9002,2026-10-07T23:04:46.393185,NEU-DET,scratches,scratches_94.jpg,4x4,4,4,8,FRQI,1024,aer,5,4,1,1092,705,384,"{""h"": 132, ""x"": 64, ""cx"": 384, ""tdg"": 192, ""t"": 256, ""ry"": 64}",0.001610624953173101,0.01748075004434213,5.758303450420499e-05,0.00010200001997873187,0.022940083988942206,0.002218883075583266,26.538655823857855,0.6297172376946333
a715a935,2026-10-07T23:04:46.464452,NEU-DET,scratches,scratches_94.jpg,4x4,4,4,8,NEQR,1024,aer,12,4,8,132,92,64,"{""h"": 4, ""x"": 64, ""mcx"": 64}",0.0014177080010995269,0.002941666985861957,3.32500203512609e-05,3.14170029014349e-05,0.00524570798734203,0.0,100.0,1.0
cc3df279,2026-10-07T23:04:46.493092,NEU-DET,scratches,scratches_95.jpg,4x4,4,4,8,FRQI,1024,aer,5,4,1,1092,705,384,"{""h"": 132, ""x"": 64, ""cx"": 384, ""tdg"": 192, ""t"": 256, ""ry"": 64}",0.0015821250271983445,0.006303999980445951,4.487502155825496e-05,8.579099085181952e-05,0.01011650002328679,0.002408719591225524,26.18213755033457,0.6872383905049531
f1d98638,2026-10-07T23:04:46.526710,NEU-DET,scratches,scratches_95.jpg,4x4,4,4,8,NEQR,1024,aer,12,4,8,133,93,65,"{""h"": 4, ""x"": 64, ""mcx"": 65}",0.0013353750109672546,0.00287033396307379,3.020802978426218e-05,2.866698196157813e-05,0.004974541021510959,0.0,100.0,1.0
e29b6bae,2026-10-07T23:04:46.556162,NEU-DET,scratches,scratches_96.jpg,4x4,4,4,8,FRQI,1024,aer,5,4,1,1092,705,384,"{""h"": 132, ""x"": 64, ""cx"": 384, ""tdg"": 192, ""t"": 256, ""ry"": 64}",0.0015917500131763518,0.006098874961026013,4.516699118539691e-05,8.366699330508709e-05,0.009892709029372782,0.001982697888520559,27.027434559127357,0.7623779324073523
442f0eda,2026-10-07T23:04:46.590747,NEU-DET,scratches,scratches_96.jpg,4x4,4,4,8,NEQR,1024,aer,12,4,8,130,90,62,"{""h"": 4, ""x"": 64, ""mcx"": 62}",0.0011620830046012998,0.002324459026567638,3.3791002351790667e-05,2.7959002181887627e-05,0.0041994170169346035,0.0,100.0,1.0
d265b4a0,2026-10-07T23:04:46.618579,NEU-DET,scratches,scratches_97.jpg,4x4,4,4,8,FRQI,1024,aer,5,4,1,1092,705,384,"{""h"": 132, ""x"": 64, ""cx"": 384, ""tdg"": 192, ""t"": 256, ""ry"": 64}",0.0026830420247279108,0.006738957948982716,5.1957962568849325e-05,9.604200022295117e-05,0.012540166964754462,0.002149096006284918,26.6774418289458,0.8475592801790788
58a34dc3,2026-10-07T23:04:46.653896,NEU-DET,scratches,scratches_97.jpg,4x4,4,4,8,NEQR,1024,aer,12,4,8,142,102,74,"{""h"": 4, ""x"": 64, ""mcx"": 74}",0.0013375410344451666,0.00280158402165398,3.4416967537254095e-05,2.7833040803670883e-05,0.004891624965239316,0.0,100.0,1.0
8c149c75,2026-10-07T23:04:46.683002,NEU-DET,scratches,scratches_98.jpg,4x4,4,4,8,FRQI,1024,aer,5,4,1,1092,705,384,"{""h"": 132, ""x"": 64, ""cx"": 384, ""tdg"": 192, ""t"": 256, ""ry"": 64}",0.0016021250048652291,0.006756082992069423,5.05829812027514e-05,9.658298222348094e-05,0.011603416001889855,0.002129090787944255,26.718058191335192,0.6503570035750948
84d14541,2026-10-07T23:04:46.720491,NEU-DET,scratches,scratches_98.jpg,4x4,4,4,8,NEQR,1024,aer,12,4,8,121,81,53,"{""h"": 4, ""x"": 64, ""mcx"": 53}",0.0018634999869391322,0.0021381250116974115,3.0542025342583656e-05,2.820900408551097e-05,0.004856457991991192,0.0,100.0,1.0
18a4ff7a,2026-10-07T23:04:46.749878,NEU-DET,scratches,scratches_99.jpg,4x4,4,4,8,FRQI,1024,aer,5,4,1,1092,705,384,"{""h"": 132, ""x"": 64, ""cx"": 384, ""tdg"": 192, ""t"": 256, ""ry"": 64}",0.0016305000171996653,0.007655667024664581,4.720798460766673e-05,9.054102702066302e-05,0.012675957987084985,0.002216486935453544,26.54334824200945,0.7632649233083695
7cd8e0b8,2026-10-07T23:04:46.787018,NEU-DET,scratches,scratches_99.jpg,4x4,4,4,8,NEQR,1024,aer,12,4,8,131,91,63,"{""h"": 4, ""x"": 64, ""mcx"": 63}",0.0021458329865708947,0.0025370410294272006,3.466597991064191e-05,3.0208961106836796e-05,0.005774416029453278,0.0,100.0,1.0
1a231268,2026-10-08T00:35:53.396456,NEU-DET,crazing,crazing_1.jpg,2x2,2,2,4,NEQR,1024,aer,6,2,4,18,14,8,"{""h"": 2, ""x"": 8, ""ccx"": 8}",0.00018387503223493695,0.0032021250226534903,1.8457998521625996e-05,1.704104943200946e-05,0.004296250001061708,0.0,100.0,1.0
27139196,2026-10-08T00:36:08.229954,NEU-DET,crazing,crazing_1.jpg,4x4,4,4,8,NEQR,1024,aer,12,4,8,136,96,68,"{""h"": 4, ""x"": 64, ""mcx"": 68}",0.0039206669898703694,0.006177125032991171,7.762503810226917e-05,6.408302579075098e-05,0.013486042036674917,0.0,100.0,1.0
