experiment_id,timestamp,dataset,defect_category,image_name,resolution,image_width,image_height,intensity_precision,representation,shots,simulator,qubits,n_position_qubits,n_color_or_intensity_qubits,gate_count,circuit_depth,controlled_gates,gate_types,encoding_time,simulation_time,measurement_time,reconstruction_time,total_time,mse,psnr,ssim
845eec92,2026-09-22T00:01:22.521918,NEU-DET,crazing,crazing_1.jpg,4x4,4,4,8,FRQI,1024,statevector,5,4,1,1092,705,384,"{""h"": 132, ""x"": 64, ""cx"": 384, ""tdg"": 192, ""t"": 256, ""ry"": 64}",0.0017755829903762,0.0075772919954033,0.0,4.237500252202153e-05,0.0117194999911589,1.2641804154957816e-30,100.0,0.9999999999999972
59de6765,2026-09-22T00:01:22.533669,NEU-DET,crazing,crazing_1.jpg,4x4,4,4,8,NEQR,1024,statevector,12,4,8,136,96,68,"{""h"": 4, ""x"": 64, ""mcx"": 68}",0.0010041250061476,0.0010289999918313,0.0,0.0002463749988237,0.00281887500023,0.0,100.0,1.0
5cfc9767,2026-09-22T00:01:22.537034,NEU-DET,crazing,crazing_10.jpg,4x4,4,4,8,FRQI,1024,statevector,5,4,1,1092,705,384,"{""h"": 132, ""x"": 64, ""cx"": 384, ""tdg"": 192, ""t"": 256, ""ry"": 64}",0.0010417499870527,0.0041450419957982,0.0,3.270799061283469e-05,0.0068055839947192,1.6083440965577807e-30,100.0,0.9999999999999916
17e68e14,2026-09-22T00:01:22.543865,NEU-DET,crazing,crazing_10.jpg,4x4,4,4,8,NEQR,1024,statevector,12,4,8,134,94,66,"{""h"": 4, ""x"": 64, ""mcx"": 66}",0.0008807919948594,0.001004958001431,0.0,0.0002315419988008,0.0026200410065939,0.0,100.0,1.0
b881a91b,2026-09-22T00:01:22.547036,NEU-DET,crazing,crazing_100.jpg,4x4,4,4,8,FRQI,1024,statevector,5,4,1,1092,705,384,"{""h"": 132, ""x"": 64, ""cx"": 384, ""tdg"": 192, ""t"": 256, ""ry"": 64}",0.0009752500045578,0.0045376250054687,0.0,3.458299033809453e-05,0.007167624993599,1.089691162534298e-30,100.0,1.0000000000000118
9a2bb47d,2026-09-22T00:01:22.554232,NEU-DET,crazing,crazing_100.jpg,4x4,4,4,8,NEQR,1024,statevector,12,4,8,134,94,66,"{""h"": 4, ""x"": 64, ""mcx"": 66}",0.001254417002201,0.0009791669872356,0.0,0.0002410409942967,0.0029773330024909,0.0,100.0,1.0
fe8a794b,2026-09-22T00:01:22.557810,NEU-DET,crazing,crazing_101.jpg,4x4,4,4,8,FRQI,1024,statevector,5,4,1,1092,705,384,"{""h"": 132, ""x"": 64, ""cx"": 384, ""tdg"": 192, ""t"": 256, ""ry"": 64}",0.0010032080026576,0.0043046249920735,0.0,3.2334006391465664e-05,0.006979208003031,1.5723292065977394e-30,100.0,1.00000000000002
9dfb43b1,2026-09-22T00:01:22.564816,NEU-DET,crazing,crazing_101.jpg,4x4,4,4,8,NEQR,1024,statevector,12,4,8,132,92,64,"{""h"": 4, ""x"": 64, ""mcx"": 64}",0.0008679169986862,0.0009930410014931,0.0,0.0002417500072624,0.0026632090011844,0.0,100.0,1.0
24fd50ee,2026-09-22T00:01:22.567979,NEU-DET,crazing,crazing_102.jpg,4x4,4,4,8,FRQI,1024,statevector,5,4,1,1092,705,384,"{""h"": 132, ""x"": 64, ""cx"": 384, ""tdg"": 192, ""t"": 256, ""ry"": 64}",0.0009533749980619,0.0041700000001583,0.0,5.3208001190796494e-05,0.0067726249981205,1.923522531956752e-30,100.0,1.0000000000000009
2bbc72b9,2026-09-22T00:01:22.574775,NEU-DET,crazing,crazing_102.jpg,4x4,4,4,8,NEQR,1024,statevector,12,4,8,127,87,59,"{""h"": 4, ""x"": 64, ""mcx"": 59}",0.0007877089956309,0.0010494999878574,0.0,0.0002368339919485,0.0025471249973634,0.0,100.0,1.0
7206e5e0,2026-09-22T00:01:22.577892,NEU-DET,crazing,crazing_103.jpg,4x4,4,4,8,FRQI,1024,statevector,5,4,1,1092,705,384,"{""h"": 132, ""x"": 64, ""cx"": 384, ""tdg"": 192, ""t"": 256, ""ry"": 64}",0.000989500011201,0.0043193749879719,0.0,3.112498961854726e-05,0.0069210000074235,1.2697656123345046e-30,100.0,0.9999999999999865
3942c0ef,2026-09-22T00:01:22.584840,NEU-DET,crazing,crazing_103.jpg,4x4,4,4,8,NEQR,1024,statevector,12,4,8,130,90,62,"{""h"": 4, ""x"": 64, ""mcx"": 62}",0.0008358329941984,0.000979542004643,0.0,0.0002368749992456,0.0025373750104336,0.0,100.0,1.0
90e81314,2026-09-22T00:01:22.587918,NEU-DET,crazing,crazing_104.jpg,4x4,4,4,8,FRQI,1024,statevector,5,4,1,1092,705,384,"{""h"": 132, ""x"": 64, ""cx"": 384, ""tdg"": 192, ""t"": 256, ""ry"": 64}",0.0010443749924888,0.0042009579919977,0.0,3.1207993743009865e-05,0.0071274170040851,2.3865642388360533e-30,100.0,0.9999999999999988
e6fbae9e,2026-09-22T00:01:22.595069,NEU-DET,crazing,crazing_104.jpg,4x4,4,4,8,NEQR,1024,statevector,12,4,8,133,93,65,"{""h"": 4, ""x"": 64, ""mcx"": 65}",0.0008461660036118,0.0009712499886518,0.0,0.0002419579977868,0.0025294170045526,0.0,100.0,1.0
acb62a2a,2026-09-22T00:01:22.598184,NEU-DET,crazing,crazing_105.jpg,4x4,4,4,8,FRQI,1024,statevector,5,4,1,1092,705,384,"{""h"": 132, ""x"": 64, ""cx"": 384, ""tdg"": 192, ""t"": 256, ""ry"": 64}",0.0010785829945234,0.0041190000047208,0.0,3.0333001632243395e-05,0.0068238329986343,1.5332328287266785e-30,100.0,0.9999999999999796
9829ce28,2026-09-22T00:01:22.605030,NEU-DET,crazing,crazing_105.jpg,4x4,4,4,8,NEQR,1024,statevector,12,4,8,134,94,66,"{""h"": 4, ""x"": 64, ""mcx"": 66}",0.0008442910038866,0.0009774169884622,0.0,0.0002510419872123,0.0025132919981842,0.0,100.0,1.0
5300e01b,2026-09-22T00:01:22.608072,NEU-DET,crazing,crazing_106.jpg,4x4,4,4,8,FRQI,1024,statevector,5,4,1,1092,705,384,"{""h"": 132, ""x"": 64, ""cx"": 384, ""tdg"": 192, ""t"": 256, ""ry"": 64}",0.0009599159966455,0.0041356250003445,0.0,2.9041999368928373e-05,0.0066813330049626,1.7401258530024773e-30,100.0,0.9999999999999912
04e53a3e,2026-09-22T00:01:22.614771,NEU-DET,crazing,crazing_106.jpg,4x4,4,4,8,NEQR,1024,statevector,12,4,8,134,94,66,"{""h"": 4, ""x"": 64, ""mcx"": 66}",0.0009222090011462,0.0010493750014575,0.0,0.0002402079990133,0.0026508339942665,0.0,100.0,1.0
feaef998,2026-09-22T00:01:22.617928,NEU-DET,crazing,crazing_107.jpg,4x4,4,4,8,FRQI,1024,statevector,5,4,1,1092,705,384,"{""h"": 132, ""x"": 64, ""cx"": 384, ""tdg"": 192, ""t"": 256, ""ry"": 64}",0.0010596249921945,0.004428749991348,0.0,3.937499423045665e-05,0.0070961660094326,1.52244762103811e-30,100.0,1.000000000000002
f3f100a2,2026-09-22T00:01:22.625047,NEU-DET,crazing,crazing_107.jpg,4x4,4,4,8,NEQR,1024,statevector,12,4,8,133,93,65,"{""h"": 4, ""x"": 64, ""mcx"": 65}",0.0008745830127736,0.0009989579993998,0.0,0.0002490000042598,0.0026552500057732,0.0,100.0,1.0
00e39963,2026-09-22T00:01:22.628269,NEU-DET,crazing,crazing_108.jpg,4x4,4,4,8,FRQI,1024,statevector,5,4,1,1092,705,384,"{""h"": 132, ""x"": 64, ""cx"": 384, ""tdg"": 192, ""t"": 256, ""ry"": 64}",0.000958749995334,0.0042157499992754,0.0,2.912498894147575e-05,0.0067707080015679,1.739114739781674e-30,100.0,0.9999999999999996
576aeb1d,2026-09-22T00:01:22.635060,NEU-DET,crazing,crazing_108.jpg,4x4,4,4,8,NEQR,1024,statevector,12,4,8,133,93,65,"{""h"": 4, ""x"": 64, ""mcx"": 65}",0.0008449169981759,0.0009597919997759,0.0,0.0002594999969005,0.0025257090019294,0.0,100.0,1.0
9ddcd093,2026-09-22T00:01:22.638123,NEU-DET,crazing,crazing_109.jpg,4x4,4,4,8,FRQI,1024,statevector,5,4,1,1092,705,384,"{""h"": 132, ""x"": 64, ""cx"": 384, ""tdg"": 192, ""t"": 256, ""ry"": 64}",0.0009387089958181,0.0042743329977383,0.0,3.125000512227416e-05,0.0068130409927107,1.4700623265507771e-30,100.0,1.0000000000000058
7f60d7ae,2026-09-22T00:01:22.644956,NEU-DET,crazing,crazing_109.jpg,4x4,4,4,8,NEQR,1024,statevector,12,4,8,121,81,53,"{""h"": 4, ""x"": 64, ""mcx"": 53}",0.000736791989766,0.0008364579989574,0.0,0.0002443330013193,0.0022545829997397,0.0,100.0,1.0
02e83386,2026-09-22T00:01:22.647739,NEU-DET,crazing,crazing_11.jpg,4x4,4,4,8,FRQI,1024,statevector,5,4,1,1092,705,384,"{""h"": 132, ""x"": 64, ""cx"": 384, ""tdg"": 192, ""t"": 256, ""ry"": 64}",0.0010506249964237,0.0043873340036952,0.0,3.0625000363215804e-05,0.0070694169990019,1.5931292499971215e-30,100.0,1.0000000000000326
4d030cb1,2026-09-22T00:01:22.654828,NEU-DET,crazing,crazing_11.jpg,4x4,4,4,8,NEQR,1024,statevector,12,4,8,136,96,68,"{""h"": 4, ""x"": 64, ""mcx"": 68}",0.0008834160107653,0.0009677080088295,0.0,0.0002418750082142,0.0026138749963138,0.0,100.0,1.0
7b4ce619,2026-09-22T00:01:22.657991,NEU-DET,crazing,crazing_110.jpg,4x4,4,4,8,FRQI,1024,statevector,5,4,1,1092,705,384,"{""h"": 132, ""x"": 64, ""cx"": 384, ""tdg"": 192, ""t"": 256, ""ry"": 64}",0.0010057500039692,0.0042662500054575,0.0,3.466599446255714e-05,0.0069337079912656,2.13051185272977e-30,100.0,0.9999999999999982
ada4d592,2026-09-22T00:01:22.664944,NEU-DET,crazing,crazing_110.jpg,4x4,4,4,8,NEQR,1024,statevector,12,4,8,130,90,62,"{""h"": 4, ""x"": 64, ""mcx"": 62}",0.0011919999960809,0.000948500004597,0.0,0.0002399579971097,0.0028909579996252,0.0,100.0,1.0
3110a283,2026-09-22T00:01:22.668432,NEU-DET,crazing,crazing_111.jpg,4x4,4,4,8,FRQI,1024,statevector,5,4,1,1092,705,384,"{""h"": 132, ""x"": 64, ""cx"": 384, ""tdg"": 192, ""t"": 256, ""ry"": 64}",0.0009866670006886,0.0042561250011203,0.0,3.470800584182143e-05,0.0068381669989321,2.3164122406117483e-30,100.0,0.999999999999999
f5259e1f,2026-09-22T00:01:22.675291,NEU-DET,crazing,crazing_111.jpg,4x4,4,4,8,NEQR,1024,statevector,12,4,8,134,94,66,"{""h"": 4, ""x"": 64, ""mcx"": 66}",0.0009470420045545,0.0009639999916544,0.0,0.0002323329972568,0.0026219999999739,0.0,100.0,1.0
05533e12,2026-09-22T00:01:22.678446,NEU-DET,crazing,crazing_112.jpg,4x4,4,4,8,FRQI,1024,statevector,5,4,1,1092,705,384,"{""h"": 132, ""x"": 64, ""cx"": 384, ""tdg"": 192, ""t"": 256, ""ry"": 64}",0.0009497919963905,0.0042322090012021,0.0,4.016599268652499e-05,0.0067844580044038,2.2986936851233857e-30,100.0,0.999999999999999
9e0802f2,2026-09-22T00:01:22.685248,NEU-DET,crazing,crazing_112.jpg,4x4,4,4,8,NEQR,1024,statevector,12,4,8,127,87,59,"{""h"": 4, ""x"": 64, ""mcx"": 59}",0.0009072909888345,0.0009244999964721,0.0,0.0002549999917391,0.0026756659935927,0.0,100.0,1.0
f3d4ab18,2026-09-22T00:01:22.688513,NEU-DET,crazing,crazing_113.jpg,4x4,4,4,8,FRQI,1024,statevector,5,4,1,1092,705,384,"{""h"": 132, ""x"": 64, ""cx"": 384, ""tdg"": 192, ""t"": 256, ""ry"": 64}",0.0009811249910853,0.004199167000479,0.0,3.012499655596912e-05,0.0067936660052509,1.272269321262208e-30,100.0,0.9999999999999868
b3ce4ecf,2026-09-22T00:01:22.695323,NEU-DET,crazing,crazing_113.jpg,4x4,4,4,8,NEQR,1024,statevector,12,4,8,124,84,56,"{""h"": 4, ""x"": 64, ""mcx"": 56}",0.000775499996962,0.0008708329987712,0.0,0.0002372079907217,0.0023326249938691,0.0,100.0,1.0
57998eac,2026-09-22T00:01:22.698209,NEU-DET,crazing,crazing_114.jpg,4x4,4,4,8,FRQI,1024,statevector,5,4,1,1092,705,384,"{""h"": 132, ""x"": 64, ""cx"": 384, ""tdg"": 192, ""t"": 256, ""ry"": 64}",0.0010345829941798,0.0043212500022491,0.0,3.274998744018376e-05,0.0070017079997342,1.4355881805462456e-30,100.0,1.00000000000001
eee8b714,2026-09-22T00:01:22.705236,NEU-DET,crazing,crazing_114.jpg,4x4,4,4,8,NEQR,1024,statevector,12,4,8,122,82,54,"{""h"": 4, ""x"": 64, ""mcx"": 54}",0.000739249997423,0.0008830419974401,0.0,0.0002353750023758,0.0023220829898491,0.0,100.0,1.0
077acc26,2026-09-22T00:01:22.708152,NEU-DET,crazing,crazing_115.jpg,4x4,4,4,8,FRQI,1024,statevector,5,4,1,1092,705,384,"{""h"": 132, ""x"": 64, ""cx"": 384, ""tdg"": 192, ""t"": 256, ""ry"": 64}",0.0009841249993769,0.0042122500017285,0.0,3.0499999411404133e-05,0.0068403339973883,1.4446400512848656e-30,100.0,1.00000000000002
ad5e9552,2026-09-22T00:01:22.715012,NEU-DET,crazing,crazing_115.jpg,4x4,4,4,8,NEQR,1024,statevector,12,4,8,124,84,56,"{""h"": 4, ""x"": 64, ""mcx"": 56}",0.0007712499937042,0.0009412090003024,0.0,0.0002467500016791,0.0023979999969014,0.0,100.0,1.0
c5205fff,2026-09-22T00:01:22.717950,NEU-DET,crazing,crazing_116.jpg,4x4,4,4,8,FRQI,1024,statevector,5,4,1,1092,705,384,"{""h"": 132, ""x"": 64, ""cx"": 384, ""tdg"": 192, ""t"": 256, ""ry"": 64}",0.0009600000048521,0.0043405830074334,0.0,3.458300489000976e-05,0.006880083004944,1.8204852799320347e-30,100.0,0.9999999999999984
70df568c,2026-09-22T00:01:22.724906,NEU-DET,crazing,crazing_116.jpg,4x4,4,4,8,NEQR,1024,statevector,12,4,8,125,85,57,"{""h"": 4, ""x"": 64, ""mcx"": 57}",0.000785000011092,0.0009277920034946,0.0,0.0002349169953959,0.0024651249987073,0.0,100.0,1.0
bc19e6e0,2026-09-22T00:01:22.727979,NEU-DET,crazing,crazing_117.jpg,4x4,4,4,8,FRQI,1024,statevector,5,4,1,1092,705,384,"{""h"": 132, ""x"": 64, ""cx"": 384, ""tdg"": 192, ""t"": 256, ""ry"": 64}",0.0009939580049831,0.0042279999906895,0.0,2.991700603161007e-05,0.0068424579949351,1.4685215825952672e-30,100.0,0.9999999999999842
86abeeae,2026-09-22T00:01:22.734846,NEU-DET,crazing,crazing_117.jpg,4x4,4,4,8,NEQR,1024,statevector,12,4,8,138,98,70,"{""h"": 4, ""x"": 64, ""mcx"": 70}",0.0008784170058788,0.0010096670011989,0.0,0.0002374169998802,0.0026240000006509,0.0,100.0,1.0
80fd3590,2026-09-22T00:01:22.738039,NEU-DET,crazing,crazing_118.jpg,4x4,4,4,8,FRQI,1024,statevector,5,4,1,1092,705,384,"{""h"": 132, ""x"": 64, ""cx"": 384, ""tdg"": 192, ""t"": 256, ""ry"": 64}",0.0009707919962238,0.0042181250028079,0.0,3.200001083314419e-05,0.0068036660086363,1.3491139260432589e-30,100.0,1.0000000000000164
e0dc5f77,2026-09-22T00:01:22.744860,NEU-DET,crazing,crazing_118.jpg,4x4,4,4,8,NEQR,1024,statevector,12,4,8,129,89,61,"{""h"": 4, ""x"": 64, ""mcx"": 61}",0.0010132919996976,0.0009226670081261,0.0,0.0002450830070301,0.0027005830052075,0.0,100.0,1.0
1ff0938a,2026-09-22T00:01:22.748158,NEU-DET,crazing,crazing_119.jpg,4x4,4,4,8,FRQI,1024,statevector,5,4,1,1092,705,384,"{""h"": 132, ""x"": 64, ""cx"": 384, ""tdg"": 192, ""t"": 256, ""ry"": 64}",0.001151332995505,0.0041222919971914,0.0,3.095800639130175e-05,0.0069127910101087,1.6593812400840424e-30,100.0,0.999999999999991
5b302709,2026-09-22T00:01:22.755087,NEU-DET,crazing,crazing_119.jpg,4x4,4,4,8,NEQR,1024,statevector,12,4,8,131,91,63,"{""h"": 4, ""x"": 64, ""mcx"": 63}",0.000804583003628,0.000951249996433,0.0,0.0002345829998375,0.0024236250028479,0.0,100.0,1.0
fde14b8a,2026-09-22T00:01:22.758054,NEU-DET,crazing,crazing_12.jpg,4x4,4,4,8,FRQI,1024,statevector,5,4,1,1092,705,384,"{""h"": 132, ""x"": 64, ""cx"": 384, ""tdg"": 192, ""t"": 256, ""ry"": 64}",0.0010187080042669,0.0041529580048518,0.0,2.891701296903193e-05,0.0068313749943627,1.2580174396737425e-30,100.0,1.0000000000000182
32939979,2026-09-22T00:01:22.764905,NEU-DET,crazing,crazing_12.jpg,4x4,4,4,8,NEQR,1024,statevector,12,4,8,137,97,69,"{""h"": 4, ""x"": 64, ""mcx"": 69}",0.0008754169975873,0.0010183339909417,0.0,0.0002397909993305,0.0025873330014292,0.0,100.0,1.0
d210358c,2026-09-22T00:01:22.768034,NEU-DET,crazing,crazing_120.jpg,4x4,4,4,8,FRQI,1024,statevector,5,4,1,1092,705,384,"{""h"": 132, ""x"": 64, ""cx"": 384, ""tdg"": 192, ""t"": 256, ""ry"": 64}",0.000963500002399,0.0041605830047046,0.0,3.508299414534122e-05,0.0067395000078249,9.076907827897044e-31,100.0,0.9999999999999908
6b94290f,2026-09-22T00:01:22.774795,NEU-DET,crazing,crazing_120.jpg,4x4,4,4,8,NEQR,1024,statevector,12,4,8,131,91,63,"{""h"": 4, ""x"": 64, ""mcx"": 63}",0.0009923750039888,0.0009691660088719,0.0,0.0002401670062681,0.0027365840069251,0.0,100.0,1.0
83324416,2026-09-22T00:01:22.778092,NEU-DET,crazing,crazing_121.jpg,4x4,4,4,8,FRQI,1024,statevector,5,4,1,1092,705,384,"{""h"": 132, ""x"": 64, ""cx"": 384, ""tdg"": 192, ""t"": 256, ""ry"": 64}",0.0009957500005839,0.0044593749917112,0.0,3.100000321865082e-05,0.0070784580020699,1.9027224885573697e-30,100.0,1.0000000000000044
8acd1f81,2026-09-22T00:01:22.785192,NEU-DET,crazing,crazing_121.jpg,4x4,4,4,8,NEQR,1024,statevector,12,4,8,138,98,70,"{""h"": 4, ""x"": 64, ""mcx"": 70}",0.0009104999917326,0.0009785409929463,0.0,0.0002367919951211,0.0026456249906914,0.0,100.0,1.0
7bb4f851,2026-09-22T00:01:22.788389,NEU-DET,crazing,crazing_122.jpg,4x4,4,4,8,FRQI,1024,statevector,5,4,1,1092,705,384,"{""h"": 132, ""x"": 64, ""cx"": 384, ""tdg"": 192, ""t"": 256, ""ry"": 64}",0.0010485420061741,0.0042570840014377,0.0,2.9207993065938354e-05,0.0069122499990044,9.660464601046377e-31,100.0,0.9999999999999858
da7c0c87,2026-09-22T00:01:22.795322,NEU-DET,crazing,crazing_122.jpg,4x4,4,4,8,NEQR,1024,statevector,12,4,8,127,87,59,"{""h"": 4, ""x"": 64, ""mcx"": 59}",0.000809333010693,0.0009832079958869,0.0,0.0002392079913988,0.0024601250042906,0.0,100.0,1.0
ead3eb98,2026-09-22T00:01:22.798321,NEU-DET,crazing,crazing_123.jpg,4x4,4,4,8,FRQI,1024,statevector,5,4,1,1092,705,384,"{""h"": 132, ""x"": 64, ""cx"": 384, ""tdg"": 192, ""t"": 256, ""ry"": 64}",0.0010036659950856,0.004206541008898,0.0,3.0458002584055063e-05,0.0067947499919682,1.754040696850675e-30,100.0,0.9999999999999948
dbe4afc8,2026-09-22T00:01:22.805134,NEU-DET,crazing,crazing_123.jpg,4x4,4,4,8,NEQR,1024,statevector,12,4,8,124,84,56,"{""h"": 4, ""x"": 64, ""mcx"": 56}",0.0007510420109611,0.0009291250025853,0.0,0.0002400829980615,0.0023972499911906,0.0,100.0,1.0
8dca91b4,2026-09-22T00:01:22.808104,NEU-DET,crazing,crazing_124.jpg,4x4,4,4,8,FRQI,1024,statevector,5,4,1,1092,705,384,"{""h"": 132, ""x"": 64, ""cx"": 384, ""tdg"": 192, ""t"": 256, ""ry"": 64}",0.0010381659958511,0.0041897500050254,0.0,2.95409990940243e-05,0.0068276670062914,1.172698743137388e-30,100.0,0.9999999999999618
3b077c3c,2026-09-22T00:01:22.814952,NEU-DET,crazing,crazing_124.jpg,4x4,4,4,8,NEQR,1024,statevector,12,4,8,126,86,58,"{""h"": 4, ""x"": 64, ""mcx"": 58}",0.0007792079995851,0.0009021670121001,0.0,0.0002541249996284,0.002351750008529,0.0,100.0,1.0
36e14d14,2026-09-22T00:01:22.817839,NEU-DET,crazing,crazing_125.jpg,4x4,4,4,8,FRQI,1024,statevector,5,4,1,1092,705,384,"{""h"": 132, ""x"": 64, ""cx"": 384, ""tdg"": 192, ""t"": 256, ""ry"": 64}",0.0010697079997044,0.0043632090091705,0.0,3.295800706837326e-05,0.0070191670092754,1.4117547974844536e-30,100.0,1.0000000000000029
ca4eb1dc,2026-09-22T00:01:22.824881,NEU-DET,crazing,crazing_125.jpg,4x4,4,4,8,NEQR,1024,statevector,12,4,8,127,87,59,"{""h"": 4, ""x"": 64, ""mcx"": 59}",0.0008756250026635,0.0009193750011036,0.0,0.0002355000033276,0.0025447090010857,0.0,100.0,1.0
16b2b339,2026-09-22T00:01:22.827977,NEU-DET,crazing,crazing_126.jpg,4x4,4,4,8,FRQI,1024,statevector,5,4,1,1092,705,384,"{""h"": 132, ""x"": 64, ""cx"": 384, ""tdg"": 192, ""t"": 256, ""ry"": 64}",0.0009425419993931,0.0041905000107362,0.0,2.8624999686144292e-05,0.0066909169981954,1.6848035153499543e-30,100.0,0.9999999999999908
1c850694,2026-09-22T00:01:22.834684,NEU-DET,crazing,crazing_126.jpg,4x4,4,4,8,NEQR,1024,statevector,12,4,8,133,93,65,"{""h"": 4, ""x"": 64, ""mcx"": 65}",0.0008345829992322,0.0009235409961547,0.0,0.000235083993175,0.0024547079956391,0.0,100.0,1.0
facc910d,2026-09-22T00:01:22.837663,NEU-DET,crazing,crazing_127.jpg,4x4,4,4,8,FRQI,1024,statevector,5,4,1,1092,705,384,"{""h"": 132, ""x"": 64, ""cx"": 384, ""tdg"": 192, ""t"": 256, ""ry"": 64}",0.0009483750036451,0.0042051659984281,0.0,3.154099977109581e-05,0.0067176659940741,2.0690265392552075e-30,100.0,0.9999999999999984
c556afd9,2026-09-22T00:01:22.844399,NEU-DET,crazing,crazing_127.jpg,4x4,4,4,8,NEQR,1024,statevector,12,4,8,126,86,58,"{""h"": 4, ""x"": 64, ""mcx"": 58}",0.0007840420003049,0.0008972079958766,0.0,0.0002364160027354,0.0023798340116627,0.0,100.0,1.0
27a63b7f,2026-09-22T00:01:22.847314,NEU-DET,crazing,crazing_128.jpg,4x4,4,4,8,FRQI,1024,statevector,5,4,1,1092,705,384,"{""h"": 132, ""x"": 64, ""cx"": 384, ""tdg"": 192, ""t"": 256, ""ry"": 64}",0.0010024590010289,0.0041524590051267,0.0,2.7875008527189493e-05,0.0067444580054143,1.5773366244531462e-30,100.0,0.999999999999996
a5db70b9,2026-09-22T00:01:22.854073,NEU-DET,crazing,crazing_128.jpg,4x4,4,4,8,NEQR,1024,statevector,12,4,8,127,87,59,"{""h"": 4, ""x"": 64, ""mcx"": 59}",0.0007650000043213,0.0008842079987516,0.0,0.0002375000040046,0.0023035000049276,0.0,100.0,1.0
86a84811,2026-09-22T00:01:22.856926,NEU-DET,crazing,crazing_129.jpg,4x4,4,4,8,FRQI,1024,statevector,5,4,1,1092,705,384,"{""h"": 132, ""x"": 64, ""cx"": 384, ""tdg"": 192, ""t"": 256, ""ry"": 64}",0.0010401670006103,0.0043526250083232,0.0,3.179200575686991e-05,0.0069767919922014,1.4517659920790984e-30,100.0,0.9999999999999948
b7a91377,2026-09-22T00:01:22.863921,NEU-DET,crazing,crazing_129.jpg,4x4,4,4,8,NEQR,1024,statevector,12,4,8,128,88,60,"{""h"": 4, ""x"": 64, ""mcx"": 60}",0.0007853330025682,0.0009934160043485,0.0,0.0002347090048715,0.0024510829971404,0.0,100.0,1.0
12b66e4a,2026-09-22T00:01:22.866912,NEU-DET,crazing,crazing_13.jpg,4x4,4,4,8,FRQI,1024,statevector,5,4,1,1092,705,384,"{""h"": 132, ""x"": 64, ""cx"": 384, ""tdg"": 192, ""t"": 256, ""ry"": 64}",0.0009839580015977,0.0041715420084074,0.0,2.8708003810606897e-05,0.0067302499955985,1.5946699939526313e-30,100.0,0.9999999999999716
563afe9d,2026-09-22T00:01:22.873657,NEU-DET,crazing,crazing_13.jpg,4x4,4,4,8,NEQR,1024,statevector,12,4,8,137,97,69,"{""h"": 4, ""x"": 64, ""mcx"": 69}",0.0010132089955732,0.0010131250019185,0.0,0.0002362500090384,0.0027397910016588,0.0,100.0,1.0
b1cb2006,2026-09-22T00:01:22.876919,NEU-DET,crazing,crazing_130.jpg,4x4,4,4,8,FRQI,1024,statevector,5,4,1,1092,705,384,"{""h"": 132, ""x"": 64, ""cx"": 384, ""tdg"": 192, ""t"": 256, ""ry"": 64}",0.0009499169973423,0.0041638749971752,0.0,2.8624999686144292e-05,0.0067166250082664,9.791427837264709e-31,100.0,1.0000000000000264
3b0ce3fa,2026-09-22T00:01:22.883655,NEU-DET,crazing,crazing_130.jpg,4x4,4,4,8,NEQR,1024,statevector,12,4,8,113,73,45,"{""h"": 4, ""x"": 64, ""mcx"": 45}",0.0006395830132532,0.0007972500025061,0.0,0.0002356250042794,0.0022267919994192,0.0,100.0,1.0
2e4b584d,2026-09-22T00:01:22.886391,NEU-DET,crazing,crazing_131.jpg,4x4,4,4,8,FRQI,1024,statevector,5,4,1,1092,705,384,"{""h"": 132, ""x"": 64, ""cx"": 384, ""tdg"": 192, ""t"": 256, ""ry"": 64}",0.0010219579999102,0.0043023750040447,0.0,3.0208000680431724e-05,0.0069683749898104,1.6763294235946497e-30,100.0,1.000000000000016
15844314,2026-09-22T00:01:22.893379,NEU-DET,crazing,crazing_131.jpg,4x4,4,4,8,NEQR,1024,statevector,12,4,8,123,83,55,"{""h"": 4, ""x"": 64, ""mcx"": 55}",0.0007420420006383,0.0008817079942673,0.0,0.0002427080034976,0.0022831249953014,0.0,100.0,1.0
c8980d9b,2026-09-22T00:01:22.896131,NEU-DET,crazing,crazing_132.jpg,4x4,4,4,8,FRQI,1024,statevector,5,4,1,1092,705,384,"{""h"": 132, ""x"": 64, ""cx"": 384, ""tdg"": 192, ""t"": 256, ""ry"": 64}",0.0010012079874286,0.0043156669999007,0.0,3.0417009838856757e-05,0.0069235419941833,9.860761315262648e-31,100.0,0.9999999999999676
660d4e8d,2026-09-22T00:01:22.903070,NEU-DET,crazing,crazing_132.jpg,4x4,4,4,8,NEQR,1024,statevector,12,4,8,128,88,60,"{""h"": 4, ""x"": 64, ""mcx"": 60}",0.0007985830015968,0.0009455830004299,0.0,0.0002389170113019,0.002436041002511,0.0,100.0,1.0
aa8e32e9,2026-09-22T00:01:22.906066,NEU-DET,crazing,crazing_133.jpg,4x4,4,4,8,FRQI,1024,statevector,5,4,1,1092,705,384,"{""h"": 132, ""x"": 64, ""cx"": 384, ""tdg"": 192, ""t"": 256, ""ry"": 64}",0.0009745420102262,0.0044504169927677,0.0,2.9709000955335796e-05,0.0070656250027241,1.5476773033095827e-30,100.0,0.999999999999986
deb23069,2026-09-22T00:01:22.913151,NEU-DET,crazing,crazing_133.jpg,4x4,4,4,8,NEQR,1024,statevector,12,4,8,125,85,57,"{""h"": 4, ""x"": 64, ""mcx"": 57}",0.0007635410001967,0.0008751249988563,0.0,0.0002444999990984,0.0023190420033643,0.0,100.0,1.0
ed778fe9,2026-09-22T00:01:22.915995,NEU-DET,crazing,crazing_134.jpg,4x4,4,4,8,FRQI,1024,statevector,5,4,1,1092,705,384,"{""h"": 132, ""x"": 64, ""cx"": 384, ""tdg"": 192, ""t"": 256, ""ry"": 64}",0.0009756670042406,0.0041322500037495,0.0,2.9708011425100267e-05,0.0066910830064443,1.1355282952107144e-30,100.0,1.000000000000079
a80b69de,2026-09-22T00:01:22.922700,NEU-DET,crazing,crazing_134.jpg,4x4,4,4,8,NEQR,1024,statevector,12,4,8,126,86,58,"{""h"": 4, ""x"": 64, ""mcx"": 58}",0.0007680420094402,0.0009188749972963,0.0,0.0002433339977869,0.0024968340003397,0.0,100.0,1.0
cc962aa9,2026-09-22T00:01:22.925764,NEU-DET,crazing,crazing_135.jpg,4x4,4,4,8,FRQI,1024,statevector,5,4,1,1092,705,384,"{""h"": 132, ""x"": 64, ""cx"": 384, ""tdg"": 192, ""t"": 256, ""ry"": 64}",0.0010120000079041,0.0041694590036058,0.0,2.97920050797984e-05,0.0067621249909279,1.2849804588951638e-30,100.0,0.9999999999999978
bf60f3cb,2026-09-22T00:01:22.932544,NEU-DET,crazing,crazing_135.jpg,4x4,4,4,8,NEQR,1024,statevector,12,4,8,128,88,60,"{""h"": 4, ""x"": 64, ""mcx"": 60}",0.0007938339986139,0.0009328750020358,0.0,0.0002397079952061,0.0023954579955898,0.0,100.0,1.0
b1df76c6,2026-09-22T00:01:22.935461,NEU-DET,crazing,crazing_136.jpg,4x4,4,4,8,FRQI,1024,statevector,5,4,1,1092,705,384,"{""h"": 132, ""x"": 64, ""cx"": 384, ""tdg"": 192, ""t"": 256, ""ry"": 64}",0.0010320419969502,0.0042327500123064,0.0,3.024999750778079e-05,0.0068870410032104,1.6813368414500573e-30,100.0,1.0000000000000089
a010a073,2026-09-22T00:01:22.942368,NEU-DET,crazing,crazing_136.jpg,4x4,4,4,8,NEQR,1024,statevector,12,4,8,130,90,62,"{""h"": 4, ""x"": 64, ""mcx"": 62}",0.0008252499974332,0.0009147500095423,0.0,0.000235709012486,0.002427749990602,0.0,100.0,1.0
4bc5772e,2026-09-22T00:01:22.945328,NEU-DET,crazing,crazing_137.jpg,4x4,4,4,8,FRQI,1024,statevector,5,4,1,1092,705,384,"{""h"": 132, ""x"": 64, ""cx"": 384, ""tdg"": 192, ""t"": 256, ""ry"": 64}",0.0012465839972719,0.0042736659961519,0.0,3.620800271164626e-05,0.0071984579990385,1.1626839074265745e-30,100.0,0.9999999999999982
386fc303,2026-09-22T00:01:22.952553,NEU-DET,crazing,crazing_137.jpg,4x4,4,4,8,NEQR,1024,statevector,12,4,8,136,96,68,"{""h"": 4, ""x"": 64, ""mcx"": 68}",0.0009138340101344,0.0009801250125747,0.0,0.0002391250018263,0.002622958010761,0.0,100.0,1.0
087d7717,2026-09-22T00:01:22.955748,NEU-DET,crazing,crazing_138.jpg,4x4,4,4,8,FRQI,1024,statevector,5,4,1,1092,705,384,"{""h"": 132, ""x"": 64, ""cx"": 384, ""tdg"": 192, ""t"": 256, ""ry"": 64}",0.0010528340062592,0.004166915998212,0.0,2.9625007300637662e-05,0.0068100839998805,1.5095438904107156e-30,100.0,0.9999999999999988
231d6e1e,2026-09-22T00:01:22.962578,NEU-DET,crazing,crazing_138.jpg,4x4,4,4,8,NEQR,1024,statevector,12,4,8,131,91,63,"{""h"": 4, ""x"": 64, ""mcx"": 63}",0.0008722090133232,0.0009696669876575,0.0,0.0002367080014664,0.002541417008615,0.0,100.0,1.0
2ce6e001,2026-09-22T00:01:22.965662,NEU-DET,crazing,crazing_139.jpg,4x4,4,4,8,FRQI,1024,statevector,5,4,1,1092,705,384,"{""h"": 132, ""x"": 64, ""cx"": 384, ""tdg"": 192, ""t"": 256, ""ry"": 64}",0.0009626670071156,0.0041276249976363,0.0,2.9417002224363387e-05,0.0066949580068467,1.4704475125396546e-30,100.0,1.000000000000002
8bf943c8,2026-09-22T00:01:22.972373,NEU-DET,crazing,crazing_139.jpg,4x4,4,4,8,NEQR,1024,statevector,12,4,8,125,85,57,"{""h"": 4, ""x"": 64, ""mcx"": 57}",0.0009660840005381,0.0009812500065891,0.0,0.0002401249948889,0.002763500000583,0.0,100.0,1.0
402b2988,2026-09-22T00:01:22.975669,NEU-DET,crazing,crazing_14.jpg,4x4,4,4,8,FRQI,1024,statevector,5,4,1,1092,705,384,"{""h"": 132, ""x"": 64, ""cx"": 384, ""tdg"": 192, ""t"": 256, ""ry"": 64}",0.0010006669908761,0.0042400000093039,0.0,3.079100861214101e-05,0.0068392910034162,1.6166255953186458e-30,100.0,1.0000000000000024
9fab57f7,2026-09-22T00:01:22.982526,NEU-DET,crazing,crazing_14.jpg,4x4,4,4,8,NEQR,1024,statevector,12,4,8,139,99,71,"{""h"": 4, ""x"": 64, ""mcx"": 71}",0.0009305409912485,0.0009928329964168,0.0,0.0002472079941071,0.0026692499959608,0.0,100.0,1.0
f5378391,2026-09-22T00:01:22.985739,NEU-DET,crazing,crazing_140.jpg,4x4,4,4,8,FRQI,1024,statevector,5,4,1,1092,705,384,"{""h"": 132, ""x"": 64, ""cx"": 384, ""tdg"": 192, ""t"": 256, ""ry"": 64}",0.0010037499887403,0.0042922079883283,0.0,2.8624999686144292e-05,0.0068986249971203,1.5294291170865137e-30,100.0,1.0000000000000009
87809384,2026-09-22T00:01:22.992656,NEU-DET,crazing,crazing_140.jpg,4x4,4,4,8,NEQR,1024,statevector,12,4,8,128,88,60,"{""h"": 4, ""x"": 64, ""mcx"": 60}",0.0007837919984012,0.0009582909988239,0.0,0.0002360829967074,0.0024132499966071,0.0,100.0,1.0
6b0adebd,2026-09-22T00:01:22.995613,NEU-DET,crazing,crazing_141.jpg,4x4,4,4,8,FRQI,1024,statevector,5,4,1,1092,705,384,"{""h"": 132, ""x"": 64, ""cx"": 384, ""tdg"": 192, ""t"": 256, ""ry"": 64}",0.0010130830050911,0.0041605830047046,0.0,2.808398858178407e-05,0.0067364999995334,1.1596024195155549e-30,100.0,0.999999999999983
bf39df59,2026-09-22T00:01:23.002365,NEU-DET,crazing,crazing_141.jpg,4x4,4,4,8,NEQR,1024,statevector,12,4,8,123,83,55,"{""h"": 4, ""x"": 64, ""mcx"": 55}",0.00083654098853,0.0009065839985851,0.0,0.000239999993937,0.0024652499996591,0.0,100.0,1.0
d6f0165f,2026-09-22T00:01:23.005324,NEU-DET,crazing,crazing_142.jpg,4x4,4,4,8,FRQI,1024,statevector,5,4,1,1092,705,384,"{""h"": 132, ""x"": 64, ""cx"": 384, ""tdg"": 192, ""t"": 256, ""ry"": 64}",0.0009988749952754,0.0041544999985489,0.0,3.120899782516062e-05,0.0067412919888738,1.5445958153985632e-30,100.0,0.9999999999999996
3f4cdf09,2026-09-22T00:01:23.012089,NEU-DET,crazing,crazing_142.jpg,4x4,4,4,8,NEQR,1024,statevector,12,4,8,135,95,67,"{""h"": 4, ""x"": 64, ""mcx"": 67}",0.0008789999992586,0.0009733330080052,0.0,0.0002350840077269,0.0025427079963264,0.0,100.0,1.0
55a04255,2026-09-22T00:01:23.015188,NEU-DET,crazing,crazing_143.jpg,4x4,4,4,8,FRQI,1024,statevector,5,4,1,1092,705,384,"{""h"": 132, ""x"": 64, ""cx"": 384, ""tdg"": 192, ""t"": 256, ""ry"": 64}",0.0010384999914094,0.004201791001833,0.0,3.1333998776972294e-05,0.0068204169947421,1.8126852636572664e-30,100.0,1.0000000000000668
9b8d6114,2026-09-22T00:01:23.022030,NEU-DET,crazing,crazing_143.jpg,4x4,4,4,8,NEQR,1024,statevector,12,4,8,117,77,49,"{""h"": 4, ""x"": 64, ""mcx"": 49}",0.0120791660010581,0.0008447500003967,0.0,0.0002292500139446,0.0135877919965423,0.0,100.0,1.0
044bd2ab,2026-09-22T00:01:23.036309,NEU-DET,crazing,crazing_144.jpg,4x4,4,4,8,FRQI,1024,statevector,5,4,1,1092,705,384,"{""h"": 132, ""x"": 64, ""cx"": 384, ""tdg"": 192, ""t"": 256, ""ry"": 64}",0.0009880829893518,0.0042657919984776,0.0,3.241699596401304e-05,0.0069186670007184,1.1690394762430522e-30,100.0,0.9999999999999756
21b21db2,2026-09-22T00:01:23.043251,NEU-DET,crazing,crazing_144.jpg,4x4,4,4,8,NEQR,1024,statevector,12,4,8,120,80,52,"{""h"": 4, ""x"": 64, ""mcx"": 52}",0.0007135829946491,0.000861459004227,0.0,0.0002359589998377,0.0022660829999949,0.0,100.0,1.0
4c73f12d,2026-09-22T00:01:23.046104,NEU-DET,crazing,crazing_145.jpg,4x4,4,4,8,FRQI,1024,statevector,5,4,1,1092,705,384,"{""h"": 132, ""x"": 64, ""cx"": 384, ""tdg"": 192, ""t"": 256, ""ry"": 64}",0.0010222499986412,0.004172875007498,0.0,3.0625000363215804e-05,0.0068815830018138,1.0205502775307965e-30,100.0,0.9999999999999992
b62db220,2026-09-22T00:01:23.053006,NEU-DET,crazing,crazing_145.jpg,4x4,4,4,8,NEQR,1024,statevector,12,4,8,122,82,54,"{""h"": 4, ""x"": 64, ""mcx"": 54}",0.0007369160011876,0.0008713330025784,0.0,0.0002611249947221,0.0023440420045517,0.0,100.0,1.0
4ab4b416,2026-09-22T00:01:23.055892,NEU-DET,crazing,crazing_146.jpg,4x4,4,4,8,FRQI,1024,statevector,5,4,1,1092,705,384,"{""h"": 132, ""x"": 64, ""cx"": 384, ""tdg"": 192, ""t"": 256, ""ry"": 64}",0.0010221659904345,0.0041967500001192,0.0,3.195799945387989e-05,0.007011625013547,1.1534394436935156e-30,100.0,0.9999999999999724
b6796714,2026-09-22T00:01:23.062921,NEU-DET,crazing,crazing_146.jpg,4x4,4,4,8,NEQR,1024,statevector,12,4,8,120,80,52,"{""h"": 4, ""x"": 64, ""mcx"": 52}",0.0007049160049064,0.0009981670009437,0.0,0.000241832996835,0.0026037920033559,0.0,100.0,1.0
68295eef,2026-09-22T00:01:23.066120,NEU-DET,crazing,crazing_147.jpg,4x4,4,4,8,FRQI,1024,statevector,5,4,1,1092,705,384,"{""h"": 132, ""x"": 64, ""cx"": 384, ""tdg"": 192, ""t"": 256, ""ry"": 64}",0.0011055830109398,0.0041704999894136,0.0,3.1916992156766355e-05,0.0068808749929303,2.0016189912016546e-30,100.0,0.9999999999999878
7620147d,2026-09-22T00:01:23.073020,NEU-DET,crazing,crazing_147.jpg,4x4,4,4,8,NEQR,1024,statevector,12,4,8,115,75,47,"{""h"": 4, ""x"": 64, ""mcx"": 47}",0.0006767910090275,0.0008676660072524,0.0,0.0002365840045968,0.002196792003815,0.0,100.0,1.0
99c37056,2026-09-22T00:01:23.075791,NEU-DET,crazing,crazing_148.jpg,4x4,4,4,8,FRQI,1024,statevector,5,4,1,1092,705,384,"{""h"": 132, ""x"": 64, ""cx"": 384, ""tdg"": 192, ""t"": 256, ""ry"": 64}",0.001046416000463,0.0042078330006916,0.0,3.05419962387532e-05,0.006860166991828,1.3111731061388302e-30,100.0,0.9999999999999836
001a9e85,2026-09-22T00:01:23.082670,NEU-DET,crazing,crazing_148.jpg,4x4,4,4,8,NEQR,1024,statevector,12,4,8,123,83,55,"{""h"": 4, ""x"": 64, ""mcx"": 55}",0.000750582999899,0.0009054590045707,0.0,0.0002360419894102,0.002319916995475,0.0,100.0,1.0
8e7902cd,2026-09-22T00:01:23.085554,NEU-DET,crazing,crazing_149.jpg,4x4,4,4,8,FRQI,1024,statevector,5,4,1,1092,705,384,"{""h"": 132, ""x"": 64, ""cx"": 384, ""tdg"": 192, ""t"": 256, ""ry"": 64}",0.0009912910027196,0.0042414579947944,0.0,3.1499992473982275e-05,0.0068708330072695,1.6674701458504688e-30,100.0,0.9999999999999972
2b20636e,2026-09-22T00:01:23.092443,NEU-DET,crazing,crazing_149.jpg,4x4,4,4,8,NEQR,1024,statevector,12,4,8,130,90,62,"{""h"": 4, ""x"": 64, ""mcx"": 62}",0.000815583000076,0.0009751249890541,0.0,0.0002385410043643,0.0025149590073851,0.0,100.0,1.0
83218757,2026-09-22T00:01:23.095519,NEU-DET,crazing,crazing_15.jpg,4x4,4,4,8,FRQI,1024,statevector,5,4,1,1092,705,384,"{""h"": 132, ""x"": 64, ""cx"": 384, ""tdg"": 192, ""t"": 256, ""ry"": 64}",0.0010491249995538,0.0041259580029873,0.0,2.970799687318504e-05,0.0067427499889163,1.2241210726525273e-30,100.0,0.9999999999999954
8aad6cfa,2026-09-22T00:01:23.102278,NEU-DET,crazing,crazing_15.jpg,4x4,4,4,8,NEQR,1024,statevector,12,4,8,130,90,62,"{""h"": 4, ""x"": 64, ""mcx"": 62}",0.0008072079945122,0.0009647080005379,0.0,0.0002409589942544,0.0024501660082023,0.0,100.0,1.0
43d176d9,2026-09-22T00:01:23.105257,NEU-DET,crazing,crazing_150.jpg,4x4,4,4,8,FRQI,1024,statevector,5,4,1,1092,705,384,"{""h"": 132, ""x"": 64, ""cx"": 384, ""tdg"": 192, ""t"": 256, ""ry"": 64}",0.0009468329953961,0.0042915410012938,0.0,2.8292008209973577e-05,0.0067953749967273,1.050017005679921e-30,100.0,1.000000000000003
6763e3b5,2026-09-22T00:01:23.112072,NEU-DET,crazing,crazing_150.jpg,4x4,4,4,8,NEQR,1024,statevector,12,4,8,121,81,53,"{""h"": 4, ""x"": 64, ""mcx"": 53}",0.0007245000015245,0.0008694589923834,0.0,0.0002370419970247,0.0022367079945979,0.0,100.0,1.0
98e0343e,2026-09-22T00:01:23.114820,NEU-DET,crazing,crazing_151.jpg,4x4,4,4,8,FRQI,1024,statevector,5,4,1,1092,705,384,"{""h"": 132, ""x"": 64, ""cx"": 384, ""tdg"": 192, ""t"": 256, ""ry"": 64}",0.0010020420013461,0.0041245419997721,0.0,2.8292008209973577e-05,0.0066996670066146,2.4526717841771452e-30,100.0,0.9999999999999984
80e64cf5,2026-09-22T00:01:23.121536,NEU-DET,crazing,crazing_151.jpg,4x4,4,4,8,NEQR,1024,statevector,12,4,8,130,90,62,"{""h"": 4, ""x"": 64, ""mcx"": 62}",0.0008084159926511,0.0009271250019082,0.0,0.0002378749923082,0.002389959001448,0.0,100.0,1.0
40777e8e,2026-09-22T00:01:23.124462,NEU-DET,crazing,crazing_152.jpg,4x4,4,4,8,FRQI,1024,statevector,5,4,1,1092,705,384,"{""h"": 132, ""x"": 64, ""cx"": 384, ""tdg"": 192, ""t"": 256, ""ry"": 64}",0.0010806249920278,0.0041144999995594,0.0,2.9582995921373367e-05,0.0068316249962663,1.4361659595295618e-30,100.0,0.9999999999999888
2938c82c,2026-09-22T00:01:23.131313,NEU-DET,crazing,crazing_152.jpg,4x4,4,4,8,NEQR,1024,statevector,12,4,8,137,97,69,"{""h"": 4, ""x"": 64, ""mcx"": 69}",0.0009596659947419,0.00095233299362,0.0,0.0002341670042369,0.0026479169900994,0.0,100.0,1.0
369abf2c,2026-09-22T00:01:23.134510,NEU-DET,crazing,crazing_153.jpg,4x4,4,4,8,FRQI,1024,statevector,5,4,1,1092,705,384,"{""h"": 132, ""x"": 64, ""cx"": 384, ""tdg"": 192, ""t"": 256, ""ry"": 64}",0.0009689580037957,0.0041786660003708,0.0,2.9041999368928373e-05,0.006731834000675,1.720240626326679e-30,100.0,0.9999999999999984
cc97ef39,2026-09-22T00:01:23.141258,NEU-DET,crazing,crazing_153.jpg,4x4,4,4,8,NEQR,1024,statevector,12,4,8,126,86,58,"{""h"": 4, ""x"": 64, ""mcx"": 58}",0.0009173750004265,0.0009564590000081,0.0,0.000234208011534,0.0028981249924981,0.0,100.0,1.0
11ea906e,2026-09-22T00:01:23.144723,NEU-DET,crazing,crazing_154.jpg,4x4,4,4,8,FRQI,1024,statevector,5,4,1,1092,705,384,"{""h"": 132, ""x"": 64, ""cx"": 384, ""tdg"": 192, ""t"": 256, ""ry"": 64}",0.0009678750066086,0.0041229159978684,0.0,3.174999437760562e-05,0.006694083000184,1.557884732014835e-30,100.0,0.9999999999999882
ede61ed1,2026-09-22T00:01:23.151439,NEU-DET,crazing,crazing_154.jpg,4x4,4,4,8,NEQR,1024,statevector,12,4,8,123,83,55,"{""h"": 4, ""x"": 64, ""mcx"": 55}",0.0008792919979896,0.0009517500002402,0.0,0.0002411659952485,0.0025548330013407,0.0,100.0,1.0
d7651474,2026-09-22T00:01:23.154536,NEU-DET,crazing,crazing_155.jpg,4x4,4,4,8,FRQI,1024,statevector,5,4,1,1092,705,384,"{""h"": 132, ""x"": 64, ""cx"": 384, ""tdg"": 192, ""t"": 256, ""ry"": 64}",0.0010143340041395,0.0042324999958509,0.0,2.9750008252449337e-05,0.006870582990814,1.5661662307757002e-30,100.0,1.0000000000000289
9d59f8cd,2026-09-22T00:01:23.161432,NEU-DET,crazing,crazing_155.jpg,4x4,4,4,8,NEQR,1024,statevector,12,4,8,127,87,59,"{""h"": 4, ""x"": 64, ""mcx"": 59}",0.0007750840013613,0.0009209169948007,0.0,0.0002382499951636,0.0023720000026514,0.0,100.0,1.0
282b0a82,2026-09-22T00:01:23.164359,NEU-DET,crazing,crazing_156.jpg,4x4,4,4,8,FRQI,1024,statevector,5,4,1,1092,705,384,"{""h"": 132, ""x"": 64, ""cx"": 384, ""tdg"": 192, ""t"": 256, ""ry"": 64}",0.0011523749999469,0.0041239999991375,0.0,2.87910079350695e-05,0.0068710829946212,1.725825823165402e-30,100.0,0.9999999999999828
bbd75fdd,2026-09-22T00:01:23.171247,NEU-DET,crazing,crazing_156.jpg,4x4,4,4,8,NEQR,1024,statevector,12,4,8,128,88,60,"{""h"": 4, ""x"": 64, ""mcx"": 60}",0.0007829160022083,0.0008713340066606,0.0,0.0002379159996053,0.0023105830041458,0.0,100.0,1.0
17d8b6aa,2026-09-22T00:01:23.174079,NEU-DET,crazing,crazing_157.jpg,4x4,4,4,8,FRQI,1024,statevector,5,4,1,1092,705,384,"{""h"": 132, ""x"": 64, ""cx"": 384, ""tdg"": 192, ""t"": 256, ""ry"": 64}",0.0010101249936269,0.0041625839949119,0.0,3.125000512227416e-05,0.0067719170037889,1.7834111285025804e-30,100.0,1.0000000000000175
67042a31,2026-09-22T00:01:23.180868,NEU-DET,crazing,crazing_157.jpg,4x4,4,4,8,NEQR,1024,statevector,12,4,8,129,89,61,"{""h"": 4, ""x"": 64, ""mcx"": 61}",0.000931209011469,0.0009823750006034,0.0,0.000231124999118,0.0026634170062607,0.0,100.0,1.0
81be98ca,2026-09-22T00:01:23.184025,NEU-DET,crazing,crazing_158.jpg,4x4,4,4,8,FRQI,1024,statevector,5,4,1,1092,705,384,"{""h"": 132, ""x"": 64, ""cx"": 384, ""tdg"": 192, ""t"": 256, ""ry"": 64}",0.0009642090008128,0.0041888330015353,0.0,2.8624999686144292e-05,0.0067408339964458,1.501454984644289e-30,100.0,1.0000000000000149
a49bda0f,2026-09-22T00:01:23.190782,NEU-DET,crazing,crazing_158.jpg,4x4,4,4,8,NEQR,1024,statevector,12,4,8,127,87,59,"{""h"": 4, ""x"": 64, ""mcx"": 59}",0.000993333000224,0.0008918749954318,0.0,0.0002351250004721,0.002547374999267,0.0,100.0,1.0
0e4a58d7,2026-09-22T00:01:23.193902,NEU-DET,crazing,crazing_159.jpg,4x4,4,4,8,FRQI,1024,statevector,5,4,1,1092,705,384,"{""h"": 132, ""x"": 64, ""cx"": 384, ""tdg"": 192, ""t"": 256, ""ry"": 64}",0.0009799170074984,0.0041180419939337,0.0,2.9125003493390977e-05,0.006674958000076,1.851203862545011e-30,100.0,0.9999999999999593
5d6799bd,2026-09-22T00:01:23.200596,NEU-DET,crazing,crazing_159.jpg,4x4,4,4,8,NEQR,1024,statevector,12,4,8,133,93,65,"{""h"": 4, ""x"": 64, ""mcx"": 65}",0.0008332080033142,0.0009401660063304,0.0,0.0002377500059083,0.0025116670003626,0.0,100.0,1.0
a6bb1d7d,2026-09-22T00:01:23.203669,NEU-DET,crazing,crazing_16.jpg,4x4,4,4,8,FRQI,1024,statevector,5,4,1,1092,705,384,"{""h"": 132, ""x"": 64, ""cx"": 384, ""tdg"": 192, ""t"": 256, ""ry"": 64}",0.0009595830051694,0.0042717500036815,0.0,3.025001205969602e-05,0.0068066670064581,1.0916170924786853e-30,100.0,1.000000000000011
106da364,2026-09-22T00:01:23.210493,NEU-DET,crazing,crazing_16.jpg,4x4,4,4,8,NEQR,1024,statevector,12,4,8,137,97,69,"{""h"": 4, ""x"": 64, ""mcx"": 69}",0.000884249995579,0.0009837500110734,0.0,0.0002417500072624,0.0026095000066561,0.0,100.0,1.0
103eb56e,2026-09-22T00:01:23.213663,NEU-DET,crazing,crazing_160.jpg,4x4,4,4,8,FRQI,1024,statevector,5,4,1,1092,705,384,"{""h"": 132, ""x"": 64, ""cx"": 384, ""tdg"": 192, ""t"": 256, ""ry"": 64}",0.001277832998312,0.0042427500011399,0.0,3.058298898395151e-05,0.0071497079916298,1.706373930727091e-30,100.0,1.0000000000000224
6b2d5c50,2026-09-22T00:01:23.220830,NEU-DET,crazing,crazing_160.jpg,4x4,4,4,8,NEQR,1024,statevector,12,4,8,129,89,61,"{""h"": 4, ""x"": 64, ""mcx"": 61}",0.0007997920038178,0.0009385420125909,0.0,0.0002355420001549,0.0023875000042608,0.0,100.0,1.0
f6355412,2026-09-22T00:01:23.223761,NEU-DET,crazing,crazing_161.jpg,4x4,4,4,8,FRQI,1024,statevector,5,4,1,1092,705,384,"{""h"": 132, ""x"": 64, ""cx"": 384, ""tdg"": 192, ""t"": 256, ""ry"": 64}",0.0011821249936474,0.004149625005084,0.0,3.083399496972561e-05,0.0069515420036623,1.2349062803410956e-30,100.0,0.999999999999934
94de31eb,2026-09-22T00:01:23.230730,NEU-DET,crazing,crazing_161.jpg,4x4,4,4,8,NEQR,1024,statevector,12,4,8,131,91,63,"{""h"": 4, ""x"": 64, ""mcx"": 63}",0.0008284580108011,0.0009364580037072,0.0,0.000234500010265,0.0024317499919561,0.0,100.0,1.0
762541d6,2026-09-22T00:01:23.233709,NEU-DET,crazing,crazing_162.jpg,4x4,4,4,8,FRQI,1024,statevector,5,4,1,1092,705,384,"{""h"": 132, ""x"": 64, ""cx"": 384, ""tdg"": 192, ""t"": 256, ""ry"": 64}",0.000991041000816,0.0041817920136963,0.0,2.941599814221263e-05,0.0067628329998115,1.1024023001672538e-30,100.0,1.0000000000000069
75947fd1,2026-09-22T00:01:23.240492,NEU-DET,crazing,crazing_162.jpg,4x4,4,4,8,NEQR,1024,statevector,12,4,8,132,92,64,"{""h"": 4, ""x"": 64, ""mcx"": 64}",0.0009778329986147,0.0009225840040016,0.0,0.0002332079893676,0.0025687089946586,0.0,100.0,1.0
b46a385f,2026-09-22T00:01:23.243590,NEU-DET,crazing,crazing_163.jpg,4x4,4,4,8,FRQI,1024,statevector,5,4,1,1092,705,384,"{""h"": 132, ""x"": 64, ""cx"": 384, ""tdg"": 192, ""t"": 256, ""ry"": 64}",0.0009604579972801,0.0042327079863753,0.0,2.879199746530503e-05,0.0067721250088652,1.3961066166863073e-30,100.0,0.9999999999999948
7fb3fc3f,2026-09-22T00:01:23.250380,NEU-DET,crazing,crazing_163.jpg,4x4,4,4,8,NEQR,1024,statevector,12,4,8,123,83,55,"{""h"": 4, ""x"": 64, ""mcx"": 55}",0.0007370829989667,0.0008482910052407,0.0,0.0002420420059934,0.0022730409982614,0.0,100.0,1.0
1516b7a8,2026-09-22T00:01:23.253174,NEU-DET,crazing,crazing_164.jpg,4x4,4,4,8,FRQI,1024,statevector,5,4,1,1092,705,384,"{""h"": 132, ""x"": 64, ""cx"": 384, ""tdg"": 192, ""t"": 256, ""ry"": 64}",0.0009456249972572,0.0041167500021401,0.0,2.86659924313426e-05,0.0066384170058881,1.747396238542539e-30,100.0,1.0000000000000138
95adef3e,2026-09-22T00:01:23.259830,NEU-DET,crazing,crazing_164.jpg,4x4,4,4,8,NEQR,1024,statevector,12,4,8,116,76,48,"{""h"": 4, ""x"": 64, ""mcx"": 48}",0.0006453329988289,0.0008223329932661,0.0,0.0002359999925829,0.0020916659996146,0.0,100.0,1.0
b5322fba,2026-09-22T00:01:23.262423,NEU-DET,crazing,crazing_165.jpg,4x4,4,4,8,FRQI,1024,statevector,5,4,1,1092,705,384,"{""h"": 132, ""x"": 64, ""cx"": 384, ""tdg"": 192, ""t"": 256, ""ry"": 64}",0.0010046250099549,0.004078792000655,0.0,3.1791991204954684e-05,0.0066557910031406,1.2322099784189537e-30,100.0,0.9999999999999832
9484ca24,2026-09-22T00:01:23.269096,NEU-DET,crazing,crazing_165.jpg,4x4,4,4,8,NEQR,1024,statevector,12,4,8,122,82,54,"{""h"": 4, ""x"": 64, ""mcx"": 54}",0.0008505000005243,0.0008470000029774,0.0,0.0002348749985685,0.0024175830039894,0.0,100.0,1.0
06024cee,2026-09-22T00:01:23.272016,NEU-DET,crazing,crazing_166.jpg,4x4,4,4,8,FRQI,1024,statevector,5,4,1,1092,705,384,"{""h"": 132, ""x"": 64, ""cx"": 384, ""tdg"": 192, ""t"": 256, ""ry"": 64}",0.0009552919946145,0.0042027090094052,0.0,2.991700603161007e-05,0.0067293749889358,1.834255679034403e-30,100.0,1.000000000000001
d432d0e3,2026-09-22T00:01:23.278761,NEU-DET,crazing,crazing_166.jpg,4x4,4,4,8,NEQR,1024,statevector,12,4,8,124,84,56,"{""h"": 4, ""x"": 64, ""mcx"": 56}",0.0008281670016003,0.0008801250078249,0.0,0.0002350829890929,0.0023751670087222,0.0,100.0,1.0
3cc6bed6,2026-09-22T00:01:23.281670,NEU-DET,crazing,crazing_167.jpg,4x4,4,4,8,FRQI,1024,statevector,5,4,1,1092,705,384,"{""h"": 132, ""x"": 64, ""cx"": 384, ""tdg"": 192, ""t"": 256, ""ry"": 64}",0.0009812500065891,0.0044036249892087,0.0,3.316599759273231e-05,0.0070283750101225,1.6618849490117458e-30,100.0,1.000000000000018
8a14e139,2026-09-22T00:01:23.288724,NEU-DET,crazing,crazing_167.jpg,4x4,4,4,8,NEQR,1024,statevector,12,4,8,125,85,57,"{""h"": 4, ""x"": 64, ""mcx"": 57}",0.0007697910041315,0.0009133340063272,0.0,0.0002336250036023,0.0024102080060401,0.0,100.0,1.0
380238fb,2026-09-22T00:01:23.291673,NEU-DET,crazing,crazing_168.jpg,4x4,4,4,8,FRQI,1024,statevector,5,4,1,1092,705,384,"{""h"": 132, ""x"": 64, ""cx"": 384, ""tdg"": 192, ""t"": 256, ""ry"": 64}",0.0010600840032566,0.0041402499919058,0.0,2.9749993700534105e-05,0.0067847500031348,1.9189965965874415e-30,100.0,1.0000000000000178
77cef97b,2026-09-22T00:01:23.298478,NEU-DET,crazing,crazing_168.jpg,4x4,4,4,8,NEQR,1024,statevector,12,4,8,126,86,58,"{""h"": 4, ""x"": 64, ""mcx"": 58}",0.0007787909999024,0.0009389590122736,0.0,0.0002418750082142,0.0023652919917367,0.0,100.0,1.0
d62210d4,2026-09-22T00:01:23.301376,NEU-DET,crazing,crazing_169.jpg,4x4,4,4,8,FRQI,1024,statevector,5,4,1,1092,705,384,"{""h"": 132, ""x"": 64, ""cx"": 384, ""tdg"": 192, ""t"": 256, ""ry"": 64}",0.0010029169934568,0.0040703340055188,0.0,2.762500662356615e-05,0.0066390419960953,1.3134842220720949e-30,100.0,0.9999999999999708
76c3214c,2026-09-22T00:01:23.308034,NEU-DET,crazing,crazing_169.jpg,4x4,4,4,8,NEQR,1024,statevector,12,4,8,133,93,65,"{""h"": 4, ""x"": 64, ""mcx"": 65}",0.0008981249993667,0.0009553749987389,0.0,0.0002483749995008,0.0027329580043442,0.0,100.0,1.0
7fa48858,2026-09-22T00:01:23.311309,NEU-DET,crazing,crazing_17.jpg,4x4,4,4,8,FRQI,1024,statevector,5,4,1,1092,705,384,"{""h"": 132, ""x"": 64, ""cx"": 384, ""tdg"": 192, ""t"": 256, ""ry"": 64}",0.0010107920097652,0.0042247079982189,0.0,3.02909902529791e-05,0.0068133750028209,1.1355282952107144e-30,100.0,1.0000000000000075
c4bbb29e,2026-09-22T00:01:23.318141,NEU-DET,crazing,crazing_17.jpg,4x4,4,4,8,NEQR,1024,statevector,12,4,8,128,88,60,"{""h"": 4, ""x"": 64, ""mcx"": 60}",0.0007828749949112,0.0009092499967664,0.0,0.000243959002546,0.0023432919988408,0.0,100.0,1.0
0ac17d66,2026-09-22T00:01:23.321053,NEU-DET,crazing,crazing_170.jpg,4x4,4,4,8,FRQI,1024,statevector,5,4,1,1092,705,384,"{""h"": 132, ""x"": 64, ""cx"": 384, ""tdg"": 192, ""t"": 256, ""ry"": 64}",0.0009505829948466,0.0042037080129375,0.0,2.9874994652345777e-05,0.0067200409976067,1.107794904011538e-30,100.0,1.0000000000000044
a7aa13fc,2026-09-22T00:01:23.327793,NEU-DET,crazing,crazing_170.jpg,4x4,4,4,8,NEQR,1024,statevector,12,4,8,119,79,51,"{""h"": 4, ""x"": 64, ""mcx"": 51}",0.0008546669996576,0.0008394169999519,0.0,0.0002385000116191,0.0023548750032205,0.0,100.0,1.0
8c069603,2026-09-22T00:01:23.330686,NEU-DET,crazing,crazing_171.jpg,4x4,4,4,8,FRQI,1024,statevector,5,4,1,1092,705,384,"{""h"": 132, ""x"": 64, ""cx"": 384, ""tdg"": 192, ""t"": 256, ""ry"": 64}",0.0010251250059809,0.0041352919943165,0.0,2.8541995561681688e-05,0.0067725830012932,2.2202120398896055e-30,100.0,1.0000000000000009
9c4e51fd,2026-09-22T00:01:23.337475,NEU-DET,crazing,crazing_171.jpg,4x4,4,4,8,NEQR,1024,statevector,12,4,8,124,84,56,"{""h"": 4, ""x"": 64, ""mcx"": 56}",0.0007317079871427,0.0008925000001909,0.0,0.0002328749978914,0.0022973749873926,0.0,100.0,1.0
a3308ad0,2026-09-22T00:01:23.340417,NEU-DET,crazing,crazing_172.jpg,4x4,4,4,8,FRQI,1024,statevector,5,4,1,1092,705,384,"{""h"": 132, ""x"": 64, ""cx"": 384, ""tdg"": 192, ""t"": 256, ""ry"": 64}",0.0009568749956088,0.004133541995543,0.0,2.837499778252095e-05,0.006680625010631,1.6672775528560297e-30,100.0,1.000000000000005
bdc7d950,2026-09-22T00:01:23.347116,NEU-DET,crazing,crazing_172.jpg,4x4,4,4,8,NEQR,1024,statevector,12,4,8,129,89,61,"{""h"": 4, ""x"": 64, ""mcx"": 61}",0.0007897500036051,0.000902457992197,0.0,0.0002337910118512,0.002362458006246,0.0,100.0,1.0
affc4502,2026-09-22T00:01:23.349994,NEU-DET,crazing,crazing_173.jpg,4x4,4,4,8,FRQI,1024,statevector,5,4,1,1092,705,384,"{""h"": 132, ""x"": 64, ""cx"": 384, ""tdg"": 192, ""t"": 256, ""ry"": 64}",0.0010051249992102,0.0041836669988697,0.0,2.795799809973687e-05,0.0067545839992817,2.1350859363476897e-30,100.0,1.0000000000000009
74a4db73,2026-09-22T00:01:23.356765,NEU-DET,crazing,crazing_173.jpg,4x4,4,4,8,NEQR,1024,statevector,12,4,8,114,74,46,"{""h"": 4, ""x"": 64, ""mcx"": 46}",0.0006430419889511,0.0008328340045409,0.0,0.0002410000015515,0.0020957920060027,0.0,100.0,1.0
f7ba51f8,2026-09-22T00:01:23.359393,NEU-DET,crazing,crazing_174.jpg,4x4,4,4,8,FRQI,1024,statevector,5,4,1,1092,705,384,"{""h"": 132, ""x"": 64, ""cx"": 384, ""tdg"": 192, ""t"": 256, ""ry"": 64}",0.0010448329994687,0.0041868330008583,0.0,2.925000444520265e-05,0.007098208006937,2.03094127460495e-30,100.0,1.000000000000007
ecb8900b,2026-09-22T00:01:23.366509,NEU-DET,crazing,crazing_174.jpg,4x4,4,4,8,NEQR,1024,statevector,12,4,8,130,90,62,"{""h"": 4, ""x"": 64, ""mcx"": 62}",0.0009049579966813,0.0009301249956479,0.0,0.0002371669979766,0.0025045840011443,0.0,100.0,1.0
43db2223,2026-09-22T00:01:23.369579,NEU-DET,crazing,crazing_175.jpg,4x4,4,4,8,FRQI,1024,statevector,5,4,1,1092,705,384,"{""h"": 132, ""x"": 64, ""cx"": 384, ""tdg"": 192, ""t"": 256, ""ry"": 64}",0.0009642910008551,0.0041807919915299,0.0,3.1916992156766355e-05,0.0067271669977344,1.8113371126961953e-30,100.0,1.0000000000000016
0d236f1e,2026-09-22T00:01:23.376326,NEU-DET,crazing,crazing_175.jpg,4x4,4,4,8,NEQR,1024,statevector,12,4,8,129,89,61,"{""h"": 4, ""x"": 64, ""mcx"": 61}",0.0009524170018266,0.0009586669912096,0.0,0.0002337920013815,0.0027423329884186,0.0,100.0,1.0
4cc4faf2,2026-09-22T00:01:23.379676,NEU-DET,crazing,crazing_176.jpg,4x4,4,4,8,FRQI,1024,statevector,5,4,1,1092,705,384,"{""h"": 132, ""x"": 64, ""cx"": 384, ""tdg"": 192, ""t"": 256, ""ry"": 64}",0.000987499995972,0.0041237079858547,0.0,2.937500539701432e-05,0.0066929159947903,2.352908613057886e-30,100.0,0.9999999999999968
07ddbbe4,2026-09-22T00:01:23.386387,NEU-DET,crazing,crazing_176.jpg,4x4,4,4,8,NEQR,1024,statevector,12,4,8,128,88,60,"{""h"": 4, ""x"": 64, ""mcx"": 60}",0.0007770419906591,0.0008781670039752,0.0,0.0002370000001974,0.0023512920015491,0.0,100.0,1.0
49165a3f,2026-09-22T00:01:23.389284,NEU-DET,crazing,crazing_177.jpg,4x4,4,4,8,FRQI,1024,statevector,5,4,1,1092,705,384,"{""h"": 132, ""x"": 64, ""cx"": 384, ""tdg"": 192, ""t"": 256, ""ry"": 64}",0.001021917007165,0.0041298340074718,0.0,3.0750001315027475e-05,0.00676887499867,8.676314399464498e-31,100.0,1.0000000000000104
bdf685c8,2026-09-22T00:01:23.396079,NEU-DET,crazing,crazing_177.jpg,4x4,4,4,8,NEQR,1024,statevector,12,4,8,135,95,67,"{""h"": 4, ""x"": 64, ""mcx"": 67}",0.0008904999995138,0.0009598340111551,0.0,0.0002403749967925,0.0025502079952275,0.0,100.0,1.0
cf73bd06,2026-09-22T00:01:23.399197,NEU-DET,crazing,crazing_178.jpg,4x4,4,4,8,FRQI,1024,statevector,5,4,1,1092,705,384,"{""h"": 132, ""x"": 64, ""cx"": 384, ""tdg"": 192, ""t"": 256, ""ry"": 64}",0.0010222499986412,0.0041639590053819,0.0,2.78329971479252e-05,0.006761083001038,1.5368920956210142e-30,100.0,0.9999999999999898
d7f60ded,2026-09-22T00:01:23.405975,NEU-DET,crazing,crazing_178.jpg,4x4,4,4,8,NEQR,1024,statevector,12,4,8,134,94,66,"{""h"": 4, ""x"": 64, ""mcx"": 66}",0.0008537079993402,0.0009985000069718,0.0,0.0002359999925829,0.0025540420028846,0.0,100.0,1.0
45e39b09,2026-09-22T00:01:23.409099,NEU-DET,crazing,crazing_179.jpg,4x4,4,4,8,FRQI,1024,statevector,5,4,1,1092,705,384,"{""h"": 132, ""x"": 64, ""cx"": 384, ""tdg"": 192, ""t"": 256, ""ry"": 64}",0.0009930000087479,0.0042348330025561,0.0,3.2957992516458035e-05,0.0070777920045657,1.1247430875221456e-30,100.0,0.9999999999999984
744bb49f,2026-09-22T00:01:23.416195,NEU-DET,crazing,crazing_179.jpg,4x4,4,4,8,NEQR,1024,statevector,12,4,8,130,90,62,"{""h"": 4, ""x"": 64, ""mcx"": 62}",0.000846333001391,0.0009698329959064,0.0,0.0002374580071773,0.0025120830105151,0.0,100.0,1.0
7ab3dbad,2026-09-22T00:01:23.419279,NEU-DET,crazing,crazing_18.jpg,4x4,4,4,8,FRQI,1024,statevector,5,4,1,1092,705,384,"{""h"": 132, ""x"": 64, ""cx"": 384, ""tdg"": 192, ""t"": 256, ""ry"": 64}",0.0009702089882921,0.0042208340018987,0.0,2.9291011742316183e-05,0.0067955420090584,9.184759904782728e-31,100.0,0.9999999999999876
0c9b4c35,2026-09-22T00:01:23.426100,NEU-DET,crazing,crazing_18.jpg,4x4,4,4,8,NEQR,1024,statevector,12,4,8,132,92,64,"{""h"": 4, ""x"": 64, ""mcx"": 64}",0.0009897090058075,0.0009538329904899,0.0,0.000234791994444,0.0026211669901385,0.0,100.0,1.0
4fcc80f0,2026-09-22T00:01:23.429256,NEU-DET,crazing,crazing_180.jpg,4x4,4,4,8,FRQI,1024,statevector,5,4,1,1092,705,384,"{""h"": 132, ""x"": 64, ""cx"": 384, ""tdg"": 192, ""t"": 256, ""ry"": 64}",0.000989334002952,0.004403375001857,0.0,3.1333998776972294e-05,0.0069904580013826,1.5205216910937229e-30,100.0,1.0000000000000122
d2e8340b,2026-09-22T00:01:23.436267,NEU-DET,crazing,crazing_180.jpg,4x4,4,4,8,NEQR,1024,statevector,12,4,8,138,98,70,"{""h"": 4, ""x"": 64, ""mcx"": 70}",0.0008819579961709,0.0009792919881874,0.0,0.0002355000033276,0.0026310829998692,0.0,100.0,1.0
dfcf03ff,2026-09-22T00:01:23.439459,NEU-DET,crazing,crazing_181.jpg,4x4,4,4,8,FRQI,1024,statevector,5,4,1,1092,705,384,"{""h"": 132, ""x"": 64, ""cx"": 384, ""tdg"": 192, ""t"": 256, ""ry"": 64}",0.0009564590000081,0.0042590829980326,0.0,2.9499991796910763e-05,0.0067945839982712,1.6690108898059786e-30,100.0,0.9999999999999992
d43268ae,2026-09-22T00:01:23.446270,NEU-DET,crazing,crazing_181.jpg,4x4,4,4,8,NEQR,1024,statevector,12,4,8,124,84,56,"{""h"": 4, ""x"": 64, ""mcx"": 56}",0.0007469580014003,0.0009231250005541,0.0,0.0002432499895803,0.0023472080065403,0.0,100.0,1.0
2d8c3f5b,2026-09-22T00:01:23.449173,NEU-DET,crazing,crazing_182.jpg,4x4,4,4,8,FRQI,1024,statevector,5,4,1,1092,705,384,"{""h"": 132, ""x"": 64, ""cx"": 384, ""tdg"": 192, ""t"": 256, ""ry"": 64}",0.0010081670043291,0.0041442920046392,0.0,2.9499991796910763e-05,0.0067328750010346,1.9829856189897077e-30,100.0,1.0000000000000018
229ca5e8,2026-09-22T00:01:23.455922,NEU-DET,crazing,crazing_182.jpg,4x4,4,4,8,NEQR,1024,statevector,12,4,8,130,90,62,"{""h"": 4, ""x"": 64, ""mcx"": 62}",0.0008102499996311,0.0009330409957328,0.0,0.0002575410035206,0.0024462079891236,0.0,100.0,1.0
01221e59,2026-09-22T00:01:23.458869,NEU-DET,crazing,crazing_183.jpg,4x4,4,4,8,FRQI,1024,statevector,5,4,1,1092,705,384,"{""h"": 132, ""x"": 64, ""cx"": 384, ""tdg"": 192, ""t"": 256, ""ry"": 64}",0.0010215829970547,0.0041051250009331,0.0,3.137500607408583e-05,0.0067272090091137,2.0857821297713764e-30,100.0,0.9999999999999988
ee666fe4,2026-09-22T00:01:23.465620,NEU-DET,crazing,crazing_183.jpg,4x4,4,4,8,NEQR,1024,statevector,12,4,8,116,76,48,"{""h"": 4, ""x"": 64, ""mcx"": 48}",0.0007666250021429,0.0008856250060489,0.0,0.0002353750023758,0.0023818339977879,0.0,100.0,1.0
38d5fd4e,2026-09-22T00:01:23.468544,NEU-DET,crazing,crazing_184.jpg,4x4,4,4,8,FRQI,1024,statevector,5,4,1,1092,705,384,"{""h"": 132, ""x"": 64, ""cx"": 384, ""tdg"": 192, ""t"": 256, ""ry"": 64}",0.000968082997133,0.0042163750040344,0.0,3.0042006983421743e-05,0.0067797909869113,1.3955288377029913e-30,100.0,1.000000000000013
fd5ff213,2026-09-22T00:01:23.475339,NEU-DET,crazing,crazing_184.jpg,4x4,4,4,8,NEQR,1024,statevector,12,4,8,130,90,62,"{""h"": 4, ""x"": 64, ""mcx"": 62}",0.0008059160027187,0.0009762499976204,0.0,0.0002359999925829,0.0025042080087587,0.0,100.0,1.0
37c30960,2026-09-22T00:01:23.478446,NEU-DET,crazing,crazing_185.jpg,4x4,4,4,8,FRQI,1024,statevector,5,4,1,1092,705,384,"{""h"": 132, ""x"": 64, ""cx"": 384, ""tdg"": 192, ""t"": 256, ""ry"": 64}",0.0009684999968158,0.0042546670010779,0.0,2.9416012694127858e-05,0.0068110830034129,8.7514256672956e-31,100.0,1.000000000000039
8587b14e,2026-09-22T00:01:23.485272,NEU-DET,crazing,crazing_185.jpg,4x4,4,4,8,NEQR,1024,statevector,12,4,8,124,84,56,"{""h"": 4, ""x"": 64, ""mcx"": 56}",0.0007465410017175,0.0009246250119758,0.0,0.0002336659963475,0.00232179100567,0.0,100.0,1.0
39a17b9a,2026-09-22T00:01:23.488190,NEU-DET,crazing,crazing_186.jpg,4x4,4,4,8,FRQI,1024,statevector,5,4,1,1092,705,384,"{""h"": 132, ""x"": 64, ""cx"": 384, ""tdg"": 192, ""t"": 256, ""ry"": 64}",0.0013693750079255,0.0045366250124061,0.0,3.4083001082763076e-05,0.0080970839917426,9.999428271258529e-31,100.0,1.000000000000027
b3ada1e5,2026-09-22T00:01:23.496316,NEU-DET,crazing,crazing_186.jpg,4x4,4,4,8,NEQR,1024,statevector,12,4,8,136,96,68,"{""h"": 4, ""x"": 64, ""mcx"": 68}",0.000897417005035,0.0009837089892243,0.0,0.0002439169911667,0.0026202500012004,0.0,100.0,1.0
7da10689,2026-09-22T00:01:23.499521,NEU-DET,crazing,crazing_187.jpg,4x4,4,4,8,FRQI,1024,statevector,5,4,1,1092,705,384,"{""h"": 132, ""x"": 64, ""cx"": 384, ""tdg"": 192, ""t"": 256, ""ry"": 64}",0.0010339580039726,0.0042263750074198,0.0,3.112500417046249e-05,0.0068651670007966,1.0463577387855852e-30,100.0,1.000000000000004
69249406,2026-09-22T00:01:23.506408,NEU-DET,crazing,crazing_187.jpg,4x4,4,4,8,NEQR,1024,statevector,12,4,8,134,94,66,"{""h"": 4, ""x"": 64, ""mcx"": 66}",0.0008692499977769,0.0010062079963972,0.0,0.0002364590036449,0.0025477909948676,0.0,100.0,1.0
ab268720,2026-09-22T00:01:23.509488,NEU-DET,crazing,crazing_188.jpg,4x4,4,4,8,FRQI,1024,statevector,5,4,1,1092,705,384,"{""h"": 132, ""x"": 64, ""cx"": 384, ""tdg"": 192, ""t"": 256, ""ry"": 64}",0.0009585419902577,0.0042154580005444,0.0,3.079199814237654e-05,0.0069581249990733,1.2426100001186446e-30,100.0,1.00000000000002
ef63c027,2026-09-22T00:01:23.516505,NEU-DET,crazing,crazing_188.jpg,4x4,4,4,8,NEQR,1024,statevector,12,4,8,133,93,65,"{""h"": 4, ""x"": 64, ""mcx"": 65}",0.0008769999985815,0.00097970799834,0.0,0.0002362079976592,0.0027592919941525,0.0,100.0,1.0
732ab64a,2026-09-22T00:01:23.519839,NEU-DET,crazing,crazing_189.jpg,4x4,4,4,8,FRQI,1024,statevector,5,4,1,1092,705,384,"{""h"": 132, ""x"": 64, ""cx"": 384, ""tdg"": 192, ""t"": 256, ""ry"": 64}",0.0009879170102067,0.0042558749992167,0.0,3.245899279136211e-05,0.0068487079988699,1.4344326225796133e-30,100.0,1.0000000000000266
146d553e,2026-09-22T00:01:23.526710,NEU-DET,crazing,crazing_189.jpg,4x4,4,4,8,NEQR,1024,statevector,12,4,8,134,94,66,"{""h"": 4, ""x"": 64, ""mcx"": 66}",0.0009335829963674,0.0009898330026771,0.0,0.0002349999995203,0.0026192920049652,0.0,100.0,1.0
befcde5f,2026-09-22T00:01:23.529848,NEU-DET,crazing,crazing_19.jpg,4x4,4,4,8,FRQI,1024,statevector,5,4,1,1092,705,384,"{""h"": 132, ""x"": 64, ""cx"": 384, ""tdg"": 192, ""t"": 256, ""ry"": 64}",0.0009670830040704,0.0041871660068864,0.0,2.89169984171167e-05,0.0067502080055419,2.2890158871528395e-30,100.0,1.0000000000000009
d478b205,2026-09-22T00:01:23.536617,NEU-DET,crazing,crazing_19.jpg,4x4,4,4,8,NEQR,1024,statevector,12,4,8,125,85,57,"{""h"": 4, ""x"": 64, ""mcx"": 57}",0.0007502920052502,0.000938084005611,0.0,0.0002378329954808,0.0023788750113453,0.0,100.0,1.0
cfa1a18a,2026-09-22T00:01:23.539521,NEU-DET,crazing,crazing_190.jpg,4x4,4,4,8,FRQI,1024,statevector,5,4,1,1092,705,384,"{""h"": 132, ""x"": 64, ""cx"": 384, ""tdg"": 192, ""t"": 256, ""ry"": 64}",0.001015957997879,0.0041172089986503,0.0,2.8834008844569325e-05,0.0067553330009104,1.0346095661248233e-30,100.0,0.9999999999999906
f74bc4d1,2026-09-22T00:01:23.546293,NEU-DET,crazing,crazing_190.jpg,4x4,4,4,8,NEQR,1024,statevector,12,4,8,138,98,70,"{""h"": 4, ""x"": 64, ""mcx"": 70}",0.0008906250004656,0.0009512090036878,0.0,0.0002431670000078,0.0025464170030318,0.0,100.0,1.0
8ce96c8e,2026-09-22T00:01:23.549372,NEU-DET,crazing,crazing_191.jpg,4x4,4,4,8,FRQI,1024,statevector,5,4,1,1092,705,384,"{""h"": 132, ""x"": 64, ""cx"": 384, ""tdg"": 192, ""t"": 256, ""ry"": 64}",0.0010125830012839,0.0041217079997295,0.0,3.0334005714394152e-05,0.0067180420010117,9.367723249499515e-31,100.0,0.9999999999999948
8061d86a,2026-09-22T00:01:23.556107,NEU-DET,crazing,crazing_191.jpg,4x4,4,4,8,NEQR,1024,statevector,12,4,8,143,103,75,"{""h"": 4, ""x"": 64, ""mcx"": 75}",0.0011242909968132,0.0009978750022128,0.0,0.0002387499989708,0.0029016670014243,0.0,100.0,1.0
8c792b35,2026-09-22T00:01:23.559581,NEU-DET,crazing,crazing_192.jpg,4x4,4,4,8,FRQI,1024,statevector,5,4,1,1092,705,384,"{""h"": 132, ""x"": 64, ""cx"": 384, ""tdg"": 192, ""t"": 256, ""ry"": 64}",0.0010920409986283,0.0041043749952223,0.0,2.8291993658058345e-05,0.0067756249918602,1.1486246188325476e-30,100.0,1.0000000000000289
ff8e27b5,2026-09-22T00:01:23.566372,NEU-DET,crazing,crazing_192.jpg,4x4,4,4,8,NEQR,1024,statevector,12,4,8,136,96,68,"{""h"": 4, ""x"": 64, ""mcx"": 68}",0.0008777920011198,0.0009627079998608,0.0,0.0002426249993732,0.0025210409949067,0.0,100.0,1.0
49451156,2026-09-22T00:01:23.569376,NEU-DET,crazing,crazing_193.jpg,4x4,4,4,8,FRQI,1024,statevector,5,4,1,1092,705,384,"{""h"": 132, ""x"": 64, ""cx"": 384, ""tdg"": 192, ""t"": 256, ""ry"": 64}",0.000974208000116,0.0041353749984409,0.0,3.0458002584055063e-05,0.0067131249961676,1.7196628473433632e-30,100.0,0.9999999999999956
2a068d4d,2026-09-22T00:01:23.576106,NEU-DET,crazing,crazing_193.jpg,4x4,4,4,8,NEQR,1024,statevector,12,4,8,124,84,56,"{""h"": 4, ""x"": 64, ""mcx"": 56}",0.0007507919945055,0.0008897499938029,0.0,0.0002418750082142,0.0023418750060955,0.0,100.0,1.0
f5193463,2026-09-22T00:01:23.578985,NEU-DET,crazing,crazing_194.jpg,4x4,4,4,8,FRQI,1024,statevector,5,4,1,1092,705,384,"{""h"": 132, ""x"": 64, ""cx"": 384, ""tdg"": 192, ""t"": 256, ""ry"": 64}",0.0009957919974112,0.0045249589893501,0.0,3.2041993108578026e-05,0.0071475000004284,1.716003580449027e-30,100.0,0.9999999999999928
6527ceaf,2026-09-22T00:01:23.586162,NEU-DET,crazing,crazing_194.jpg,4x4,4,4,8,NEQR,1024,statevector,12,4,8,134,94,66,"{""h"": 4, ""x"": 64, ""mcx"": 66}",0.0009990419930545,0.0009919160074787,0.0,0.0002364580141147,0.0028116659959778,0.0,100.0,1.0
c1d37f81,2026-09-22T00:01:23.589492,NEU-DET,crazing,crazing_195.jpg,4x4,4,4,8,FRQI,1024,statevector,5,4,1,1092,705,384,"{""h"": 132, ""x"": 64, ""cx"": 384, ""tdg"": 192, ""t"": 256, ""ry"": 64}",0.0009634580055717,0.0042528750054771,0.0,3.0334005714394152e-05,0.006832833008957,2.2440935712000072e-30,100.0,1.000000000000004
0aeec622,2026-09-22T00:01:23.596341,NEU-DET,crazing,crazing_195.jpg,4x4,4,4,8,NEQR,1024,statevector,12,4,8,140,100,72,"{""h"": 4, ""x"": 64, ""mcx"": 72}",0.0009157500026049,0.0010420000035082,0.0,0.0002485839941073,0.0027092499949503,0.0,100.0,1.0
de72c4b0,2026-09-22T00:01:23.599606,NEU-DET,crazing,crazing_196.jpg,4x4,4,4,8,FRQI,1024,statevector,5,4,1,1092,705,384,"{""h"": 132, ""x"": 64, ""cx"": 384, ""tdg"": 192, ""t"": 256, ""ry"": 64}",0.0010047079995274,0.0041345419886056,0.0,3.0208000680431724e-05,0.0067341249960009,1.0608022133684897e-30,100.0,1.0000000000000098
2c4518db,2026-09-22T00:01:23.606360,NEU-DET,crazing,crazing_196.jpg,4x4,4,4,8,NEQR,1024,statevector,12,4,8,136,96,68,"{""h"": 4, ""x"": 64, ""mcx"": 68}",0.0008831250015646,0.0010417080047773,0.0,0.0002398749929852,0.0026068340084748,0.0,100.0,1.0
2204c8a3,2026-09-22T00:01:23.609512,NEU-DET,crazing,crazing_197.jpg,4x4,4,4,8,FRQI,1024,statevector,5,4,1,1092,705,384,"{""h"": 132, ""x"": 64, ""cx"": 384, ""tdg"": 192, ""t"": 256, ""ry"": 64}",0.0010204169957432,0.0041387079982087,0.0,2.86659924313426e-05,0.0067446659959387,1.3019286424057714e-30,100.0,0.9999999999999905
139c6c92,2026-09-22T00:01:23.616272,NEU-DET,crazing,crazing_197.jpg,4x4,4,4,8,NEQR,1024,statevector,12,4,8,132,92,64,"{""h"": 4, ""x"": 64, ""mcx"": 64}",0.0009827920002862,0.0009569579997332,0.0,0.0002391659945715,0.0026614999951561,0.0,100.0,1.0
2045a47a,2026-09-22T00:01:23.619465,NEU-DET,crazing,crazing_198.jpg,4x4,4,4,8,FRQI,1024,statevector,5,4,1,1092,705,384,"{""h"": 132, ""x"": 64, ""cx"": 384, ""tdg"": 192, ""t"": 256, ""ry"": 64}",0.0011382079974282,0.0041939999937312,0.0,2.9750008252449337e-05,0.0069411250005941,1.4929808928889852e-30,100.0,0.9999999999999978
8b049ce7,2026-09-22T00:01:23.626423,NEU-DET,crazing,crazing_198.jpg,4x4,4,4,8,NEQR,1024,statevector,12,4,8,133,93,65,"{""h"": 4, ""x"": 64, ""mcx"": 65}",0.0008526669989805,0.0009494580008322,0.0,0.0002449169987812,0.002479333008523,0.0,100.0,1.0
d694cf7b,2026-09-22T00:01:23.629438,NEU-DET,crazing,crazing_199.jpg,4x4,4,4,8,FRQI,1024,statevector,5,4,1,1092,705,384,"{""h"": 132, ""x"": 64, ""cx"": 384, ""tdg"": 192, ""t"": 256, ""ry"": 64}",0.0009797920065466,0.0041925410041585,0.0,2.8458991437219083e-05,0.0067700829968089,1.2040914012309e-30,100.0,0.9999999999999593
a078c6d0,2026-09-22T00:01:23.636225,NEU-DET,crazing,crazing_199.jpg,4x4,4,4,8,NEQR,1024,statevector,12,4,8,137,97,69,"{""h"": 4, ""x"": 64, ""mcx"": 69}",0.0009335420036222,0.0009818749967962,0.0,0.0002361660008318,0.0025944579974748,0.0,100.0,1.0
4b5e6c5b,2026-09-22T00:01:23.639359,NEU-DET,crazing,crazing_2.jpg,4x4,4,4,8,FRQI,1024,statevector,5,4,1,1092,705,384,"{""h"": 132, ""x"": 64, ""cx"": 384, ""tdg"": 192, ""t"": 256, ""ry"": 64}",0.0009925830090651,0.0041596250084694,0.0,2.9041999368928373e-05,0.0067724580003414,1.174817266076214e-30,100.0,0.9999999999999872
54eb991d,2026-09-22T00:01:23.646148,NEU-DET,crazing,crazing_2.jpg,4x4,4,4,8,NEQR,1024,statevector,12,4,8,138,98,70,"{""h"": 4, ""x"": 64, ""mcx"": 70}",0.003502457999275,0.0026116249937331,0.0,0.0005427919968497,0.0079398749949177,0.0,100.0,1.0
094ba3b0,2026-09-22T00:01:23.655098,NEU-DET,crazing,crazing_20.jpg,4x4,4,4,8,FRQI,1024,statevector,5,4,1,1092,705,384,"{""h"": 132, ""x"": 64, ""cx"": 384, ""tdg"": 192, ""t"": 256, ""ry"": 64}",0.0024765840062173,0.0122205000079702,0.0,7.583398837596178e-05,0.0171838340029353,1.4149807301413022e-30,100.0,1.000000000000003
9919db6f,2026-09-22T00:01:23.672334,NEU-DET,crazing,crazing_20.jpg,4x4,4,4,8,NEQR,1024,statevector,12,4,8,136,96,68,"{""h"": 4, ""x"": 64, ""mcx"": 68}",0.0023470829910365,0.001768499991158,0.0,0.0002404590049991,0.0051910420006606,0.0,100.0,1.0
f05fbf72,2026-09-22T00:01:23.678153,NEU-DET,crazing,crazing_200.jpg,4x4,4,4,8,FRQI,1024,statevector,5,4,1,1092,705,384,"{""h"": 132, ""x"": 64, ""cx"": 384, ""tdg"": 192, ""t"": 256, ""ry"": 64}",0.0011044580023735,0.0082767499989131,0.0,7.929099956527352e-05,0.0112077499943552,1.0448169948300756e-30,100.0,0.9999999999999896
d58f0d0d,2026-09-22T00:01:23.689413,NEU-DET,crazing,crazing_200.jpg,4x4,4,4,8,NEQR,1024,statevector,12,4,8,128,88,60,"{""h"": 4, ""x"": 64, ""mcx"": 60}",0.0017351249989587,0.0010350410011596,0.0,0.0002379590005148,0.0037307080056052,0.0,100.0,1.0
980b2150,2026-09-22T00:01:23.693759,NEU-DET,crazing,crazing_201.jpg,4x4,4,4,8,FRQI,1024,statevector,5,4,1,1092,705,384,"{""h"": 132, ""x"": 64, ""cx"": 384, ""tdg"": 192, ""t"": 256, ""ry"": 64}",0.0010866669908864,0.0042792089952854,0.0,3.258399374317378e-05,0.0069855000037932,1.4400178194183362e-30,100.0,1.0000000000000084
d65b7349,2026-09-22T00:01:23.700766,NEU-DET,crazing,crazing_201.jpg,4x4,4,4,8,NEQR,1024,statevector,12,4,8,126,86,58,"{""h"": 4, ""x"": 64, ""mcx"": 58}",0.0007740000000922,0.0009679589857114,0.0,0.000243209011387,0.0024792920012259,0.0,100.0,1.0
0eebd84c,2026-09-22T00:01:23.703811,NEU-DET,crazing,crazing_202.jpg,4x4,4,4,8,FRQI,1024,statevector,5,4,1,1092,705,384,"{""h"": 132, ""x"": 64, ""cx"": 384, ""tdg"": 192, ""t"": 256, ""ry"": 64}",0.0010707499895943,0.0042204589990433,0.0,3.154099977109581e-05,0.0069069169985596,1.1239727155443908e-30,100.0,1.0000000000000122
cffcbd08,2026-09-22T00:01:23.710742,NEU-DET,crazing,crazing_202.jpg,4x4,4,4,8,NEQR,1024,statevector,12,4,8,132,92,64,"{""h"": 4, ""x"": 64, ""mcx"": 64}",0.0008559999987483,0.0009684579999884,0.0,0.0002391669986536,0.0025482500059297,0.0,100.0,1.0
144c7537,2026-09-22T00:01:23.713852,NEU-DET,crazing,crazing_203.jpg,4x4,4,4,8,FRQI,1024,statevector,5,4,1,1092,705,384,"{""h"": 132, ""x"": 64, ""cx"": 384, ""tdg"": 192, ""t"": 256, ""ry"": 64}",0.0011110830091638,0.0042352500022388,0.0,2.9791000997647643e-05,0.0069447090063476,1.5080031464552057e-30,100.0,0.9999999999999962
b5a17d28,2026-09-22T00:01:23.720815,NEU-DET,crazing,crazing_203.jpg,4x4,4,4,8,NEQR,1024,statevector,12,4,8,137,97,69,"{""h"": 4, ""x"": 64, ""mcx"": 69}",0.0009545830107526,0.0010160410020034,0.0,0.0002439169911667,0.0026717500004451,0.0,100.0,1.0
58a6ab3e,2026-09-22T00:01:23.724020,NEU-DET,crazing,crazing_204.jpg,4x4,4,4,8,FRQI,1024,statevector,5,4,1,1092,705,384,"{""h"": 132, ""x"": 64, ""cx"": 384, ""tdg"": 192, ""t"": 256, ""ry"": 64}",0.0009912919922498,0.0041590830078348,0.0,3.058300353586674e-05,0.006785542005673,2.0229968135843525e-30,100.0,1.0000000000000004
dbc57534,2026-09-22T00:01:23.730828,NEU-DET,crazing,crazing_204.jpg,4x4,4,4,8,NEQR,1024,statevector,12,4,8,133,93,65,"{""h"": 4, ""x"": 64, ""mcx"": 65}",0.0008127500041155,0.0009613750007702,0.0,0.0002505409938748,0.0025452499976381,0.0,100.0,1.0
32ecbe74,2026-09-22T00:01:23.733926,NEU-DET,crazing,crazing_205.jpg,4x4,4,4,8,FRQI,1024,statevector,5,4,1,1092,705,384,"{""h"": 132, ""x"": 64, ""cx"": 384, ""tdg"": 192, ""t"": 256, ""ry"": 64}",0.0009626249957364,0.0041977910004789,0.0,2.8667011065408587e-05,0.0067563330085249,1.5756032875031977e-30,100.0,1.000000000000001
295ff693,2026-09-22T00:01:23.740701,NEU-DET,crazing,crazing_205.jpg,4x4,4,4,8,NEQR,1024,statevector,12,4,8,136,96,68,"{""h"": 4, ""x"": 64, ""mcx"": 68}",0.0008882920083124,0.0010430410038679,0.0,0.0002376670017838,0.0026611250068526,0.0,100.0,1.0
435223eb,2026-09-22T00:01:23.743908,NEU-DET,crazing,crazing_206.jpg,4x4,4,4,8,FRQI,1024,statevector,5,4,1,1092,705,384,"{""h"": 132, ""x"": 64, ""cx"": 384, ""tdg"": 192, ""t"": 256, ""ry"": 64}",0.0009684169926913,0.0041477079939795,0.0,3.7542005884461105e-05,0.0067314170009922,1.1686542902541749e-30,100.0,0.9999999999999944
764fbb6e,2026-09-22T00:01:23.750660,NEU-DET,crazing,crazing_206.jpg,4x4,4,4,8,NEQR,1024,statevector,12,4,8,129,89,61,"{""h"": 4, ""x"": 64, ""mcx"": 61}",0.0008125829917844,0.0009259999933419,0.0,0.0002401250094408,0.0024105839984258,0.0,100.0,1.0
cb215867,2026-09-22T00:01:23.753624,NEU-DET,crazing,crazing_207.jpg,4x4,4,4,8,FRQI,1024,statevector,5,4,1,1092,705,384,"{""h"": 132, ""x"": 64, ""cx"": 384, ""tdg"": 192, ""t"": 256, ""ry"": 64}",0.0010037500032922,0.0042085420136572,0.0,3.024999750778079e-05,0.0067910000070696,9.521797645050494e-31,100.0,0.9999999999999992
b2d7f58b,2026-09-22T00:01:23.760432,NEU-DET,crazing,crazing_207.jpg,4x4,4,4,8,NEQR,1024,statevector,12,4,8,131,91,63,"{""h"": 4, ""x"": 64, ""mcx"": 63}",0.0008713340066606,0.0009371670021209,0.0,0.0002363749954383,0.002472583000781,0.0,100.0,1.0
8c5f4b02,2026-09-22T00:01:23.763505,NEU-DET,crazing,crazing_208.jpg,4x4,4,4,8,FRQI,1024,statevector,5,4,1,1092,705,384,"{""h"": 132, ""x"": 64, ""cx"": 384, ""tdg"": 192, ""t"": 256, ""ry"": 64}",0.0010415419965283,0.004126041996642,0.0,3.2500000088475645e-05,0.0068136670015519,1.2549359517627229e-30,100.0,0.9999999999999888
2822e57c,2026-09-22T00:01:23.770338,NEU-DET,crazing,crazing_208.jpg,4x4,4,4,8,NEQR,1024,statevector,12,4,8,131,91,63,"{""h"": 4, ""x"": 64, ""mcx"": 63}",0.0010838749876711,0.0009450830111745,0.0,0.0002375409967498,0.0027865000010933,0.0,100.0,1.0
f776b134,2026-09-22T00:01:23.773710,NEU-DET,crazing,crazing_209.jpg,4x4,4,4,8,FRQI,1024,statevector,5,4,1,1092,705,384,"{""h"": 132, ""x"": 64, ""cx"": 384, ""tdg"": 192, ""t"": 256, ""ry"": 64}",0.0010007910022977,0.0041818330064415,0.0,3.0665993108414114e-05,0.0068230000033508,1.6362700807513956e-30,100.0,1.0000000000000149
83a60202,2026-09-22T00:01:23.780552,NEU-DET,crazing,crazing_209.jpg,4x4,4,4,8,NEQR,1024,statevector,12,4,8,131,91,63,"{""h"": 4, ""x"": 64, ""mcx"": 63}",0.0011858329962706,0.0009702919924166,0.0,0.0002370419970247,0.0028510829870356,0.0,100.0,1.0
231e89c4,2026-09-22T00:01:23.783970,NEU-DET,crazing,crazing_21.jpg,4x4,4,4,8,FRQI,1024,statevector,5,4,1,1092,705,384,"{""h"": 132, ""x"": 64, ""cx"": 384, ""tdg"": 192, ""t"": 256, ""ry"": 64}",0.0009863340092124,0.0041761669999687,0.0,2.9125003493390977e-05,0.0067713329917751,1.3342842654714772e-30,100.0,0.999999999999998
d40ed8d0,2026-09-22T00:01:23.790761,NEU-DET,crazing,crazing_21.jpg,4x4,4,4,8,NEQR,1024,statevector,12,4,8,125,85,57,"{""h"": 4, ""x"": 64, ""mcx"": 57}",0.0007753339887131,0.0009121249895542,0.0,0.0002415829949313,0.0024086249904939,0.0,100.0,1.0
876fd5ae,2026-09-22T00:01:23.793713,NEU-DET,crazing,crazing_210.jpg,4x4,4,4,8,FRQI,1024,statevector,5,4,1,1092,705,384,"{""h"": 132, ""x"": 64, ""cx"": 384, ""tdg"": 192, ""t"": 256, ""ry"": 64}",0.0009789579926291,0.0042120829893974,0.0,2.804100222419947e-05,0.006772250009817,1.6901961191942382e-30,100.0,1.000000000000008
5cf60d40,2026-09-22T00:01:23.800505,NEU-DET,crazing,crazing_210.jpg,4x4,4,4,8,NEQR,1024,statevector,12,4,8,132,92,64,"{""h"": 4, ""x"": 64, ""mcx"": 64}",0.000825374998385,0.0009427090117242,0.0,0.0002414170012343,0.0024743749963818,0.0,100.0,1.0
0886c55c,2026-09-22T00:01:23.803521,NEU-DET,crazing,crazing_211.jpg,4x4,4,4,8,FRQI,1024,statevector,5,4,1,1092,705,384,"{""h"": 132, ""x"": 64, ""cx"": 384, ""tdg"": 192, ""t"": 256, ""ry"": 64}",0.001014750014292,0.0041742909961612,0.0,2.8583992389030755e-05,0.0067650840064743,1.3814695491089645e-30,100.0,1.0000000000000022
de28f1eb,2026-09-22T00:01:23.810306,NEU-DET,crazing,crazing_211.jpg,4x4,4,4,8,NEQR,1024,statevector,12,4,8,132,92,64,"{""h"": 4, ""x"": 64, ""mcx"": 64}",0.0009375840018037,0.0009319170058006,0.0,0.0002389580040471,0.0025450420071138,0.0,100.0,1.0
0a5d7a65,2026-09-22T00:01:23.813353,NEU-DET,crazing,crazing_212.jpg,4x4,4,4,8,FRQI,1024,statevector,5,4,1,1092,705,384,"{""h"": 132, ""x"": 64, ""cx"": 384, ""tdg"": 192, ""t"": 256, ""ry"": 64}",0.0010280830028932,0.0041242500010412,0.0,2.9458999051712453e-05,0.006731999994372,1.3758843522702413e-30,100.0,0.9999999999999312
8be665b9,2026-09-22T00:01:23.820104,NEU-DET,crazing,crazing_212.jpg,4x4,4,4,8,NEQR,1024,statevector,12,4,8,137,97,69,"{""h"": 4, ""x"": 64, ""mcx"": 69}",0.0008681659965077,0.0009688339923741,0.0,0.000238791006268,0.0025425829953746,0.0,100.0,1.0
e7dc77a0,2026-09-22T00:01:23.823174,NEU-DET,crazing,crazing_213.jpg,4x4,4,4,8,FRQI,1024,statevector,5,4,1,1092,705,384,"{""h"": 132, ""x"": 64, ""cx"": 384, ""tdg"": 192, ""t"": 256, ""ry"": 64}",0.0009857910044956,0.0041892080043908,0.0,2.995799877680838e-05,0.006809250000515,1.5752181015143202e-30,100.0,0.9999999999999885
9aff4365,2026-09-22T00:01:23.830002,NEU-DET,crazing,crazing_213.jpg,4x4,4,4,8,NEQR,1024,statevector,12,4,8,128,88,60,"{""h"": 4, ""x"": 64, ""mcx"": 60}",0.0008412079914705,0.0009199999913107,0.0,0.0002404169936198,0.0024455420061713,0.0,100.0,1.0
8636e776,2026-09-22T00:01:23.832996,NEU-DET,crazing,crazing_214.jpg,4x4,4,4,8,FRQI,1024,statevector,5,4,1,1092,705,384,"{""h"": 132, ""x"": 64, ""cx"": 384, ""tdg"": 192, ""t"": 256, ""ry"": 64}",0.0009837500110734,0.0041435830062255,0.0,2.970799687318504e-05,0.0067136660072719,5.076751333404754e-31,100.0,0.9999999999999633
fc75e90e,2026-09-22T00:01:23.839728,NEU-DET,crazing,crazing_214.jpg,4x4,4,4,8,NEQR,1024,statevector,12,4,8,128,88,60,"{""h"": 4, ""x"": 64, ""mcx"": 60}",0.0007955000037327,0.000987207997241,0.0,0.0002391669986536,0.0025240000104531,0.0,100.0,1.0
5f3dde96,2026-09-22T00:01:23.842771,NEU-DET,crazing,crazing_215.jpg,4x4,4,4,8,FRQI,1024,statevector,5,4,1,1092,705,384,"{""h"": 132, ""x"": 64, ""cx"": 384, ""tdg"": 192, ""t"": 256, ""ry"": 64}",0.0010638750100042,0.004184958001133,0.0,2.9125003493390977e-05,0.0068272909993538,1.2896026907616931e-30,100.0,1.0000000000000098
419801a1,2026-09-22T00:01:23.849614,NEU-DET,crazing,crazing_215.jpg,4x4,4,4,8,NEQR,1024,statevector,12,4,8,124,84,56,"{""h"": 4, ""x"": 64, ""mcx"": 56}",0.0012512910034274,0.000920207996387,0.0,0.0002381250087637,0.002863999994588,0.0,100.0,1.0
d6203dd4,2026-09-22T00:01:23.853064,NEU-DET,crazing,crazing_216.jpg,4x4,4,4,8,FRQI,1024,statevector,5,4,1,1092,705,384,"{""h"": 132, ""x"": 64, ""cx"": 384, ""tdg"": 192, ""t"": 256, ""ry"": 64}",0.0010728750057751,0.0042748329869937,0.0,3.112500417046249e-05,0.0069725000066682,1.180209869920498e-30,100.0,0.999999999999958
fd938a74,2026-09-22T00:01:23.860055,NEU-DET,crazing,crazing_216.jpg,4x4,4,4,8,NEQR,1024,statevector,12,4,8,128,88,60,"{""h"": 4, ""x"": 64, ""mcx"": 60}",0.0007930409919936,0.0009253750031348,0.0,0.0002387080021435,0.0023911250027595,0.0,100.0,1.0
a632f80c,2026-09-22T00:01:23.862996,NEU-DET,crazing,crazing_217.jpg,4x4,4,4,8,FRQI,1024,statevector,5,4,1,1092,705,384,"{""h"": 132, ""x"": 64, ""cx"": 384, ""tdg"": 192, ""t"": 256, ""ry"": 64}",0.0010314999963156,0.0042668329988373,0.0,3.0916009563952684e-05,0.0069070830068085,1.0409651349413012e-30,100.0,0.9999999999999952
53bb9390,2026-09-22T00:01:23.869922,NEU-DET,crazing,crazing_217.jpg,4x4,4,4,8,NEQR,1024,statevector,12,4,8,133,93,65,"{""h"": 4, ""x"": 64, ""mcx"": 65}",0.0008486669976264,0.0009492499957559,0.0,0.0002390000008745,0.0024837499950081,0.0,100.0,1.0
0390ce04,2026-09-22T00:01:23.872960,NEU-DET,crazing,crazing_218.jpg,4x4,4,4,8,FRQI,1024,statevector,5,4,1,1092,705,384,"{""h"": 132, ""x"": 64, ""cx"": 384, ""tdg"": 192, ""t"": 256, ""ry"": 64}",0.0009712500032037,0.004222125004162,0.0,3.024999750778079e-05,0.0067947499919682,2.4355310076720985e-30,100.0,0.9999999999999966
28ca7fc4,2026-09-22T00:01:23.879771,NEU-DET,crazing,crazing_218.jpg,4x4,4,4,8,NEQR,1024,statevector,12,4,8,128,88,60,"{""h"": 4, ""x"": 64, ""mcx"": 60}",0.0008462909900117,0.0009258329955628,0.0,0.0002490420010872,0.0024390420003328,0.0,100.0,1.0
3bb9fdc2,2026-09-22T00:01:23.882727,NEU-DET,crazing,crazing_219.jpg,4x4,4,4,8,FRQI,1024,statevector,5,4,1,1092,705,384,"{""h"": 132, ""x"": 64, ""cx"": 384, ""tdg"": 192, ""t"": 256, ""ry"": 64}",0.0009857499971985,0.0041391669947188,0.0,3.125000512227416e-05,0.0067114170087734,2.2044194143456298e-30,100.0,1.0000000000000018
7994bfe1,2026-09-22T00:01:23.889454,NEU-DET,crazing,crazing_219.jpg,4x4,4,4,8,NEQR,1024,statevector,12,4,8,131,91,63,"{""h"": 4, ""x"": 64, ""mcx"": 63}",0.000817709005787,0.0009232909942511,0.0,0.0002472909982316,0.0024633749999338,0.0,100.0,1.0
e76d9fa2,2026-09-22T00:01:23.892430,NEU-DET,crazing,crazing_22.jpg,4x4,4,4,8,FRQI,1024,statevector,5,4,1,1092,705,384,"{""h"": 132, ""x"": 64, ""cx"": 384, ""tdg"": 192, ""t"": 256, ""ry"": 64}",0.0009553330019116,0.0041626669990364,0.0,3.0291994335129857e-05,0.0067524579935707,1.6955887230385224e-30,100.0,1.0000000000000318
a2555933,2026-09-22T00:01:23.899198,NEU-DET,crazing,crazing_22.jpg,4x4,4,4,8,NEQR,1024,statevector,12,4,8,129,89,61,"{""h"": 4, ""x"": 64, ""mcx"": 61}",0.0008945829904405,0.0009918330033542,0.0,0.0002365000109421,0.0026416249893372,0.0,100.0,1.0
eca9ac3f,2026-09-22T00:01:23.902371,NEU-DET,crazing,crazing_220.jpg,4x4,4,4,8,FRQI,1024,statevector,5,4,1,1092,705,384,"{""h"": 132, ""x"": 64, ""cx"": 384, ""tdg"": 192, ""t"": 256, ""ry"": 64}",0.0010017919994425,0.004185875004623,0.0,2.9291986720636487e-05,0.0067665840033441,1.2418396281408897e-30,100.0,1.0000000000000804
c3bca667,2026-09-22T00:01:23.909154,NEU-DET,crazing,crazing_220.jpg,4x4,4,4,8,NEQR,1024,statevector,12,4,8,136,96,68,"{""h"": 4, ""x"": 64, ""mcx"": 68}",0.0008735829906072,0.0009405839955434,0.0,0.0002569579955888,0.0025191250024363,0.0,100.0,1.0
92012faf,2026-09-22T00:01:23.912227,NEU-DET,crazing,crazing_221.jpg,4x4,4,4,8,FRQI,1024,statevector,5,4,1,1092,705,384,"{""h"": 132, ""x"": 64, ""cx"": 384, ""tdg"": 192, ""t"": 256, ""ry"": 64}",0.0011490000033518,0.0042018329986603,0.0,2.9041999368928373e-05,0.0069327079982031,1.369721376448202e-30,100.0,1.0000000000000144
2ccfa70f,2026-09-22T00:01:23.919179,NEU-DET,crazing,crazing_221.jpg,4x4,4,4,8,NEQR,1024,statevector,12,4,8,130,90,62,"{""h"": 4, ""x"": 64, ""mcx"": 62}",0.0007935000030556,0.0008869169978424,0.0,0.0002510000049369,0.0023518329981015,0.0,100.0,1.0
4d1d0d7b,2026-09-22T00:01:23.922045,NEU-DET,crazing,crazing_222.jpg,4x4,4,4,8,FRQI,1024,statevector,5,4,1,1092,705,384,"{""h"": 132, ""x"": 64, ""cx"": 384, ""tdg"": 192, ""t"": 256, ""ry"": 64}",0.0009704159892862,0.0042341660009697,0.0,3.241599188186228e-05,0.0071144170069601,1.0461651457911463e-30,100.0,1.000000000000019
99b59e0f,2026-09-22T00:01:23.929181,NEU-DET,crazing,crazing_222.jpg,4x4,4,4,8,NEQR,1024,statevector,12,4,8,132,92,64,"{""h"": 4, ""x"": 64, ""mcx"": 64}",0.0009136659937212,0.0009651250002207,0.0,0.000237833999563,0.0025933750002877,0.0,100.0,1.0
ae0fad24,2026-09-22T00:01:23.932345,NEU-DET,crazing,crazing_223.jpg,4x4,4,4,8,FRQI,1024,statevector,5,4,1,1092,705,384,"{""h"": 132, ""x"": 64, ""cx"": 384, ""tdg"": 192, ""t"": 256, ""ry"": 64}",0.0009673340100562,0.0041950409940909,0.0,2.8875001589767635e-05,0.0067934590042568,1.7156665427087594e-30,100.0,0.9999999999999978
c53a7906,2026-09-22T00:01:23.939156,NEU-DET,crazing,crazing_223.jpg,4x4,4,4,8,NEQR,1024,statevector,12,4,8,131,91,63,"{""h"": 4, ""x"": 64, ""mcx"": 63}",0.0008261669863713,0.0009063329925993,0.0,0.0002545830066082,0.0024793750053504,0.0,100.0,1.0
b40d8e61,2026-09-22T00:01:23.942218,NEU-DET,crazing,crazing_224.jpg,4x4,4,4,8,FRQI,1024,statevector,5,4,1,1092,705,384,"{""h"": 132, ""x"": 64, ""cx"": 384, ""tdg"": 192, ""t"": 256, ""ry"": 64}",0.000972833004198,0.004162291996181,0.0,3.4707991289906204e-05,0.0067502909951144,1.3982251396251332e-30,100.0,0.9999999999999868
58965c76,2026-09-22T00:01:23.948986,NEU-DET,crazing,crazing_224.jpg,4x4,4,4,8,NEQR,1024,statevector,12,4,8,132,92,64,"{""h"": 4, ""x"": 64, ""mcx"": 64}",0.0008160409925039,0.0009461669978918,0.0,0.0002432920009596,0.0024606250080978,0.0,100.0,1.0
a6594309,2026-09-22T00:01:23.951948,NEU-DET,crazing,crazing_225.jpg,4x4,4,4,8,FRQI,1024,statevector,5,4,1,1092,705,384,"{""h"": 132, ""x"": 64, ""cx"": 384, ""tdg"": 192, ""t"": 256, ""ry"": 64}",0.0010103749955305,0.0042184999911114,0.0,3.0750001315027475e-05,0.0068302500003483,1.5900477620861023e-30,100.0,0.9999999999999476
a2c22d77,2026-09-22T00:01:23.958795,NEU-DET,crazing,crazing_225.jpg,4x4,4,4,8,NEQR,1024,statevector,12,4,8,140,100,72,"{""h"": 4, ""x"": 64, ""mcx"": 72}",0.0009079580049728,0.0010436250013299,0.0,0.0002376669872319,0.0026672499952837,0.0,100.0,1.0
039a2678,2026-09-22T00:01:23.962018,NEU-DET,crazing,crazing_226.jpg,4x4,4,4,8,FRQI,1024,statevector,5,4,1,1092,705,384,"{""h"": 132, ""x"": 64, ""cx"": 384, ""tdg"": 192, ""t"": 256, ""ry"": 64}",0.0010178750089835,0.0041847090033115,0.0,2.820900408551097e-05,0.0067839170078514,1.4621660137787896e-30,100.0,0.9999999999999162
09d7b561,2026-09-22T00:01:23.968819,NEU-DET,crazing,crazing_226.jpg,4x4,4,4,8,NEQR,1024,statevector,12,4,8,134,94,66,"{""h"": 4, ""x"": 64, ""mcx"": 66}",0.000844791997224,0.0009397090034326,0.0,0.0002497910027159,0.0024739170039538,0.0,100.0,1.0
0a6818d4,2026-09-22T00:01:23.971822,NEU-DET,crazing,crazing_227.jpg,4x4,4,4,8,FRQI,1024,statevector,5,4,1,1092,705,384,"{""h"": 132, ""x"": 64, ""cx"": 384, ""tdg"": 192, ""t"": 256, ""ry"": 64}",0.0009718329965835,0.0044087919959565,0.0,3.129200194962323e-05,0.0069780829944647,1.050017005679921e-30,100.0,0.9999999999999818
29b1997e,2026-09-22T00:01:23.978826,NEU-DET,crazing,crazing_227.jpg,4x4,4,4,8,NEQR,1024,statevector,12,4,8,124,84,56,"{""h"": 4, ""x"": 64, ""mcx"": 56}",0.0007849169924156,0.000893750009709,0.0,0.0002449580060783,0.0024162079935194,0.0,100.0,1.0
8db3618c,2026-09-22T00:01:23.981805,NEU-DET,crazing,crazing_228.jpg,4x4,4,4,8,FRQI,1024,statevector,5,4,1,1092,705,384,"{""h"": 132, ""x"": 64, ""cx"": 384, ""tdg"": 192, ""t"": 256, ""ry"": 64}",0.0009701249946374,0.0042527500045252,0.0,3.0208000680431724e-05,0.0067883750016335,8.096609486203941e-31,100.0,0.9999999999998928
eae2d8f4,2026-09-22T00:01:23.988611,NEU-DET,crazing,crazing_228.jpg,4x4,4,4,8,NEQR,1024,statevector,12,4,8,139,99,71,"{""h"": 4, ""x"": 64, ""mcx"": 71}",0.0008991669892566,0.0009820000122999,0.0,0.00023799999326,0.0026165830058744,0.0,100.0,1.0
36c89403,2026-09-22T00:01:23.991820,NEU-DET,crazing,crazing_229.jpg,4x4,4,4,8,FRQI,1024,statevector,5,4,1,1092,705,384,"{""h"": 132, ""x"": 64, ""cx"": 384, ""tdg"": 192, ""t"": 256, ""ry"": 64}",0.0009805419977055,0.0044041660003131,0.0,4.3249994632788e-05,0.0070322499959729,7.403274706224535e-31,100.0,0.999999999999976
4dc64111,2026-09-22T00:01:23.998880,NEU-DET,crazing,crazing_229.jpg,4x4,4,4,8,NEQR,1024,statevector,12,4,8,133,93,65,"{""h"": 4, ""x"": 64, ""mcx"": 65}",0.0008934579964261,0.0009725840063765,0.0,0.0002378750068601,0.0027106250054202,0.0,100.0,1.0
2eeb11e7,2026-09-22T00:01:24.002226,NEU-DET,crazing,crazing_23.jpg,4x4,4,4,8,FRQI,1024,statevector,5,4,1,1092,705,384,"{""h"": 132, ""x"": 64, ""cx"": 384, ""tdg"": 192, ""t"": 256, ""ry"": 64}",0.0010369999945396,0.0042547499906504,0.0,3.120899782516062e-05,0.006961749997572,1.5390106185598402e-30,100.0,1.0000000000000029
76cda1c1,2026-09-22T00:01:24.009209,NEU-DET,crazing,crazing_23.jpg,4x4,4,4,8,NEQR,1024,statevector,12,4,8,140,100,72,"{""h"": 4, ""x"": 64, ""mcx"": 72}",0.0009256250050384,0.0010134169860975,0.0,0.000239999993937,0.002671583002666,0.0,100.0,1.0
0463b49a,2026-09-22T00:01:24.012441,NEU-DET,crazing,crazing_230.jpg,4x4,4,4,8,FRQI,1024,statevector,5,4,1,1092,705,384,"{""h"": 132, ""x"": 64, ""cx"": 384, ""tdg"": 192, ""t"": 256, ""ry"": 64}",0.0010307499906048,0.0042361250089015,0.0,3.037499845959246e-05,0.0068616249918704,2.3007640598136016e-30,100.0,1.000000000000004
e5ada954,2026-09-22T00:01:24.019321,NEU-DET,crazing,crazing_230.jpg,4x4,4,4,8,NEQR,1024,statevector,12,4,8,120,80,52,"{""h"": 4, ""x"": 64, ""mcx"": 52}",0.000702999997884,0.0009164170041913,0.0,0.0002398330107098,0.002259833010612,0.0,100.0,1.0
3616ab5b,2026-09-22T00:01:24.022121,NEU-DET,crazing,crazing_231.jpg,4x4,4,4,8,FRQI,1024,statevector,5,4,1,1092,705,384,"{""h"": 132, ""x"": 64, ""cx"": 384, ""tdg"": 192, ""t"": 256, ""ry"": 64}",0.0010188750020461,0.004239707996021,0.0,2.883299021050334e-05,0.0068488329998217,1.1755876380539688e-30,100.0,1.000000000000024
654811e0,2026-09-22T00:01:24.028987,NEU-DET,crazing,crazing_231.jpg,4x4,4,4,8,NEQR,1024,statevector,12,4,8,134,94,66,"{""h"": 4, ""x"": 64, ""mcx"": 66}",0.000842959008878,0.0009695830085547,0.0,0.0002379580109845,0.0024997090076794,0.0,100.0,1.0
8553e18c,2026-09-22T00:01:24.032055,NEU-DET,crazing,crazing_232.jpg,4x4,4,4,8,FRQI,1024,statevector,5,4,1,1092,705,384,"{""h"": 132, ""x"": 64, ""cx"": 384, ""tdg"": 192, ""t"": 256, ""ry"": 64}",0.0009540000028209,0.0041480420040898,0.0,3.083399496972561e-05,0.0067649999982677,1.2896026907616931e-30,100.0,0.9999999999999972
234b5ef6,2026-09-22T00:01:24.038838,NEU-DET,crazing,crazing_232.jpg,4x4,4,4,8,NEQR,1024,statevector,12,4,8,134,94,66,"{""h"": 4, ""x"": 64, ""mcx"": 66}",0.0009343749989056,0.0009945409983629,0.0,0.0003576249873731,0.0027726249973056,0.0,100.0,1.0
a3f829a5,2026-09-22T00:01:24.042256,NEU-DET,crazing,crazing_233.jpg,4x4,4,4,8,FRQI,1024,statevector,5,4,1,1092,705,384,"{""h"": 132, ""x"": 64, ""cx"": 384, ""tdg"": 192, ""t"": 256, ""ry"": 64}",0.0010689589980756,0.0042140830046264,0.0,2.9333998099900785e-05,0.0068652920017484,1.3173360819608691e-30,100.0,0.9999999999999722
fbcf8e3e,2026-09-22T00:01:24.049137,NEU-DET,crazing,crazing_233.jpg,4x4,4,4,8,NEQR,1024,statevector,12,4,8,139,99,71,"{""h"": 4, ""x"": 64, ""mcx"": 71}",0.0009090829989872,0.0010039169865194,0.0,0.0002466250007273,0.0026786249945871,0.0,100.0,1.0
797cc60a,2026-09-22T00:01:24.052351,NEU-DET,crazing,crazing_234.jpg,4x4,4,4,8,FRQI,1024,statevector,5,4,1,1092,705,384,"{""h"": 132, ""x"": 64, ""cx"": 384, ""tdg"": 192, ""t"": 256, ""ry"": 64}",0.0009940830059349,0.0041912500018952,0.0,3.425001341383904e-05,0.0068014159915037,1.258980404645936e-30,100.0,1.000000000000027
3b7f4f75,2026-09-22T00:01:24.059172,NEU-DET,crazing,crazing_234.jpg,4x4,4,4,8,NEQR,1024,statevector,12,4,8,131,91,63,"{""h"": 4, ""x"": 64, ""mcx"": 63}",0.0008165829931385,0.0009774170030141,0.0,0.0002542080037528,0.0025608330033719,0.0,100.0,1.0
ac737d92,2026-09-22T00:01:24.062220,NEU-DET,crazing,crazing_235.jpg,4x4,4,4,8,FRQI,1024,statevector,5,4,1,1092,705,384,"{""h"": 132, ""x"": 64, ""cx"": 384, ""tdg"": 192, ""t"": 256, ""ry"": 64}",0.0009498339932179,0.0041457500046817,0.0,2.895799116231501e-05,0.0066970000043511,1.6953961300440837e-30,100.0,1.000000000000001
cdb0b9ff,2026-09-22T00:01:24.068934,NEU-DET,crazing,crazing_235.jpg,4x4,4,4,8,NEQR,1024,statevector,12,4,8,134,94,66,"{""h"": 4, ""x"": 64, ""mcx"": 66}",0.0008488340099574,0.000958915989031,0.0,0.0002406249986961,0.002493666994269,0.0,100.0,1.0
5077d0f2,2026-09-22T00:01:24.071980,NEU-DET,crazing,crazing_236.jpg,4x4,4,4,8,FRQI,1024,statevector,5,4,1,1092,705,384,"{""h"": 132, ""x"": 64, ""cx"": 384, ""tdg"": 192, ""t"": 256, ""ry"": 64}",0.0010007079981733,0.0041317499999422,0.0,2.9458009521476924e-05,0.0069484999985434,1.4244177868687996e-30,100.0,0.9999999999999613
bbe25e53,2026-09-22T00:01:24.078946,NEU-DET,crazing,crazing_236.jpg,4x4,4,4,8,NEQR,1024,statevector,12,4,8,134,94,66,"{""h"": 4, ""x"": 64, ""mcx"": 66}",0.0008484999998472,0.0009332909976365,0.0,0.0002384169929428,0.002454083005432,0.0,100.0,1.0
110bb78d,2026-09-22T00:01:24.081944,NEU-DET,crazing,crazing_237.jpg,4x4,4,4,8,FRQI,1024,statevector,5,4,1,1092,705,384,"{""h"": 132, ""x"": 64, ""cx"": 384, ""tdg"": 192, ""t"": 256, ""ry"": 64}",0.0010083329980261,0.0042188749939668,0.0,2.808299905154854e-05,0.0068004580098204,1.1632616864098905e-30,100.0,0.9999999999999568
9d764792,2026-09-22T00:01:24.088759,NEU-DET,crazing,crazing_237.jpg,4x4,4,4,8,NEQR,1024,statevector,12,4,8,133,93,65,"{""h"": 4, ""x"": 64, ""mcx"": 65}",0.0009797920065466,0.0009704999974928,0.0,0.0002553329977672,0.0026929999876301,0.0,100.0,1.0
218a8fd9,2026-09-22T00:01:24.092024,NEU-DET,crazing,crazing_238.jpg,4x4,4,4,8,FRQI,1024,statevector,5,4,1,1092,705,384,"{""h"": 132, ""x"": 64, ""cx"": 384, ""tdg"": 192, ""t"": 256, ""ry"": 64}",0.0010371249954914,0.004222125004162,0.0,3.5541990655474365e-05,0.006923207998625,1.5180179821660191e-30,100.0,0.999999999999974
91ec2938,2026-09-22T00:01:24.098966,NEU-DET,crazing,crazing_238.jpg,4x4,4,4,8,NEQR,1024,statevector,12,4,8,139,99,71,"{""h"": 4, ""x"": 64, ""mcx"": 71}",0.000975709001068,0.0009876249969238,0.0,0.0002377919881837,0.0026669170038076,0.0,100.0,1.0
1364f405,2026-09-22T00:01:24.102184,NEU-DET,crazing,crazing_239.jpg,4x4,4,4,8,FRQI,1024,statevector,5,4,1,1092,705,384,"{""h"": 132, ""x"": 64, ""cx"": 384, ""tdg"": 192, ""t"": 256, ""ry"": 64}",0.0009733750048326,0.0042286660027457,0.0,2.8833004762418568e-05,0.0068181670067133,1.1316764353219398e-30,100.0,0.9999999999999608
2181d7d3,2026-09-22T00:01:24.109019,NEU-DET,crazing,crazing_239.jpg,4x4,4,4,8,NEQR,1024,statevector,12,4,8,146,106,78,"{""h"": 4, ""x"": 64, ""mcx"": 78}",0.001124084010371,0.0009974169952329,0.0,0.0002380410005571,0.0028349589993013,0.0,100.0,1.0
501aff99,2026-09-22T00:01:24.112375,NEU-DET,crazing,crazing_24.jpg,4x4,4,4,8,FRQI,1024,statevector,5,4,1,1092,705,384,"{""h"": 132, ""x"": 64, ""cx"": 384, ""tdg"": 192, ""t"": 256, ""ry"": 64}",0.0009467500058235,0.0040979160112328,0.0,2.808299905154854e-05,0.0066200839937664,1.6131589214187488e-30,100.0,1.000000000000016
9d4ba48b,2026-09-22T00:01:24.119009,NEU-DET,crazing,crazing_24.jpg,4x4,4,4,8,NEQR,1024,statevector,12,4,8,131,91,63,"{""h"": 4, ""x"": 64, ""mcx"": 63}",0.0009507500071777,0.0009277920034946,0.0,0.0002368749992456,0.002653540999745,0.0,100.0,1.0
5d227015,2026-09-22T00:01:24.122238,NEU-DET,crazing,crazing_240.jpg,4x4,4,4,8,FRQI,1024,statevector,5,4,1,1092,705,384,"{""h"": 132, ""x"": 64, ""cx"": 384, ""tdg"": 192, ""t"": 256, ""ry"": 64}",0.0009839999984251,0.004172250002739,0.0,2.7999994927085936e-05,0.0067698749917326,8.959426101289421e-31,100.0,0.9999999999999812
aadfc3a7,2026-09-22T00:01:24.129026,NEU-DET,crazing,crazing_240.jpg,4x4,4,4,8,NEQR,1024,statevector,12,4,8,140,100,72,"{""h"": 4, ""x"": 64, ""mcx"": 72}",0.0009176669991575,0.0010235829977318,0.0,0.0002626250061439,0.0026448340067872,0.0,100.0,1.0
465f1997,2026-09-22T00:01:24.132204,NEU-DET,crazing,crazing_25.jpg,4x4,4,4,8,FRQI,1024,statevector,5,4,1,1092,705,384,"{""h"": 132, ""x"": 64, ""cx"": 384, ""tdg"": 192, ""t"": 256, ""ry"": 64}",0.0009684169926913,0.0041235410026274,0.0,2.8541995561681688e-05,0.0066936660005012,1.4321215066463486e-30,100.0,1.0000000000000422
fff28045,2026-09-22T00:01:24.138914,NEU-DET,crazing,crazing_25.jpg,4x4,4,4,8,NEQR,1024,statevector,12,4,8,131,91,63,"{""h"": 4, ""x"": 64, ""mcx"": 63}",0.0008251249964814,0.0009512910037301,0.0,0.0002752500004135,0.0025988339912146,0.0,100.0,1.0
7f507a67,2026-09-22T00:01:24.142026,NEU-DET,crazing,crazing_26.jpg,4x4,4,4,8,FRQI,1024,statevector,5,4,1,1092,705,384,"{""h"": 132, ""x"": 64, ""cx"": 384, ""tdg"": 192, ""t"": 256, ""ry"": 64}",0.0010256670066155,0.0044199580006534,0.0,3.183400258421898e-05,0.0070475829998031,1.5345809796877495e-30,100.0,0.9999999999999796
320f445c,2026-09-22T00:01:24.149094,NEU-DET,crazing,crazing_26.jpg,4x4,4,4,8,NEQR,1024,statevector,12,4,8,128,88,60,"{""h"": 4, ""x"": 64, ""mcx"": 60}",0.0009273750038119,0.0009715829946799,0.0,0.0002489579928806,0.0026915000053122,0.0,100.0,1.0
5ce964bd,2026-09-22T00:01:24.152337,NEU-DET,crazing,crazing_27.jpg,4x4,4,4,8,FRQI,1024,statevector,5,4,1,1092,705,384,"{""h"": 132, ""x"": 64, ""cx"": 384, ""tdg"": 192, ""t"": 256, ""ry"": 64}",0.0009859169949777,0.0043459579901536,0.0,3.095899592153728e-05,0.0069427919952431,1.2426100001186446e-30,100.0,1.0000000000000469
da45dcfb,2026-09-22T00:01:24.159300,NEU-DET,crazing,crazing_27.jpg,4x4,4,4,8,NEQR,1024,statevector,12,4,8,121,81,53,"{""h"": 4, ""x"": 64, ""mcx"": 53}",0.0007175000064307,0.0008524169970769,0.0,0.0002364999963901,0.0022230419999687,0.0,100.0,1.0
0720a8d2,2026-09-22T00:01:24.162038,NEU-DET,crazing,crazing_28.jpg,4x4,4,4,8,FRQI,1024,statevector,5,4,1,1092,705,384,"{""h"": 132, ""x"": 64, ""cx"": 384, ""tdg"": 192, ""t"": 256, ""ry"": 64}",0.0009740000095916,0.0041944580007111,0.0,3.0000010156072676e-05,0.0068181670067133,1.8860631945384197e-30,100.0,0.9999999999999946
a331ccdf,2026-09-22T00:01:24.168877,NEU-DET,crazing,crazing_28.jpg,4x4,4,4,8,NEQR,1024,statevector,12,4,8,130,90,62,"{""h"": 4, ""x"": 64, ""mcx"": 62}",0.0008217499998863,0.0009194579906761,0.0,0.0002344169915886,0.0025084579974645,0.0,100.0,1.0
b15f896f,2026-09-22T00:01:24.171886,NEU-DET,crazing,crazing_29.jpg,4x4,4,4,8,FRQI,1024,statevector,5,4,1,1092,705,384,"{""h"": 132, ""x"": 64, ""cx"": 384, ""tdg"": 192, ""t"": 256, ""ry"": 64}",0.0012235000031068,0.0041813330026343,0.0,3.1750008929520845e-05,0.0070852500066393,2.0817376768881632e-30,100.0,1.0000000000000009
3273e05a,2026-09-22T00:01:24.178992,NEU-DET,crazing,crazing_29.jpg,4x4,4,4,8,NEQR,1024,statevector,12,4,8,125,85,57,"{""h"": 4, ""x"": 64, ""mcx"": 57}",0.0007752499950584,0.0009851249924395,0.0,0.0002359579957555,0.0024860419944161,0.0,100.0,1.0
745b751b,2026-09-22T00:01:24.182057,NEU-DET,crazing,crazing_3.jpg,4x4,4,4,8,FRQI,1024,statevector,5,4,1,1092,705,384,"{""h"": 132, ""x"": 64, ""cx"": 384, ""tdg"": 192, ""t"": 256, ""ry"": 64}",0.0011422499956097,0.0041666250035632,0.0,3.0625000363215804e-05,0.0069338750035967,1.4457956092514981e-30,100.0,1.0000000000000009
9374955a,2026-09-22T00:01:24.189012,NEU-DET,crazing,crazing_3.jpg,4x4,4,4,8,NEQR,1024,statevector,12,4,8,138,98,70,"{""h"": 4, ""x"": 64, ""mcx"": 70}",0.0009054169931914,0.0009764580026967,0.0,0.0002837909996742,0.0026497090002521,0.0,100.0,1.0
02f9b106,2026-09-22T00:01:24.192230,NEU-DET,crazing,crazing_30.jpg,4x4,4,4,8,FRQI,1024,statevector,5,4,1,1092,705,384,"{""h"": 132, ""x"": 64, ""cx"": 384, ""tdg"": 192, ""t"": 256, ""ry"": 64}",0.001045333003276,0.0041268339991802,0.0,2.95409990940243e-05,0.0067771670001093,1.3398694623102e-30,100.0,0.9999999999999954
b203cbf5,2026-09-22T00:01:24.199028,NEU-DET,crazing,crazing_30.jpg,4x4,4,4,8,NEQR,1024,statevector,12,4,8,133,93,65,"{""h"": 4, ""x"": 64, ""mcx"": 65}",0.000842207999085,0.0009582499915268,0.0,0.0002379579964326,0.0024799999955575,0.0,100.0,1.0
8c42672f,2026-09-22T00:01:24.202061,NEU-DET,crazing,crazing_31.jpg,4x4,4,4,8,FRQI,1024,statevector,5,4,1,1092,705,384,"{""h"": 132, ""x"": 64, ""cx"": 384, ""tdg"": 192, ""t"": 256, ""ry"": 64}",0.00101579198963,0.0042644589993869,0.0,2.966700412798673e-05,0.0068651670007966,1.5615439989091708e-30,100.0,0.9999999999999968
0358722c,2026-09-22T00:01:24.208948,NEU-DET,crazing,crazing_31.jpg,4x4,4,4,8,NEQR,1024,statevector,12,4,8,135,95,67,"{""h"": 4, ""x"": 64, ""mcx"": 67}",0.0010174170020036,0.0010221670090686,0.0,0.000239208995481,0.0028312920039752,0.0,100.0,1.0
5f429baa,2026-09-22T00:01:24.212340,NEU-DET,crazing,crazing_32.jpg,4x4,4,4,8,FRQI,1024,statevector,5,4,1,1092,705,384,"{""h"": 132, ""x"": 64, ""cx"": 384, ""tdg"": 192, ""t"": 256, ""ry"": 64}",0.0010347079951316,0.0042131250083912,0.0,3.1625007977709174e-05,0.00688283299678,1.408047382341508e-30,100.0,1.0000000000000009
6b0814c4,2026-09-22T00:01:24.219246,NEU-DET,crazing,crazing_32.jpg,4x4,4,4,8,NEQR,1024,statevector,12,4,8,131,91,63,"{""h"": 4, ""x"": 64, ""mcx"": 63}",0.0008921669941628,0.0009442909940844,0.0,0.0002467090089339,0.0025715829979162,0.0,100.0,1.0
d684d3b7,2026-09-22T00:01:24.222402,NEU-DET,crazing,crazing_33.jpg,4x4,4,4,8,FRQI,1024,statevector,5,4,1,1092,705,384,"{""h"": 132, ""x"": 64, ""cx"": 384, ""tdg"": 192, ""t"": 256, ""ry"": 64}",0.0009543749911244,0.0041535000054864,0.0,3.087500226683915e-05,0.0069970410113455,1.1054837880782734e-30,100.0,1.0000000000000533
57147dab,2026-09-22T00:01:24.229419,NEU-DET,crazing,crazing_33.jpg,4x4,4,4,8,NEQR,1024,statevector,12,4,8,142,102,74,"{""h"": 4, ""x"": 64, ""mcx"": 74}",0.0009454169921809,0.0010124999971594,0.0,0.0002654580021044,0.0027677499892888,0.0,100.0,1.0
2ae1619c,2026-09-22T00:01:24.232719,NEU-DET,crazing,crazing_34.jpg,4x4,4,4,8,FRQI,1024,statevector,5,4,1,1092,705,384,"{""h"": 132, ""x"": 64, ""cx"": 384, ""tdg"": 192, ""t"": 256, ""ry"": 64}",0.0009774579957593,0.0041841670026769,0.0,2.8708003810606897e-05,0.0067662920046132,1.3720324923814668e-30,100.0,0.9999999999999988
f62e5efd,2026-09-22T00:01:24.239502,NEU-DET,crazing,crazing_34.jpg,4x4,4,4,8,NEQR,1024,statevector,12,4,8,135,95,67,"{""h"": 4, ""x"": 64, ""mcx"": 67}",0.000873084005434,0.0011563330044737,0.0,0.0002344590029679,0.002696208000998,0.0,100.0,1.0
733066fb,2026-09-22T00:01:24.242757,NEU-DET,crazing,crazing_35.jpg,4x4,4,4,8,FRQI,1024,statevector,5,4,1,1092,705,384,"{""h"": 132, ""x"": 64, ""cx"": 384, ""tdg"": 192, ""t"": 256, ""ry"": 64}",0.000999124997179,0.0041578329983167,0.0,2.7874993975274265e-05,0.0067560000024968,1.7755148157305927e-30,100.0,1.0000000000000062
aa13b07b,2026-09-22T00:01:24.249529,NEU-DET,crazing,crazing_35.jpg,4x4,4,4,8,NEQR,1024,statevector,12,4,8,130,90,62,"{""h"": 4, ""x"": 64, ""mcx"": 62}",0.0008388749993173,0.0009277500066673,0.0,0.0002374999894527,0.002428209001664,0.0,100.0,1.0
fad46c09,2026-09-22T00:01:24.252458,NEU-DET,crazing,crazing_36.jpg,4x4,4,4,8,FRQI,1024,statevector,5,4,1,1092,705,384,"{""h"": 132, ""x"": 64, ""cx"": 384, ""tdg"": 192, ""t"": 256, ""ry"": 64}",0.0010154589981539,0.0042420419922564,0.0,3.0915995012037456e-05,0.0068547910050256,1.6120033634521164e-30,100.0,0.9999999999999972
1d091497,2026-09-22T00:01:24.259334,NEU-DET,crazing,crazing_36.jpg,4x4,4,4,8,NEQR,1024,statevector,12,4,8,128,88,60,"{""h"": 4, ""x"": 64, ""mcx"": 60}",0.0008905410068109,0.0009060000011231,0.0,0.0002388330030953,0.0025281669950345,0.0,100.0,1.0
013eddb5,2026-09-22T00:01:24.262379,NEU-DET,crazing,crazing_37.jpg,4x4,4,4,8,FRQI,1024,statevector,5,4,1,1092,705,384,"{""h"": 132, ""x"": 64, ""cx"": 384, ""tdg"": 192, ""t"": 256, ""ry"": 64}",0.0009525829955236,0.0041340840107295,0.0,2.895800571423024e-05,0.0066867080022348,2.2795306821767324e-30,100.0,1.0000000000000004
0b2fb644,2026-09-22T00:01:24.269083,NEU-DET,crazing,crazing_37.jpg,4x4,4,4,8,NEQR,1024,statevector,12,4,8,130,90,62,"{""h"": 4, ""x"": 64, ""mcx"": 62}",0.0008094579970929,0.0009290839952882,0.0,0.0002380829973844,0.0024155839928425,0.0,100.0,1.0
a8086bda,2026-09-22T00:01:24.272001,NEU-DET,crazing,crazing_38.jpg,4x4,4,4,8,FRQI,1024,statevector,5,4,1,1092,705,384,"{""h"": 132, ""x"": 64, ""cx"": 384, ""tdg"": 192, ""t"": 256, ""ry"": 64}",0.0009610409906599,0.0041969589947257,0.0,2.937500539701432e-05,0.0067587079975055,2.0715302481829112e-30,100.0,0.9999999999999992
06b6dc3f,2026-09-22T00:01:24.278780,NEU-DET,crazing,crazing_38.jpg,4x4,4,4,8,NEQR,1024,statevector,12,4,8,122,82,54,"{""h"": 4, ""x"": 64, ""mcx"": 54}",0.0007770419906591,0.0008569169876864,0.0,0.0002390419977018,0.0022709580080118,0.0,100.0,1.0
0c34f34e,2026-09-22T00:01:24.281556,NEU-DET,crazing,crazing_39.jpg,4x4,4,4,8,FRQI,1024,statevector,5,4,1,1092,705,384,"{""h"": 132, ""x"": 64, ""cx"": 384, ""tdg"": 192, ""t"": 256, ""ry"": 64}",0.0010027920070569,0.0041640409908723,0.0,2.920899714808911e-05,0.0067502910096663,1.570403276653352e-30,100.0,1.000000000000001
ae0ee56d,2026-09-22T00:01:24.288327,NEU-DET,crazing,crazing_39.jpg,4x4,4,4,8,NEQR,1024,statevector,12,4,8,129,89,61,"{""h"": 4, ""x"": 64, ""mcx"": 61}",0.0007994579937076,0.0009636250033508,0.0,0.0002385830011917,0.0024255419994005,0.0,100.0,1.0
0b716058,2026-09-22T00:01:24.291273,NEU-DET,crazing,crazing_4.jpg,4x4,4,4,8,FRQI,1024,statevector,5,4,1,1092,705,384,"{""h"": 132, ""x"": 64, ""cx"": 384, ""tdg"": 192, ""t"": 256, ""ry"": 64}",0.0010820000024978,0.0041691249934956,0.0,3.129200194962323e-05,0.0068452499981503,1.5022253566220441e-30,100.0,1.000000000000021
792f657e,2026-09-22T00:01:24.298138,NEU-DET,crazing,crazing_4.jpg,4x4,4,4,8,NEQR,1024,statevector,12,4,8,133,93,65,"{""h"": 4, ""x"": 64, ""mcx"": 65}",0.001114625003538,0.0009658340131863,0.0,0.0002407920110272,0.0028507079987321,0.0,100.0,1.0
cd76ff8c,2026-09-22T00:01:24.301545,NEU-DET,crazing,crazing_40.jpg,4x4,4,4,8,FRQI,1024,statevector,5,4,1,1092,705,384,"{""h"": 132, ""x"": 64, ""cx"": 384, ""tdg"": 192, ""t"": 256, ""ry"": 64}",0.0011197499989066,0.0042280000052414,0.0,3.170900163240731e-05,0.0069367920077638,1.0467429247744629e-30,100.0,0.9999999999999905
ae84651b,2026-09-22T00:01:24.308503,NEU-DET,crazing,crazing_40.jpg,4x4,4,4,8,NEQR,1024,statevector,12,4,8,136,96,68,"{""h"": 4, ""x"": 64, ""mcx"": 68}",0.0008932500059017,0.0009752499900059,0.0,0.000234958002693,0.0025564590032445,0.0,100.0,1.0
e3b086ce,2026-09-22T00:01:24.311593,NEU-DET,crazing,crazing_41.jpg,4x4,4,4,8,FRQI,1024,statevector,5,4,1,1092,705,384,"{""h"": 132, ""x"": 64, ""cx"": 384, ""tdg"": 192, ""t"": 256, ""ry"": 64}",0.0010075830068672,0.0041692499944474,0.0,2.9041999368928373e-05,0.0067411670024739,1.4043881154471724e-30,100.0,1.000000000000036
5a6d9b63,2026-09-22T00:01:24.318350,NEU-DET,crazing,crazing_41.jpg,4x4,4,4,8,NEQR,1024,statevector,12,4,8,138,98,70,"{""h"": 4, ""x"": 64, ""mcx"": 70}",0.0008945829904405,0.0009827500034589,0.0,0.0002397499920334,0.0025784579920582,0.0,100.0,1.0
4750e29e,2026-09-22T00:01:24.321463,NEU-DET,crazing,crazing_42.jpg,4x4,4,4,8,FRQI,1024,statevector,5,4,1,1092,705,384,"{""h"": 132, ""x"": 64, ""cx"": 384, ""tdg"": 192, ""t"": 256, ""ry"": 64}",0.0009581659978721,0.0041856669995468,0.0,2.912498894147575e-05,0.0067233749869046,1.2934545506504676e-30,100.0,1.0000000000000016
a1f235d1,2026-09-22T00:01:24.328207,NEU-DET,crazing,crazing_42.jpg,4x4,4,4,8,NEQR,1024,statevector,12,4,8,127,87,59,"{""h"": 4, ""x"": 64, ""mcx"": 59}",0.0009494999976595,0.0008911659970181,0.0,0.0002394589973846,0.0025517500034766,0.0,100.0,1.0
0d1075dd,2026-09-22T00:01:24.331355,NEU-DET,crazing,crazing_43.jpg,4x4,4,4,8,FRQI,1024,statevector,5,4,1,1092,705,384,"{""h"": 132, ""x"": 64, ""cx"": 384, ""tdg"": 192, ""t"": 256, ""ry"": 64}",0.0009915840055327,0.004149625005084,0.0,3.0167007935233418e-05,0.0067504170001484,2.3042788819621083e-30,100.0,0.9999999999999988
98d40a37,2026-09-22T00:01:24.338128,NEU-DET,crazing,crazing_43.jpg,4x4,4,4,8,NEQR,1024,statevector,12,4,8,137,97,69,"{""h"": 4, ""x"": 64, ""mcx"": 69}",0.0008907080045901,0.0009657910122768,0.0,0.0002340829960303,0.0026008749991888,0.0,100.0,1.0
ffcb9e46,2026-09-22T00:01:24.341286,NEU-DET,crazing,crazing_44.jpg,4x4,4,4,8,FRQI,1024,statevector,5,4,1,1092,705,384,"{""h"": 132, ""x"": 64, ""cx"": 384, ""tdg"": 192, ""t"": 256, ""ry"": 64}",0.0009934999980032,0.0041407090029679,0.0,3.024999750778079e-05,0.0067736249911831,1.6513404825662257e-30,100.0,0.9999999999999988
bc3df489,2026-09-22T00:01:24.348080,NEU-DET,crazing,crazing_44.jpg,4x4,4,4,8,NEQR,1024,statevector,12,4,8,130,90,62,"{""h"": 4, ""x"": 64, ""mcx"": 62}",0.0008317909960169,0.0009565829968778,0.0,0.0002591669908724,0.0024817920057103,0.0,100.0,1.0
140059f0,2026-09-22T00:01:24.351097,NEU-DET,crazing,crazing_45.jpg,4x4,4,4,8,FRQI,1024,statevector,5,4,1,1092,705,384,"{""h"": 132, ""x"": 64, ""cx"": 384, ""tdg"": 192, ""t"": 256, ""ry"": 64}",0.0009709580044727,0.0041400839982088,0.0,2.8416994609870017e-05,0.0066951249900739,1.880670590694136e-30,100.0,1.000000000000003
82f0474f,2026-09-22T00:01:24.357811,NEU-DET,crazing,crazing_45.jpg,4x4,4,4,8,NEQR,1024,statevector,12,4,8,137,97,69,"{""h"": 4, ""x"": 64, ""mcx"": 69}",0.0009325830033048,0.0009763750131241,0.0,0.0002398749929852,0.0026126669981749,0.0,100.0,1.0
d996a33c,2026-09-22T00:01:24.360967,NEU-DET,crazing,crazing_46.jpg,4x4,4,4,8,FRQI,1024,statevector,5,4,1,1092,705,384,"{""h"": 132, ""x"": 64, ""cx"": 384, ""tdg"": 192, ""t"": 256, ""ry"": 64}",0.0010128330031875,0.0041051250009331,0.0,3.1207993743009865e-05,0.0066975000081583,8.011868568650901e-31,100.0,0.9999999999999998
e886d685,2026-09-22T00:01:24.367685,NEU-DET,crazing,crazing_46.jpg,4x4,4,4,8,NEQR,1024,statevector,12,4,8,141,101,73,"{""h"": 4, ""x"": 64, ""mcx"": 73}",0.0009370420011691,0.0010025830124504,0.0,0.0002402909885859,0.002664708008524,0.0,100.0,1.0
6bdfe8e4,2026-09-22T00:01:24.370894,NEU-DET,crazing,crazing_47.jpg,4x4,4,4,8,FRQI,1024,statevector,5,4,1,1092,705,384,"{""h"": 132, ""x"": 64, ""cx"": 384, ""tdg"": 192, ""t"": 256, ""ry"": 64}",0.0013916669995523,0.0042572090023895,0.0,3.058300353586674e-05,0.0072235840052599,1.4367437385128781e-30,100.0,1.000000000000007
9a87f64d,2026-09-22T00:01:24.378136,NEU-DET,crazing,crazing_47.jpg,4x4,4,4,8,NEQR,1024,statevector,12,4,8,134,94,66,"{""h"": 4, ""x"": 64, ""mcx"": 66}",0.0008614169928478,0.0009488329960731,0.0,0.000242750000325,0.0025472919951425,0.0,100.0,1.0
3c77d125,2026-09-22T00:01:24.381253,NEU-DET,crazing,crazing_48.jpg,4x4,4,4,8,FRQI,1024,statevector,5,4,1,1092,705,384,"{""h"": 132, ""x"": 64, ""cx"": 384, ""tdg"": 192, ""t"": 256, ""ry"": 64}",0.0009666660043876,0.0041452919977018,0.0,2.9332994017750025e-05,0.0067091669916408,7.102829634900126e-31,100.0,1.0000000000000164
57b543c0,2026-09-22T00:01:24.387979,NEU-DET,crazing,crazing_48.jpg,4x4,4,4,8,NEQR,1024,statevector,12,4,8,142,102,74,"{""h"": 4, ""x"": 64, ""mcx"": 74}",0.001004500009003,0.0010006249940488,0.0,0.0002383749961154,0.0027178750024177,0.0,100.0,1.0
5d647ff8,2026-09-22T00:01:24.391256,NEU-DET,crazing,crazing_49.jpg,4x4,4,4,8,FRQI,1024,statevector,5,4,1,1092,705,384,"{""h"": 132, ""x"": 64, ""cx"": 384, ""tdg"": 192, ""t"": 256, ""ry"": 64}",0.000973916001385,0.0041051669977605,0.0,2.7999994927085936e-05,0.0066966249869437,1.4105510912692115e-30,100.0,1.00000000000005
a3f03765,2026-09-22T00:01:24.397969,NEU-DET,crazing,crazing_49.jpg,4x4,4,4,8,NEQR,1024,statevector,12,4,8,142,102,74,"{""h"": 4, ""x"": 64, ""mcx"": 74}",0.0010015000007115,0.0009969579987227,0.0,0.0002385830011917,0.0026871250011026,0.0,100.0,1.0
73c7a9ab,2026-09-22T00:01:24.401215,NEU-DET,crazing,crazing_5.jpg,4x4,4,4,8,FRQI,1024,statevector,5,4,1,1092,705,384,"{""h"": 132, ""x"": 64, ""cx"": 384, ""tdg"": 192, ""t"": 256, ""ry"": 64}",0.0009612919966457,0.0041500840015942,0.0,3.0750001315027475e-05,0.0067039999994449,1.3674102605149376e-30,100.0,1.00000000000004
eb2d1fa8,2026-09-22T00:01:24.407939,NEU-DET,crazing,crazing_5.jpg,4x4,4,4,8,NEQR,1024,statevector,12,4,8,131,91,63,"{""h"": 4, ""x"": 64, ""mcx"": 63}",0.0009052499954123,0.0009082920005312,0.0,0.00023799999326,0.0025917500024661,0.0,100.0,1.0
537b0dfb,2026-09-22T00:01:24.411109,NEU-DET,crazing,crazing_50.jpg,4x4,4,4,8,FRQI,1024,statevector,5,4,1,1092,705,384,"{""h"": 132, ""x"": 64, ""cx"": 384, ""tdg"": 192, ""t"": 256, ""ry"": 64}",0.0009615839953767,0.0042156669951509,0.0,3.399999695830047e-05,0.0068577909987652,1.0900763485231757e-30,100.0,0.9999999999999782
5423a317,2026-09-22T00:01:24.417989,NEU-DET,crazing,crazing_50.jpg,4x4,4,4,8,NEQR,1024,statevector,12,4,8,144,104,76,"{""h"": 4, ""x"": 64, ""mcx"": 76}",0.0011372080043656,0.0010234999936074,0.0,0.0002397919888608,0.002999832999194,0.0,100.0,1.0
c3431a25,2026-09-22T00:01:24.421506,NEU-DET,crazing,crazing_51.jpg,4x4,4,4,8,FRQI,1024,statevector,5,4,1,1092,705,384,"{""h"": 132, ""x"": 64, ""cx"": 384, ""tdg"": 192, ""t"": 256, ""ry"": 64}",0.0009753750055097,0.0041626660095062,0.0,2.9999995604157448e-05,0.0067345840070629,1.9896782255464537e-30,100.0,1.0000000000000004
6b7fa0fd,2026-09-22T00:01:24.428262,NEU-DET,crazing,crazing_51.jpg,4x4,4,4,8,NEQR,1024,statevector,12,4,8,142,102,74,"{""h"": 4, ""x"": 64, ""mcx"": 74}",0.000934124997002,0.0010667089954949,0.0,0.0002398749929852,0.0027383330016164,0.0,100.0,1.0
4df7eeaf,2026-09-22T00:01:24.431537,NEU-DET,crazing,crazing_52.jpg,4x4,4,4,8,FRQI,1024,statevector,5,4,1,1092,705,384,"{""h"": 132, ""x"": 64, ""cx"": 384, ""tdg"": 192, ""t"": 256, ""ry"": 64}",0.0011335409944877,0.004108167006052,0.0,2.791700535453856e-05,0.006862166992505,1.8515890485338885e-30,100.0,1.0000000000000056
98a089ca,2026-09-22T00:01:24.438416,NEU-DET,crazing,crazing_52.jpg,4x4,4,4,8,NEQR,1024,statevector,12,4,8,134,94,66,"{""h"": 4, ""x"": 64, ""mcx"": 66}",0.0008573329978389,0.0009499170118942,0.0,0.0002404590049991,0.0024835829972289,0.0,100.0,1.0
c01171f1,2026-09-22T00:01:24.441477,NEU-DET,crazing,crazing_53.jpg,4x4,4,4,8,FRQI,1024,statevector,5,4,1,1092,705,384,"{""h"": 132, ""x"": 64, ""cx"": 384, ""tdg"": 192, ""t"": 256, ""ry"": 64}",0.0009981250041164,0.0041647089965408,0.0,3.295899659860879e-05,0.0067747090070042,2.602509133850472e-30,100.0,0.999999999999999
8294aa31,2026-09-22T00:01:24.448276,NEU-DET,crazing,crazing_53.jpg,4x4,4,4,8,NEQR,1024,statevector,12,4,8,118,78,50,"{""h"": 4, ""x"": 64, ""mcx"": 50}",0.0009744580020196,0.0008998330013127,0.0,0.0002426249993732,0.002554249993409,0.0,100.0,1.0
615e4ec5,2026-09-22T00:01:24.451388,NEU-DET,crazing,crazing_54.jpg,4x4,4,4,8,FRQI,1024,statevector,5,4,1,1092,705,384,"{""h"": 132, ""x"": 64, ""cx"": 384, ""tdg"": 192, ""t"": 256, ""ry"": 64}",0.0010043330112239,0.0043079999886685,0.0,3.125000512227416e-05,0.0069123330031288,1.798240789074362e-30,100.0,1.0
7c918f81,2026-09-22T00:01:24.458319,NEU-DET,crazing,crazing_54.jpg,4x4,4,4,8,NEQR,1024,statevector,12,4,8,139,99,71,"{""h"": 4, ""x"": 64, ""mcx"": 71}",0.0009080419986275,0.0010492909932509,0.0,0.0002356659970246,0.0026849160058191,0.0,100.0,1.0
9a4c5083,2026-09-22T00:01:24.461551,NEU-DET,crazing,crazing_55.jpg,4x4,4,4,8,FRQI,1024,statevector,5,4,1,1092,705,384,"{""h"": 132, ""x"": 64, ""cx"": 384, ""tdg"": 192, ""t"": 256, ""ry"": 64}",0.0010223330027656,0.0041792499978328,0.0,3.087498771492392e-05,0.0067942909954581,1.8460038516951656e-30,100.0,0.9999999999999978
de68d65f,2026-09-22T00:01:24.468365,NEU-DET,crazing,crazing_55.jpg,4x4,4,4,8,NEQR,1024,statevector,12,4,8,129,89,61,"{""h"": 4, ""x"": 64, ""mcx"": 61}",0.0008677500009071,0.0008988329936983,0.0,0.0002403340040473,0.0024337499926332,0.0,100.0,1.0
379ce492,2026-09-22T00:01:24.471333,NEU-DET,crazing,crazing_56.jpg,4x4,4,4,8,FRQI,1024,statevector,5,4,1,1092,705,384,"{""h"": 132, ""x"": 64, ""cx"": 384, ""tdg"": 192, ""t"": 256, ""ry"": 64}",0.0009567500092089,0.0043169999989913,0.0,3.066699719056487e-05,0.0068691249907715,1.417099253080128e-30,100.0,0.9999999999999952
006b1427,2026-09-22T00:01:24.478222,NEU-DET,crazing,crazing_56.jpg,4x4,4,4,8,NEQR,1024,statevector,12,4,8,133,93,65,"{""h"": 4, ""x"": 64, ""mcx"": 65}",0.0010520420037209,0.000975874994765,0.0,0.0002396250056335,0.0027934579993598,0.0,100.0,1.0
b0123bf3,2026-09-22T00:01:24.481539,NEU-DET,crazing,crazing_57.jpg,4x4,4,4,8,FRQI,1024,statevector,5,4,1,1092,705,384,"{""h"": 132, ""x"": 64, ""cx"": 384, ""tdg"": 192, ""t"": 256, ""ry"": 64}",0.0009794170036911,0.0042023330024676,0.0,2.9749993700534105e-05,0.0067811249900842,1.3720806406300763e-30,100.0,1.000000000000001
d641dddc,2026-09-22T00:01:24.488337,NEU-DET,crazing,crazing_57.jpg,4x4,4,4,8,NEQR,1024,statevector,12,4,8,132,92,64,"{""h"": 4, ""x"": 64, ""mcx"": 64}",0.0008324590016854,0.0010287080076523,0.0,0.0002363749954383,0.0025287919997936,0.0,100.0,1.0
2ccdfd5e,2026-09-22T00:01:24.491433,NEU-DET,crazing,crazing_58.jpg,4x4,4,4,8,FRQI,1024,statevector,5,4,1,1092,705,384,"{""h"": 132, ""x"": 64, ""cx"": 384, ""tdg"": 192, ""t"": 256, ""ry"": 64}",0.0010839999886229,0.0041460420034127,0.0,2.8582988306879997e-05,0.0068121250078547,5.184603410290439e-31,100.0,1.000000000000023
444e7925,2026-09-22T00:01:24.498260,NEU-DET,crazing,crazing_58.jpg,4x4,4,4,8,NEQR,1024,statevector,12,4,8,137,97,69,"{""h"": 4, ""x"": 64, ""mcx"": 69}",0.000910874994588,0.0010032090067397,0.0,0.000238624998019,0.0025868340017041,0.0,100.0,1.0
639c7d67,2026-09-22T00:01:24.501364,NEU-DET,crazing,crazing_59.jpg,4x4,4,4,8,FRQI,1024,statevector,5,4,1,1092,705,384,"{""h"": 132, ""x"": 64, ""cx"": 384, ""tdg"": 192, ""t"": 256, ""ry"": 64}",0.0010970829898724,0.0041934579930966,0.0,3.079199814237654e-05,0.0068657499941764,2.033637576527092e-30,100.0,0.9999999999999978
8641ba1d,2026-09-22T00:01:24.508244,NEU-DET,crazing,crazing_59.jpg,4x4,4,4,8,NEQR,1024,statevector,12,4,8,128,88,60,"{""h"": 4, ""x"": 64, ""mcx"": 60}",0.0008090839983196,0.0009038330026669,0.0,0.0002404999977443,0.0024275830073747,0.0,100.0,1.0
6a9e93ec,2026-09-22T00:01:24.511202,NEU-DET,crazing,crazing_6.jpg,4x4,4,4,8,FRQI,1024,statevector,5,4,1,1092,705,384,"{""h"": 132, ""x"": 64, ""cx"": 384, ""tdg"": 192, ""t"": 256, ""ry"": 64}",0.0009546670044073,0.0042213330016238,0.0,2.7292000595480204e-05,0.0067464169987943,1.1393801550994887e-30,100.0,1.000000000000027
48d6e696,2026-09-22T00:01:24.517962,NEU-DET,crazing,crazing_6.jpg,4x4,4,4,8,NEQR,1024,statevector,12,4,8,137,97,69,"{""h"": 4, ""x"": 64, ""mcx"": 69}",0.0008701659971848,0.0009706249984446,0.0,0.0002503330033505,0.0025388329959241,0.0,100.0,1.0
dc0c0675,2026-09-22T00:01:24.521076,NEU-DET,crazing,crazing_60.jpg,4x4,4,4,8,FRQI,1024,statevector,5,4,1,1092,705,384,"{""h"": 132, ""x"": 64, ""cx"": 384, ""tdg"": 192, ""t"": 256, ""ry"": 64}",0.0009976669971365,0.0042196249996777,0.0,3.05419962387532e-05,0.0070538750005653,1.746481421818955e-30,100.0,0.9999999999999972
70d5ed9b,2026-09-22T00:01:24.528154,NEU-DET,crazing,crazing_60.jpg,4x4,4,4,8,NEQR,1024,statevector,12,4,8,133,93,65,"{""h"": 4, ""x"": 64, ""mcx"": 65}",0.00094512499345,0.0009669169958215,0.0,0.0002391659945715,0.0026234999968437,0.0,100.0,1.0
ec37f0bc,2026-09-22T00:01:24.531307,NEU-DET,crazing,crazing_61.jpg,4x4,4,4,8,FRQI,1024,statevector,5,4,1,1092,705,384,"{""h"": 132, ""x"": 64, ""cx"": 384, ""tdg"": 192, ""t"": 256, ""ry"": 64}",0.0009956660069292,0.0040939579921541,0.0,3.0291004804894328e-05,0.0066939590033143,1.8367593879621072e-30,100.0,0.9999999999999996
20caaeda,2026-09-22T00:01:24.538017,NEU-DET,crazing,crazing_61.jpg,4x4,4,4,8,NEQR,1024,statevector,12,4,8,132,92,64,"{""h"": 4, ""x"": 64, ""mcx"": 64}",0.0009659159986767,0.0009201250068144,0.0,0.000236458989093,0.0026960410032188,0.0,100.0,1.0
2acecefa,2026-09-22T00:01:24.541244,NEU-DET,crazing,crazing_62.jpg,4x4,4,4,8,FRQI,1024,statevector,5,4,1,1092,705,384,"{""h"": 132, ""x"": 64, ""cx"": 384, ""tdg"": 192, ""t"": 256, ""ry"": 64}",0.0010216660011792,0.004120415993384,0.0,2.9292001272551715e-05,0.0067401660053292,1.3943732797363588e-30,100.0,1.0000000000000062
2ca798eb,2026-09-22T00:01:24.548003,NEU-DET,crazing,crazing_62.jpg,4x4,4,4,8,NEQR,1024,statevector,12,4,8,134,94,66,"{""h"": 4, ""x"": 64, ""mcx"": 66}",0.000862374989083,0.000948791988776,0.0,0.0002404999977443,0.0025115420139627,0.0,100.0,1.0
749571ac,2026-09-22T00:01:24.551035,NEU-DET,crazing,crazing_63.jpg,4x4,4,4,8,FRQI,1024,statevector,5,4,1,1092,705,384,"{""h"": 132, ""x"": 64, ""cx"": 384, ""tdg"": 192, ""t"": 256, ""ry"": 64}",0.0010148330038646,0.0042087909969268,0.0,2.845800190698355e-05,0.0068118329945718,2.0357079512173083e-30,100.0,1.0000000000000029
9edc492b,2026-09-22T00:01:24.557866,NEU-DET,crazing,crazing_63.jpg,4x4,4,4,8,NEQR,1024,statevector,12,4,8,132,92,64,"{""h"": 4, ""x"": 64, ""mcx"": 64}",0.0009508750081295,0.0009511250100331,0.0,0.0002511249913368,0.0026064590056193,0.0,100.0,1.0
ea595ddf,2026-09-22T00:01:24.560991,NEU-DET,crazing,crazing_64.jpg,4x4,4,4,8,FRQI,1024,statevector,5,4,1,1092,705,384,"{""h"": 132, ""x"": 64, ""cx"": 384, ""tdg"": 192, ""t"": 256, ""ry"": 64}",0.0010881249909289,0.004157709001447,0.0,2.8125010430812836e-05,0.0067962920002173,1.868537232044496e-30,100.0,1.0000000000000042
bd658465,2026-09-22T00:01:24.567802,NEU-DET,crazing,crazing_64.jpg,4x4,4,4,8,NEQR,1024,statevector,12,4,8,130,90,62,"{""h"": 4, ""x"": 64, ""mcx"": 62}",0.0009428749908693,0.0009166250092675,0.0,0.0002411250025033,0.0025917500024661,0.0,100.0,1.0
6dacd054,2026-09-22T00:01:24.570961,NEU-DET,crazing,crazing_65.jpg,4x4,4,4,8,FRQI,1024,statevector,5,4,1,1092,705,384,"{""h"": 132, ""x"": 64, ""cx"": 384, ""tdg"": 192, ""t"": 256, ""ry"": 64}",0.0009691669984022,0.004318459003116,0.0,2.991700603161007e-05,0.0068741249997401,1.2741952512065952e-30,100.0,1.0000000000000089
793dd5c4,2026-09-22T00:01:24.577855,NEU-DET,crazing,crazing_65.jpg,4x4,4,4,8,NEQR,1024,statevector,12,4,8,127,87,59,"{""h"": 4, ""x"": 64, ""mcx"": 59}",0.0007828749949112,0.0009469170036027,0.0,0.0002412080066278,0.0023957090015755,0.0,100.0,1.0
73b377ba,2026-09-22T00:01:24.580792,NEU-DET,crazing,crazing_66.jpg,4x4,4,4,8,FRQI,1024,statevector,5,4,1,1092,705,384,"{""h"": 132, ""x"": 64, ""cx"": 384, ""tdg"": 192, ""t"": 256, ""ry"": 64}",0.0009937499999068,0.0041457500046817,0.0,2.9125003493390977e-05,0.0067536249989643,1.7487443895036098e-30,100.0,1.000000000000003
3c70c6fb,2026-09-22T00:01:24.587564,NEU-DET,crazing,crazing_66.jpg,4x4,4,4,8,NEQR,1024,statevector,12,4,8,130,90,62,"{""h"": 4, ""x"": 64, ""mcx"": 62}",0.0008722909988136,0.0009424580057384,0.0,0.0002404999977443,0.0024829160101944,0.0,100.0,1.0
17990ea2,2026-09-22T00:01:24.590567,NEU-DET,crazing,crazing_67.jpg,4x4,4,4,8,FRQI,1024,statevector,5,4,1,1092,705,384,"{""h"": 132, ""x"": 64, ""cx"": 384, ""tdg"": 192, ""t"": 256, ""ry"": 64}",0.0010478749900357,0.0041950830054702,0.0,3.025001205969602e-05,0.0070965830091154,1.6678553318393462e-30,100.0,1.000000000000005
e5e188c4,2026-09-22T00:01:24.597689,NEU-DET,crazing,crazing_67.jpg,4x4,4,4,8,NEQR,1024,statevector,12,4,8,144,104,76,"{""h"": 4, ""x"": 64, ""mcx"": 76}",0.0011022079997928,0.0010250420018564,0.0,0.0002339589991606,0.0030198750027921,0.0,100.0,1.0
473c8ac0,2026-09-22T00:01:24.601234,NEU-DET,crazing,crazing_68.jpg,4x4,4,4,8,FRQI,1024,statevector,5,4,1,1092,705,384,"{""h"": 132, ""x"": 64, ""cx"": 384, ""tdg"": 192, ""t"": 256, ""ry"": 64}",0.0009684999968158,0.0041431249992456,0.0,2.8417009161785245e-05,0.0067103330075042,1.574929212022662e-30,100.0,0.9999999999999998
693b29a0,2026-09-22T00:01:24.607960,NEU-DET,crazing,crazing_68.jpg,4x4,4,4,8,NEQR,1024,statevector,12,4,8,132,92,64,"{""h"": 4, ""x"": 64, ""mcx"": 64}",0.0009004580060718,0.001026207988616,0.0,0.0002602500026114,0.0026534999924479,0.0,100.0,1.0
73f33c2a,2026-09-22T00:01:24.611156,NEU-DET,crazing,crazing_69.jpg,4x4,4,4,8,FRQI,1024,statevector,5,4,1,1092,705,384,"{""h"": 132, ""x"": 64, ""cx"": 384, ""tdg"": 192, ""t"": 256, ""ry"": 64}",0.0009609590051695,0.0041741250024642,0.0,2.804200630635023e-05,0.0067195000010542,9.26757489239138e-31,100.0,1.0000000000000009
946030c3,2026-09-22T00:01:24.617890,NEU-DET,crazing,crazing_69.jpg,4x4,4,4,8,NEQR,1024,statevector,12,4,8,132,92,64,"{""h"": 4, ""x"": 64, ""mcx"": 64}",0.0008918340026866,0.0009274579933844,0.0,0.0002409159933449,0.0024880829878384,0.0,100.0,1.0
3b626d79,2026-09-22T00:01:24.620988,NEU-DET,crazing,crazing_7.jpg,4x4,4,4,8,FRQI,1024,statevector,5,4,1,1092,705,384,"{""h"": 132, ""x"": 64, ""cx"": 384, ""tdg"": 192, ""t"": 256, ""ry"": 64}",0.0010069999989354,0.0042156670097028,0.0,3.1791001674719155e-05,0.0068154170003253,1.2741952512065952e-30,100.0,1.0000000000000138
65c62719,2026-09-22T00:01:24.627823,NEU-DET,crazing,crazing_7.jpg,4x4,4,4,8,NEQR,1024,statevector,12,4,8,145,105,77,"{""h"": 4, ""x"": 64, ""mcx"": 77}",0.0009507500071777,0.0010477499890839,0.0,0.0002405829873168,0.0027267080004094,0.0,100.0,1.0
5a18f2b9,2026-09-22T00:01:24.631137,NEU-DET,crazing,crazing_70.jpg,4x4,4,4,8,FRQI,1024,statevector,5,4,1,1092,705,384,"{""h"": 132, ""x"": 64, ""cx"": 384, ""tdg"": 192, ""t"": 256, ""ry"": 64}",0.0011643750040093,0.0041081249946728,0.0,2.9999995604157448e-05,0.0069214999966789,7.880905332432569e-31,100.0,0.9999999999999972
cdea14b6,2026-09-22T00:01:24.638079,NEU-DET,crazing,crazing_70.jpg,4x4,4,4,8,NEQR,1024,statevector,12,4,8,133,93,65,"{""h"": 4, ""x"": 64, ""mcx"": 65}",0.0008471659966744,0.0009514999983366,0.0,0.0002423749974695,0.0025053749996004,0.0,100.0,1.0
8f2c05da,2026-09-22T00:01:24.641116,NEU-DET,crazing,crazing_71.jpg,4x4,4,4,8,FRQI,1024,statevector,5,4,1,1092,705,384,"{""h"": 132, ""x"": 64, ""cx"": 384, ""tdg"": 192, ""t"": 256, ""ry"": 64}",0.0009885420004138,0.0041370420076418,0.0,3.037499845959246e-05,0.0067300829978194,7.511126783110221e-31,100.0,1.0000000000000322
7f7ae300,2026-09-22T00:01:24.647865,NEU-DET,crazing,crazing_71.jpg,4x4,4,4,8,NEQR,1024,statevector,12,4,8,137,97,69,"{""h"": 4, ""x"": 64, ""mcx"": 69}",0.0009643329976825,0.0009658339986344,0.0,0.0002413340116618,0.0026279160083504,0.0,100.0,1.0
c2dbd4d2,2026-09-22T00:01:24.651027,NEU-DET,crazing,crazing_72.jpg,4x4,4,4,8,FRQI,1024,statevector,5,4,1,1092,705,384,"{""h"": 132, ""x"": 64, ""cx"": 384, ""tdg"": 192, ""t"": 256, ""ry"": 64}",0.0009478340070927,0.0041557499935152,0.0,2.9582995921373367e-05,0.0066787919931812,1.8460038516951656e-30,100.0,1.000000000000005
aeba6209,2026-09-22T00:01:24.657721,NEU-DET,crazing,crazing_72.jpg,4x4,4,4,8,NEQR,1024,statevector,12,4,8,126,86,58,"{""h"": 4, ""x"": 64, ""mcx"": 58}",0.0008952080097515,0.0008924169960664,0.0,0.0002345419925404,0.0025002079928526,0.0,100.0,1.0
5b9ebcca,2026-09-22T00:01:24.660842,NEU-DET,crazing,crazing_73.jpg,4x4,4,4,8,FRQI,1024,statevector,5,4,1,1092,705,384,"{""h"": 132, ""x"": 64, ""cx"": 384, ""tdg"": 192, ""t"": 256, ""ry"": 64}",0.0009718329965835,0.004208791986457,0.0,3.2500000088475645e-05,0.006773917004466,2.5949980070673616e-30,100.0,1.0000000000000022
2824e0d9,2026-09-22T00:01:24.667633,NEU-DET,crazing,crazing_73.jpg,4x4,4,4,8,NEQR,1024,statevector,12,4,8,127,87,59,"{""h"": 4, ""x"": 64, ""mcx"": 59}",0.0007820839964551,0.0009375420049764,0.0,0.0002494999935152,0.0024258750054286,0.0,100.0,1.0
1470ef57,2026-09-22T00:01:24.670625,NEU-DET,crazing,crazing_74.jpg,4x4,4,4,8,FRQI,1024,statevector,5,4,1,1092,705,384,"{""h"": 132, ""x"": 64, ""cx"": 384, ""tdg"": 192, ""t"": 256, ""ry"": 64}",0.0010440420010127,0.0042491250060265,0.0,3.170799755025655e-05,0.006895667000208,1.8976187742047435e-30,100.0,1.0000000000000018
d0abf8c9,2026-09-22T00:01:24.677544,NEU-DET,crazing,crazing_74.jpg,4x4,4,4,8,NEQR,1024,statevector,12,4,8,134,94,66,"{""h"": 4, ""x"": 64, ""mcx"": 66}",0.0011077910021413,0.000975709001068,0.0,0.0002392919996054,0.0028432499966584,0.0,100.0,1.0
ce264ccd,2026-09-22T00:01:24.681006,NEU-DET,crazing,crazing_75.jpg,4x4,4,4,8,FRQI,1024,statevector,5,4,1,1092,705,384,"{""h"": 132, ""x"": 64, ""cx"": 384, ""tdg"": 192, ""t"": 256, ""ry"": 64}",0.0010720409918576,0.0041659169946797,0.0,3.054099215660244e-05,0.0068544999958248,1.5881218321417147e-30,100.0,1.0000000000000004
cd28e6e7,2026-09-22T00:01:24.687877,NEU-DET,crazing,crazing_75.jpg,4x4,4,4,8,NEQR,1024,statevector,12,4,8,131,91,63,"{""h"": 4, ""x"": 64, ""mcx"": 63}",0.0008297500025946,0.0009258329955628,0.0,0.0002382910024607,0.0024357920046895,0.0,100.0,1.0
024e15aa,2026-09-22T00:01:24.690841,NEU-DET,crazing,crazing_76.jpg,4x4,4,4,8,FRQI,1024,statevector,5,4,1,1092,705,384,"{""h"": 132, ""x"": 64, ""cx"": 384, ""tdg"": 192, ""t"": 256, ""ry"": 64}",0.000976499999524,0.0041495000041322,0.0,2.991600194945931e-05,0.0067375420039752,1.9788930178578852e-30,100.0,1.0000000000000075
98568e58,2026-09-22T00:01:24.697597,NEU-DET,crazing,crazing_76.jpg,4x4,4,4,8,NEQR,1024,statevector,12,4,8,133,93,65,"{""h"": 4, ""x"": 64, ""mcx"": 65}",0.000999584008241,0.0009445420000702,0.0,0.0002492080093361,0.0026435000036144,0.0,100.0,1.0
14b08f3f,2026-09-22T00:01:24.700780,NEU-DET,crazing,crazing_77.jpg,4x4,4,4,8,FRQI,1024,statevector,5,4,1,1092,705,384,"{""h"": 132, ""x"": 64, ""cx"": 384, ""tdg"": 192, ""t"": 256, ""ry"": 64}",0.0009840419952524,0.004162291996181,0.0,2.87910079350695e-05,0.0067224579979665,2.0362857302006245e-30,100.0,1.0000000000000004
e5d896bb,2026-09-22T00:01:24.707519,NEU-DET,crazing,crazing_77.jpg,4x4,4,4,8,NEQR,1024,statevector,12,4,8,120,80,52,"{""h"": 4, ""x"": 64, ""mcx"": 52}",0.0007797500002197,0.0008467080042464,0.0,0.0002351660077692,0.0023528750025434,0.0,100.0,1.0
9c0777d0,2026-09-22T00:01:24.710431,NEU-DET,crazing,crazing_78.jpg,4x4,4,4,8,FRQI,1024,statevector,5,4,1,1092,705,384,"{""h"": 132, ""x"": 64, ""cx"": 384, ""tdg"": 192, ""t"": 256, ""ry"": 64}",0.0009964999917428,0.0041414169972995,0.0,3.2790994737297297e-05,0.0067253329907543,1.1709654061874394e-30,100.0,1.0
6102b4c7,2026-09-22T00:01:24.717175,NEU-DET,crazing,crazing_78.jpg,4x4,4,4,8,NEQR,1024,statevector,12,4,8,136,96,68,"{""h"": 4, ""x"": 64, ""mcx"": 68}",0.0008654579869471,0.001012124994304,0.0,0.0002417910000076,0.0025929170078597,0.0,100.0,1.0
fca3a2eb,2026-09-22T00:01:24.720336,NEU-DET,crazing,crazing_79.jpg,4x4,4,4,8,FRQI,1024,statevector,5,4,1,1092,705,384,"{""h"": 132, ""x"": 64, ""cx"": 384, ""tdg"": 192, ""t"": 256, ""ry"": 64}",0.0010392920084996,0.0042405419953865,0.0,2.9916991479694843e-05,0.0068833330005872,1.3157953380053595e-30,100.0,0.9999999999999606
d50349b3,2026-09-22T00:01:24.727241,NEU-DET,crazing,crazing_79.jpg,4x4,4,4,8,NEQR,1024,statevector,12,4,8,128,88,60,"{""h"": 4, ""x"": 64, ""mcx"": 60}",0.0007966249977471,0.0009547090012347,0.0,0.0002432499895803,0.0024258749908767,0.0,100.0,1.0
74c84fdc,2026-09-22T00:01:24.730220,NEU-DET,crazing,crazing_8.jpg,4x4,4,4,8,FRQI,1024,statevector,5,4,1,1092,705,384,"{""h"": 132, ""x"": 64, ""cx"": 384, ""tdg"": 192, ""t"": 256, ""ry"": 64}",0.0010122910025529,0.0040867089992389,0.0,3.024999750778079e-05,0.0066823750094044,1.791307441274568e-30,100.0,1.0000000000000036
471c4931,2026-09-22T00:01:24.736920,NEU-DET,crazing,crazing_8.jpg,4x4,4,4,8,NEQR,1024,statevector,12,4,8,133,93,65,"{""h"": 4, ""x"": 64, ""mcx"": 65}",0.0008439170051133,0.0009618330077501,0.0,0.0002391669986536,0.0024985420022858,0.0,100.0,1.0
af869e6a,2026-09-22T00:01:24.739990,NEU-DET,crazing,crazing_80.jpg,4x4,4,4,8,FRQI,1024,statevector,5,4,1,1092,705,384,"{""h"": 132, ""x"": 64, ""cx"": 384, ""tdg"": 192, ""t"": 256, ""ry"": 64}",0.001003125013085,0.0041327090002596,0.0,3.091699909418821e-05,0.0068023339990759,1.5509995324636509e-30,100.0,1.000000000000003
49a738a2,2026-09-22T00:01:24.746812,NEU-DET,crazing,crazing_80.jpg,4x4,4,4,8,NEQR,1024,statevector,12,4,8,135,95,67,"{""h"": 4, ""x"": 64, ""mcx"": 67}",0.0009196659957524,0.0009617499890737,0.0,0.0002370419970247,0.0025776660040719,0.0,100.0,1.0
f79603ff,2026-09-22T00:01:24.749943,NEU-DET,crazing,crazing_81.jpg,4x4,4,4,8,FRQI,1024,statevector,5,4,1,1092,705,384,"{""h"": 132, ""x"": 64, ""cx"": 384, ""tdg"": 192, ""t"": 256, ""ry"": 64}",0.0009770420001586,0.0041366670047864,0.0,3.295800706837326e-05,0.0069946669973433,1.078520768856852e-30,100.0,0.9999999999999958
dc77ab27,2026-09-22T00:01:24.756961,NEU-DET,crazing,crazing_81.jpg,4x4,4,4,8,NEQR,1024,statevector,12,4,8,136,96,68,"{""h"": 4, ""x"": 64, ""mcx"": 68}",0.0011369590065442,0.001277375005884,0.0,0.0003554169961716,0.0033990840020123,0.0,100.0,1.0
49a97f6d,2026-09-22T00:01:24.761016,NEU-DET,crazing,crazing_82.jpg,4x4,4,4,8,FRQI,1024,statevector,5,4,1,1092,705,384,"{""h"": 132, ""x"": 64, ""cx"": 384, ""tdg"": 192, ""t"": 256, ""ry"": 64}",0.0013029160036239,0.0042492909997235,0.0,3.0291994335129857e-05,0.0071802080055931,1.802477834952014e-30,100.0,1.000000000000003
dde415fa,2026-09-22T00:01:24.768213,NEU-DET,crazing,crazing_82.jpg,4x4,4,4,8,NEQR,1024,statevector,12,4,8,128,88,60,"{""h"": 4, ""x"": 64, ""mcx"": 60}",0.000782834002166,0.0119612499984214,0.0,0.0002336250036023,0.0134068339975783,0.0,100.0,1.0
45b2aacf,2026-09-22T00:01:24.782313,NEU-DET,crazing,crazing_83.jpg,4x4,4,4,8,FRQI,1024,statevector,5,4,1,1092,705,384,"{""h"": 132, ""x"": 64, ""cx"": 384, ""tdg"": 192, ""t"": 256, ""ry"": 64}",0.0009929160005412,0.0041264580067945,0.0,3.2167008612304926e-05,0.0067460419959388,8.89009262329148e-31,100.0,0.9999999999999696
2eecd441,2026-09-22T00:01:24.789079,NEU-DET,crazing,crazing_83.jpg,4x4,4,4,8,NEQR,1024,statevector,12,4,8,139,99,71,"{""h"": 4, ""x"": 64, ""mcx"": 71}",0.0009127090015681,0.0010360419983044,0.0,0.0002617080026539,0.0027619580068858,0.0,100.0,1.0
e2468a61,2026-09-22T00:01:24.792445,NEU-DET,crazing,crazing_84.jpg,4x4,4,4,8,FRQI,1024,statevector,5,4,1,1092,705,384,"{""h"": 132, ""x"": 64, ""cx"": 384, ""tdg"": 192, ""t"": 256, ""ry"": 64}",0.0009934999980032,0.0041419159970246,0.0,3.420800203457475e-05,0.0067469170026015,1.1070245320337832e-30,100.0,1.0000000000000122
d7a8f2a5,2026-09-22T00:01:24.799209,NEU-DET,crazing,crazing_84.jpg,4x4,4,4,8,NEQR,1024,statevector,12,4,8,144,104,76,"{""h"": 4, ""x"": 64, ""mcx"": 76}",0.0009847090113908,0.0010248339967802,0.0,0.0002449169987812,0.0027879580011358,0.0,100.0,1.0
680e812b,2026-09-22T00:01:24.802542,NEU-DET,crazing,crazing_85.jpg,4x4,4,4,8,FRQI,1024,statevector,5,4,1,1092,705,384,"{""h"": 132, ""x"": 64, ""cx"": 384, ""tdg"": 192, ""t"": 256, ""ry"": 64}",0.0009539579914417,0.0042098330013686,0.0,3.125000512227416e-05,0.0067326669959584,1.9656041012416133e-30,100.0,1.0000000000000069
80103567,2026-09-22T00:01:24.809295,NEU-DET,crazing,crazing_85.jpg,4x4,4,4,8,NEQR,1024,statevector,12,4,8,120,80,52,"{""h"": 4, ""x"": 64, ""mcx"": 52}",0.0008081249980023,0.000877540995134,0.0,0.0002378750068601,0.0023689160007052,0.0,100.0,1.0
92d9a635,2026-09-22T00:01:24.812184,NEU-DET,crazing,crazing_86.jpg,4x4,4,4,8,FRQI,1024,statevector,5,4,1,1092,705,384,"{""h"": 132, ""x"": 64, ""cx"": 384, ""tdg"": 192, ""t"": 256, ""ry"": 64}",0.001017957998556,0.0041409999976167,0.0,2.8708003810606897e-05,0.0067462090082699,1.3620176566706532e-30,100.0,0.999999999999996
d64b9e87,2026-09-22T00:01:24.818951,NEU-DET,crazing,crazing_86.jpg,4x4,4,4,8,NEQR,1024,statevector,12,4,8,133,93,65,"{""h"": 4, ""x"": 64, ""mcx"": 65}",0.0008343750087078,0.0009337919909739,0.0,0.0002418749936623,0.0024300000077346,0.0,100.0,1.0
d1639fa8,2026-09-22T00:01:24.821962,NEU-DET,crazing,crazing_87.jpg,4x4,4,4,8,FRQI,1024,statevector,5,4,1,1092,705,384,"{""h"": 132, ""x"": 64, ""cx"": 384, ""tdg"": 192, ""t"": 256, ""ry"": 64}",0.0010575409978628,0.0042028329917229,0.0,2.9040995286777616e-05,0.0068726250028703,1.4860475450891912e-30,100.0,1.000000000000001
caa9a7ca,2026-09-22T00:01:24.828855,NEU-DET,crazing,crazing_87.jpg,4x4,4,4,8,NEQR,1024,statevector,12,4,8,126,86,58,"{""h"": 4, ""x"": 64, ""mcx"": 58}",0.0009037080017151,0.0009169999975711,0.0,0.0002422079996904,0.0025679999962449,0.0,100.0,1.0
cb4d931d,2026-09-22T00:01:24.831970,NEU-DET,crazing,crazing_88.jpg,4x4,4,4,8,FRQI,1024,statevector,5,4,1,1092,705,384,"{""h"": 132, ""x"": 64, ""cx"": 384, ""tdg"": 192, ""t"": 256, ""ry"": 64}",0.0009942080068867,0.004174542002147,0.0,2.8709007892757658e-05,0.0067901670117862,1.2310544204523212e-30,100.0,0.9999999999999664
d1665a37,2026-09-22T00:01:24.838777,NEU-DET,crazing,crazing_88.jpg,4x4,4,4,8,NEQR,1024,statevector,12,4,8,134,94,66,"{""h"": 4, ""x"": 64, ""mcx"": 66}",0.0009126249933615,0.0009607499960111,0.0,0.0002419999946141,0.0025989999994635,0.0,100.0,1.0
f356af7b,2026-09-22T00:01:24.841889,NEU-DET,crazing,crazing_89.jpg,4x4,4,4,8,FRQI,1024,statevector,5,4,1,1092,705,384,"{""h"": 132, ""x"": 64, ""cx"": 384, ""tdg"": 192, ""t"": 256, ""ry"": 64}",0.0011002499959431,0.0044129580055596,0.0,3.229199501220137e-05,0.0071501670026918,2.2478009863429526e-30,100.0,0.9999999999999996
39bf0342,2026-09-22T00:01:24.849061,NEU-DET,crazing,crazing_89.jpg,4x4,4,4,8,NEQR,1024,statevector,12,4,8,135,95,67,"{""h"": 4, ""x"": 64, ""mcx"": 67}",0.0009122079936787,0.0009799589897738,0.0,0.0002364590036449,0.0026599999982863,0.0,100.0,1.0
8184b715,2026-09-22T00:01:24.852258,NEU-DET,crazing,crazing_9.jpg,4x4,4,4,8,FRQI,1024,statevector,5,4,1,1092,705,384,"{""h"": 132, ""x"": 64, ""cx"": 384, ""tdg"": 192, ""t"": 256, ""ry"": 64}",0.0009752500045578,0.0042102919978788,0.0,3.024999750778079e-05,0.0067780000099446,1.0463577387855852e-30,100.0,1.0000000000000089
4c066baa,2026-09-22T00:01:24.859052,NEU-DET,crazing,crazing_9.jpg,4x4,4,4,8,NEQR,1024,statevector,12,4,8,138,98,70,"{""h"": 4, ""x"": 64, ""mcx"": 70}",0.0009946670033968,0.0010712090006563,0.0,0.0002544169983593,0.0028199170046718,0.0,100.0,1.0
6a9217a1,2026-09-22T00:01:24.862433,NEU-DET,crazing,crazing_90.jpg,4x4,4,4,8,FRQI,1024,statevector,5,4,1,1092,705,384,"{""h"": 132, ""x"": 64, ""cx"": 384, ""tdg"": 192, ""t"": 256, ""ry"": 64}",0.0009482500026933,0.004141208002693,0.0,2.8291993658058345e-05,0.0066962080018129,1.816344530551602e-30,100.0,0.9999999999999938
fed56917,2026-09-22T00:01:24.869147,NEU-DET,crazing,crazing_90.jpg,4x4,4,4,8,NEQR,1024,statevector,12,4,8,132,92,64,"{""h"": 4, ""x"": 64, ""mcx"": 64}",0.000828125004773,0.0009497080027358,0.0,0.000243375005084,0.0024472919903928,0.0,100.0,1.0
81fa637a,2026-09-22T00:01:24.872123,NEU-DET,crazing,crazing_91.jpg,4x4,4,4,8,FRQI,1024,statevector,5,4,1,1092,705,384,"{""h"": 132, ""x"": 64, ""cx"": 384, ""tdg"": 192, ""t"": 256, ""ry"": 64}",0.0010395420104032,0.0042375000048195,0.0,2.8250011382624507e-05,0.0068575409968616,1.2472322319851741e-30,100.0,0.9999999999999872
3b93efda,2026-09-22T00:01:24.878997,NEU-DET,crazing,crazing_91.jpg,4x4,4,4,8,NEQR,1024,statevector,12,4,8,140,100,72,"{""h"": 4, ""x"": 64, ""mcx"": 72}",0.000900167011423,0.0010086249967571,0.0,0.0002456249931128,0.0026062079996336,0.0,100.0,1.0
bac5fbb1,2026-09-22T00:01:24.882132,NEU-DET,crazing,crazing_92.jpg,4x4,4,4,8,FRQI,1024,statevector,5,4,1,1092,705,384,"{""h"": 132, ""x"": 64, ""cx"": 384, ""tdg"": 192, ""t"": 256, ""ry"": 64}",0.0010116659977938,0.00409945800493,0.0,2.9791000997647643e-05,0.0067418329999782,1.3258101737161732e-30,100.0,0.9999999999999432
56355225,2026-09-22T00:01:24.888892,NEU-DET,crazing,crazing_92.jpg,4x4,4,4,8,NEQR,1024,statevector,12,4,8,132,92,64,"{""h"": 4, ""x"": 64, ""mcx"": 64}",0.0009847920009633,0.0009384590084664,0.0,0.0002811659942381,0.0027213749999646,0.0,100.0,1.0
71255874,2026-09-22T00:01:24.892141,NEU-DET,crazing,crazing_93.jpg,4x4,4,4,8,FRQI,1024,statevector,5,4,1,1092,705,384,"{""h"": 132, ""x"": 64, ""cx"": 384, ""tdg"": 192, ""t"": 256, ""ry"": 64}",0.0009612919966457,0.0041303329926449,0.0,2.837499778252095e-05,0.0067079169966746,1.5130105643106125e-30,100.0,0.9999999999999792
15e86b57,2026-09-22T00:01:24.898867,NEU-DET,crazing,crazing_93.jpg,4x4,4,4,8,NEQR,1024,statevector,12,4,8,131,91,63,"{""h"": 4, ""x"": 64, ""mcx"": 63}",0.0008811659936327,0.0009697500063339,0.0,0.0002406249986961,0.0025445000064792,0.0,100.0,1.0
4ee57f55,2026-09-22T00:01:24.901941,NEU-DET,crazing,crazing_94.jpg,4x4,4,4,8,FRQI,1024,statevector,5,4,1,1092,705,384,"{""h"": 132, ""x"": 64, ""cx"": 384, ""tdg"": 192, ""t"": 256, ""ry"": 64}",0.0009638330084271,0.0042294159939046,0.0,3.2917014323174953e-05,0.006794875007472,1.811240816198976e-30,100.0,0.9999999999999998
dd393d0b,2026-09-22T00:01:24.908755,NEU-DET,crazing,crazing_94.jpg,4x4,4,4,8,NEQR,1024,statevector,12,4,8,130,90,62,"{""h"": 4, ""x"": 64, ""mcx"": 62}",0.0008037499937927,0.0009395420056534,0.0,0.0002390000008745,0.0025726659951033,0.0,100.0,1.0
4a024078,2026-09-22T00:01:24.911845,NEU-DET,crazing,crazing_95.jpg,4x4,4,4,8,FRQI,1024,statevector,5,4,1,1092,705,384,"{""h"": 132, ""x"": 64, ""cx"": 384, ""tdg"": 192, ""t"": 256, ""ry"": 64}",0.0009494580008322,0.0041075830085901,0.0,3.024999750778079e-05,0.0066449580044718,1.7329517639596348e-30,100.0,1.00000000000001
ff4334e6,2026-09-22T00:01:24.918509,NEU-DET,crazing,crazing_95.jpg,4x4,4,4,8,NEQR,1024,statevector,12,4,8,137,97,69,"{""h"": 4, ""x"": 64, ""mcx"": 69}",0.001034790999256,0.0010251670028083,0.0,0.0002339579950785,0.0028302499995334,0.0,100.0,1.0
72c2e6af,2026-09-22T00:01:24.921873,NEU-DET,crazing,crazing_96.jpg,4x4,4,4,8,FRQI,1024,statevector,5,4,1,1092,705,384,"{""h"": 132, ""x"": 64, ""cx"": 384, ""tdg"": 192, ""t"": 256, ""ry"": 64}",0.001261749988771,0.0042859579989453,0.0,3.05419962387532e-05,0.0071584590041311,1.2325951644078311e-30,100.0,1.0000000000000098
0ab2a01a,2026-09-22T00:01:24.929051,NEU-DET,crazing,crazing_96.jpg,4x4,4,4,8,NEQR,1024,statevector,12,4,8,133,93,65,"{""h"": 4, ""x"": 64, ""mcx"": 65}",0.0008518329996149,0.0009784580033738,0.0,0.00023695800337,0.0025066670059459,0.0,100.0,1.0
cdfa7d38,2026-09-22T00:01:24.932121,NEU-DET,crazing,crazing_97.jpg,4x4,4,4,8,FRQI,1024,statevector,5,4,1,1092,705,384,"{""h"": 132, ""x"": 64, ""cx"": 384, ""tdg"": 192, ""t"": 256, ""ry"": 64}",0.0010322500020265,0.0042144170001847,0.0,2.8874987037852407e-05,0.0068591669987654,1.4544622940012403e-30,100.0,1.0
7fb6ded6,2026-09-22T00:01:24.938997,NEU-DET,crazing,crazing_97.jpg,4x4,4,4,8,NEQR,1024,statevector,12,4,8,124,84,56,"{""h"": 4, ""x"": 64, ""mcx"": 56}",0.0007475000020349,0.0008611669909441,0.0,0.0002366669941693,0.002238542001578,0.0,100.0,1.0
d78c10a7,2026-09-22T00:01:24.941797,NEU-DET,crazing,crazing_98.jpg,4x4,4,4,8,FRQI,1024,statevector,5,4,1,1092,705,384,"{""h"": 132, ""x"": 64, ""cx"": 384, ""tdg"": 192, ""t"": 256, ""ry"": 64}",0.0009543329942971,0.0042146670020883,0.0,3.4249998861923814e-05,0.006801291994634,1.6613071700284296e-30,100.0,0.9999999999999964
99a53e07,2026-09-22T00:01:24.948613,NEU-DET,crazing,crazing_98.jpg,4x4,4,4,8,NEQR,1024,statevector,12,4,8,135,95,67,"{""h"": 4, ""x"": 64, ""mcx"": 67}",0.0009826250025071,0.0009716670028865,0.0,0.0002381660015089,0.0027153340051881,0.0,100.0,1.0
a58a91f6,2026-09-22T00:01:24.951808,NEU-DET,crazing,crazing_99.jpg,4x4,4,4,8,FRQI,1024,statevector,5,4,1,1092,705,384,"{""h"": 132, ""x"": 64, ""cx"": 384, ""tdg"": 192, ""t"": 256, ""ry"": 64}",0.0009538340091239,0.0042012920021079,0.0,3.104099596384913e-05,0.0067620419868035,1.7733962927917668e-30,100.0,1.0000000000000029
7b390b0a,2026-09-22T00:01:24.958589,NEU-DET,crazing,crazing_99.jpg,4x4,4,4,8,NEQR,1024,statevector,12,4,8,130,90,62,"{""h"": 4, ""x"": 64, ""mcx"": 62}",0.0008941670093918,0.000940249999985,0.0,0.0002358329948037,0.0025366669869981,0.0,100.0,1.0
835ca677,2026-09-22T00:01:24.961950,NEU-DET,inclusion,inclusion_1.jpg,4x4,4,4,8,FRQI,1024,statevector,5,4,1,1092,705,384,"{""h"": 132, ""x"": 64, ""cx"": 384, ""tdg"": 192, ""t"": 256, ""ry"": 64}",0.0009779169922694,0.0041827500099316,0.0,3.0166993383318182e-05,0.0067574580025393,2.4844496282595343e-30,100.0,0.9999999999999886
72fbde1b,2026-09-22T00:01:24.968722,NEU-DET,inclusion,inclusion_1.jpg,4x4,4,4,8,NEQR,1024,statevector,12,4,8,130,90,62,"{""h"": 4, ""x"": 64, ""mcx"": 62}",0.0008203749894164,0.0009516660065855,0.0,0.000237250002101,0.002505625001504,0.0,100.0,1.0
fc807b0f,2026-09-22T00:01:24.971602,NEU-DET,inclusion,inclusion_10.jpg,4x4,4,4,8,FRQI,1024,statevector,5,4,1,1092,705,384,"{""h"": 132, ""x"": 64, ""cx"": 384, ""tdg"": 192, ""t"": 256, ""ry"": 64}",0.0011213329999009,0.0043046250066254,0.0,3.716700302902609e-05,0.0070281670050462,1.7005961408939293e-30,100.0,0.9999999999999776
978f796c,2026-09-22T00:01:24.978653,NEU-DET,inclusion,inclusion_10.jpg,4x4,4,4,8,NEQR,1024,statevector,12,4,8,131,91,63,"{""h"": 4, ""x"": 64, ""mcx"": 63}",0.0009697500063339,0.0009786250011529,0.0,0.00023799999326,0.0027583329938352,0.0,100.0,1.0
6afdaed3,2026-09-22T00:01:24.981863,NEU-DET,inclusion,inclusion_100.jpg,4x4,4,4,8,FRQI,1024,statevector,5,4,1,1092,705,384,"{""h"": 132, ""x"": 64, ""cx"": 384, ""tdg"": 192, ""t"": 256, ""ry"": 64}",0.0010726250038715,0.0042084589949809,0.0,3.079199814237654e-05,0.0069162500003585,1.688847968233167e-30,100.0,0.9999999999999964
0f14992e,2026-09-22T00:01:24.988800,NEU-DET,inclusion,inclusion_100.jpg,4x4,4,4,8,NEQR,1024,statevector,12,4,8,133,93,65,"{""h"": 4, ""x"": 64, ""mcx"": 65}",0.0008436249918304,0.0010084579989779,0.0,0.0002433330082567,0.0025782080047065,0.0,100.0,1.0
dd351455,2026-09-22T00:01:24.991809,NEU-DET,inclusion,inclusion_101.jpg,4x4,4,4,8,FRQI,1024,statevector,5,4,1,1092,705,384,"{""h"": 132, ""x"": 64, ""cx"": 384, ""tdg"": 192, ""t"": 256, ""ry"": 64}",0.00105037499452,0.0041464999958407,0.0,3.416600520722568e-05,0.0068265829904703,2.4988941028424385e-30,100.0,0.9999999999999988
d65a5b6d,2026-09-22T00:01:24.998655,NEU-DET,inclusion,inclusion_101.jpg,4x4,4,4,8,NEQR,1024,statevector,12,4,8,129,89,61,"{""h"": 4, ""x"": 64, ""mcx"": 61}",0.0008200829906854,0.0009343749989056,0.0,0.0002395420015091,0.0027837080124299,0.0,100.0,1.0
19aaf76a,2026-09-22T00:01:25.001858,NEU-DET,inclusion,inclusion_102.jpg,4x4,4,4,8,FRQI,1024,statevector,5,4,1,1092,705,384,"{""h"": 132, ""x"": 64, ""cx"": 384, ""tdg"": 192, ""t"": 256, ""ry"": 64}",0.0009714579937281,0.0042532499937806,0.0,3.012499655596912e-05,0.0068343330058269,2.3267159658142196e-30,100.0,1.0000000000000042
cf783157,2026-09-22T00:01:25.008709,NEU-DET,inclusion,inclusion_102.jpg,4x4,4,4,8,NEQR,1024,statevector,12,4,8,135,95,67,"{""h"": 4, ""x"": 64, ""mcx"": 67}",0.0009206249960698,0.0009839580015977,0.0,0.0002535829989938,0.0026002090016845,0.0,100.0,1.0
bc63e1b7,2026-09-22T00:01:25.011689,NEU-DET,inclusion,inclusion_103.jpg,4x4,4,4,8,FRQI,1024,statevector,5,4,1,1092,705,384,"{""h"": 132, ""x"": 64, ""cx"": 384, ""tdg"": 192, ""t"": 256, ""ry"": 64}",0.0010005829972214,0.0042057079990627,0.0,2.895799116231501e-05,0.0068246669979998,1.8710409409721996e-30,100.0,1.0000000000000009
6a3c7331,2026-09-22T00:01:25.018530,NEU-DET,inclusion,inclusion_103.jpg,4x4,4,4,8,NEQR,1024,statevector,12,4,8,124,84,56,"{""h"": 4, ""x"": 64, ""mcx"": 56}",0.0007339580042753,0.0008745000086491,0.0,0.0002644170017447,0.0023413339949911,0.0,100.0,1.0
e90c08a6,2026-09-22T00:01:25.021239,NEU-DET,inclusion,inclusion_104.jpg,4x4,4,4,8,FRQI,1024,statevector,5,4,1,1092,705,384,"{""h"": 132, ""x"": 64, ""cx"": 384, ""tdg"": 192, ""t"": 256, ""ry"": 64}",0.0009597500029485,0.0041608750034356,0.0,3.1291987397708e-05,0.0067114590056007,2.053233913711232e-30,100.0,0.9999999999999888
7e885614,2026-09-22T00:01:25.027967,NEU-DET,inclusion,inclusion_104.jpg,4x4,4,4,8,NEQR,1024,statevector,12,4,8,133,93,65,"{""h"": 4, ""x"": 64, ""mcx"": 65}",0.0008833329920889,0.0009295420022681,0.0,0.0002472089981893,0.0025879579916363,0.0,100.0,1.0
192fc39b,2026-09-22T00:01:25.030939,NEU-DET,inclusion,inclusion_105.jpg,4x4,4,4,8,FRQI,1024,statevector,5,4,1,1092,705,384,"{""h"": 132, ""x"": 64, ""cx"": 384, ""tdg"": 192, ""t"": 256, ""ry"": 64}",0.0010262919968226,0.0041321659955428,0.0,2.8624999686144292e-05,0.0067460410064086,2.1081229171262684e-30,100.0,0.9999999999999972
97c0bd26,2026-09-22T00:01:25.037703,NEU-DET,inclusion,inclusion_105.jpg,4x4,4,4,8,NEQR,1024,statevector,12,4,8,134,94,66,"{""h"": 4, ""x"": 64, ""mcx"": 66}",0.0008561249997001,0.0009714999905554,0.0,0.0002367080014664,0.0025113750016316,0.0,100.0,1.0
4e22d7fc,2026-09-22T00:01:25.040591,NEU-DET,inclusion,inclusion_106.jpg,4x4,4,4,8,FRQI,1024,statevector,5,4,1,1092,705,384,"{""h"": 132, ""x"": 64, ""cx"": 384, ""tdg"": 192, ""t"": 256, ""ry"": 64}",0.0011040840036002,0.0041172499913955,0.0,2.908300666604191e-05,0.0068114999885438,2.7278871732300812e-30,100.0,1.000000000000003
113375ef,2026-09-22T00:01:25.047421,NEU-DET,inclusion,inclusion_106.jpg,4x4,4,4,8,NEQR,1024,statevector,12,4,8,128,88,60,"{""h"": 4, ""x"": 64, ""mcx"": 60}",0.0007924999954411,0.000916374992812,0.0,0.0002394170005572,0.002372084010858,0.0,100.0,1.0
82f64bac,2026-09-22T00:01:25.050226,NEU-DET,inclusion,inclusion_107.jpg,4x4,4,4,8,FRQI,1024,statevector,5,4,1,1092,705,384,"{""h"": 132, ""x"": 64, ""cx"": 384, ""tdg"": 192, ""t"": 256, ""ry"": 64}",0.0010095420002471,0.0040991249989019,0.0,3.1042000045999885e-05,0.0067384159920038,1.2512766848683871e-30,100.0,0.999999999999986
b73cf62e,2026-09-22T00:01:25.056982,NEU-DET,inclusion,inclusion_107.jpg,4x4,4,4,8,NEQR,1024,statevector,12,4,8,129,89,61,"{""h"": 4, ""x"": 64, ""mcx"": 61}",0.0008712089911568,0.0009587910026311,0.0,0.0002378750068601,0.002556541992817,0.0,100.0,1.0
97734463,2026-09-22T00:01:25.059935,NEU-DET,inclusion,inclusion_108.jpg,4x4,4,4,8,FRQI,1024,statevector,5,4,1,1092,705,384,"{""h"": 132, ""x"": 64, ""cx"": 384, ""tdg"": 192, ""t"": 256, ""ry"": 64}",0.0009946250065695,0.0041967500001192,0.0,2.929099719040096e-05,0.0068114169989712,2.5803609394900182e-30,100.0,0.9999999999999876
6fc1b3c7,2026-09-22T00:01:25.066765,NEU-DET,inclusion,inclusion_108.jpg,4x4,4,4,8,NEQR,1024,statevector,12,4,8,124,84,56,"{""h"": 4, ""x"": 64, ""mcx"": 56}",0.0007443329959642,0.0008894170023268,0.0,0.0002415829949313,0.0023546669981442,0.0,100.0,1.0
2ee5dae4,2026-09-22T00:01:25.069495,NEU-DET,inclusion,inclusion_109.jpg,4x4,4,4,8,FRQI,1024,statevector,5,4,1,1092,705,384,"{""h"": 132, ""x"": 64, ""cx"": 384, ""tdg"": 192, ""t"": 256, ""ry"": 64}",0.0009862090082606,0.0041973330080509,0.0,3.166700480505824e-05,0.0067882080038543,2.7105538037305957e-30,100.0,0.9999999999999984
c29a7e42,2026-09-22T00:01:25.076303,NEU-DET,inclusion,inclusion_109.jpg,4x4,4,4,8,NEQR,1024,statevector,12,4,8,125,85,57,"{""h"": 4, ""x"": 64, ""mcx"": 57}",0.0010408340021967,0.0009392089996254,0.0,0.0002352500014239,0.0027187079977011,0.0,100.0,1.0
8b01be12,2026-09-22T00:01:25.079388,NEU-DET,inclusion,inclusion_11.jpg,4x4,4,4,8,FRQI,1024,statevector,5,4,1,1092,705,384,"{""h"": 132, ""x"": 64, ""cx"": 384, ""tdg"": 192, ""t"": 256, ""ry"": 64}",0.001067208009772,0.0041525420092511,0.0,3.083300543949008e-05,0.006793042004574,2.5135311704197815e-30,100.0,0.9999999999999868
292c003e,2026-09-22T00:01:25.086197,NEU-DET,inclusion,inclusion_11.jpg,4x4,4,4,8,NEQR,1024,statevector,12,4,8,128,88,60,"{""h"": 4, ""x"": 64, ""mcx"": 60}",0.0007919159979792,0.000984000012977,0.0,0.0002377500059083,0.0024885419989004,0.0,100.0,1.0
f4e99148,2026-09-22T00:01:25.089141,NEU-DET,inclusion,inclusion_110.jpg,4x4,4,4,8,FRQI,1024,statevector,5,4,1,1092,705,384,"{""h"": 132, ""x"": 64, ""cx"": 384, ""tdg"": 192, ""t"": 256, ""ry"": 64}",0.0010499580093892,0.0041731660021469,0.0,2.9167000320740044e-05,0.0068365000042831,2.5183459952807496e-30,100.0,1.0000000000000104
540d61cd,2026-09-22T00:01:25.095995,NEU-DET,inclusion,inclusion_110.jpg,4x4,4,4,8,NEQR,1024,statevector,12,4,8,129,89,61,"{""h"": 4, ""x"": 64, ""mcx"": 61}",0.0008010000019567,0.0009180420020129,0.0,0.0002326250105397,0.0023565000010421,0.0,100.0,1.0
e332ccdc,2026-09-22T00:01:25.098683,NEU-DET,inclusion,inclusion_111.jpg,4x4,4,4,8,FRQI,1024,statevector,5,4,1,1092,705,384,"{""h"": 132, ""x"": 64, ""cx"": 384, ""tdg"": 192, ""t"": 256, ""ry"": 64}",0.0009682079980848,0.0040726659935899,0.0,3.1333998776972294e-05,0.0066580000129761,2.2772195662434677e-30,100.0,1.0000000000000004
679f7517,2026-09-22T00:01:25.105356,NEU-DET,inclusion,inclusion_111.jpg,4x4,4,4,8,NEQR,1024,statevector,12,4,8,130,90,62,"{""h"": 4, ""x"": 64, ""mcx"": 62}",0.0009732079925015,0.0009472500096308,0.0,0.0002364169922657,0.0026452500023879,0.0,100.0,1.0
11bb21e8,2026-09-22T00:01:25.108353,NEU-DET,inclusion,inclusion_112.jpg,4x4,4,4,8,FRQI,1024,statevector,5,4,1,1092,705,384,"{""h"": 132, ""x"": 64, ""cx"": 384, ""tdg"": 192, ""t"": 256, ""ry"": 64}",0.00096287499764,0.0041780419996939,0.0,2.9333998099900785e-05,0.0067655000020749,2.2131342473439824e-30,100.0,0.9999999999999932
75f73e23,2026-09-22T00:01:25.115136,NEU-DET,inclusion,inclusion_112.jpg,4x4,4,4,8,NEQR,1024,statevector,12,4,8,129,89,61,"{""h"": 4, ""x"": 64, ""mcx"": 61}",0.0008993749943329,0.0009560839971527,0.0,0.000234791994444,0.0026255419943481,0.0,100.0,1.0
76cdc427,2026-09-22T00:01:25.118105,NEU-DET,inclusion,inclusion_113.jpg,4x4,4,4,8,FRQI,1024,statevector,5,4,1,1092,705,384,"{""h"": 132, ""x"": 64, ""cx"": 384, ""tdg"": 192, ""t"": 256, ""ry"": 64}",0.0009581670019542,0.0041587919986341,0.0,3.154200385324657e-05,0.0067284169927006,2.4977385448758065e-30,100.0,1.0000000000000109
faebaf33,2026-09-22T00:01:25.124852,NEU-DET,inclusion,inclusion_113.jpg,4x4,4,4,8,NEQR,1024,statevector,12,4,8,133,93,65,"{""h"": 4, ""x"": 64, ""mcx"": 65}",0.0008584579918533,0.000966708001215,0.0,0.0002534999948693,0.002583333000075,0.0,100.0,1.0
9767bb67,2026-09-22T00:01:25.127833,NEU-DET,inclusion,inclusion_114.jpg,4x4,4,4,8,FRQI,1024,statevector,5,4,1,1092,705,384,"{""h"": 132, ""x"": 64, ""cx"": 384, ""tdg"": 192, ""t"": 256, ""ry"": 64}",0.0010551250015851,0.0042490420019021,0.0,3.0166993383318182e-05,0.0069308329984778,1.9403744189701398e-30,100.0,0.999999999999996
9e27660b,2026-09-22T00:01:25.134784,NEU-DET,inclusion,inclusion_114.jpg,4x4,4,4,8,NEQR,1024,statevector,12,4,8,130,90,62,"{""h"": 4, ""x"": 64, ""mcx"": 62}",0.0008338329935213,0.0009431249927729,0.0,0.0002380420046392,0.0024490420037182,0.0,100.0,1.0
25157bd4,2026-09-22T00:01:25.137625,NEU-DET,inclusion,inclusion_115.jpg,4x4,4,4,8,FRQI,1024,statevector,5,4,1,1092,705,384,"{""h"": 132, ""x"": 64, ""cx"": 384, ""tdg"": 192, ""t"": 256, ""ry"": 64}",0.001023292003083,0.0042604580085026,0.0,3.112500417046249e-05,0.0068854580022161,1.832329749090016e-30,100.0,0.9999999999999944
fdbf1bbc,2026-09-22T00:01:25.144532,NEU-DET,inclusion,inclusion_115.jpg,4x4,4,4,8,NEQR,1024,statevector,12,4,8,138,98,70,"{""h"": 4, ""x"": 64, ""mcx"": 70}",0.0010105830006068,0.0009942920005414,0.0,0.0002342499938094,0.0027081250009359,0.0,100.0,1.0
46954ffd,2026-09-22T00:01:25.147632,NEU-DET,inclusion,inclusion_116.jpg,4x4,4,4,8,FRQI,1024,statevector,5,4,1,1092,705,384,"{""h"": 132, ""x"": 64, ""cx"": 384, ""tdg"": 192, ""t"": 256, ""ry"": 64}",0.0013327500055311,0.00416199999745,0.0,3.070800448767841e-05,0.00710537499981,1.5894699831027857e-30,100.0,1.0000000000000169
02de1c54,2026-09-22T00:01:25.154755,NEU-DET,inclusion,inclusion_116.jpg,4x4,4,4,8,NEQR,1024,statevector,12,4,8,134,94,66,"{""h"": 4, ""x"": 64, ""mcx"": 66}",0.0009713750041555,0.0009690839942777,0.0,0.0002362909872317,0.0026311249966965,0.0,100.0,1.0
e3c2ba1a,2026-09-22T00:01:25.157765,NEU-DET,inclusion,inclusion_117.jpg,4x4,4,4,8,FRQI,1024,statevector,5,4,1,1092,705,384,"{""h"": 132, ""x"": 64, ""cx"": 384, ""tdg"": 192, ""t"": 256, ""ry"": 64}",0.000991958004306,0.0041303749894723,0.0,3.208398993592709e-05,0.0068127499980619,1.8668038950945477e-30,100.0,1.0000000000000118
2c0db802,2026-09-22T00:01:25.164599,NEU-DET,inclusion,inclusion_117.jpg,4x4,4,4,8,NEQR,1024,statevector,12,4,8,132,92,64,"{""h"": 4, ""x"": 64, ""mcx"": 64}",0.0008524160075467,0.0009269579895772,0.0,0.0002545839961385,0.002555958009907,0.0,100.0,1.0
e680349a,2026-09-22T00:01:25.167571,NEU-DET,inclusion,inclusion_118.jpg,4x4,4,4,8,FRQI,1024,statevector,5,4,1,1092,705,384,"{""h"": 132, ""x"": 64, ""cx"": 384, ""tdg"": 192, ""t"": 256, ""ry"": 64}",0.0011033339978894,0.0040876249986467,0.0,2.804200630635023e-05,0.0067552090040408,1.3577806107930013e-30,100.0,0.9999999999999728
0a8d2eba,2026-09-22T00:01:25.174345,NEU-DET,inclusion,inclusion_118.jpg,4x4,4,4,8,NEQR,1024,statevector,12,4,8,137,97,69,"{""h"": 4, ""x"": 64, ""mcx"": 69}",0.0009702079987619,0.0009949579980457,0.0,0.0002380829973844,0.0027644590009003,0.0,100.0,1.0
c49a0afb,2026-09-22T00:01:25.177557,NEU-DET,inclusion,inclusion_119.jpg,4x4,4,4,8,FRQI,1024,statevector,5,4,1,1092,705,384,"{""h"": 132, ""x"": 64, ""cx"": 384, ""tdg"": 192, ""t"": 256, ""ry"": 64}",0.0009818329999689,0.0041998329979833,0.0,2.96669895760715e-05,0.0067861249990528,1.4968327527777595e-30,100.0,1.0000000000000098
bea05b58,2026-09-22T00:01:25.184362,NEU-DET,inclusion,inclusion_119.jpg,4x4,4,4,8,NEQR,1024,statevector,12,4,8,139,99,71,"{""h"": 4, ""x"": 64, ""mcx"": 71}",0.0009067499922821,0.0010020839981734,0.0,0.0002434579946566,0.0026185830065514,0.0,100.0,1.0
1884588a,2026-09-22T00:01:25.187380,NEU-DET,inclusion,inclusion_12.jpg,4x4,4,4,8,FRQI,1024,statevector,5,4,1,1092,705,384,"{""h"": 132, ""x"": 64, ""cx"": 384, ""tdg"": 192, ""t"": 256, ""ry"": 64}",0.0010277919936925,0.0042377919889986,0.0,3.1666000722907484e-05,0.0068695000081788,1.9186114105985644e-30,100.0,1.000000000000022
1027ee62,2026-09-22T00:01:25.194271,NEU-DET,inclusion,inclusion_12.jpg,4x4,4,4,8,NEQR,1024,statevector,12,4,8,131,91,63,"{""h"": 4, ""x"": 64, ""mcx"": 63}",0.0008396250050282,0.0009582079946994,0.0,0.0002404999977443,0.0025099160120589,0.0,100.0,1.0
76435046,2026-09-22T00:01:25.197170,NEU-DET,inclusion,inclusion_120.jpg,4x4,4,4,8,FRQI,1024,statevector,5,4,1,1092,705,384,"{""h"": 132, ""x"": 64, ""cx"": 384, ""tdg"": 192, ""t"": 256, ""ry"": 64}",0.0010218329989584,0.0041616669914219,0.0,2.9332994017750025e-05,0.0067874999949708,1.9779300528856912e-30,100.0,1.0000000000000009
666ca96f,2026-09-22T00:01:25.203973,NEU-DET,inclusion,inclusion_120.jpg,4x4,4,4,8,NEQR,1024,statevector,12,4,8,138,98,70,"{""h"": 4, ""x"": 64, ""mcx"": 70}",0.0010422500054119,0.00097295899468,0.0,0.0002403749967925,0.002783082993119,0.0,100.0,1.0
a1f56ac8,2026-09-22T00:01:25.207191,NEU-DET,inclusion,inclusion_121.jpg,4x4,4,4,8,FRQI,1024,statevector,5,4,1,1092,705,384,"{""h"": 132, ""x"": 64, ""cx"": 384, ""tdg"": 192, ""t"": 256, ""ry"": 64}",0.0010204590071225,0.0042335420002928,0.0,2.8208000003360212e-05,0.0068732079962501,1.5586551039925898e-30,100.0,1.0000000000000109
7efd485d,2026-09-22T00:01:25.214081,NEU-DET,inclusion,inclusion_121.jpg,4x4,4,4,8,NEQR,1024,statevector,12,4,8,146,106,78,"{""h"": 4, ""x"": 64, ""mcx"": 78}",0.0009839590056799,0.0010331660014344,0.0,0.0002412499889032,0.0027442090067779,0.0,100.0,1.0
cd9a3bc5,2026-09-22T00:01:25.217215,NEU-DET,inclusion,inclusion_122.jpg,4x4,4,4,8,FRQI,1024,statevector,5,4,1,1092,705,384,"{""h"": 132, ""x"": 64, ""cx"": 384, ""tdg"": 192, ""t"": 256, ""ry"": 64}",0.0010042499925475,0.0041732079989742,0.0,7.104100950527936e-05,0.0069970000040484,1.4941364508556176e-30,100.0,1.000000000000027
5e9b4608,2026-09-22T00:01:25.224231,NEU-DET,inclusion,inclusion_122.jpg,4x4,4,4,8,NEQR,1024,statevector,12,4,8,153,113,85,"{""h"": 4, ""x"": 64, ""mcx"": 85}",0.001228875000379,0.0010776669951155,0.0,0.0002429169981041,0.0031404580076923,0.0,100.0,1.0
5906f179,2026-09-22T00:01:25.227793,NEU-DET,inclusion,inclusion_123.jpg,4x4,4,4,8,FRQI,1024,statevector,5,4,1,1092,705,384,"{""h"": 132, ""x"": 64, ""cx"": 384, ""tdg"": 192, ""t"": 256, ""ry"": 64}",0.0010105420078616,0.0042139169963775,0.0,3.345799632370472e-05,0.0068465420044958,1.2936471436449063e-30,100.0,1.0000000000000293
1af6afa4,2026-09-22T00:01:25.234657,NEU-DET,inclusion,inclusion_123.jpg,4x4,4,4,8,NEQR,1024,statevector,12,4,8,143,103,75,"{""h"": 4, ""x"": 64, ""mcx"": 75}",0.0013037919998168,0.0010031249985331,0.0,0.000239999993937,0.0030611249967478,0.0,100.0,1.0
26a7b1f9,2026-09-22T00:01:25.238109,NEU-DET,inclusion,inclusion_124.jpg,4x4,4,4,8,FRQI,1024,statevector,5,4,1,1092,705,384,"{""h"": 132, ""x"": 64, ""cx"": 384, ""tdg"": 192, ""t"": 256, ""ry"": 64}",0.0009763749985722,0.0042957499972544,0.0,3.258298966102302e-05,0.0068825420021312,1.3575880177985626e-30,100.0,0.9999999999999878
b940681b,2026-09-22T00:01:25.245010,NEU-DET,inclusion,inclusion_124.jpg,4x4,4,4,8,NEQR,1024,statevector,12,4,8,144,104,76,"{""h"": 4, ""x"": 64, ""mcx"": 76}",0.0010192500049015,0.0010855000000447,0.0,0.000236332998611,0.0028146249969722,0.0,100.0,1.0
eb286b30,2026-09-22T00:01:25.248219,NEU-DET,inclusion,inclusion_125.jpg,4x4,4,4,8,FRQI,1024,statevector,5,4,1,1092,705,384,"{""h"": 132, ""x"": 64, ""cx"": 384, ""tdg"": 192, ""t"": 256, ""ry"": 64}",0.0010014580038841,0.0041520829981891,0.0,3.112498961854726e-05,0.0067777920048683,1.7289073110764216e-30,100.0,0.9999999999999928
3a849a9c,2026-09-22T00:01:25.255016,NEU-DET,inclusion,inclusion_125.jpg,4x4,4,4,8,NEQR,1024,statevector,12,4,8,135,95,67,"{""h"": 4, ""x"": 64, ""mcx"": 67}",0.0008673749980516,0.0009732920007081,0.0,0.0002592080127215,0.002589292009361,0.0,100.0,1.0
6a3d87e5,2026-09-22T00:01:25.258029,NEU-DET,inclusion,inclusion_126.jpg,4x4,4,4,8,FRQI,1024,statevector,5,4,1,1092,705,384,"{""h"": 132, ""x"": 64, ""cx"": 384, ""tdg"": 192, ""t"": 256, ""ry"": 64}",0.0010944590030703,0.0041368750098627,0.0,2.9749993700534105e-05,0.0068719999981112,1.4063140453915596e-30,100.0,1.0000000000000202
de94a3f2,2026-09-22T00:01:25.264921,NEU-DET,inclusion,inclusion_126.jpg,4x4,4,4,8,NEQR,1024,statevector,12,4,8,132,92,64,"{""h"": 4, ""x"": 64, ""mcx"": 64}",0.0009842089930316,0.0009871250076685,0.0,0.0002409580047242,0.002708124986384,0.0,100.0,1.0
52491845,2026-09-22T00:01:25.267966,NEU-DET,inclusion,inclusion_127.jpg,4x4,4,4,8,FRQI,1024,statevector,5,4,1,1092,705,384,"{""h"": 132, ""x"": 64, ""cx"": 384, ""tdg"": 192, ""t"": 256, ""ry"": 64}",0.0009784170106286,0.0041234170057578,0.0,3.012499655596912e-05,0.0066712919942801,1.9197669685651967e-30,100.0,0.9999999999999982
4d07d412,2026-09-22T00:01:25.274685,NEU-DET,inclusion,inclusion_127.jpg,4x4,4,4,8,NEQR,1024,statevector,12,4,8,124,84,56,"{""h"": 4, ""x"": 64, ""mcx"": 56}",0.0007835840078769,0.0008554160012863,0.0,0.0002378750068601,0.0023421249934472,0.0,100.0,1.0
be7c3c8c,2026-09-22T00:01:25.277402,NEU-DET,inclusion,inclusion_128.jpg,4x4,4,4,8,FRQI,1024,statevector,5,4,1,1092,705,384,"{""h"": 132, ""x"": 64, ""cx"": 384, ""tdg"": 192, ""t"": 256, ""ry"": 64}",0.001018249997287,0.004214790998958,0.0,3.054201079066843e-05,0.0068402500037336,1.9276632813371844e-30,100.0,0.9999999999999928
2bd96ba1,2026-09-22T00:01:25.284261,NEU-DET,inclusion,inclusion_128.jpg,4x4,4,4,8,NEQR,1024,statevector,12,4,8,121,81,53,"{""h"": 4, ""x"": 64, ""mcx"": 53}",0.0007170840108301,0.0008831659943098,0.0,0.0002367080014664,0.0022969590063439,0.0,100.0,1.0
4a9b379a,2026-09-22T00:01:25.286922,NEU-DET,inclusion,inclusion_129.jpg,4x4,4,4,8,FRQI,1024,statevector,5,4,1,1092,705,384,"{""h"": 132, ""x"": 64, ""cx"": 384, ""tdg"": 192, ""t"": 256, ""ry"": 64}",0.000974499998847,0.0041883340018102,0.0,2.9750008252449337e-05,0.0067469579953467,1.765211090528121e-30,100.0,1.0000000000000238
2c10d0b9,2026-09-22T00:01:25.293690,NEU-DET,inclusion,inclusion_129.jpg,4x4,4,4,8,NEQR,1024,statevector,12,4,8,125,85,57,"{""h"": 4, ""x"": 64, ""mcx"": 57}",0.0009213330049533,0.0009332080080639,0.0,0.000233874990954,0.002518291992601,0.0,100.0,1.0
b1ca04ec,2026-09-22T00:01:25.296584,NEU-DET,inclusion,inclusion_13.jpg,4x4,4,4,8,FRQI,1024,statevector,5,4,1,1092,705,384,"{""h"": 132, ""x"": 64, ""cx"": 384, ""tdg"": 192, ""t"": 256, ""ry"": 64}",0.0010765830083983,0.0040916659927461,0.0,0.0001518750068498,0.0070147090009413,2.7795020957396588e-30,100.0,1.0000000000000209
39a7dcd9,2026-09-22T00:01:25.303623,NEU-DET,inclusion,inclusion_13.jpg,4x4,4,4,8,NEQR,1024,statevector,12,4,8,126,86,58,"{""h"": 4, ""x"": 64, ""mcx"": 58}",0.0007910419953987,0.0009109169914154,0.0,0.0002595410041976,0.0025156670017167,0.0,100.0,1.0
1e08c7af,2026-09-22T00:01:25.306537,NEU-DET,inclusion,inclusion_130.jpg,4x4,4,4,8,FRQI,1024,statevector,5,4,1,1092,705,384,"{""h"": 132, ""x"": 64, ""cx"": 384, ""tdg"": 192, ""t"": 256, ""ry"": 64}",0.0009785830043256,0.0042169160005869,0.0,3.3666990930214524e-05,0.0067963330075144,1.1709654061874394e-30,100.0,1.000000000000025
91cc2800,2026-09-22T00:01:25.313349,NEU-DET,inclusion,inclusion_130.jpg,4x4,4,4,8,NEQR,1024,statevector,12,4,8,129,89,61,"{""h"": 4, ""x"": 64, ""mcx"": 61}",0.0007838750025257,0.0009250409930245,0.0,0.0002533750084694,0.0023977919918252,0.0,100.0,1.0
a83a2ec8,2026-09-22T00:01:25.316085,NEU-DET,inclusion,inclusion_131.jpg,4x4,4,4,8,FRQI,1024,statevector,5,4,1,1092,705,384,"{""h"": 132, ""x"": 64, ""cx"": 384, ""tdg"": 192, ""t"": 256, ""ry"": 64}",0.0009993749990826,0.004115791991353,0.0,2.983299782499671e-05,0.0067122080072294,2.4564273475687e-30,100.0,1.0000000000000082
4804555c,2026-09-22T00:01:25.322814,NEU-DET,inclusion,inclusion_131.jpg,4x4,4,4,8,NEQR,1024,statevector,12,4,8,122,82,54,"{""h"": 4, ""x"": 64, ""mcx"": 54}",0.0008298750035464,0.0009623329970054,0.0,0.0002379579964326,0.0025265420117648,0.0,100.0,1.0
bbf4f49a,2026-09-22T00:01:25.325711,NEU-DET,inclusion,inclusion_132.jpg,4x4,4,4,8,FRQI,1024,statevector,5,4,1,1092,705,384,"{""h"": 132, ""x"": 64, ""cx"": 384, ""tdg"": 192, ""t"": 256, ""ry"": 64}",0.0010243330034427,0.0041701250011101,0.0,3.108399687334895e-05,0.0067840830015484,1.7215887772877498e-30,100.0,1.000000000000011
8466b118,2026-09-22T00:01:25.332509,NEU-DET,inclusion,inclusion_132.jpg,4x4,4,4,8,NEQR,1024,statevector,12,4,8,124,84,56,"{""h"": 4, ""x"": 64, ""mcx"": 56}",0.0007544580003013,0.0009092919935937,0.0,0.0002380840014666,0.002313042001333,0.0,100.0,1.0
af59cdfd,2026-09-22T00:01:25.335229,NEU-DET,inclusion,inclusion_133.jpg,4x4,4,4,8,FRQI,1024,statevector,5,4,1,1092,705,384,"{""h"": 132, ""x"": 64, ""cx"": 384, ""tdg"": 192, ""t"": 256, ""ry"": 64}",0.0010094579920405,0.0043770420015789,0.0,3.383398870937526e-05,0.0070231249992502,2.7883613734838397e-30,100.0,0.9999999999999964
19807cfe,2026-09-22T00:01:25.342278,NEU-DET,inclusion,inclusion_133.jpg,4x4,4,4,8,NEQR,1024,statevector,12,4,8,127,87,59,"{""h"": 4, ""x"": 64, ""mcx"": 59}",0.0008517079986631,0.0009200000058626,0.0,0.0002453750057611,0.0024552499962737,0.0,100.0,1.0
7a838a09,2026-09-22T00:01:25.345131,NEU-DET,inclusion,inclusion_134.jpg,4x4,4,4,8,FRQI,1024,statevector,5,4,1,1092,705,384,"{""h"": 132, ""x"": 64, ""cx"": 384, ""tdg"": 192, ""t"": 256, ""ry"": 64}",0.000994208996417,0.0042057910031871,0.0,3.0499999411404133e-05,0.0068118750059511,1.899352111154692e-30,100.0,1.000000000000013
16f2cfab,2026-09-22T00:01:25.351962,NEU-DET,inclusion,inclusion_134.jpg,4x4,4,4,8,NEQR,1024,statevector,12,4,8,139,99,71,"{""h"": 4, ""x"": 64, ""mcx"": 71}",0.0010581659880699,0.0010212080087512,0.0,0.0002477499947417,0.0029000000067753,0.0,100.0,1.0
e48eacb9,2026-09-22T00:01:25.355258,NEU-DET,inclusion,inclusion_135.jpg,4x4,4,4,8,FRQI,1024,statevector,5,4,1,1092,705,384,"{""h"": 132, ""x"": 64, ""cx"": 384, ""tdg"": 192, ""t"": 256, ""ry"": 64}",0.0009845419990597,0.0042160410084761,0.0,2.8416994609870017e-05,0.0068084999948041,1.8411890268341975e-30,100.0,0.9999999999999944
2ebca5d2,2026-09-22T00:01:25.362082,NEU-DET,inclusion,inclusion_135.jpg,4x4,4,4,8,NEQR,1024,statevector,12,4,8,135,95,67,"{""h"": 4, ""x"": 64, ""mcx"": 67}",0.0008537920075468,0.0009772079938557,0.0,0.0002356659970246,0.0025099589984165,0.0,100.0,1.0
babeeaa8,2026-09-22T00:01:25.364995,NEU-DET,inclusion,inclusion_136.jpg,4x4,4,4,8,FRQI,1024,statevector,5,4,1,1092,705,384,"{""h"": 132, ""x"": 64, ""cx"": 384, ""tdg"": 192, ""t"": 256, ""ry"": 64}",0.0011499590036692,0.0041343750053783,0.0,3.170799755025655e-05,0.0068926249950891,2.039367218111644e-30,100.0,1.0000000000000089
91e224ed,2026-09-22T00:01:25.371905,NEU-DET,inclusion,inclusion_136.jpg,4x4,4,4,8,NEQR,1024,statevector,12,4,8,128,88,60,"{""h"": 4, ""x"": 64, ""mcx"": 60}",0.0007892080029705,0.0009150419937213,0.0,0.0002368340065004,0.0023604580055689,0.0,100.0,1.0
12850f49,2026-09-22T00:01:25.374629,NEU-DET,inclusion,inclusion_137.jpg,4x4,4,4,8,FRQI,1024,statevector,5,4,1,1092,705,384,"{""h"": 132, ""x"": 64, ""cx"": 384, ""tdg"": 192, ""t"": 256, ""ry"": 64}",0.0011754169972846,0.0041464169917162,0.0,3.187500988133252e-05,0.006959000005736,1.3229212787995925e-30,100.0,0.9999999999999928
0813f139,2026-09-22T00:01:25.381607,NEU-DET,inclusion,inclusion_137.jpg,4x4,4,4,8,NEQR,1024,statevector,12,4,8,135,95,67,"{""h"": 4, ""x"": 64, ""mcx"": 67}",0.0009384580043843,0.0010049160046037,0.0,0.0002422499965177,0.002893666998716,0.0,100.0,1.0
c7a57e64,2026-09-22T00:01:25.384945,NEU-DET,inclusion,inclusion_138.jpg,4x4,4,4,8,FRQI,1024,statevector,5,4,1,1092,705,384,"{""h"": 132, ""x"": 64, ""cx"": 384, ""tdg"": 192, ""t"": 256, ""ry"": 64}",0.0010190839966526,0.0043085829966003,0.0,3.316700167488307e-05,0.0069611670041922,2.2554565578718923e-30,100.0,1.000000000000021
e4096699,2026-09-22T00:01:25.391934,NEU-DET,inclusion,inclusion_138.jpg,4x4,4,4,8,NEQR,1024,statevector,12,4,8,124,84,56,"{""h"": 4, ""x"": 64, ""mcx"": 56}",0.0007556670025223,0.000869583003805,0.0,0.0002346249966649,0.0023025830014375,0.0,100.0,1.0
2c19e517,2026-09-22T00:01:25.394689,NEU-DET,inclusion,inclusion_139.jpg,4x4,4,4,8,FRQI,1024,statevector,5,4,1,1092,705,384,"{""h"": 132, ""x"": 64, ""cx"": 384, ""tdg"": 192, ""t"": 256, ""ry"": 64}",0.0009986669901991,0.0042350000003352,0.0,3.0208990210667253e-05,0.0068564590037567,2.039800552349131e-30,100.0,0.9999999999999885
8c3fb153,2026-09-22T00:01:25.401563,NEU-DET,inclusion,inclusion_139.jpg,4x4,4,4,8,NEQR,1024,statevector,12,4,8,125,85,57,"{""h"": 4, ""x"": 64, ""mcx"": 57}",0.0007475829916074,0.0008979579870356,0.0,0.0002567080082371,0.0023726670042378,0.0,100.0,1.0
f05fec1c,2026-09-22T00:01:25.404305,NEU-DET,inclusion,inclusion_14.jpg,4x4,4,4,8,FRQI,1024,statevector,5,4,1,1092,705,384,"{""h"": 132, ""x"": 64, ""cx"": 384, ""tdg"": 192, ""t"": 256, ""ry"": 64}",0.0009593750000931,0.0041402079950785,0.0,3.204098902642727e-05,0.0067165420041419,2.3496345321524277e-30,100.0,1.000000000000014
f19d675a,2026-09-22T00:01:25.411045,NEU-DET,inclusion,inclusion_14.jpg,4x4,4,4,8,NEQR,1024,statevector,12,4,8,125,85,57,"{""h"": 4, ""x"": 64, ""mcx"": 57}",0.0007719580025877,0.0009094160050153,0.0,0.0002397920034127,0.0024042089935392,0.0,100.0,1.0
50418585,2026-09-22T00:01:25.413847,NEU-DET,inclusion,inclusion_140.jpg,4x4,4,4,8,FRQI,1024,statevector,5,4,1,1092,705,384,"{""h"": 132, ""x"": 64, ""cx"": 384, ""tdg"": 192, ""t"": 256, ""ry"": 64}",0.0010500409989617,0.0041148750024149,0.0,3.3500007702969015e-05,0.0067821249976987,1.9981523173017572e-30,100.0,0.999999999999996
05e16b64,2026-09-22T00:01:25.420647,NEU-DET,inclusion,inclusion_140.jpg,4x4,4,4,8,NEQR,1024,statevector,12,4,8,128,88,60,"{""h"": 4, ""x"": 64, ""mcx"": 60}",0.0007952079904498,0.0009312089969171,0.0,0.0002354169992031,0.0024227499961853,0.0,100.0,1.0
2469e6ee,2026-09-22T00:01:25.423480,NEU-DET,inclusion,inclusion_141.jpg,4x4,4,4,8,FRQI,1024,statevector,5,4,1,1092,705,384,"{""h"": 132, ""x"": 64, ""cx"": 384, ""tdg"": 192, ""t"": 256, ""ry"": 64}",0.0010995830089086,0.0041266659973189,0.0,3.1625007977709174e-05,0.0068243749992689,1.5203290980992842e-30,100.0,1.0000000000000075
7b978b3e,2026-09-22T00:01:25.430328,NEU-DET,inclusion,inclusion_141.jpg,4x4,4,4,8,NEQR,1024,statevector,12,4,8,130,90,62,"{""h"": 4, ""x"": 64, ""mcx"": 62}",0.0008330420096172,0.0009122089977608,0.0,0.0002424170088488,0.0024279579956782,0.0,100.0,1.0
445cee0b,2026-09-22T00:01:25.433139,NEU-DET,inclusion,inclusion_142.jpg,4x4,4,4,8,FRQI,1024,statevector,5,4,1,1092,705,384,"{""h"": 132, ""x"": 64, ""cx"": 384, ""tdg"": 192, ""t"": 256, ""ry"": 64}",0.0009928749932441,0.0041460000065853,0.0,2.937499084509909e-05,0.0067266249970998,1.9157225156819835e-30,100.0,0.9999999999999928
c6f47ab9,2026-09-22T00:01:25.439884,NEU-DET,inclusion,inclusion_142.jpg,4x4,4,4,8,NEQR,1024,statevector,12,4,8,129,89,61,"{""h"": 4, ""x"": 64, ""mcx"": 61}",0.0009733340120874,0.0009594169969204,0.0,0.0002394580078544,0.0027019160042982,0.0,100.0,1.0
de2e185f,2026-09-22T00:01:25.442975,NEU-DET,inclusion,inclusion_143.jpg,4x4,4,4,8,FRQI,1024,statevector,5,4,1,1092,705,384,"{""h"": 132, ""x"": 64, ""cx"": 384, ""tdg"": 192, ""t"": 256, ""ry"": 64}",0.0009497499995632,0.0041877500043483,0.0,2.8166003176011145e-05,0.0067197500029578,2.213278692089811e-30,100.0,1.0000000000000022
159193b0,2026-09-22T00:01:25.449709,NEU-DET,inclusion,inclusion_143.jpg,4x4,4,4,8,NEQR,1024,statevector,12,4,8,121,81,53,"{""h"": 4, ""x"": 64, ""mcx"": 53}",0.0007237499958137,0.0008303330105263,0.0,0.0002477910020388,0.0022409160010283,0.0,100.0,1.0
f91edc3a,2026-09-22T00:01:25.452306,NEU-DET,inclusion,inclusion_144.jpg,4x4,4,4,8,FRQI,1024,statevector,5,4,1,1092,705,384,"{""h"": 132, ""x"": 64, ""cx"": 384, ""tdg"": 192, ""t"": 256, ""ry"": 64}",0.0010025830124504,0.0042897920066025,0.0,3.0166993383318182e-05,0.006882667003083,1.929204025292694e-30,100.0,1.0000000000000044
f13c37be,2026-09-22T00:01:25.459210,NEU-DET,inclusion,inclusion_144.jpg,4x4,4,4,8,NEQR,1024,statevector,12,4,8,128,88,60,"{""h"": 4, ""x"": 64, ""mcx"": 60}",0.0008013329934328,0.0012205840030219,0.0,0.0002422499965177,0.0027192920097149,0.0,100.0,1.0
5d6ba496,2026-09-22T00:01:25.462370,NEU-DET,inclusion,inclusion_145.jpg,4x4,4,4,8,FRQI,1024,statevector,5,4,1,1092,705,384,"{""h"": 132, ""x"": 64, ""cx"": 384, ""tdg"": 192, ""t"": 256, ""ry"": 64}",0.0010541670053498,0.004172875007498,0.0,3.5124990972690284e-05,0.0068237090017646,2.1356637153310062e-30,100.0,1.0000000000000124
c9633395,2026-09-22T00:01:25.469210,NEU-DET,inclusion,inclusion_145.jpg,4x4,4,4,8,NEQR,1024,statevector,12,4,8,133,93,65,"{""h"": 4, ""x"": 64, ""mcx"": 65}",0.0009253750031348,0.0009756249928614,0.0,0.0002376250049564,0.002629541006172,0.0,100.0,1.0
608b75a5,2026-09-22T00:01:25.472177,NEU-DET,inclusion,inclusion_146.jpg,4x4,4,4,8,FRQI,1024,statevector,5,4,1,1092,705,384,"{""h"": 132, ""x"": 64, ""cx"": 384, ""tdg"": 192, ""t"": 256, ""ry"": 64}",0.0010069580021081,0.0043033330002799,0.0,3.416699473746121e-05,0.0069602919975295,1.98717451661875e-30,100.0,1.0000000000000218
8be60edb,2026-09-22T00:01:25.479162,NEU-DET,inclusion,inclusion_146.jpg,4x4,4,4,8,NEQR,1024,statevector,12,4,8,124,84,56,"{""h"": 4, ""x"": 64, ""mcx"": 56}",0.0007767079951008,0.0008766669925535,0.0,0.0002365840045968,0.0023340420011663,0.0,100.0,1.0
edf819a8,2026-09-22T00:01:25.481905,NEU-DET,inclusion,inclusion_147.jpg,4x4,4,4,8,FRQI,1024,statevector,5,4,1,1092,705,384,"{""h"": 132, ""x"": 64, ""cx"": 384, ""tdg"": 192, ""t"": 256, ""ry"": 64}",0.0009657500049797,0.0042019999964395,0.0,3.112500417046249e-05,0.0067502080055419,1.9349818151258562e-30,100.0,0.9999999999999856
ea16a460,2026-09-22T00:01:25.488671,NEU-DET,inclusion,inclusion_147.jpg,4x4,4,4,8,NEQR,1024,statevector,12,4,8,133,93,65,"{""h"": 4, ""x"": 64, ""mcx"": 65}",0.0009002500009955,0.0009663749951869,0.0,0.0002384170074947,0.0025371669908054,0.0,100.0,1.0
4b05e293,2026-09-22T00:01:25.491651,NEU-DET,inclusion,inclusion_148.jpg,4x4,4,4,8,FRQI,1024,statevector,5,4,1,1092,705,384,"{""h"": 132, ""x"": 64, ""cx"": 384, ""tdg"": 192, ""t"": 256, ""ry"": 64}",0.0011040000099455,0.0041935000044759,0.0,3.058300353586674e-05,0.0068807500065304,2.3683160526129843e-30,100.0,1.000000000000004
b6db105f,2026-09-22T00:01:25.498551,NEU-DET,inclusion,inclusion_148.jpg,4x4,4,4,8,NEQR,1024,statevector,12,4,8,132,92,64,"{""h"": 4, ""x"": 64, ""mcx"": 64}",0.0009645420068409,0.000957083000685,0.0,0.0002366670087212,0.0027326249983161,0.0,100.0,1.0
ecc4d180,2026-09-22T00:01:25.501659,NEU-DET,inclusion,inclusion_149.jpg,4x4,4,4,8,FRQI,1024,statevector,5,4,1,1092,705,384,"{""h"": 132, ""x"": 64, ""cx"": 384, ""tdg"": 192, ""t"": 256, ""ry"": 64}",0.0009502079919911,0.0041863340011332,0.0,3.112500417046249e-05,0.0067460000136634,1.704255407788265e-30,100.0,1.0000000000000038
d89cd9ec,2026-09-22T00:01:25.508422,NEU-DET,inclusion,inclusion_149.jpg,4x4,4,4,8,NEQR,1024,statevector,12,4,8,135,95,67,"{""h"": 4, ""x"": 64, ""mcx"": 67}",0.0008563330047763,0.0009570840047672,0.0,0.0002420829987386,0.0025224999990314,0.0,100.0,1.0
975947cc,2026-09-22T00:01:25.511319,NEU-DET,inclusion,inclusion_15.jpg,4x4,4,4,8,FRQI,1024,statevector,5,4,1,1092,705,384,"{""h"": 132, ""x"": 64, ""cx"": 384, ""tdg"": 192, ""t"": 256, ""ry"": 64}",0.0010406250075902,0.0041398750036023,0.0,2.941599814221263e-05,0.0067620829941006,1.6588034611007262e-30,100.0,0.9999999999999956
93d8b25c,2026-09-22T00:01:25.518099,NEU-DET,inclusion,inclusion_15.jpg,4x4,4,4,8,NEQR,1024,statevector,12,4,8,136,96,68,"{""h"": 4, ""x"": 64, ""mcx"": 68}",0.0008707090019015,0.0009974169952329,0.0,0.0002412909962004,0.0025814160035224,0.0,100.0,1.0
f3a6339e,2026-09-22T00:01:25.521079,NEU-DET,inclusion,inclusion_150.jpg,4x4,4,4,8,FRQI,1024,statevector,5,4,1,1092,705,384,"{""h"": 132, ""x"": 64, ""cx"": 384, ""tdg"": 192, ""t"": 256, ""ry"": 64}",0.0011265410139458,0.004278249994968,0.0,2.991700603161007e-05,0.0069861670053796,1.0400021699691074e-30,100.0,0.9999999999999908
993b8931,2026-09-22T00:01:25.528085,NEU-DET,inclusion,inclusion_150.jpg,4x4,4,4,8,NEQR,1024,statevector,12,4,8,134,94,66,"{""h"": 4, ""x"": 64, ""mcx"": 66}",0.0009359160030726,0.000956000003498,0.0,0.0002347910049138,0.0025783329911064,0.0,100.0,1.0
e6cf588c,2026-09-22T00:01:25.531161,NEU-DET,inclusion,inclusion_151.jpg,4x4,4,4,8,FRQI,1024,statevector,5,4,1,1092,705,384,"{""h"": 132, ""x"": 64, ""cx"": 384, ""tdg"": 192, ""t"": 256, ""ry"": 64}",0.001285916994675,0.0042392499890411,0.0,3.29999893438071e-05,0.0072052920004352,1.1684616972597362e-30,100.0,1.000000000000015
c057e5d2,2026-09-22T00:01:25.538388,NEU-DET,inclusion,inclusion_151.jpg,4x4,4,4,8,NEQR,1024,statevector,12,4,8,129,89,61,"{""h"": 4, ""x"": 64, ""mcx"": 61}",0.0008262500050477,0.000913790994673,0.0,0.0002395000046817,0.0024379579990636,0.0,100.0,1.0
a5d70776,2026-09-22T00:01:25.541261,NEU-DET,inclusion,inclusion_152.jpg,4x4,4,4,8,FRQI,1024,statevector,5,4,1,1092,705,384,"{""h"": 132, ""x"": 64, ""cx"": 384, ""tdg"": 192, ""t"": 256, ""ry"": 64}",0.0011158749985042,0.004152041990892,0.0,2.97920050797984e-05,0.0069204580067889,1.8521668275172047e-30,100.0,0.9999999999999806
6d42e28a,2026-09-22T00:01:25.548200,NEU-DET,inclusion,inclusion_152.jpg,4x4,4,4,8,NEQR,1024,statevector,12,4,8,131,91,63,"{""h"": 4, ""x"": 64, ""mcx"": 63}",0.000922042003367,0.0009231659932993,0.0,0.000243375005084,0.0025206669961335,0.0,100.0,1.0
1ca80c51,2026-09-22T00:01:25.551111,NEU-DET,inclusion,inclusion_153.jpg,4x4,4,4,8,FRQI,1024,statevector,5,4,1,1092,705,384,"{""h"": 132, ""x"": 64, ""cx"": 384, ""tdg"": 192, ""t"": 256, ""ry"": 64}",0.0009907499916153,0.004121624995605,0.0,3.129200194962323e-05,0.0066956660011783,1.6811442484556182e-30,100.0,1.000000000000009
a281335b,2026-09-22T00:01:25.557824,NEU-DET,inclusion,inclusion_153.jpg,4x4,4,4,8,NEQR,1024,statevector,12,4,8,136,96,68,"{""h"": 4, ""x"": 64, ""mcx"": 68}",0.0009327080042567,0.0010263330041198,0.0,0.0002343750093132,0.002843499998562,0.0,100.0,1.0
759f4444,2026-09-22T00:01:25.561123,NEU-DET,inclusion,inclusion_154.jpg,4x4,4,4,8,FRQI,1024,statevector,5,4,1,1092,705,384,"{""h"": 132, ""x"": 64, ""cx"": 384, ""tdg"": 192, ""t"": 256, ""ry"": 64}",0.0009991250117309,0.0042551249935058,0.0,3.0208000680431724e-05,0.0068605829874286,1.5482550822928987e-30,100.0,1.000000000000013
e73b83b9,2026-09-22T00:01:25.568005,NEU-DET,inclusion,inclusion_154.jpg,4x4,4,4,8,NEQR,1024,statevector,12,4,8,134,94,66,"{""h"": 4, ""x"": 64, ""mcx"": 66}",0.0008522090065525,0.0009639170020818,0.0,0.0002384999970672,0.0024884169979486,0.0,100.0,1.0
6d054a6d,2026-09-22T00:01:25.570885,NEU-DET,inclusion,inclusion_155.jpg,4x4,4,4,8,FRQI,1024,statevector,5,4,1,1092,705,384,"{""h"": 132, ""x"": 64, ""cx"": 384, ""tdg"": 192, ""t"": 256, ""ry"": 64}",0.0010278330009896,0.0042072079959325,0.0,3.058300353586674e-05,0.0068372920068213,1.9706115190970197e-30,100.0,0.9999999999999843
d7fa5372,2026-09-22T00:01:25.577741,NEU-DET,inclusion,inclusion_155.jpg,4x4,4,4,8,NEQR,1024,statevector,12,4,8,131,91,63,"{""h"": 4, ""x"": 64, ""mcx"": 63}",0.0008157499978551,0.000944375002291,0.0,0.0002394159964751,0.0024256670003524,0.0,100.0,1.0
52d82e2c,2026-09-22T00:01:25.580544,NEU-DET,inclusion,inclusion_156.jpg,4x4,4,4,8,FRQI,1024,statevector,5,4,1,1092,705,384,"{""h"": 132, ""x"": 64, ""cx"": 384, ""tdg"": 192, ""t"": 256, ""ry"": 64}",0.0010050419950857,0.0042007919983007,0.0,2.9749993700534105e-05,0.0067991669930052,2.6683759379485153e-30,100.0,1.0000000000000004
896f3f1c,2026-09-22T00:01:25.587361,NEU-DET,inclusion,inclusion_156.jpg,4x4,4,4,8,NEQR,1024,statevector,12,4,8,124,84,56,"{""h"": 4, ""x"": 64, ""mcx"": 56}",0.0008651669922983,0.0008776249887887,0.0,0.0002402910031378,0.002470124993124,0.0,100.0,1.0
feb8610a,2026-09-22T00:01:25.590195,NEU-DET,inclusion,inclusion_157.jpg,4x4,4,4,8,FRQI,1024,statevector,5,4,1,1092,705,384,"{""h"": 132, ""x"": 64, ""cx"": 384, ""tdg"": 192, ""t"": 256, ""ry"": 64}",0.0009553340059937,0.0041366249934071,0.0,2.895799116231501e-05,0.0067329999874345,1.4199881479967092e-30,100.0,0.9999999999999944
c937cba5,2026-09-22T00:01:25.596943,NEU-DET,inclusion,inclusion_157.jpg,4x4,4,4,8,NEQR,1024,statevector,12,4,8,135,95,67,"{""h"": 4, ""x"": 64, ""mcx"": 67}",0.0009187079995172,0.0010086249967571,0.0,0.0002417919895378,0.002616833007778,0.0,100.0,1.0
5233791e,2026-09-22T00:01:25.599967,NEU-DET,inclusion,inclusion_158.jpg,4x4,4,4,8,FRQI,1024,statevector,5,4,1,1092,705,384,"{""h"": 132, ""x"": 64, ""cx"": 384, ""tdg"": 192, ""t"": 256, ""ry"": 64}",0.0009907909989124,0.0044527080026455,0.0,3.141599881928414e-05,0.0070395420043496,1.9650263222582967e-30,100.0,0.9999999999999916
4f9f5588,2026-09-22T00:01:25.607028,NEU-DET,inclusion,inclusion_158.jpg,4x4,4,4,8,NEQR,1024,statevector,12,4,8,145,105,77,"{""h"": 4, ""x"": 64, ""mcx"": 77}",0.0010085419926326,0.0010357499995734,0.0,0.0002366660046391,0.0028310409979894,0.0,100.0,1.0
849b6c13,2026-09-22T00:01:25.610242,NEU-DET,inclusion,inclusion_159.jpg,4x4,4,4,8,FRQI,1024,statevector,5,4,1,1092,705,384,"{""h"": 132, ""x"": 64, ""cx"": 384, ""tdg"": 192, ""t"": 256, ""ry"": 64}",0.0009688330028438,0.0045027910091448,0.0,7.5459000072442e-05,0.0072524160059401,2.0889117659310057e-30,100.0,0.9999999999999968
80f57469,2026-09-22T00:01:25.617547,NEU-DET,inclusion,inclusion_159.jpg,4x4,4,4,8,NEQR,1024,statevector,12,4,8,125,85,57,"{""h"": 4, ""x"": 64, ""mcx"": 57}",0.0020252499962225,0.0023503749980591,0.0,0.0005349999992176,0.0062398340087383,0.0,100.0,1.0
e93cbf67,2026-09-22T00:01:25.624612,NEU-DET,inclusion,inclusion_16.jpg,4x4,4,4,8,FRQI,1024,statevector,5,4,1,1092,705,384,"{""h"": 132, ""x"": 64, ""cx"": 384, ""tdg"": 192, ""t"": 256, ""ry"": 64}",0.0022720830020261,0.0105446249945089,0.0,7.712500519119203e-05,0.0165435839880956,1.5474847103151442e-30,100.0,0.9999999999999752
cd8e1f70,2026-09-22T00:01:25.641214,NEU-DET,inclusion,inclusion_16.jpg,4x4,4,4,8,NEQR,1024,statevector,12,4,8,140,100,72,"{""h"": 4, ""x"": 64, ""mcx"": 72}",0.0016090830031316,0.0010812919936142,0.0,0.0002410419983789,0.0035919579968322,0.0,100.0,1.0
a124fd68,2026-09-22T00:01:25.645271,NEU-DET,inclusion,inclusion_160.jpg,4x4,4,4,8,FRQI,1024,statevector,5,4,1,1092,705,384,"{""h"": 132, ""x"": 64, ""cx"": 384, ""tdg"": 192, ""t"": 256, ""ry"": 64}",0.0011477920052129,0.0080714999930933,0.0,3.6290992284193635e-05,0.012034459010465,2.0559302156333743e-30,100.0,1.000000000000018
d0904799,2026-09-22T00:01:25.657338,NEU-DET,inclusion,inclusion_160.jpg,4x4,4,4,8,NEQR,1024,statevector,12,4,8,129,89,61,"{""h"": 4, ""x"": 64, ""mcx"": 61}",0.0009730419988045,0.0010087090049637,0.0,0.000242000009166,0.0027549579972401,0.0,100.0,1.0
d95f40b1,2026-09-22T00:01:25.660570,NEU-DET,inclusion,inclusion_161.jpg,4x4,4,4,8,FRQI,1024,statevector,5,4,1,1092,705,384,"{""h"": 132, ""x"": 64, ""cx"": 384, ""tdg"": 192, ""t"": 256, ""ry"": 64}",0.0011492499907035,0.0042394999909447,0.0,3.3125004847534e-05,0.0070011249918024,1.7086850466603556e-30,100.0,1.0000000000000195
82f4a764,2026-09-22T00:01:25.667594,NEU-DET,inclusion,inclusion_161.jpg,4x4,4,4,8,NEQR,1024,statevector,12,4,8,134,94,66,"{""h"": 4, ""x"": 64, ""mcx"": 66}",0.0008590000070398,0.0009823330037761,0.0,0.0002352909941691,0.0025400419981451,0.0,100.0,1.0
d55231b3,2026-09-22T00:01:25.670549,NEU-DET,inclusion,inclusion_162.jpg,4x4,4,4,8,FRQI,1024,statevector,5,4,1,1092,705,384,"{""h"": 132, ""x"": 64, ""cx"": 384, ""tdg"": 192, ""t"": 256, ""ry"": 64}",0.0010961660009343,0.0042137499985983,0.0,3.295899659860879e-05,0.0069485830026678,1.2965360385614872e-30,100.0,0.9999999999999988
e9602ae7,2026-09-22T00:01:25.677523,NEU-DET,inclusion,inclusion_162.jpg,4x4,4,4,8,NEQR,1024,statevector,12,4,8,135,95,67,"{""h"": 4, ""x"": 64, ""mcx"": 67}",0.0009472079982515,0.0009797080128919,0.0,0.000238790991716,0.0026286670035915,0.0,100.0,1.0
3c790039,2026-09-22T00:01:25.680560,NEU-DET,inclusion,inclusion_163.jpg,4x4,4,4,8,FRQI,1024,statevector,5,4,1,1092,705,384,"{""h"": 132, ""x"": 64, ""cx"": 384, ""tdg"": 192, ""t"": 256, ""ry"": 64}",0.0009801660053199,0.0041997920052381,0.0,3.012499655596912e-05,0.0069370840064948,1.5937070289804377e-30,100.0,0.9999999999999856
55fbe8fc,2026-09-22T00:01:25.687514,NEU-DET,inclusion,inclusion_163.jpg,4x4,4,4,8,NEQR,1024,statevector,12,4,8,131,91,63,"{""h"": 4, ""x"": 64, ""mcx"": 63}",0.0008236249996116,0.0009694170003058,0.0,0.0002513329964131,0.0025575420004315,0.0,100.0,1.0
8ad05120,2026-09-22T00:01:25.690517,NEU-DET,inclusion,inclusion_164.jpg,4x4,4,4,8,FRQI,1024,statevector,5,4,1,1092,705,384,"{""h"": 132, ""x"": 64, ""cx"": 384, ""tdg"": 192, ""t"": 256, ""ry"": 64}",0.0011025830026483,0.0041562500118743,0.0,2.8417009161785245e-05,0.0068923749931855,1.5773366244531462e-30,100.0,1.000000000000008
6bb10943,2026-09-22T00:01:25.697427,NEU-DET,inclusion,inclusion_164.jpg,4x4,4,4,8,NEQR,1024,statevector,12,4,8,143,103,75,"{""h"": 4, ""x"": 64, ""mcx"": 75}",0.0009333330090157,0.0011042080004699,0.0,0.000248875003308,0.0028424159972928,0.0,100.0,1.0
9c9dc3da,2026-09-22T00:01:25.700660,NEU-DET,inclusion,inclusion_165.jpg,4x4,4,4,8,FRQI,1024,statevector,5,4,1,1092,705,384,"{""h"": 132, ""x"": 64, ""cx"": 384, ""tdg"": 192, ""t"": 256, ""ry"": 64}",0.000985833001323,0.0041772499971557,0.0,3.0458992114290595e-05,0.0067617080057971,1.6828775854055667e-30,100.0,0.999999999999982
d8838ddf,2026-09-22T00:01:25.707441,NEU-DET,inclusion,inclusion_165.jpg,4x4,4,4,8,NEQR,1024,statevector,12,4,8,134,94,66,"{""h"": 4, ""x"": 64, ""mcx"": 66}",0.0008955840021371,0.0010194999922532,0.0,0.0002365830005146,0.0026233329990645,0.0,100.0,1.0
f80f5460,2026-09-22T00:01:25.710495,NEU-DET,inclusion,inclusion_166.jpg,4x4,4,4,8,FRQI,1024,statevector,5,4,1,1092,705,384,"{""h"": 132, ""x"": 64, ""cx"": 384, ""tdg"": 192, ""t"": 256, ""ry"": 64}",0.0011722499912139,0.0042934170051012,0.0,4.279200220480561e-05,0.0072677499993005,1.6277959889960917e-30,100.0,1.0000000000000075
8afd2d67,2026-09-22T00:01:25.717786,NEU-DET,inclusion,inclusion_166.jpg,4x4,4,4,8,NEQR,1024,statevector,12,4,8,130,90,62,"{""h"": 4, ""x"": 64, ""mcx"": 62}",0.0008200829906854,0.0009747090080054,0.0,0.000236332998611,0.0025037079903995,0.0,100.0,1.0
7a824ad3,2026-09-22T00:01:25.720697,NEU-DET,inclusion,inclusion_167.jpg,4x4,4,4,8,FRQI,1024,statevector,5,4,1,1092,705,384,"{""h"": 132, ""x"": 64, ""cx"": 384, ""tdg"": 192, ""t"": 256, ""ry"": 64}",0.0010200419928878,0.0042012079939013,0.0,3.0166993383318182e-05,0.006810332997702,2.4393828675608733e-30,100.0,1.0000000000000062
d3ab95c2,2026-09-22T00:01:25.727526,NEU-DET,inclusion,inclusion_167.jpg,4x4,4,4,8,NEQR,1024,statevector,12,4,8,124,84,56,"{""h"": 4, ""x"": 64, ""mcx"": 56}",0.0007435829902533,0.0009052500099642,0.0,0.0002395420015091,0.0023462499957531,0.0,100.0,1.0
78de7964,2026-09-22T00:01:25.730262,NEU-DET,inclusion,inclusion_168.jpg,4x4,4,4,8,FRQI,1024,statevector,5,4,1,1092,705,384,"{""h"": 132, ""x"": 64, ""cx"": 384, ""tdg"": 192, ""t"": 256, ""ry"": 64}",0.0009930000087479,0.0042202079930575,0.0,2.8708993340842422e-05,0.0068033749994356,1.4267289028020645e-30,100.0,1.0000000000000122
5701f9dc,2026-09-22T00:01:25.737083,NEU-DET,inclusion,inclusion_168.jpg,4x4,4,4,8,NEQR,1024,statevector,12,4,8,131,91,63,"{""h"": 4, ""x"": 64, ""mcx"": 63}",0.0008677919977344,0.0009620000055292,0.0,0.000237542000832,0.0024995419953484,0.0,100.0,1.0
d023926f,2026-09-22T00:01:25.739948,NEU-DET,inclusion,inclusion_169.jpg,4x4,4,4,8,FRQI,1024,statevector,5,4,1,1092,705,384,"{""h"": 132, ""x"": 64, ""cx"": 384, ""tdg"": 192, ""t"": 256, ""ry"": 64}",0.00096287499764,0.0042357079946668,0.0,2.8124995878897607e-05,0.0068357499985722,1.9514485161503667e-30,100.0,0.9999999999999858
9b0e88e4,2026-09-22T00:01:25.746798,NEU-DET,inclusion,inclusion_169.jpg,4x4,4,4,8,NEQR,1024,statevector,12,4,8,120,80,52,"{""h"": 4, ""x"": 64, ""mcx"": 52}",0.0008516660018358,0.0008763329969951,0.0,0.0002426669962005,0.0024387090088566,0.0,100.0,1.0
65fd9dbc,2026-09-22T00:01:25.749651,NEU-DET,inclusion,inclusion_17.jpg,4x4,4,4,8,FRQI,1024,statevector,5,4,1,1092,705,384,"{""h"": 132, ""x"": 64, ""cx"": 384, ""tdg"": 192, ""t"": 256, ""ry"": 64}",0.0010171670001,0.0041843329963739,0.0,3.199999628122896e-05,0.0068162499956088,1.2285507115246178e-30,100.0,0.999999999999961
454db30d,2026-09-22T00:01:25.756484,NEU-DET,inclusion,inclusion_17.jpg,4x4,4,4,8,NEQR,1024,statevector,12,4,8,137,97,69,"{""h"": 4, ""x"": 64, ""mcx"": 69}",0.0008891660108929,0.0010125419939868,0.0,0.0002498329995432,0.0026018330099759,0.0,100.0,1.0
e83a4dd2,2026-09-22T00:01:25.759443,NEU-DET,inclusion,inclusion_170.jpg,4x4,4,4,8,FRQI,1024,statevector,5,4,1,1092,705,384,"{""h"": 132, ""x"": 64, ""cx"": 384, ""tdg"": 192, ""t"": 256, ""ry"": 64}",0.0010639159881975,0.0041690419893711,0.0,3.21669940603897e-05,0.006868750002468,2.0515005767612836e-30,100.0,0.999999999999987
dc8bf801,2026-09-22T00:01:25.766332,NEU-DET,inclusion,inclusion_170.jpg,4x4,4,4,8,NEQR,1024,statevector,12,4,8,126,86,58,"{""h"": 4, ""x"": 64, ""mcx"": 58}",0.0008036249928409,0.0008958340040408,0.0,0.0002415830094832,0.002436792012304,0.0,100.0,1.0
5f822fee,2026-09-22T00:01:25.769154,NEU-DET,inclusion,inclusion_171.jpg,4x4,4,4,8,FRQI,1024,statevector,5,4,1,1092,705,384,"{""h"": 132, ""x"": 64, ""cx"": 384, ""tdg"": 192, ""t"": 256, ""ry"": 64}",0.0010387919901404,0.0043379169947002,0.0,3.108399687334895e-05,0.0069663749891333,1.7079146746826008e-30,100.0,1.0000000000000016
33a687ad,2026-09-22T00:01:25.776142,NEU-DET,inclusion,inclusion_171.jpg,4x4,4,4,8,NEQR,1024,statevector,12,4,8,139,99,71,"{""h"": 4, ""x"": 64, ""mcx"": 71}",0.0010029999975813,0.0010386659996584,0.0,0.0002380840014666,0.0027508749917615,0.0,100.0,1.0
5787d719,2026-09-22T00:01:25.779319,NEU-DET,inclusion,inclusion_172.jpg,4x4,4,4,8,FRQI,1024,statevector,5,4,1,1092,705,384,"{""h"": 132, ""x"": 64, ""cx"": 384, ""tdg"": 192, ""t"": 256, ""ry"": 64}",0.0009789589967112,0.004139666998526,0.0,2.8833004762418568e-05,0.0067359999957261,1.5459439663596342e-30,100.0,1.0000000000000182
17820754,2026-09-22T00:01:25.786072,NEU-DET,inclusion,inclusion_172.jpg,4x4,4,4,8,NEQR,1024,statevector,12,4,8,131,91,63,"{""h"": 4, ""x"": 64, ""mcx"": 63}",0.0008809589926386,0.0009214999881805,0.0,0.0002345829998375,0.00247424999543,0.0,100.0,1.0
251a176f,2026-09-22T00:01:25.788942,NEU-DET,inclusion,inclusion_173.jpg,4x4,4,4,8,FRQI,1024,statevector,5,4,1,1092,705,384,"{""h"": 132, ""x"": 64, ""cx"": 384, ""tdg"": 192, ""t"": 256, ""ry"": 64}",0.0013551660085795,0.0044102910032961,0.0,3.4042008337564766e-05,0.0083673329936573,1.5952477729359475e-30,100.0,1.0000000000000069
73656dee,2026-09-22T00:01:25.797333,NEU-DET,inclusion,inclusion_173.jpg,4x4,4,4,8,NEQR,1024,statevector,12,4,8,142,102,74,"{""h"": 4, ""x"": 64, ""mcx"": 74}",0.0011152079969178,0.0010210830077994,0.0,0.0002478749956935,0.0030261669890023,0.0,100.0,1.0
4a20e4a9,2026-09-22T00:01:25.800805,NEU-DET,inclusion,inclusion_174.jpg,4x4,4,4,8,FRQI,1024,statevector,5,4,1,1092,705,384,"{""h"": 132, ""x"": 64, ""cx"": 384, ""tdg"": 192, ""t"": 256, ""ry"": 64}",0.00098062500183,0.0041226250032195,0.0,3.0042006983421743e-05,0.0067117080034222,1.4993364617054633e-30,100.0,1.0000000000000182
1c7cd93b,2026-09-22T00:01:25.807533,NEU-DET,inclusion,inclusion_174.jpg,4x4,4,4,8,NEQR,1024,statevector,12,4,8,134,94,66,"{""h"": 4, ""x"": 64, ""mcx"": 66}",0.0008654169942019,0.0009742090041982,0.0,0.0002415420021861,0.0025873749982565,0.0,100.0,1.0
89495eb4,2026-09-22T00:01:25.810491,NEU-DET,inclusion,inclusion_175.jpg,4x4,4,4,8,FRQI,1024,statevector,5,4,1,1092,705,384,"{""h"": 132, ""x"": 64, ""cx"": 384, ""tdg"": 192, ""t"": 256, ""ry"": 64}",0.000965041006566,0.0041340000025229,0.0,3.083399496972561e-05,0.0066716659930534,1.5777218104420236e-30,100.0,1.000000000000003
eb6de5f6,2026-09-22T00:01:25.817183,NEU-DET,inclusion,inclusion_175.jpg,4x4,4,4,8,NEQR,1024,statevector,12,4,8,136,96,68,"{""h"": 4, ""x"": 64, ""mcx"": 68}",0.0008892089972505,0.0009681670053396,0.0,0.0002370000001974,0.0025574169994797,0.0,100.0,1.0
12e22e69,2026-09-22T00:01:25.820130,NEU-DET,inclusion,inclusion_176.jpg,4x4,4,4,8,FRQI,1024,statevector,5,4,1,1092,705,384,"{""h"": 132, ""x"": 64, ""cx"": 384, ""tdg"": 192, ""t"": 256, ""ry"": 64}",0.0010464579972904,0.0041559169912943,0.0,3.079199814237654e-05,0.0067986250069225,1.4155585091246184e-30,100.0,0.999999999999998
ab983446,2026-09-22T00:01:25.826947,NEU-DET,inclusion,inclusion_176.jpg,4x4,4,4,8,NEQR,1024,statevector,12,4,8,130,90,62,"{""h"": 4, ""x"": 64, ""mcx"": 62}",0.0008190420048777,0.0009182079957099,0.0,0.0002417920040898,0.0024102919996948,0.0,100.0,1.0
19429a9d,2026-09-22T00:01:25.829759,NEU-DET,inclusion,inclusion_177.jpg,4x4,4,4,8,FRQI,1024,statevector,5,4,1,1092,705,384,"{""h"": 132, ""x"": 64, ""cx"": 384, ""tdg"": 192, ""t"": 256, ""ry"": 64}",0.0010080420033773,0.0042084170127054,0.0,2.866699651349336e-05,0.0067895420070271,1.4482993181792014e-30,100.0,1.0000000000000622
71bd657c,2026-09-22T00:01:25.836567,NEU-DET,inclusion,inclusion_177.jpg,4x4,4,4,8,NEQR,1024,statevector,12,4,8,130,90,62,"{""h"": 4, ""x"": 64, ""mcx"": 62}",0.0008042499975999,0.0009458330023335,0.0,0.0002402499958407,0.0024171669938368,0.0,100.0,1.0
2efdf8e1,2026-09-22T00:01:25.839379,NEU-DET,inclusion,inclusion_178.jpg,4x4,4,4,8,FRQI,1024,statevector,5,4,1,1092,705,384,"{""h"": 132, ""x"": 64, ""cx"": 384, ""tdg"": 192, ""t"": 256, ""ry"": 64}",0.0010854170104721,0.0041667920013424,0.0,2.9417002224363387e-05,0.006859125001938,1.6580330891229713e-30,100.0,1.000000000000003
221379e9,2026-09-22T00:01:25.846255,NEU-DET,inclusion,inclusion_178.jpg,4x4,4,4,8,NEQR,1024,statevector,12,4,8,145,105,77,"{""h"": 4, ""x"": 64, ""mcx"": 77}",0.0010223340068478,0.0010025829978985,0.0,0.0002405830018687,0.0027286660042591,0.0,100.0,1.0
653cf696,2026-09-22T00:01:25.849410,NEU-DET,inclusion,inclusion_179.jpg,4x4,4,4,8,FRQI,1024,statevector,5,4,1,1092,705,384,"{""h"": 132, ""x"": 64, ""cx"": 384, ""tdg"": 192, ""t"": 256, ""ry"": 64}",0.0010084170062327,0.0041394169966224,0.0,2.920901170000434e-05,0.0067387499875621,2.175915651168699e-30,100.0,1.000000000000001
13f3f7e0,2026-09-22T00:01:25.856165,NEU-DET,inclusion,inclusion_179.jpg,4x4,4,4,8,NEQR,1024,statevector,12,4,8,126,86,58,"{""h"": 4, ""x"": 64, ""mcx"": 58}",0.0009458749991608,0.0009280420053983,0.0,0.0002376249904045,0.0025999170029535,0.0,100.0,1.0
e7928fed,2026-09-22T00:01:25.859145,NEU-DET,inclusion,inclusion_18.jpg,4x4,4,4,8,FRQI,1024,statevector,5,4,1,1092,705,384,"{""h"": 132, ""x"": 64, ""cx"": 384, ""tdg"": 192, ""t"": 256, ""ry"": 64}",0.000956165997195,0.0041529580048518,0.0,3.066699719056487e-05,0.00671458299621,1.4209511129689026e-30,100.0,0.9999999999999544
2ff75f22,2026-09-22T00:01:25.865878,NEU-DET,inclusion,inclusion_18.jpg,4x4,4,4,8,NEQR,1024,statevector,12,4,8,146,106,78,"{""h"": 4, ""x"": 64, ""mcx"": 78}",0.0012681250082096,0.0010422079940326,0.0,0.0002472909982316,0.003138249987387,0.0,100.0,1.0
2d8d9ba8,2026-09-22T00:01:25.869421,NEU-DET,inclusion,inclusion_180.jpg,4x4,4,4,8,FRQI,1024,statevector,5,4,1,1092,705,384,"{""h"": 132, ""x"": 64, ""cx"": 384, ""tdg"": 192, ""t"": 256, ""ry"": 64}",0.0009678339993115,0.0041754159901756,0.0,3.0417009838856757e-05,0.0067163330095354,1.6033366787023742e-30,100.0,1.0000000000000195
88b3cbe6,2026-09-22T00:01:25.876157,NEU-DET,inclusion,inclusion_180.jpg,4x4,4,4,8,NEQR,1024,statevector,12,4,8,134,94,66,"{""h"": 4, ""x"": 64, ""mcx"": 66}",0.0008503330027451,0.0010021670022979,0.0,0.000239708009758,0.0025283750001108,0.0,100.0,1.0
9eff0454,2026-09-22T00:01:25.879053,NEU-DET,inclusion,inclusion_181.jpg,4x4,4,4,8,FRQI,1024,statevector,5,4,1,1092,705,384,"{""h"": 132, ""x"": 64, ""cx"": 384, ""tdg"": 192, ""t"": 256, ""ry"": 64}",0.0009733339975355,0.0041481660009594,0.0,2.89169984171167e-05,0.0066941250115633,2.340390068419369e-30,100.0,0.9999999999999892
3bb4d08a,2026-09-22T00:01:25.885765,NEU-DET,inclusion,inclusion_181.jpg,4x4,4,4,8,NEQR,1024,statevector,12,4,8,132,92,64,"{""h"": 4, ""x"": 64, ""mcx"": 64}",0.0008247500081779,0.0010074159945361,0.0,0.0002509170008124,0.0025141670048469,0.0,100.0,1.0
ca6a7473,2026-09-22T00:01:25.888700,NEU-DET,inclusion,inclusion_182.jpg,4x4,4,4,8,FRQI,1024,statevector,5,4,1,1092,705,384,"{""h"": 132, ""x"": 64, ""cx"": 384, ""tdg"": 192, ""t"": 256, ""ry"": 64}",0.0010478330077603,0.0041837919998215,0.0,3.1584000680595636e-05,0.0068463329953374,1.6926998281219416e-30,100.0,1.0000000000000036
fd06b46c,2026-09-22T00:01:25.895564,NEU-DET,inclusion,inclusion_182.jpg,4x4,4,4,8,NEQR,1024,statevector,12,4,8,124,84,56,"{""h"": 4, ""x"": 64, ""mcx"": 56}",0.0007574159972136,0.0009157500026049,0.0,0.0002368330024182,0.0023915420024422,0.0,100.0,1.0
06b12617,2026-09-22T00:01:25.898373,NEU-DET,inclusion,inclusion_183.jpg,4x4,4,4,8,FRQI,1024,statevector,5,4,1,1092,705,384,"{""h"": 132, ""x"": 64, ""cx"": 384, ""tdg"": 192, ""t"": 256, ""ry"": 64}",0.0010159160010516,0.0042978749988833,0.0,3.1584000680595636e-05,0.0069369589909911,2.21501202903976e-30,100.0,0.9999999999999992
180e3992,2026-09-22T00:01:25.905326,NEU-DET,inclusion,inclusion_183.jpg,4x4,4,4,8,NEQR,1024,statevector,12,4,8,121,81,53,"{""h"": 4, ""x"": 64, ""mcx"": 53}",0.0007236249948618,0.0008850839949445,0.0,0.0002498340036254,0.0022674579959129,0.0,100.0,1.0
b17d468c,2026-09-22T00:01:25.907967,NEU-DET,inclusion,inclusion_184.jpg,4x4,4,4,8,FRQI,1024,statevector,5,4,1,1092,705,384,"{""h"": 132, ""x"": 64, ""cx"": 384, ""tdg"": 192, ""t"": 256, ""ry"": 64}",0.0010324159957235,0.0041341250034747,0.0,3.40000115102157e-05,0.0068183330004103,2.6558573933099986e-30,100.0,0.999999999999994
ab2caf42,2026-09-22T00:01:25.914803,NEU-DET,inclusion,inclusion_184.jpg,4x4,4,4,8,NEQR,1024,statevector,12,4,8,124,84,56,"{""h"": 4, ""x"": 64, ""mcx"": 56}",0.0008948340109782,0.00090125000861,0.0,0.0002598749997559,0.0026340000040363,0.0,100.0,1.0
8e6edda8,2026-09-22T00:01:25.917806,NEU-DET,inclusion,inclusion_185.jpg,4x4,4,4,8,FRQI,1024,statevector,5,4,1,1092,705,384,"{""h"": 132, ""x"": 64, ""cx"": 384, ""tdg"": 192, ""t"": 256, ""ry"": 64}",0.0009562909981468,0.0041196670063072,0.0,2.849999873433262e-05,0.0066650840017246,2.2753417845476898e-30,100.0,1.00000000000001
e4b820fb,2026-09-22T00:01:25.924490,NEU-DET,inclusion,inclusion_185.jpg,4x4,4,4,8,NEQR,1024,statevector,12,4,8,123,83,55,"{""h"": 4, ""x"": 64, ""mcx"": 55}",0.0009142080089077,0.0008952920034062,0.0,0.000242000009166,0.0024523330066585,0.0,100.0,1.0
2df32c2d,2026-09-22T00:01:25.927309,NEU-DET,inclusion,inclusion_186.jpg,4x4,4,4,8,FRQI,1024,statevector,5,4,1,1092,705,384,"{""h"": 132, ""x"": 64, ""cx"": 384, ""tdg"": 192, ""t"": 256, ""ry"": 64}",0.0010027090029325,0.0041416660096729,0.0,3.083299088757485e-05,0.0067005830060224,1.7131146855324463e-30,100.0,0.9999999999999812
0133bcce,2026-09-22T00:01:25.934032,NEU-DET,inclusion,inclusion_186.jpg,4x4,4,4,8,NEQR,1024,statevector,12,4,8,137,97,69,"{""h"": 4, ""x"": 64, ""mcx"": 69}",0.0008832919993437,0.0010032080026576,0.0,0.0002379170036874,0.0025995830073952,0.0,100.0,1.0
d8182fc1,2026-09-22T00:01:25.937030,NEU-DET,inclusion,inclusion_187.jpg,4x4,4,4,8,FRQI,1024,statevector,5,4,1,1092,705,384,"{""h"": 132, ""x"": 64, ""cx"": 384, ""tdg"": 192, ""t"": 256, ""ry"": 64}",0.001046707999194,0.0042316670005675,0.0,3.0166993383318182e-05,0.0071351249935105,2.3057233294203988e-30,100.0,0.9999999999999968
5866b17f,2026-09-22T00:01:25.944184,NEU-DET,inclusion,inclusion_187.jpg,4x4,4,4,8,NEQR,1024,statevector,12,4,8,130,90,62,"{""h"": 4, ""x"": 64, ""mcx"": 62}",0.0008098329999484,0.0010106249974342,0.0,0.0002417500072624,0.002556833991548,0.0,100.0,1.0
1a9b3e7c,2026-09-22T00:01:25.947154,NEU-DET,inclusion,inclusion_188.jpg,4x4,4,4,8,FRQI,1024,statevector,5,4,1,1092,705,384,"{""h"": 132, ""x"": 64, ""cx"": 384, ""tdg"": 192, ""t"": 256, ""ry"": 64}",0.0009727500000735,0.0042138749995501,0.0,3.1333009246736765e-05,0.0068055419978918,1.9465373947921793e-30,100.0,1.0000000000000118
2f57faa5,2026-09-22T00:01:25.953977,NEU-DET,inclusion,inclusion_188.jpg,4x4,4,4,8,NEQR,1024,statevector,12,4,8,132,92,64,"{""h"": 4, ""x"": 64, ""mcx"": 64}",0.0008947080059442,0.0009477080020587,0.0,0.0002352080045966,0.0025428330118302,0.0,100.0,1.0
f0296cac,2026-09-22T00:01:25.956908,NEU-DET,inclusion,inclusion_189.jpg,4x4,4,4,8,FRQI,1024,statevector,5,4,1,1092,705,384,"{""h"": 132, ""x"": 64, ""cx"": 384, ""tdg"": 192, ""t"": 256, ""ry"": 64}",0.0010016250016633,0.0041544579871697,0.0,3.2041993108578026e-05,0.0067745410051429,1.8768187308053613e-30,100.0,1.0000000000000124
a1c94f25,2026-09-22T00:01:25.963705,NEU-DET,inclusion,inclusion_189.jpg,4x4,4,4,8,NEQR,1024,statevector,12,4,8,134,94,66,"{""h"": 4, ""x"": 64, ""mcx"": 66}",0.0008591660007368,0.0009508329967502,0.0,0.0002359589998377,0.0025547080003889,0.0,100.0,1.0
cb99cad6,2026-09-22T00:01:25.966658,NEU-DET,inclusion,inclusion_19.jpg,4x4,4,4,8,FRQI,1024,statevector,5,4,1,1092,705,384,"{""h"": 132, ""x"": 64, ""cx"": 384, ""tdg"": 192, ""t"": 256, ""ry"": 64}",0.0010876669985009,0.0041249579953728,0.0,2.9000002541579303e-05,0.0067767500004265,1.3360176024214257e-30,100.0,0.9999999999999932
c997d454,2026-09-22T00:01:25.973453,NEU-DET,inclusion,inclusion_19.jpg,4x4,4,4,8,NEQR,1024,statevector,12,4,8,149,109,81,"{""h"": 4, ""x"": 64, ""mcx"": 81}",0.0011378749914001,0.0010432919953018,0.0,0.0002339159982511,0.0030031250062165,0.0,100.0,1.0
0a3a2473,2026-09-22T00:01:25.976881,NEU-DET,inclusion,inclusion_190.jpg,4x4,4,4,8,FRQI,1024,statevector,5,4,1,1092,705,384,"{""h"": 132, ""x"": 64, ""cx"": 384, ""tdg"": 192, ""t"": 256, ""ry"": 64}",0.0009777499944902,0.004241999995429,0.0,2.895799116231501e-05,0.0068055409938097,2.3147752001590188e-30,100.0,1.0000000000000258
01c5db41,2026-09-22T00:01:25.983702,NEU-DET,inclusion,inclusion_190.jpg,4x4,4,4,8,NEQR,1024,statevector,12,4,8,132,92,64,"{""h"": 4, ""x"": 64, ""mcx"": 64}",0.0008537499961676,0.0009827920002862,0.0,0.0002361249935347,0.0024967089993879,0.0,100.0,1.0
c17ceac3,2026-09-22T00:01:25.986591,NEU-DET,inclusion,inclusion_191.jpg,4x4,4,4,8,FRQI,1024,statevector,5,4,1,1092,705,384,"{""h"": 132, ""x"": 64, ""cx"": 384, ""tdg"": 192, ""t"": 256, ""ry"": 64}",0.0010181670077145,0.0042167500068899,0.0,2.983299782499671e-05,0.0068186670105205,1.3932177217697264e-30,100.0,0.9999999999999872
606e3afb,2026-09-22T00:01:25.993426,NEU-DET,inclusion,inclusion_191.jpg,4x4,4,4,8,NEQR,1024,statevector,12,4,8,134,94,66,"{""h"": 4, ""x"": 64, ""mcx"": 66}",0.0008562919974792,0.0009549579990562,0.0,0.0002384580002399,0.0025361250009154,0.0,100.0,1.0
cfa3ed60,2026-09-22T00:01:25.996349,NEU-DET,inclusion,inclusion_192.jpg,4x4,4,4,8,FRQI,1024,statevector,5,4,1,1092,705,384,"{""h"": 132, ""x"": 64, ""cx"": 384, ""tdg"": 192, ""t"": 256, ""ry"": 64}",0.0010152920003747,0.0040995829913299,0.0,2.8125010430812836e-05,0.0066831250005634,1.975426343957988e-30,100.0,1.0000000000000115
2d0a6b1b,2026-09-22T00:01:26.003050,NEU-DET,inclusion,inclusion_192.jpg,4x4,4,4,8,NEQR,1024,statevector,12,4,8,121,81,53,"{""h"": 4, ""x"": 64, ""mcx"": 53}",0.0007047499966574,0.0008400829974561,0.0,0.0002428750012768,0.002178915994591,0.0,100.0,1.0
7c8347d6,2026-09-22T00:01:26.005569,NEU-DET,inclusion,inclusion_193.jpg,4x4,4,4,8,FRQI,1024,statevector,5,4,1,1092,705,384,"{""h"": 132, ""x"": 64, ""cx"": 384, ""tdg"": 192, ""t"": 256, ""ry"": 64}",0.0009665840043453,0.0041043329983949,0.0,3.066699719056487e-05,0.006649709001067,1.7267887881375957e-30,100.0,1.0000000000000104
4a345b8e,2026-09-22T00:01:26.012238,NEU-DET,inclusion,inclusion_193.jpg,4x4,4,4,8,NEQR,1024,statevector,12,4,8,127,87,59,"{""h"": 4, ""x"": 64, ""mcx"": 59}",0.0012457919947337,0.0009338750096503,0.0,0.0002350840077269,0.0029156669916119,0.0,100.0,1.0
0afe5165,2026-09-22T00:01:26.015637,NEU-DET,inclusion,inclusion_194.jpg,4x4,4,4,8,FRQI,1024,statevector,5,4,1,1092,705,384,"{""h"": 132, ""x"": 64, ""cx"": 384, ""tdg"": 192, ""t"": 256, ""ry"": 64}",0.0009932920074788,0.0041781670006457,0.0,2.9542003176175054e-05,0.0067792920017382,2.8226429264939332e-30,100.0,1.0000000000000062
70d3d86c,2026-09-22T00:01:26.022433,NEU-DET,inclusion,inclusion_194.jpg,4x4,4,4,8,NEQR,1024,statevector,12,4,8,125,85,57,"{""h"": 4, ""x"": 64, ""mcx"": 57}",0.000764166994486,0.0009710000013001,0.0,0.0002363749954383,0.0024334579939022,0.0,100.0,1.0
ab8f034b,2026-09-22T00:01:26.025254,NEU-DET,inclusion,inclusion_195.jpg,4x4,4,4,8,FRQI,1024,statevector,5,4,1,1092,705,384,"{""h"": 132, ""x"": 64, ""cx"": 384, ""tdg"": 192, ""t"": 256, ""ry"": 64}",0.0010096250043716,0.0041431660065427,0.0,3.283300611656159e-05,0.0067731250019278,2.2477528380943433e-30,100.0,1.0000000000000078
549978ab,2026-09-22T00:01:26.032051,NEU-DET,inclusion,inclusion_195.jpg,4x4,4,4,8,NEQR,1024,statevector,12,4,8,120,80,52,"{""h"": 4, ""x"": 64, ""mcx"": 52}",0.0007486659887945,0.0008856659987941,0.0,0.0002408330037724,0.002359542006161,0.0,100.0,1.0
78046f25,2026-09-22T00:01:26.034884,NEU-DET,inclusion,inclusion_196.jpg,4x4,4,4,8,FRQI,1024,statevector,5,4,1,1092,705,384,"{""h"": 132, ""x"": 64, ""cx"": 384, ""tdg"": 192, ""t"": 256, ""ry"": 64}",0.0011615420080488,0.0042228329984936,0.0,2.9333998099900785e-05,0.0069817500043427,1.6772923885668437e-30,100.0,0.9999999999999872
6e939da1,2026-09-22T00:01:26.041883,NEU-DET,inclusion,inclusion_196.jpg,4x4,4,4,8,NEQR,1024,statevector,12,4,8,142,102,74,"{""h"": 4, ""x"": 64, ""mcx"": 74}",0.0009304170089308,0.000975874994765,0.0,0.0002379590005148,0.0026699169975472,0.0,100.0,1.0
4cc7725b,2026-09-22T00:01:26.044963,NEU-DET,inclusion,inclusion_197.jpg,4x4,4,4,8,FRQI,1024,statevector,5,4,1,1092,705,384,"{""h"": 132, ""x"": 64, ""cx"": 384, ""tdg"": 192, ""t"": 256, ""ry"": 64}",0.0009900829900288,0.004236500011757,0.0,3.124999057035893e-05,0.0068282919964985,2.4339902637165887e-30,100.0,0.999999999999988
a27155f4,2026-09-22T00:01:26.051811,NEU-DET,inclusion,inclusion_197.jpg,4x4,4,4,8,NEQR,1024,statevector,12,4,8,124,84,56,"{""h"": 4, ""x"": 64, ""mcx"": 56}",0.0007572909962618,0.0008943330030888,0.0,0.0002436659997329,0.002333708005608,0.0,100.0,1.0
8c6624d7,2026-09-22T00:01:26.054530,NEU-DET,inclusion,inclusion_198.jpg,4x4,4,4,8,FRQI,1024,statevector,5,4,1,1092,705,384,"{""h"": 132, ""x"": 64, ""cx"": 384, ""tdg"": 192, ""t"": 256, ""ry"": 64}",0.0009400410053785,0.0042152079986408,0.0,2.9125003493390977e-05,0.0067836669913958,2.0647894933775556e-30,100.0,0.9999999999999836
07889a7d,2026-09-22T00:01:26.061332,NEU-DET,inclusion,inclusion_198.jpg,4x4,4,4,8,NEQR,1024,statevector,12,4,8,131,91,63,"{""h"": 4, ""x"": 64, ""mcx"": 63}",0.000816208004835,0.0009753750055097,0.0,0.0002353339950786,0.0025076250021811,0.0,100.0,1.0
47505540,2026-09-22T00:01:26.064268,NEU-DET,inclusion,inclusion_199.jpg,4x4,4,4,8,FRQI,1024,statevector,5,4,1,1092,705,384,"{""h"": 132, ""x"": 64, ""cx"": 384, ""tdg"": 192, ""t"": 256, ""ry"": 64}",0.0009791250049602,0.0041020830103661,0.0,3.0417009838856757e-05,0.0066857920028269,2.0384042531394504e-30,100.0,0.9999999999999996
1f0aef36,2026-09-22T00:01:26.070974,NEU-DET,inclusion,inclusion_199.jpg,4x4,4,4,8,NEQR,1024,statevector,12,4,8,136,96,68,"{""h"": 4, ""x"": 64, ""mcx"": 68}",0.0008930420008255,0.0009655840112827,0.0,0.0002521249989513,0.0025911669945344,0.0,100.0,1.0
a514c2f4,2026-09-22T00:01:26.073972,NEU-DET,inclusion,inclusion_2.jpg,4x4,4,4,8,FRQI,1024,statevector,5,4,1,1092,705,384,"{""h"": 132, ""x"": 64, ""cx"": 384, ""tdg"": 192, ""t"": 256, ""ry"": 64}",0.0010168749868171,0.0041072910098591,0.0,3.024999750778079e-05,0.0067398329993011,1.1884913686813632e-30,100.0,0.9999999999999966
f55a9812,2026-09-22T00:01:26.080731,NEU-DET,inclusion,inclusion_2.jpg,4x4,4,4,8,NEQR,1024,statevector,12,4,8,131,91,63,"{""h"": 4, ""x"": 64, ""mcx"": 63}",0.0008132500079227,0.0009204170055454,0.0,0.0002407499996479,0.0024380419927183,0.0,100.0,1.0
955bb70d,2026-09-22T00:01:26.083556,NEU-DET,inclusion,inclusion_20.jpg,4x4,4,4,8,FRQI,1024,statevector,5,4,1,1092,705,384,"{""h"": 132, ""x"": 64, ""cx"": 384, ""tdg"": 192, ""t"": 256, ""ry"": 64}",0.001052375009749,0.0041608750034356,0.0,3.141599881928414e-05,0.0068065420055063,1.9279040225802328e-30,100.0,0.9999999999999972
fb1fa602,2026-09-22T00:01:26.090383,NEU-DET,inclusion,inclusion_20.jpg,4x4,4,4,8,NEQR,1024,statevector,12,4,8,124,84,56,"{""h"": 4, ""x"": 64, ""mcx"": 56}",0.0007496670004911,0.000933959003305,0.0,0.0002458749950164,0.002387083004578,0.0,100.0,1.0
a55632c9,2026-09-22T00:01:26.093208,NEU-DET,inclusion,inclusion_200.jpg,4x4,4,4,8,FRQI,1024,statevector,5,4,1,1092,705,384,"{""h"": 132, ""x"": 64, ""cx"": 384, ""tdg"": 192, ""t"": 256, ""ry"": 64}",0.0009782499982975,0.004337292004493,0.0,3.212499723304063e-05,0.0071820000011939,1.5326550497433625e-30,100.0,0.9999999999999988
be11f716,2026-09-22T00:01:26.100411,NEU-DET,inclusion,inclusion_200.jpg,4x4,4,4,8,NEQR,1024,statevector,12,4,8,126,86,58,"{""h"": 4, ""x"": 64, ""mcx"": 58}",0.0007696670072618,0.0009160839981632,0.0,0.0002341670042369,0.0023570000048493,0.0,100.0,1.0
ca680cc1,2026-09-22T00:01:26.103179,NEU-DET,inclusion,inclusion_201.jpg,4x4,4,4,8,FRQI,1024,statevector,5,4,1,1092,705,384,"{""h"": 132, ""x"": 64, ""cx"": 384, ""tdg"": 192, ""t"": 256, ""ry"": 64}",0.0009966670040739,0.0042560419969959,0.0,3.012499655596912e-05,0.0068583329993998,1.9519299986364635e-30,100.0,1.0
351887f2,2026-09-22T00:01:26.110056,NEU-DET,inclusion,inclusion_201.jpg,4x4,4,4,8,NEQR,1024,statevector,12,4,8,126,86,58,"{""h"": 4, ""x"": 64, ""mcx"": 58}",0.0007666250021429,0.000938249999308,0.0,0.0002442910044919,0.0024596669973107,0.0,100.0,1.0
53891cb5,2026-09-22T00:01:26.112901,NEU-DET,inclusion,inclusion_202.jpg,4x4,4,4,8,FRQI,1024,statevector,5,4,1,1092,705,384,"{""h"": 132, ""x"": 64, ""cx"": 384, ""tdg"": 192, ""t"": 256, ""ry"": 64}",0.0009571249975124,0.0041798330057645,0.0,2.87910079350695e-05,0.0067251669970573,2.0070115950459385e-30,100.0,0.9999999999999872
e8989a3d,2026-09-22T00:01:26.119644,NEU-DET,inclusion,inclusion_202.jpg,4x4,4,4,8,NEQR,1024,statevector,12,4,8,125,85,57,"{""h"": 4, ""x"": 64, ""mcx"": 57}",0.0007524160027969,0.0008999999990919,0.0,0.00023891699675,0.0023082920088199,0.0,100.0,1.0
f27fa1cd,2026-09-22T00:01:26.122343,NEU-DET,inclusion,inclusion_203.jpg,4x4,4,4,8,FRQI,1024,statevector,5,4,1,1092,705,384,"{""h"": 132, ""x"": 64, ""cx"": 384, ""tdg"": 192, ""t"": 256, ""ry"": 64}",0.000986125000054,0.0041265409963671,0.0,2.9125003493390977e-05,0.006685207990813,2.2826121700877523e-30,100.0,1.0000000000000058
08f214ac,2026-09-22T00:01:26.129046,NEU-DET,inclusion,inclusion_203.jpg,4x4,4,4,8,NEQR,1024,statevector,12,4,8,122,82,54,"{""h"": 4, ""x"": 64, ""mcx"": 54}",0.0007197919912869,0.0008897499938029,0.0,0.0002435839996905,0.0022777499980293,0.0,100.0,1.0
be3059c7,2026-09-22T00:01:26.131715,NEU-DET,inclusion,inclusion_204.jpg,4x4,4,4,8,FRQI,1024,statevector,5,4,1,1092,705,384,"{""h"": 132, ""x"": 64, ""cx"": 384, ""tdg"": 192, ""t"": 256, ""ry"": 64}",0.0010603330010781,0.0041059579962166,0.0,2.9749993700534105e-05,0.0067694999888772,1.756448109281159e-30,100.0,0.9999999999999925
f2c3d90a,2026-09-22T00:01:26.138504,NEU-DET,inclusion,inclusion_204.jpg,4x4,4,4,8,NEQR,1024,statevector,12,4,8,131,91,63,"{""h"": 4, ""x"": 64, ""mcx"": 63}",0.0008221660100389,0.000951875001192,0.0,0.0002391250018263,0.0024965000047814,0.0,100.0,1.0
b5b3f005,2026-09-22T00:01:26.141377,NEU-DET,inclusion,inclusion_205.jpg,4x4,4,4,8,FRQI,1024,statevector,5,4,1,1092,705,384,"{""h"": 132, ""x"": 64, ""cx"": 384, ""tdg"": 192, ""t"": 256, ""ry"": 64}",0.0010745420004241,0.0041987909935414,0.0,3.187499532941729e-05,0.0068919579935027,2.1576193166970203e-30,100.0,1.0000000000000078
7f61be5e,2026-09-22T00:01:26.148289,NEU-DET,inclusion,inclusion_205.jpg,4x4,4,4,8,NEQR,1024,statevector,12,4,8,128,88,60,"{""h"": 4, ""x"": 64, ""mcx"": 60}",0.0009995000000344,0.0009316249925177,0.0,0.0002451659966027,0.0026795419980771,0.0,100.0,1.0
fa276954,2026-09-22T00:01:26.151361,NEU-DET,inclusion,inclusion_206.jpg,4x4,4,4,8,FRQI,1024,statevector,5,4,1,1092,705,384,"{""h"": 132, ""x"": 64, ""cx"": 384, ""tdg"": 192, ""t"": 256, ""ry"": 64}",0.0009854579984676,0.0041298750002169,0.0,3.670799196697771e-05,0.0067377910017967,1.2033210292531451e-30,100.0,1.0000000000000075
9d23b655,2026-09-22T00:01:26.158116,NEU-DET,inclusion,inclusion_206.jpg,4x4,4,4,8,NEQR,1024,statevector,12,4,8,134,94,66,"{""h"": 4, ""x"": 64, ""mcx"": 66}",0.0008473329944536,0.0009682090021669,0.0,0.000262624991592,0.0025842500035651,0.0,100.0,1.0
725ef4d6,2026-09-22T00:01:26.161117,NEU-DET,inclusion,inclusion_207.jpg,4x4,4,4,8,FRQI,1024,statevector,5,4,1,1092,705,384,"{""h"": 132, ""x"": 64, ""cx"": 384, ""tdg"": 192, ""t"": 256, ""ry"": 64}",0.0010863749921554,0.0044310840021353,0.0,3.412499791011214e-05,0.0071438749873777,1.8130704496461442e-30,100.0,0.9999999999999656
ea46518d,2026-09-22T00:01:26.168284,NEU-DET,inclusion,inclusion_207.jpg,4x4,4,4,8,NEQR,1024,statevector,12,4,8,136,96,68,"{""h"": 4, ""x"": 64, ""mcx"": 68}",0.0009041669982252,0.001034333006828,0.0,0.0002437079965602,0.0026651250082068,0.0,100.0,1.0
d2043d37,2026-09-22T00:01:26.171358,NEU-DET,inclusion,inclusion_208.jpg,4x4,4,4,8,FRQI,1024,statevector,5,4,1,1092,705,384,"{""h"": 132, ""x"": 64, ""cx"": 384, ""tdg"": 192, ""t"": 256, ""ry"": 64}",0.0009612910071155,0.0042238749883836,0.0,3.112500417046249e-05,0.0067745829874183,1.4301955767019612e-30,100.0,0.9999999999999916
91943968,2026-09-22T00:01:26.178150,NEU-DET,inclusion,inclusion_208.jpg,4x4,4,4,8,NEQR,1024,statevector,12,4,8,131,91,63,"{""h"": 4, ""x"": 64, ""mcx"": 63}",0.0008280000038212,0.0009400830022059,0.0,0.0002430829918012,0.0024545419873902,0.0,100.0,1.0
a32ede9f,2026-09-22T00:01:26.181050,NEU-DET,inclusion,inclusion_209.jpg,4x4,4,4,8,FRQI,1024,statevector,5,4,1,1092,705,384,"{""h"": 132, ""x"": 64, ""cx"": 384, ""tdg"": 192, ""t"": 256, ""ry"": 64}",0.0010640830005286,0.0041057080088648,0.0,2.983299782499671e-05,0.0067868750047637,1.7350702868984608e-30,100.0,1.0000000000000002
94044660,2026-09-22T00:01:26.187856,NEU-DET,inclusion,inclusion_209.jpg,4x4,4,4,8,NEQR,1024,statevector,12,4,8,143,103,75,"{""h"": 4, ""x"": 64, ""mcx"": 75}",0.0009417920082341,0.0010573750041658,0.0,0.0002431670000078,0.0027299580106046,0.0,100.0,1.0
0a8403dd,2026-09-22T00:01:26.190975,NEU-DET,inclusion,inclusion_21.jpg,4x4,4,4,8,FRQI,1024,statevector,5,4,1,1092,705,384,"{""h"": 132, ""x"": 64, ""cx"": 384, ""tdg"": 192, ""t"": 256, ""ry"": 64}",0.00103204100742,0.00416829099413,0.0,2.9666000045835972e-05,0.0067772920010611,2.3064455531495443e-30,100.0,1.000000000000003
d4f81d34,2026-09-22T00:01:26.197768,NEU-DET,inclusion,inclusion_21.jpg,4x4,4,4,8,NEQR,1024,statevector,12,4,8,122,82,54,"{""h"": 4, ""x"": 64, ""mcx"": 54}",0.0007310829969355,0.0008767090039327,0.0,0.0002481669944245,0.0022730420023435,0.0,100.0,1.0
98d3556f,2026-09-22T00:01:26.200440,NEU-DET,inclusion,inclusion_210.jpg,4x4,4,4,8,FRQI,1024,statevector,5,4,1,1092,705,384,"{""h"": 132, ""x"": 64, ""cx"": 384, ""tdg"": 192, ""t"": 256, ""ry"": 64}",0.0009900419972836,0.0041404590010643,0.0,2.970799687318504e-05,0.0067432910000206,1.625484873062827e-30,100.0,0.9999999999999856
61f231dc,2026-09-22T00:01:26.207203,NEU-DET,inclusion,inclusion_210.jpg,4x4,4,4,8,NEQR,1024,statevector,12,4,8,137,97,69,"{""h"": 4, ""x"": 64, ""mcx"": 69}",0.001094874998671,0.0010014159925049,0.0,0.0002372909948462,0.0028798749990528,0.0,100.0,1.0
985f7c9a,2026-09-22T00:01:26.210467,NEU-DET,inclusion,inclusion_211.jpg,4x4,4,4,8,FRQI,1024,statevector,5,4,1,1092,705,384,"{""h"": 132, ""x"": 64, ""cx"": 384, ""tdg"": 192, ""t"": 256, ""ry"": 64}",0.0009863329905783,0.0041293749964097,0.0,2.9874994652345777e-05,0.0067025419994024,2.1911304977293586e-30,100.0,0.9999999999999898
d27c7eb5,2026-09-22T00:01:26.217186,NEU-DET,inclusion,inclusion_211.jpg,4x4,4,4,8,NEQR,1024,statevector,12,4,8,137,97,69,"{""h"": 4, ""x"": 64, ""mcx"": 69}",0.0008811669977148,0.0009664170065661,0.0,0.0002375839976593,0.0025897079904098,0.0,100.0,1.0
0d0da976,2026-09-22T00:01:26.220159,NEU-DET,inclusion,inclusion_212.jpg,4x4,4,4,8,FRQI,1024,statevector,5,4,1,1092,705,384,"{""h"": 132, ""x"": 64, ""cx"": 384, ""tdg"": 192, ""t"": 256, ""ry"": 64}",0.0009953749977285,0.0041822089988272,0.0,2.9584000003524125e-05,0.0067474169918568,1.3306249985771413e-30,100.0,0.9999999999999484
b84b42f9,2026-09-22T00:01:26.226925,NEU-DET,inclusion,inclusion_212.jpg,4x4,4,4,8,NEQR,1024,statevector,12,4,8,145,105,77,"{""h"": 4, ""x"": 64, ""mcx"": 77}",0.0009571249975124,0.0010063340014312,0.0,0.0002373329916736,0.0028342500008875,0.0,100.0,1.0
cf094174,2026-09-22T00:01:26.230178,NEU-DET,inclusion,inclusion_213.jpg,4x4,4,4,8,FRQI,1024,statevector,5,4,1,1092,705,384,"{""h"": 132, ""x"": 64, ""cx"": 384, ""tdg"": 192, ""t"": 256, ""ry"": 64}",0.0009601670026313,0.0041395829903194,0.0,2.9542003176175054e-05,0.0067009169870289,2.1978712525347136e-30,100.0,0.9999999999999932
6c2248ad,2026-09-22T00:01:26.236898,NEU-DET,inclusion,inclusion_213.jpg,4x4,4,4,8,NEQR,1024,statevector,12,4,8,131,91,63,"{""h"": 4, ""x"": 64, ""mcx"": 63}",0.0008229999948525,0.0009127500088652,0.0,0.0002392909955233,0.002398541997536,0.0,100.0,1.0
c882914b,2026-09-22T00:01:26.239660,NEU-DET,inclusion,inclusion_214.jpg,4x4,4,4,8,FRQI,1024,statevector,5,4,1,1092,705,384,"{""h"": 132, ""x"": 64, ""cx"": 384, ""tdg"": 192, ""t"": 256, ""ry"": 64}",0.0010059170017484,0.0041417920001549,0.0,3.2791009289212525e-05,0.0071415410056943,1.688847968233167e-30,100.0,1.000000000000005
46b3bd32,2026-09-22T00:01:26.246822,NEU-DET,inclusion,inclusion_214.jpg,4x4,4,4,8,NEQR,1024,statevector,12,4,8,132,92,64,"{""h"": 4, ""x"": 64, ""mcx"": 64}",0.0008395420009037,0.0009450000070501,0.0,0.0002451670006848,0.0024772500037215,0.0,100.0,1.0
c3abccb1,2026-09-22T00:01:26.249705,NEU-DET,inclusion,inclusion_215.jpg,4x4,4,4,8,FRQI,1024,statevector,5,4,1,1092,705,384,"{""h"": 132, ""x"": 64, ""cx"": 384, ""tdg"": 192, ""t"": 256, ""ry"": 64}",0.0010570000013103,0.004194291002932,0.0,2.8667011065408587e-05,0.0068378750002011,1.750862912442436e-30,100.0,0.9999999999999972
a5bea581,2026-09-22T00:01:26.256558,NEU-DET,inclusion,inclusion_215.jpg,4x4,4,4,8,NEQR,1024,statevector,12,4,8,130,90,62,"{""h"": 4, ""x"": 64, ""mcx"": 62}",0.0008169170032488,0.0009557090088492,0.0,0.0002414999908069,0.0024234579905169,0.0,100.0,1.0
16354d50,2026-09-22T00:01:26.259355,NEU-DET,inclusion,inclusion_216.jpg,4x4,4,4,8,FRQI,1024,statevector,5,4,1,1092,705,384,"{""h"": 132, ""x"": 64, ""cx"": 384, ""tdg"": 192, ""t"": 256, ""ry"": 64}",0.0009884580067591,0.004181874988717,0.0,2.824999683070928e-05,0.0067632499994942,2.3617678908020673e-30,100.0,1.0000000000000089
cf8f750c,2026-09-22T00:01:26.266135,NEU-DET,inclusion,inclusion_216.jpg,4x4,4,4,8,NEQR,1024,statevector,12,4,8,125,85,57,"{""h"": 4, ""x"": 64, ""mcx"": 57}",0.0008532089996151,0.0008722500060684,0.0,0.000247792006121,0.0024008750042412,0.0,100.0,1.0
aaedc3af,2026-09-22T00:01:26.268946,NEU-DET,inclusion,inclusion_217.jpg,4x4,4,4,8,FRQI,1024,statevector,5,4,1,1092,705,384,"{""h"": 132, ""x"": 64, ""cx"": 384, ""tdg"": 192, ""t"": 256, ""ry"": 64}",0.0009959580056602,0.0042211249965475,0.0,3.0625000363215804e-05,0.0068253749923314,1.7981444925771428e-30,100.0,0.9999999999999988
c33434c2,2026-09-22T00:01:26.275792,NEU-DET,inclusion,inclusion_217.jpg,4x4,4,4,8,NEQR,1024,statevector,12,4,8,123,83,55,"{""h"": 4, ""x"": 64, ""mcx"": 55}",0.0007278339908225,0.000853959005326,0.0,0.000245791990892,0.0022900829935679,0.0,100.0,1.0
ca2b6dd5,2026-09-22T00:01:26.278446,NEU-DET,inclusion,inclusion_218.jpg,4x4,4,4,8,FRQI,1024,statevector,5,4,1,1092,705,384,"{""h"": 132, ""x"": 64, ""cx"": 384, ""tdg"": 192, ""t"": 256, ""ry"": 64}",0.0009533330012345,0.0041337500006193,0.0,3.024999750778079e-05,0.0066508329909993,1.8350260510121583e-30,100.0,1.0000000000000004
6ec5976c,2026-09-22T00:01:26.285114,NEU-DET,inclusion,inclusion_218.jpg,4x4,4,4,8,NEQR,1024,statevector,12,4,8,128,88,60,"{""h"": 4, ""x"": 64, ""mcx"": 60}",0.0007835830037947,0.0009324999991804,0.0,0.0002362910017836,0.0024329159932676,0.0,100.0,1.0
7f2b259c,2026-09-22T00:01:26.287940,NEU-DET,inclusion,inclusion_219.jpg,4x4,4,4,8,FRQI,1024,statevector,5,4,1,1092,705,384,"{""h"": 132, ""x"": 64, ""cx"": 384, ""tdg"": 192, ""t"": 256, ""ry"": 64}",0.0011061670084018,0.0042379170045023,0.0,3.1666000722907484e-05,0.0069565000012516,1.8074852528074212e-30,100.0,1.0000000000000335
002d9a07,2026-09-22T00:01:26.294914,NEU-DET,inclusion,inclusion_219.jpg,4x4,4,4,8,NEQR,1024,statevector,12,4,8,142,102,74,"{""h"": 4, ""x"": 64, ""mcx"": 74}",0.0009327080042567,0.0010097920021507,0.0,0.0002406669955234,0.002656124997884,0.0,100.0,1.0
9b4bbae6,2026-09-22T00:01:26.297932,NEU-DET,inclusion,inclusion_22.jpg,4x4,4,4,8,FRQI,1024,statevector,5,4,1,1092,705,384,"{""h"": 132, ""x"": 64, ""cx"": 384, ""tdg"": 192, ""t"": 256, ""ry"": 64}",0.0010588750010356,0.0041104999982053,0.0,2.937500539701432e-05,0.0067854170047212,1.925448461901139e-30,100.0,0.9999999999999988
385475e0,2026-09-22T00:01:26.304733,NEU-DET,inclusion,inclusion_22.jpg,4x4,4,4,8,NEQR,1024,statevector,12,4,8,121,81,53,"{""h"": 4, ""x"": 64, ""mcx"": 53}",0.0007112089951988,0.0008534169901395,0.0,0.0002366669941693,0.0022006669896654,0.0,100.0,1.0
63f4ccdf,2026-09-22T00:01:26.307347,NEU-DET,inclusion,inclusion_220.jpg,4x4,4,4,8,FRQI,1024,statevector,5,4,1,1092,705,384,"{""h"": 132, ""x"": 64, ""cx"": 384, ""tdg"": 192, ""t"": 256, ""ry"": 64}",0.0009500829910393,0.004137083000387,0.0,3.070798993576318e-05,0.0067003330041188,1.5174402031827031e-30,100.0,1.0000000000000535
94e6bd6b,2026-09-22T00:01:26.314067,NEU-DET,inclusion,inclusion_220.jpg,4x4,4,4,8,NEQR,1024,statevector,12,4,8,134,94,66,"{""h"": 4, ""x"": 64, ""mcx"": 66}",0.0012307920114835,0.0009665410034358,0.0,0.0002357500052312,0.0029530000028898,0.0,100.0,1.0
d32d3631,2026-09-22T00:01:26.317457,NEU-DET,inclusion,inclusion_221.jpg,4x4,4,4,8,FRQI,1024,statevector,5,4,1,1092,705,384,"{""h"": 132, ""x"": 64, ""cx"": 384, ""tdg"": 192, ""t"": 256, ""ry"": 64}",0.0009914999973261,0.0041829590045381,0.0,2.89169984171167e-05,0.0067515419941628,2.2044194143456298e-30,100.0,0.9999999999999978
eca34637,2026-09-22T00:01:26.324226,NEU-DET,inclusion,inclusion_221.jpg,4x4,4,4,8,NEQR,1024,statevector,12,4,8,144,104,76,"{""h"": 4, ""x"": 64, ""mcx"": 76}",0.0010401249892311,0.0010518749913899,0.0,0.0002338339982088,0.0028627910069189,0.0,100.0,1.0
c7686895,2026-09-22T00:01:26.327496,NEU-DET,inclusion,inclusion_222.jpg,4x4,4,4,8,FRQI,1024,statevector,5,4,1,1092,705,384,"{""h"": 132, ""x"": 64, ""cx"": 384, ""tdg"": 192, ""t"": 256, ""ry"": 64}",0.0009673340100562,0.0041857909964164,0.0,2.879199746530503e-05,0.0067482500016922,1.4365511455184392e-30,100.0,1.0000000000000226
1cdef18d,2026-09-22T00:01:26.334260,NEU-DET,inclusion,inclusion_222.jpg,4x4,4,4,8,NEQR,1024,statevector,12,4,8,148,108,80,"{""h"": 4, ""x"": 64, ""mcx"": 80}",0.0010068749979836,0.0010522499942453,0.0,0.0002424590056762,0.0028305830055614,0.0,100.0,1.0
5e227aee,2026-09-22T00:01:26.337458,NEU-DET,inclusion,inclusion_223.jpg,4x4,4,4,8,FRQI,1024,statevector,5,4,1,1092,705,384,"{""h"": 132, ""x"": 64, ""cx"": 384, ""tdg"": 192, ""t"": 256, ""ry"": 64}",0.0009523750049993,0.0042476249946048,0.0,2.8833004762418568e-05,0.0068035000003874,1.7730111068028893e-30,100.0,1.0000000000000202
dcaf4684,2026-09-22T00:01:26.344277,NEU-DET,inclusion,inclusion_223.jpg,4x4,4,4,8,NEQR,1024,statevector,12,4,8,140,100,72,"{""h"": 4, ""x"": 64, ""mcx"": 72}",0.0009692500025266,0.0010353750112699,0.0,0.0002407499996479,0.0026939999952446,0.0,100.0,1.0
d7dda9d0,2026-09-22T00:01:26.347347,NEU-DET,inclusion,inclusion_224.jpg,4x4,4,4,8,FRQI,1024,statevector,5,4,1,1092,705,384,"{""h"": 132, ""x"": 64, ""cx"": 384, ""tdg"": 192, ""t"": 256, ""ry"": 64}",0.0010017500026151,0.0042870000033872,0.0,3.15000070258975e-05,0.0069234590046107,2.9855765997890934e-30,100.0,1.0000000000000004
c89a10d2,2026-09-22T00:01:26.354292,NEU-DET,inclusion,inclusion_224.jpg,4x4,4,4,8,NEQR,1024,statevector,12,4,8,125,85,57,"{""h"": 4, ""x"": 64, ""mcx"": 57}",0.0007647079910384,0.0009042500023497,0.0,0.0002316250029252,0.0023609579948242,0.0,100.0,1.0
efec870a,2026-09-22T00:01:26.357084,NEU-DET,inclusion,inclusion_225.jpg,4x4,4,4,8,FRQI,1024,statevector,5,4,1,1092,705,384,"{""h"": 132, ""x"": 64, ""cx"": 384, ""tdg"": 192, ""t"": 256, ""ry"": 64}",0.0012846659956267,0.004169042003923,0.0,2.9208007617853585e-05,0.0070647500106133,1.9037817500267823e-30,100.0,1.0000000000000009
2b99de01,2026-09-22T00:01:26.364168,NEU-DET,inclusion,inclusion_225.jpg,4x4,4,4,8,NEQR,1024,statevector,12,4,8,126,86,58,"{""h"": 4, ""x"": 64, ""mcx"": 58}",0.0007747920026304,0.0008989589987322,0.0,0.0002494999935152,0.0023575829982291,0.0,100.0,1.0
06d5f9a7,2026-09-22T00:01:26.366898,NEU-DET,inclusion,inclusion_226.jpg,4x4,4,4,8,FRQI,1024,statevector,5,4,1,1092,705,384,"{""h"": 132, ""x"": 64, ""cx"": 384, ""tdg"": 192, ""t"": 256, ""ry"": 64}",0.0009547919908072,0.0041717080021044,0.0,3.212499723304063e-05,0.0067118750012014,2.0653672723608717e-30,100.0,1.000000000000003
0120237e,2026-09-22T00:01:26.373627,NEU-DET,inclusion,inclusion_226.jpg,4x4,4,4,8,NEQR,1024,statevector,12,4,8,128,88,60,"{""h"": 4, ""x"": 64, ""mcx"": 60}",0.0008396250050282,0.0009255420009139,0.0,0.0002399579971097,0.0024419580004177,0.0,100.0,1.0
138b9b9d,2026-09-22T00:01:26.376443,NEU-DET,inclusion,inclusion_227.jpg,4x4,4,4,8,FRQI,1024,statevector,5,4,1,1092,705,384,"{""h"": 132, ""x"": 64, ""cx"": 384, ""tdg"": 192, ""t"": 256, ""ry"": 64}",0.0009429170022485,0.0042180419986834,0.0,2.808299905154854e-05,0.0067526249913498,1.2508914988795097e-30,100.0,1.000000000000004
54c1258e,2026-09-22T00:01:26.383210,NEU-DET,inclusion,inclusion_227.jpg,4x4,4,4,8,NEQR,1024,statevector,12,4,8,129,89,61,"{""h"": 4, ""x"": 64, ""mcx"": 61}",0.0008448750013485,0.0009131669939961,0.0,0.0002405420091236,0.0024836249940562,0.0,100.0,1.0
66024c06,2026-09-22T00:01:26.386068,NEU-DET,inclusion,inclusion_228.jpg,4x4,4,4,8,FRQI,1024,statevector,5,4,1,1092,705,384,"{""h"": 132, ""x"": 64, ""cx"": 384, ""tdg"": 192, ""t"": 256, ""ry"": 64}",0.0009334589994978,0.0042582089954521,0.0,2.8750000637955964e-05,0.0068082499929005,2.4041383495785865e-30,100.0,1.0000000000000009
73abe44d,2026-09-22T00:01:26.392894,NEU-DET,inclusion,inclusion_228.jpg,4x4,4,4,8,NEQR,1024,statevector,12,4,8,136,96,68,"{""h"": 4, ""x"": 64, ""mcx"": 68}",0.0011749580007744,0.0010454999865032,0.0,0.0002572090015746,0.0029484999977285,0.0,100.0,1.0
8b7386db,2026-09-22T00:01:26.396258,NEU-DET,inclusion,inclusion_229.jpg,4x4,4,4,8,FRQI,1024,statevector,5,4,1,1092,705,384,"{""h"": 132, ""x"": 64, ""cx"": 384, ""tdg"": 192, ""t"": 256, ""ry"": 64}",0.0009668330021668,0.0041359580063726,0.0,2.8416994609870017e-05,0.0067026250035269,1.2472322319851741e-30,100.0,0.999999999999983
22b30fd4,2026-09-22T00:01:26.402975,NEU-DET,inclusion,inclusion_229.jpg,4x4,4,4,8,NEQR,1024,statevector,12,4,8,142,102,74,"{""h"": 4, ""x"": 64, ""mcx"": 74}",0.0010864999931072,0.0009862500010058,0.0,0.0002494159998605,0.0028683330019703,0.0,100.0,1.0
7024bf17,2026-09-22T00:01:26.406211,NEU-DET,inclusion,inclusion_23.jpg,4x4,4,4,8,FRQI,1024,statevector,5,4,1,1092,705,384,"{""h"": 132, ""x"": 64, ""cx"": 384, ""tdg"": 192, ""t"": 256, ""ry"": 64}",0.0010012920101871,0.0041676660039229,0.0,3.170900163240731e-05,0.006783583012293,1.9792782038467623e-30,100.0,1.0000000000000122
ca5cb471,2026-09-22T00:01:26.413011,NEU-DET,inclusion,inclusion_23.jpg,4x4,4,4,8,NEQR,1024,statevector,12,4,8,120,80,52,"{""h"": 4, ""x"": 64, ""mcx"": 52}",0.000719209012459,0.0008727919921511,0.0,0.0002508750039851,0.0022683330025756,0.0,100.0,1.0
35474d36,2026-09-22T00:01:26.415687,NEU-DET,inclusion,inclusion_230.jpg,4x4,4,4,8,FRQI,1024,statevector,5,4,1,1092,705,384,"{""h"": 132, ""x"": 64, ""cx"": 384, ""tdg"": 192, ""t"": 256, ""ry"": 64}",0.0011410000006435,0.0040915830031735,0.0,2.895899524446577e-05,0.0068100000062258,8.327721079530408e-31,100.0,1.0000000000000102
7709362c,2026-09-22T00:01:26.422514,NEU-DET,inclusion,inclusion_230.jpg,4x4,4,4,8,NEQR,1024,statevector,12,4,8,141,101,73,"{""h"": 4, ""x"": 64, ""mcx"": 73}",0.000957374999416,0.0010804589983308,0.0,0.0002514170046197,0.002755541994702,0.0,100.0,1.0
8948c92f,2026-09-22T00:01:26.425736,NEU-DET,inclusion,inclusion_231.jpg,4x4,4,4,8,FRQI,1024,statevector,5,4,1,1092,705,384,"{""h"": 132, ""x"": 64, ""cx"": 384, ""tdg"": 192, ""t"": 256, ""ry"": 64}",0.0010092500015161,0.0042125000036321,0.0,3.05419962387532e-05,0.0068637080112239,1.1771283820094786e-30,100.0,1.000000000000015
525703e1,2026-09-22T00:01:26.432622,NEU-DET,inclusion,inclusion_231.jpg,4x4,4,4,8,NEQR,1024,statevector,12,4,8,144,104,76,"{""h"": 4, ""x"": 64, ""mcx"": 76}",0.001127791008912,0.0010773340036394,0.0,0.0002495420048944,0.0029469590081134,0.0,100.0,1.0
005674bc,2026-09-22T00:01:26.435995,NEU-DET,inclusion,inclusion_232.jpg,4x4,4,4,8,FRQI,1024,statevector,5,4,1,1092,705,384,"{""h"": 132, ""x"": 64, ""cx"": 384, ""tdg"": 192, ""t"": 256, ""ry"": 64}",0.0009689999860711,0.0042133750102948,0.0,2.9708011425100267e-05,0.0067931249941466,1.0392317979913525e-30,100.0,0.999999999999996
bdc66481,2026-09-22T00:01:26.442808,NEU-DET,inclusion,inclusion_232.jpg,4x4,4,4,8,NEQR,1024,statevector,12,4,8,135,95,67,"{""h"": 4, ""x"": 64, ""mcx"": 67}",0.0009217079932568,0.000966542007518,0.0,0.0002522079885238,0.0025839160080067,0.0,100.0,1.0
c99401a5,2026-09-22T00:01:26.445830,NEU-DET,inclusion,inclusion_233.jpg,4x4,4,4,8,FRQI,1024,statevector,5,4,1,1092,705,384,"{""h"": 132, ""x"": 64, ""cx"": 384, ""tdg"": 192, ""t"": 256, ""ry"": 64}",0.0010027079988503,0.0041878329939208,0.0,3.1666000722907484e-05,0.0067910419893451,8.766833106850698e-31,100.0,0.9999999999999782
ee458dec,2026-09-22T00:01:26.452638,NEU-DET,inclusion,inclusion_233.jpg,4x4,4,4,8,NEQR,1024,statevector,12,4,8,143,103,75,"{""h"": 4, ""x"": 64, ""mcx"": 75}",0.0009465829934924,0.0010216249938821,0.0,0.0002438750088913,0.0027481249999254,0.0,100.0,1.0
f376af3c,2026-09-22T00:01:26.455781,NEU-DET,inclusion,inclusion_234.jpg,4x4,4,4,8,FRQI,1024,statevector,5,4,1,1092,705,384,"{""h"": 132, ""x"": 64, ""cx"": 384, ""tdg"": 192, ""t"": 256, ""ry"": 64}",0.0009816669917199,0.0041481670050416,0.0,3.041699528694153e-05,0.0068052499991608,1.1763580100317237e-30,100.0,0.9999999999999784
94ed732e,2026-09-22T00:01:26.462606,NEU-DET,inclusion,inclusion_234.jpg,4x4,4,4,8,NEQR,1024,statevector,12,4,8,137,97,69,"{""h"": 4, ""x"": 64, ""mcx"": 69}",0.0008802499942248,0.0009870409994618,0.0,0.0002507500030333,0.0026787920069182,0.0,100.0,1.0
098be79e,2026-09-22T00:01:26.465720,NEU-DET,inclusion,inclusion_235.jpg,4x4,4,4,8,FRQI,1024,statevector,5,4,1,1092,705,384,"{""h"": 132, ""x"": 64, ""cx"": 384, ""tdg"": 192, ""t"": 256, ""ry"": 64}",0.0010028749966295,0.0041796250006882,0.0,3.1790987122803926e-05,0.0070851659984327,6.656013887802287e-31,100.0,0.9999999999999998
4235a392,2026-09-22T00:01:26.472830,NEU-DET,inclusion,inclusion_235.jpg,4x4,4,4,8,NEQR,1024,statevector,12,4,8,146,106,78,"{""h"": 4, ""x"": 64, ""mcx"": 78}",0.0009897920099319,0.0013078339979983,0.0,0.0002437500079395,0.0030518749990733,0.0,100.0,1.0
be1e5b01,2026-09-22T00:01:26.476358,NEU-DET,inclusion,inclusion_236.jpg,4x4,4,4,8,FRQI,1024,statevector,5,4,1,1092,705,384,"{""h"": 132, ""x"": 64, ""cx"": 384, ""tdg"": 192, ""t"": 256, ""ry"": 64}",0.0011067500017816,0.0042357500060461,0.0,3.058300353586674e-05,0.0069536249939119,1.4806549412449071e-30,100.0,1.000000000000015
d6ea8df2,2026-09-22T00:01:26.483330,NEU-DET,inclusion,inclusion_236.jpg,4x4,4,4,8,NEQR,1024,statevector,12,4,8,141,101,73,"{""h"": 4, ""x"": 64, ""mcx"": 73}",0.0009502080065431,0.0010341669985791,0.0,0.0002447079896228,0.0027032920042984,0.0,100.0,1.0
122ce163,2026-09-22T00:01:26.486605,NEU-DET,inclusion,inclusion_237.jpg,4x4,4,4,8,FRQI,1024,statevector,5,4,1,1092,705,384,"{""h"": 132, ""x"": 64, ""cx"": 384, ""tdg"": 192, ""t"": 256, ""ry"": 64}",0.0126328330079559,0.0041957079956773,0.0,3.2334006391465664e-05,0.0184292500052833,1.2441507440741544e-30,100.0,1.0000000000000782
ba083224,2026-09-22T00:01:26.505063,NEU-DET,inclusion,inclusion_237.jpg,4x4,4,4,8,NEQR,1024,statevector,12,4,8,152,112,84,"{""h"": 4, ""x"": 64, ""mcx"": 84}",0.0010550409933784,0.0010993750038323,0.0,0.0002422079996904,0.0029764579958282,0.0,100.0,1.0
409b3797,2026-09-22T00:01:26.508525,NEU-DET,inclusion,inclusion_238.jpg,4x4,4,4,8,FRQI,1024,statevector,5,4,1,1092,705,384,"{""h"": 132, ""x"": 64, ""cx"": 384, ""tdg"": 192, ""t"": 256, ""ry"": 64}",0.0009720410016598,0.0042000000103143,0.0,3.199999628122896e-05,0.0067923339956905,7.4109784260020844e-31,100.0,0.9999999999999925
73155a67,2026-09-22T00:01:26.515337,NEU-DET,inclusion,inclusion_238.jpg,4x4,4,4,8,NEQR,1024,statevector,12,4,8,145,105,77,"{""h"": 4, ""x"": 64, ""mcx"": 77}",0.0009737499931361,0.0010306670010322,0.0,0.0002376670017838,0.0027717079938156,0.0,100.0,1.0
0fc6c86e,2026-09-22T00:01:26.518508,NEU-DET,inclusion,inclusion_239.jpg,4x4,4,4,8,FRQI,1024,statevector,5,4,1,1092,705,384,"{""h"": 132, ""x"": 64, ""cx"": 384, ""tdg"": 192, ""t"": 256, ""ry"": 64}",0.0009745840070536,0.0041994579951278,0.0,3.1625007977709174e-05,0.0067551250103861,1.3159879309997984e-30,100.0,0.9999999999999912
453f25ff,2026-09-22T00:01:26.525285,NEU-DET,inclusion,inclusion_239.jpg,4x4,4,4,8,NEQR,1024,statevector,12,4,8,142,102,74,"{""h"": 4, ""x"": 64, ""mcx"": 74}",0.000942416008911,0.0010313330130884,0.0,0.0002379169891355,0.0027225830126553,0.0,100.0,1.0
ab26c206,2026-09-22T00:01:26.528398,NEU-DET,inclusion,inclusion_24.jpg,4x4,4,4,8,FRQI,1024,statevector,5,4,1,1092,705,384,"{""h"": 132, ""x"": 64, ""cx"": 384, ""tdg"": 192, ""t"": 256, ""ry"": 64}",0.0009617909963708,0.0041622920107329,0.0,2.908300666604191e-05,0.0066872919996967,2.4750607197806465e-30,100.0,0.999999999999996
08356146,2026-09-22T00:01:26.535102,NEU-DET,inclusion,inclusion_24.jpg,4x4,4,4,8,NEQR,1024,statevector,12,4,8,116,76,48,"{""h"": 4, ""x"": 64, ""mcx"": 48}",0.0006563750066561,0.0008709590038051,0.0,0.0002448750019539,0.0021670830028597,0.0,100.0,1.0
14817309,2026-09-22T00:01:26.537662,NEU-DET,inclusion,inclusion_240.jpg,4x4,4,4,8,FRQI,1024,statevector,5,4,1,1092,705,384,"{""h"": 132, ""x"": 64, ""cx"": 384, ""tdg"": 192, ""t"": 256, ""ry"": 64}",0.0010146669956156,0.0042173750116489,0.0,2.908299211412668e-05,0.0068099170021014,1.2549359517627229e-30,100.0,0.9999999999999925
f7540e60,2026-09-22T00:01:26.544488,NEU-DET,inclusion,inclusion_240.jpg,4x4,4,4,8,NEQR,1024,statevector,12,4,8,155,115,87,"{""h"": 4, ""x"": 64, ""mcx"": 87}",0.0010643749992595,0.0010654999932739,0.0,0.0002404170081717,0.0028657910006586,0.0,100.0,1.0
2d1efa92,2026-09-22T00:01:26.547732,NEU-DET,inclusion,inclusion_25.jpg,4x4,4,4,8,FRQI,1024,statevector,5,4,1,1092,705,384,"{""h"": 132, ""x"": 64, ""cx"": 384, ""tdg"": 192, ""t"": 256, ""ry"": 64}",0.001047625002684,0.0044360000028973,0.0,3.362499410286546e-05,0.0071353329985868,2.3222381786935193e-30,100.0,0.9999999999999912
32808f9b,2026-09-22T00:01:26.554893,NEU-DET,inclusion,inclusion_25.jpg,4x4,4,4,8,NEQR,1024,statevector,12,4,8,125,85,57,"{""h"": 4, ""x"": 64, ""mcx"": 57}",0.0009097080037463,0.0009273750038119,0.0,0.0002398330107098,0.0025956669996958,0.0,100.0,1.0
9291cbc1,2026-09-22T00:01:26.557931,NEU-DET,inclusion,inclusion_26.jpg,4x4,4,4,8,FRQI,1024,statevector,5,4,1,1092,705,384,"{""h"": 132, ""x"": 64, ""cx"": 384, ""tdg"": 192, ""t"": 256, ""ry"": 64}",0.0010734160023275,0.0041666670003905,0.0,2.899998798966408e-05,0.0068748330086236,1.432506692635226e-30,100.0,0.9999999999999808
94a69337,2026-09-22T00:01:26.564825,NEU-DET,inclusion,inclusion_26.jpg,4x4,4,4,8,NEQR,1024,statevector,12,4,8,137,97,69,"{""h"": 4, ""x"": 64, ""mcx"": 69}",0.0011022499966202,0.0009811670024646,0.0,0.0002349159913137,0.0027608339878497,0.0,100.0,1.0
53eccee1,2026-09-22T00:01:26.567933,NEU-DET,inclusion,inclusion_27.jpg,4x4,4,4,8,FRQI,1024,statevector,5,4,1,1092,705,384,"{""h"": 132, ""x"": 64, ""cx"": 384, ""tdg"": 192, ""t"": 256, ""ry"": 64}",0.0009565410000504,0.0041590409964555,0.0,2.8208000003360212e-05,0.0067050420038867,1.5813810773363594e-30,100.0,0.999999999999982
b2783173,2026-09-22T00:01:26.574688,NEU-DET,inclusion,inclusion_27.jpg,4x4,4,4,8,NEQR,1024,statevector,12,4,8,150,110,82,"{""h"": 4, ""x"": 64, ""mcx"": 82}",0.0011612499947659,0.0010514589957892,0.0,0.0002385829866398,0.0029839590133633,0.0,100.0,1.0
17990e04,2026-09-22T00:01:26.578126,NEU-DET,inclusion,inclusion_28.jpg,4x4,4,4,8,FRQI,1024,statevector,5,4,1,1092,705,384,"{""h"": 132, ""x"": 64, ""cx"": 384, ""tdg"": 192, ""t"": 256, ""ry"": 64}",0.0009795410005608,0.0041618749964982,0.0,2.9833012376911935e-05,0.0067517499992391,1.5241809579880585e-30,100.0,0.9999999999999708
bf893ff5,2026-09-22T00:01:26.584901,NEU-DET,inclusion,inclusion_28.jpg,4x4,4,4,8,NEQR,1024,statevector,12,4,8,153,113,85,"{""h"": 4, ""x"": 64, ""mcx"": 85}",0.0012802919954992,0.0010792920074891,0.0,0.0002424590056762,0.0031091670098248,0.0,100.0,1.0
692b60df,2026-09-22T00:01:26.588405,NEU-DET,inclusion,inclusion_29.jpg,4x4,4,4,8,FRQI,1024,statevector,5,4,1,1092,705,384,"{""h"": 132, ""x"": 64, ""cx"": 384, ""tdg"": 192, ""t"": 256, ""ry"": 64}",0.0009657089976826,0.0042594590049702,0.0,3.1916002626530826e-05,0.006832665996626,1.1226245645833198e-30,100.0,0.9999999999999826
af84d63b,2026-09-22T00:01:26.595259,NEU-DET,inclusion,inclusion_29.jpg,4x4,4,4,8,NEQR,1024,statevector,12,4,8,143,103,75,"{""h"": 4, ""x"": 64, ""mcx"": 75}",0.0009527079964755,0.0010341660090489,0.0,0.000236332998611,0.0027454590017441,0.0,100.0,1.0
a31d64cd,2026-09-22T00:01:26.598332,NEU-DET,inclusion,inclusion_3.jpg,4x4,4,4,8,FRQI,1024,statevector,5,4,1,1092,705,384,"{""h"": 132, ""x"": 64, ""cx"": 384, ""tdg"": 192, ""t"": 256, ""ry"": 64}",0.00097970799834,0.0041824590007308,0.0,2.8208000003360212e-05,0.0067407919996185,1.9950708293907376e-30,100.0,0.9999999999999928
b522e9f5,2026-09-22T00:01:26.605088,NEU-DET,inclusion,inclusion_3.jpg,4x4,4,4,8,NEQR,1024,statevector,12,4,8,129,89,61,"{""h"": 4, ""x"": 64, ""mcx"": 61}",0.0007995829946594,0.0009702499955892,0.0,0.0002598330029286,0.0024410829937551,0.0,100.0,1.0
6a6dd6e0,2026-09-22T00:01:26.607934,NEU-DET,inclusion,inclusion_30.jpg,4x4,4,4,8,FRQI,1024,statevector,5,4,1,1092,705,384,"{""h"": 132, ""x"": 64, ""cx"": 384, ""tdg"": 192, ""t"": 256, ""ry"": 64}",0.0010605420102365,0.0041365829965798,0.0,3.037499845959246e-05,0.00682316700113,2.7839317346117498e-30,100.0,1.0000000000000144
73755126,2026-09-22T00:01:26.614775,NEU-DET,inclusion,inclusion_30.jpg,4x4,4,4,8,NEQR,1024,statevector,12,4,8,125,85,57,"{""h"": 4, ""x"": 64, ""mcx"": 57}",0.0008257909939857,0.0009358329989481,0.0,0.0002435000060359,0.0024541250022593,0.0,100.0,1.0
4b9f7a8a,2026-09-22T00:01:26.617656,NEU-DET,inclusion,inclusion_31.jpg,4x4,4,4,8,FRQI,1024,statevector,5,4,1,1092,705,384,"{""h"": 132, ""x"": 64, ""cx"": 384, ""tdg"": 192, ""t"": 256, ""ry"": 64}",0.001017957998556,0.0041314999980386,0.0,3.0750001315027475e-05,0.0067569999955594,1.920152154554074e-30,100.0,0.9999999999999758
c0f1bb0b,2026-09-22T00:01:26.624433,NEU-DET,inclusion,inclusion_31.jpg,4x4,4,4,8,NEQR,1024,statevector,12,4,8,140,100,72,"{""h"": 4, ""x"": 64, ""mcx"": 72}",0.0010287080076523,0.0010005420044763,0.0,0.0002408330037724,0.0027395409997552,0.0,100.0,1.0
a6ff199c,2026-09-22T00:01:26.627556,NEU-DET,inclusion,inclusion_32.jpg,4x4,4,4,8,FRQI,1024,statevector,5,4,1,1092,705,384,"{""h"": 132, ""x"": 64, ""cx"": 384, ""tdg"": 192, ""t"": 256, ""ry"": 64}",0.0011331669957144,0.0045463749993359,0.0,3.070800448767841e-05,0.007305749997613,1.5528773141594284e-30,100.0,1.000000000000004
686940ad,2026-09-22T00:01:26.634883,NEU-DET,inclusion,inclusion_32.jpg,4x4,4,4,8,NEQR,1024,statevector,12,4,8,134,94,66,"{""h"": 4, ""x"": 64, ""mcx"": 66}",0.0008747079991735,0.0009785410074982,0.0,0.0002350830036448,0.0025373329990543,0.0,100.0,1.0
58c2be74,2026-09-22T00:01:26.637775,NEU-DET,inclusion,inclusion_33.jpg,4x4,4,4,8,FRQI,1024,statevector,5,4,1,1092,705,384,"{""h"": 132, ""x"": 64, ""cx"": 384, ""tdg"": 192, ""t"": 256, ""ry"": 64}",0.0010196670045843,0.0043114169966429,0.0,3.079100861214101e-05,0.0069624169991584,1.4103584982747728e-30,100.0,1.0000000000000044
da0461aa,2026-09-22T00:01:26.644756,NEU-DET,inclusion,inclusion_33.jpg,4x4,4,4,8,NEQR,1024,statevector,12,4,8,123,83,55,"{""h"": 4, ""x"": 64, ""mcx"": 55}",0.0008071249903878,0.0008987909968709,0.0,0.0002364579995628,0.0023552920029032,0.0,100.0,1.0
4f6b21c2,2026-09-22T00:01:26.647499,NEU-DET,inclusion,inclusion_34.jpg,4x4,4,4,8,FRQI,1024,statevector,5,4,1,1092,705,384,"{""h"": 132, ""x"": 64, ""cx"": 384, ""tdg"": 192, ""t"": 256, ""ry"": 64}",0.0009661249932833,0.004157709001447,0.0,2.9417002224363387e-05,0.0067279590002726,2.2885825529153524e-30,100.0,0.9999999999999792
48bb56f8,2026-09-22T00:01:26.654244,NEU-DET,inclusion,inclusion_34.jpg,4x4,4,4,8,NEQR,1024,statevector,12,4,8,124,84,56,"{""h"": 4, ""x"": 64, ""mcx"": 56}",0.0007539590005762,0.0008904999995138,0.0,0.000255457998719,0.0023531670012744,0.0,100.0,1.0
39bd0018,2026-09-22T00:01:26.656952,NEU-DET,inclusion,inclusion_35.jpg,4x4,4,4,8,FRQI,1024,statevector,5,4,1,1092,705,384,"{""h"": 132, ""x"": 64, ""cx"": 384, ""tdg"": 192, ""t"": 256, ""ry"": 64}",0.0011014580086339,0.0041257910052081,0.0,3.1458999728783965e-05,0.0068442499905359,2.0563635498708618e-30,100.0,1.0000000000000022
cd621144,2026-09-22T00:01:26.663817,NEU-DET,inclusion,inclusion_35.jpg,4x4,4,4,8,NEQR,1024,statevector,12,4,8,127,87,59,"{""h"": 4, ""x"": 64, ""mcx"": 59}",0.0008393329917453,0.0009222090011462,0.0,0.0002402079990133,0.0024932079977588,0.0,100.0,1.0
e429d843,2026-09-22T00:01:26.666666,NEU-DET,inclusion,inclusion_36.jpg,4x4,4,4,8,FRQI,1024,statevector,5,4,1,1092,705,384,"{""h"": 132, ""x"": 64, ""cx"": 384, ""tdg"": 192, ""t"": 256, ""ry"": 64}",0.0010707909968914,0.0041201249987352,0.0,2.941599814221263e-05,0.0067919589928351,2.3446271142970213e-30,100.0,0.9999999999999942
4fa76651,2026-09-22T00:01:26.673476,NEU-DET,inclusion,inclusion_36.jpg,4x4,4,4,8,NEQR,1024,statevector,12,4,8,127,87,59,"{""h"": 4, ""x"": 64, ""mcx"": 59}",0.0007727920019533,0.0009525409986963,0.0,0.0002365409891353,0.0024089999933494,0.0,100.0,1.0
f8b8bc1b,2026-09-22T00:01:26.676278,NEU-DET,inclusion,inclusion_37.jpg,4x4,4,4,8,FRQI,1024,statevector,5,4,1,1092,705,384,"{""h"": 132, ""x"": 64, ""cx"": 384, ""tdg"": 192, ""t"": 256, ""ry"": 64}",0.001005084006465,0.0042663339991122,0.0,3.012499655596912e-05,0.0068907920067431,2.1912267942265776e-30,100.0,1.0000000000000029
dc847491,2026-09-22T00:01:26.683193,NEU-DET,inclusion,inclusion_37.jpg,4x4,4,4,8,NEQR,1024,statevector,12,4,8,121,81,53,"{""h"": 4, ""x"": 64, ""mcx"": 53}",0.0007346659986069,0.000881041996763,0.0,0.0002376250049564,0.0022709170007146,0.0,100.0,1.0
1cf0836f,2026-09-22T00:01:26.685849,NEU-DET,inclusion,inclusion_38.jpg,4x4,4,4,8,FRQI,1024,statevector,5,4,1,1092,705,384,"{""h"": 132, ""x"": 64, ""cx"": 384, ""tdg"": 192, ""t"": 256, ""ry"": 64}",0.0010009999969042,0.0043173749872948,0.0,3.0167007935233418e-05,0.0069260830059647,2.2319120643017583e-30,100.0,0.9999999999999984
e396fb0a,2026-09-22T00:01:26.692793,NEU-DET,inclusion,inclusion_38.jpg,4x4,4,4,8,NEQR,1024,statevector,12,4,8,122,82,54,"{""h"": 4, ""x"": 64, ""mcx"": 54}",0.0007922090007923,0.0008908330055419,0.0,0.0002329589915461,0.0024772500037215,0.0,100.0,1.0
d5660dd4,2026-09-22T00:01:26.695656,NEU-DET,inclusion,inclusion_39.jpg,4x4,4,4,8,FRQI,1024,statevector,5,4,1,1092,705,384,"{""h"": 132, ""x"": 64, ""cx"": 384, ""tdg"": 192, ""t"": 256, ""ry"": 64}",0.0009914999973261,0.0041043749952223,0.0,2.9582995921373367e-05,0.0067146669898647,2.3453011897775565e-30,100.0,1.000000000000006
03d8cf22,2026-09-22T00:01:26.702391,NEU-DET,inclusion,inclusion_39.jpg,4x4,4,4,8,NEQR,1024,statevector,12,4,8,126,86,58,"{""h"": 4, ""x"": 64, ""mcx"": 58}",0.0007692910003243,0.0009057090064743,0.0,0.0002355839969823,0.0023248750076163,0.0,100.0,1.0
096194cd,2026-09-22T00:01:26.705099,NEU-DET,inclusion,inclusion_4.jpg,4x4,4,4,8,FRQI,1024,statevector,5,4,1,1092,705,384,"{""h"": 132, ""x"": 64, ""cx"": 384, ""tdg"": 192, ""t"": 256, ""ry"": 64}",0.0010133329924428,0.0042274999868823,0.0,2.950000634882599e-05,0.0068576659978134,1.8592927683114375e-30,100.0,1.0000000000000149
b69cb67b,2026-09-22T00:01:26.711975,NEU-DET,inclusion,inclusion_4.jpg,4x4,4,4,8,NEQR,1024,statevector,12,4,8,141,101,73,"{""h"": 4, ""x"": 64, ""mcx"": 73}",0.0012292920000618,0.001028334008879,0.0,0.0002367080014664,0.0029819999908795,0.0,100.0,1.0
d76ccbe0,2026-09-22T00:01:26.715397,NEU-DET,inclusion,inclusion_40.jpg,4x4,4,4,8,FRQI,1024,statevector,5,4,1,1092,705,384,"{""h"": 132, ""x"": 64, ""cx"": 384, ""tdg"": 192, ""t"": 256, ""ry"": 64}",0.0010686250025173,0.0042397500074002,0.0,3.124999057035893e-05,0.0069250829983502,1.7884185463579872e-30,100.0,1.000000000000006
6f183b67,2026-09-22T00:01:26.722341,NEU-DET,inclusion,inclusion_40.jpg,4x4,4,4,8,NEQR,1024,statevector,12,4,8,138,98,70,"{""h"": 4, ""x"": 64, ""mcx"": 70}",0.000906458008103,0.0011810409923782,0.0,0.0002399160002823,0.0027976249984931,0.0,100.0,1.0
30a9e195,2026-09-22T00:01:26.725583,NEU-DET,inclusion,inclusion_41.jpg,4x4,4,4,8,FRQI,1024,statevector,5,4,1,1092,705,384,"{""h"": 132, ""x"": 64, ""cx"": 384, ""tdg"": 192, ""t"": 256, ""ry"": 64}",0.0010383339977124,0.0042947080073645,0.0,3.3042000723071396e-05,0.0070405830047093,1.995456015379615e-30,100.0,1.0000000000000089
b761c4b1,2026-09-22T00:01:26.732647,NEU-DET,inclusion,inclusion_41.jpg,4x4,4,4,8,NEQR,1024,statevector,12,4,8,126,86,58,"{""h"": 4, ""x"": 64, ""mcx"": 58}",0.000800750000053,0.0009219170024152,0.0,0.0002355420001549,0.0024158330052159,0.0,100.0,1.0
87f4e01e,2026-09-22T00:01:26.735452,NEU-DET,inclusion,inclusion_42.jpg,4x4,4,4,8,FRQI,1024,statevector,5,4,1,1092,705,384,"{""h"": 132, ""x"": 64, ""cx"": 384, ""tdg"": 192, ""t"": 256, ""ry"": 64}",0.0009812920034164,0.0044103330001235,0.0,2.995799877680838e-05,0.007014375005383,1.6112329914743615e-30,100.0,0.9999999999999848
b3d34218,2026-09-22T00:01:26.742487,NEU-DET,inclusion,inclusion_42.jpg,4x4,4,4,8,NEQR,1024,statevector,12,4,8,126,86,58,"{""h"": 4, ""x"": 64, ""mcx"": 58}",0.0007635840011062,0.0009040419972734,0.0,0.0002392500027781,0.0024209159892052,0.0,100.0,1.0
59279197,2026-09-22T00:01:26.745292,NEU-DET,inclusion,inclusion_43.jpg,4x4,4,4,8,FRQI,1024,statevector,5,4,1,1092,705,384,"{""h"": 132, ""x"": 64, ""cx"": 384, ""tdg"": 192, ""t"": 256, ""ry"": 64}",0.0009716249915072,0.0041800000035436,0.0,2.9499991796910763e-05,0.0067462090082699,1.9349818151258562e-30,100.0,0.9999999999999988
4bdabfb3,2026-09-22T00:01:26.752053,NEU-DET,inclusion,inclusion_43.jpg,4x4,4,4,8,NEQR,1024,statevector,12,4,8,142,102,74,"{""h"": 4, ""x"": 64, ""mcx"": 74}",0.0011124579905299,0.0010102090018335,0.0,0.0002434579946566,0.0029280410089995,0.0,100.0,1.0
0ed24945,2026-09-22T00:01:26.755389,NEU-DET,inclusion,inclusion_44.jpg,4x4,4,4,8,FRQI,1024,statevector,5,4,1,1092,705,384,"{""h"": 132, ""x"": 64, ""cx"": 384, ""tdg"": 192, ""t"": 256, ""ry"": 64}",0.0010840839968295,0.0041889160056598,0.0,3.200001083314419e-05,0.0068735829991055,1.7953518941577813e-30,100.0,1.000000000000007
568b0413,2026-09-22T00:01:26.762280,NEU-DET,inclusion,inclusion_44.jpg,4x4,4,4,8,NEQR,1024,statevector,12,4,8,141,101,73,"{""h"": 4, ""x"": 64, ""mcx"": 73}",0.0012431670038495,0.0014759160112589,0.0,0.0004584999987855,0.0038375419971998,0.0,100.0,1.0
4210d106,2026-09-22T00:01:26.766627,NEU-DET,inclusion,inclusion_45.jpg,4x4,4,4,8,FRQI,1024,statevector,5,4,1,1092,705,384,"{""h"": 132, ""x"": 64, ""cx"": 384, ""tdg"": 192, ""t"": 256, ""ry"": 64}",0.0010876660089707,0.0041542499966453,0.0,3.137500607408583e-05,0.0068475840089377,1.9561670445141155e-30,100.0,0.9999999999999928
74fc0f77,2026-09-22T00:01:26.773495,NEU-DET,inclusion,inclusion_45.jpg,4x4,4,4,8,NEQR,1024,statevector,12,4,8,136,96,68,"{""h"": 4, ""x"": 64, ""mcx"": 68}",0.0009512920078122,0.0009757079969858,0.0,0.0002452089975122,0.0026245830085827,0.0,100.0,1.0
a133aac8,2026-09-22T00:01:26.776509,NEU-DET,inclusion,inclusion_46.jpg,4x4,4,4,8,FRQI,1024,statevector,5,4,1,1092,705,384,"{""h"": 132, ""x"": 64, ""cx"": 384, ""tdg"": 192, ""t"": 256, ""ry"": 64}",0.0010359590087318,0.004240916998242,0.0,3.8416997995227575e-05,0.0069129159965086,2.3593604783715833e-30,100.0,0.9999999999999906
b4db2aae,2026-09-22T00:01:26.783446,NEU-DET,inclusion,inclusion_46.jpg,4x4,4,4,8,NEQR,1024,statevector,12,4,8,116,76,48,"{""h"": 4, ""x"": 64, ""mcx"": 48}",0.0006824590091127,0.0008343329973286,0.0,0.0002337920013815,0.0021545830095419,0.0,100.0,1.0
ee05abfa,2026-09-22T00:01:26.786030,NEU-DET,inclusion,inclusion_47.jpg,4x4,4,4,8,FRQI,1024,statevector,5,4,1,1092,705,384,"{""h"": 132, ""x"": 64, ""cx"": 384, ""tdg"": 192, ""t"": 256, ""ry"": 64}",0.0009775829967111,0.0042143340106122,0.0,2.849999873433262e-05,0.0067951249948237,2.6663055632582993e-30,100.0,0.999999999999996
60eeb8a9,2026-09-22T00:01:26.792846,NEU-DET,inclusion,inclusion_47.jpg,4x4,4,4,8,NEQR,1024,statevector,12,4,8,123,83,55,"{""h"": 4, ""x"": 64, ""mcx"": 55}",0.0008024580019991,0.0008715829899301,0.0,0.0002348329871892,0.0023477919894503,0.0,100.0,1.0
412a4f8f,2026-09-22T00:01:26.795585,NEU-DET,inclusion,inclusion_48.jpg,4x4,4,4,8,FRQI,1024,statevector,5,4,1,1092,705,384,"{""h"": 132, ""x"": 64, ""cx"": 384, ""tdg"": 192, ""t"": 256, ""ry"": 64}",0.0009860409918474,0.0044468749983934,0.0,3.1916992156766355e-05,0.0070646670064888,2.5287460169804407e-30,100.0,1.0000000000000016
2f30d6dc,2026-09-22T00:01:26.802674,NEU-DET,inclusion,inclusion_48.jpg,4x4,4,4,8,NEQR,1024,statevector,12,4,8,127,87,59,"{""h"": 4, ""x"": 64, ""mcx"": 59}",0.0007848329987609,0.0009065410122275,0.0,0.0002382499951636,0.0024957499990705,0.0,100.0,1.0
2211dfcf,2026-09-22T00:01:26.805590,NEU-DET,inclusion,inclusion_49.jpg,4x4,4,4,8,FRQI,1024,statevector,5,4,1,1092,705,384,"{""h"": 132, ""x"": 64, ""cx"": 384, ""tdg"": 192, ""t"": 256, ""ry"": 64}",0.0010002920025726,0.0042007919983007,0.0,3.22499981848523e-05,0.0068343339953571,2.4160791152337874e-30,100.0,0.9999999999999932
87179c04,2026-09-22T00:01:26.812443,NEU-DET,inclusion,inclusion_49.jpg,4x4,4,4,8,NEQR,1024,statevector,12,4,8,122,82,54,"{""h"": 4, ""x"": 64, ""mcx"": 54}",0.0007254579977598,0.0008726669911993,0.0,0.0002404170081717,0.0022924169898033,0.0,100.0,1.0
d070311c,2026-09-22T00:01:26.815138,NEU-DET,inclusion,inclusion_5.jpg,4x4,4,4,8,FRQI,1024,statevector,5,4,1,1092,705,384,"{""h"": 132, ""x"": 64, ""cx"": 384, ""tdg"": 192, ""t"": 256, ""ry"": 64}",0.0010452500137034,0.0041470839933026,0.0,3.095800639130175e-05,0.0068230420001782,1.6497515903621062e-30,100.0,1.0
2327ba2d,2026-09-22T00:01:26.821981,NEU-DET,inclusion,inclusion_5.jpg,4x4,4,4,8,NEQR,1024,statevector,12,4,8,134,94,66,"{""h"": 4, ""x"": 64, ""mcx"": 66}",0.0008681250037625,0.0010042499925475,0.0,0.0002407919964753,0.0025884170026984,0.0,100.0,1.0
e5b76df9,2026-09-22T00:01:26.824970,NEU-DET,inclusion,inclusion_50.jpg,4x4,4,4,8,FRQI,1024,statevector,5,4,1,1092,705,384,"{""h"": 132, ""x"": 64, ""cx"": 384, ""tdg"": 192, ""t"": 256, ""ry"": 64}",0.0011115410015918,0.0041582919948268,0.0,2.89169984171167e-05,0.006884041999001,2.4667310727711717e-30,100.0,0.9999999999999802
76fb1c2c,2026-09-22T00:01:26.831875,NEU-DET,inclusion,inclusion_50.jpg,4x4,4,4,8,NEQR,1024,statevector,12,4,8,131,91,63,"{""h"": 4, ""x"": 64, ""mcx"": 63}",0.0008236669964389,0.0009349169995402,0.0,0.0002355829929001,0.0024338329967577,0.0,100.0,1.0
746bc771,2026-09-22T00:01:26.834715,NEU-DET,inclusion,inclusion_51.jpg,4x4,4,4,8,FRQI,1024,statevector,5,4,1,1092,705,384,"{""h"": 132, ""x"": 64, ""cx"": 384, ""tdg"": 192, ""t"": 256, ""ry"": 64}",0.0010065419919556,0.004343874999904,0.0,4.475000605452806e-05,0.0069985000009182,1.8750853938554132e-30,100.0,1.0000000000000109
84ef9e2a,2026-09-22T00:01:26.841731,NEU-DET,inclusion,inclusion_51.jpg,4x4,4,4,8,NEQR,1024,statevector,12,4,8,137,97,69,"{""h"": 4, ""x"": 64, ""mcx"": 69}",0.0010475829913048,0.0009652089938754,0.0,0.0002397089992882,0.0027397919911891,0.0,100.0,1.0
516dbfc0,2026-09-22T00:01:26.844896,NEU-DET,inclusion,inclusion_52.jpg,4x4,4,4,8,FRQI,1024,statevector,5,4,1,1092,705,384,"{""h"": 132, ""x"": 64, ""cx"": 384, ""tdg"": 192, ""t"": 256, ""ry"": 64}",0.0009702499955892,0.0041671669896459,0.0,2.9000002541579303e-05,0.006720374993165,2.5973091230006263e-30,100.0,1.000000000000011
3e49bfcf,2026-09-22T00:01:26.851632,NEU-DET,inclusion,inclusion_52.jpg,4x4,4,4,8,NEQR,1024,statevector,12,4,8,134,94,66,"{""h"": 4, ""x"": 64, ""mcx"": 66}",0.0009844589949352,0.0009151250123977,0.0,0.0002620410086819,0.0027368339942768,0.0,100.0,1.0
68156b0c,2026-09-22T00:01:26.854754,NEU-DET,inclusion,inclusion_53.jpg,4x4,4,4,8,FRQI,1024,statevector,5,4,1,1092,705,384,"{""h"": 132, ""x"": 64, ""cx"": 384, ""tdg"": 192, ""t"": 256, ""ry"": 64}",0.0009442079899599,0.004227917001117,0.0,2.9709000955335796e-05,0.0067790000030072,1.2597507766236911e-30,100.0,0.9999999999999932
7594c739,2026-09-22T00:01:26.861551,NEU-DET,inclusion,inclusion_53.jpg,4x4,4,4,8,NEQR,1024,statevector,12,4,8,140,100,72,"{""h"": 4, ""x"": 64, ""mcx"": 72}",0.0009385830053361,0.0010235410009045,0.0,0.0002594999969005,0.0028252909978618,0.0,100.0,1.0
2b9500f1,2026-09-22T00:01:26.864793,NEU-DET,inclusion,inclusion_54.jpg,4x4,4,4,8,FRQI,1024,statevector,5,4,1,1092,705,384,"{""h"": 132, ""x"": 64, ""cx"": 384, ""tdg"": 192, ""t"": 256, ""ry"": 64}",0.0009812500065891,0.0041070419974857,0.0,3.108399687334895e-05,0.0066675840062089,1.9969967593351252e-30,100.0,1.0000000000000089
494aa991,2026-09-22T00:01:26.871480,NEU-DET,inclusion,inclusion_54.jpg,4x4,4,4,8,NEQR,1024,statevector,12,4,8,132,92,64,"{""h"": 4, ""x"": 64, ""mcx"": 64}",0.0008560419955756,0.0009636249887989,0.0,0.0002669169916771,0.002513874991564,0.0,100.0,1.0
6c4123f4,2026-09-22T00:01:26.874409,NEU-DET,inclusion,inclusion_55.jpg,4x4,4,4,8,FRQI,1024,statevector,5,4,1,1092,705,384,"{""h"": 132, ""x"": 64, ""cx"": 384, ""tdg"": 192, ""t"": 256, ""ry"": 64}",0.0013788340002065,0.0041656660032458,0.0,3.2625001040287316e-05,0.0071698329993523,2.8561541075262708e-30,100.0,0.9999999999999896
c7c5e9af,2026-09-22T00:01:26.881600,NEU-DET,inclusion,inclusion_55.jpg,4x4,4,4,8,NEQR,1024,statevector,12,4,8,125,85,57,"{""h"": 4, ""x"": 64, ""mcx"": 57}",0.0007734999962849,0.0009426670003449,0.0,0.0002497500099707,0.0023859170032665,0.0,100.0,1.0
e997c1ef,2026-09-22T00:01:26.884432,NEU-DET,inclusion,inclusion_56.jpg,4x4,4,4,8,FRQI,1024,statevector,5,4,1,1092,705,384,"{""h"": 132, ""x"": 64, ""cx"": 384, ""tdg"": 192, ""t"": 256, ""ry"": 64}",0.0010141669918084,0.0043540839978959,0.0,4.73749969387427e-05,0.0070106659986777,2.49562002193698e-30,100.0,1.0000000000000215
71909494,2026-09-22T00:01:26.891463,NEU-DET,inclusion,inclusion_56.jpg,4x4,4,4,8,NEQR,1024,statevector,12,4,8,130,90,62,"{""h"": 4, ""x"": 64, ""mcx"": 62}",0.000825666997116,0.0009507499926257,0.0,0.0002357909979764,0.0025428340013604,0.0,100.0,1.0
17423411,2026-09-22T00:01:26.894387,NEU-DET,inclusion,inclusion_57.jpg,4x4,4,4,8,FRQI,1024,statevector,5,4,1,1092,705,384,"{""h"": 132, ""x"": 64, ""cx"": 384, ""tdg"": 192, ""t"": 256, ""ry"": 64}",0.0009820840059546,0.0042323340021539,0.0,2.8624999686144292e-05,0.0068114580062683,2.157811909691459e-30,100.0,1.000000000000007
2898ef9b,2026-09-22T00:01:26.901219,NEU-DET,inclusion,inclusion_57.jpg,4x4,4,4,8,NEQR,1024,statevector,12,4,8,124,84,56,"{""h"": 4, ""x"": 64, ""mcx"": 56}",0.0008005839918041,0.0008880839886842,0.0,0.0002401670062681,0.0023389170091832,0.0,100.0,1.0
dd89e5d0,2026-09-22T00:01:26.903909,NEU-DET,inclusion,inclusion_58.jpg,4x4,4,4,8,FRQI,1024,statevector,5,4,1,1092,705,384,"{""h"": 132, ""x"": 64, ""cx"": 384, ""tdg"": 192, ""t"": 256, ""ry"": 64}",0.0009839169943006,0.0041238750127376,0.0,3.079199814237654e-05,0.0067277079942869,2.0956043724877513e-30,100.0,0.9999999999999882
566596d1,2026-09-22T00:01:26.910656,NEU-DET,inclusion,inclusion_58.jpg,4x4,4,4,8,NEQR,1024,statevector,12,4,8,132,92,64,"{""h"": 4, ""x"": 64, ""mcx"": 64}",0.0008959159895312,0.0009747090080054,0.0,0.0002852499892469,0.0027763749967562,0.0,100.0,1.0
d01ae986,2026-09-22T00:01:26.913739,NEU-DET,inclusion,inclusion_59.jpg,4x4,4,4,8,FRQI,1024,statevector,5,4,1,1092,705,384,"{""h"": 132, ""x"": 64, ""cx"": 384, ""tdg"": 192, ""t"": 256, ""ry"": 64}",0.0010996670025633,0.0044386669906089,0.0,3.4957993193529546e-05,0.0072946669970406,2.4066902067548996e-30,100.0,0.9999999999999948
9aeae795,2026-09-22T00:01:26.921056,NEU-DET,inclusion,inclusion_59.jpg,4x4,4,4,8,NEQR,1024,statevector,12,4,8,120,80,52,"{""h"": 4, ""x"": 64, ""mcx"": 52}",0.0007842920022085,0.0009091660031117,0.0,0.0002654999989317,0.0024088749923976,0.0,100.0,1.0
64246107,2026-09-22T00:01:26.923921,NEU-DET,inclusion,inclusion_6.jpg,4x4,4,4,8,FRQI,1024,statevector,5,4,1,1092,705,384,"{""h"": 132, ""x"": 64, ""cx"": 384, ""tdg"": 192, ""t"": 256, ""ry"": 64}",0.0013557080092141,0.0055869999923743,0.0,7.691700011491776e-05,0.0088034159998642,1.4274992747798192e-30,100.0,0.9999999999999952
2fa89c23,2026-09-22T00:01:26.932770,NEU-DET,inclusion,inclusion_6.jpg,4x4,4,4,8,NEQR,1024,statevector,12,4,8,126,86,58,"{""h"": 4, ""x"": 64, ""mcx"": 58}",0.0014212500100256,0.0010099159990204,0.0,0.0002750830026343,0.0032738750014686,0.0,100.0,1.0
5baf977c,2026-09-22T00:01:26.936568,NEU-DET,inclusion,inclusion_60.jpg,4x4,4,4,8,FRQI,1024,statevector,5,4,1,1092,705,384,"{""h"": 132, ""x"": 64, ""cx"": 384, ""tdg"": 192, ""t"": 256, ""ry"": 64}",0.001103583999793,0.0045473330101231,0.0,3.416599065531045e-05,0.0074052499985555,1.9107150978265767e-30,100.0,0.9999999999999964
0924fe8b,2026-09-22T00:01:26.943993,NEU-DET,inclusion,inclusion_60.jpg,4x4,4,4,8,NEQR,1024,statevector,12,4,8,132,92,64,"{""h"": 4, ""x"": 64, ""mcx"": 64}",0.0009260420047212,0.0009924170008162,0.0,0.0002507090102881,0.0026827499968931,0.0,100.0,1.0
75d82a38,2026-09-22T00:01:26.947109,NEU-DET,inclusion,inclusion_61.jpg,4x4,4,4,8,FRQI,1024,statevector,5,4,1,1092,705,384,"{""h"": 132, ""x"": 64, ""cx"": 384, ""tdg"": 192, ""t"": 256, ""ry"": 64}",0.0010321660083718,0.0043661249947035,0.0,3.304099664092064e-05,0.0072719580057309,2.5262423080527373e-30,100.0,1.0000000000000016
5cc0af41,2026-09-22T00:01:26.954401,NEU-DET,inclusion,inclusion_61.jpg,4x4,4,4,8,NEQR,1024,statevector,12,4,8,123,83,55,"{""h"": 4, ""x"": 64, ""mcx"": 55}",0.0008483749988954,0.0009207079856423,0.0,0.0002415829949313,0.0024505829933332,0.0,100.0,1.0
5fd00f84,2026-09-22T00:01:26.957225,NEU-DET,inclusion,inclusion_62.jpg,4x4,4,4,8,FRQI,1024,statevector,5,4,1,1092,705,384,"{""h"": 132, ""x"": 64, ""cx"": 384, ""tdg"": 192, ""t"": 256, ""ry"": 64}",0.0011700830073095,0.0043445409974083,0.0,3.024999750778079e-05,0.0074449170060688,2.123722949675805e-30,100.0,1.0
fd4bed79,2026-09-22T00:01:26.964689,NEU-DET,inclusion,inclusion_62.jpg,4x4,4,4,8,NEQR,1024,statevector,12,4,8,134,94,66,"{""h"": 4, ""x"": 64, ""mcx"": 66}",0.0008610829972894,0.0010005829972214,0.0,0.0002451250038575,0.0026248329959344,0.0,100.0,1.0
1462affb,2026-09-22T00:01:26.967726,NEU-DET,inclusion,inclusion_63.jpg,4x4,4,4,8,FRQI,1024,statevector,5,4,1,1092,705,384,"{""h"": 132, ""x"": 64, ""cx"": 384, ""tdg"": 192, ""t"": 256, ""ry"": 64}",0.0010712499934015,0.0042876660008914,0.0,8.216699643526226e-05,0.0070907079934841,1.6447441725066994e-30,100.0,1.0000000000000089
e55db988,2026-09-22T00:01:26.974838,NEU-DET,inclusion,inclusion_63.jpg,4x4,4,4,8,NEQR,1024,statevector,12,4,8,134,94,66,"{""h"": 4, ""x"": 64, ""mcx"": 66}",0.0009212500008288,0.0009904170001391,0.0,0.0002501249982742,0.0026496249920455,0.0,100.0,1.0
02aee124,2026-09-22T00:01:26.977901,NEU-DET,inclusion,inclusion_64.jpg,4x4,4,4,8,FRQI,1024,statevector,5,4,1,1092,705,384,"{""h"": 132, ""x"": 64, ""cx"": 384, ""tdg"": 192, ""t"": 256, ""ry"": 64}",0.0010557500063441,0.0042252920102328,0.0,3.129099786747247e-05,0.0069302909978432,2.2444787571888847e-30,100.0,1.0000000000000009
a0204be5,2026-09-22T00:01:26.984850,NEU-DET,inclusion,inclusion_64.jpg,4x4,4,4,8,NEQR,1024,statevector,12,4,8,142,102,74,"{""h"": 4, ""x"": 64, ""mcx"": 74}",0.0009303330007242,0.0010384159977547,0.0,0.0002397089992882,0.0026787499955389,0.0,100.0,1.0
a8fac5f7,2026-09-22T00:01:26.987926,NEU-DET,inclusion,inclusion_65.jpg,4x4,4,4,8,FRQI,1024,statevector,5,4,1,1092,705,384,"{""h"": 132, ""x"": 64, ""cx"": 384, ""tdg"": 192, ""t"": 256, ""ry"": 64}",0.0010575829946901,0.0041752079996513,0.0,3.024999750778079e-05,0.0068111660075373,1.7658851660086566e-30,100.0,0.9999999999999936
3e6f80b6,2026-09-22T00:01:26.994756,NEU-DET,inclusion,inclusion_65.jpg,4x4,4,4,8,NEQR,1024,statevector,12,4,8,131,91,63,"{""h"": 4, ""x"": 64, ""mcx"": 63}",0.0008239169983426,0.0009303330007242,0.0,0.0002503750001778,0.0024585000064689,0.0,100.0,1.0
f5669a8e,2026-09-22T00:01:26.997716,NEU-DET,inclusion,inclusion_66.jpg,4x4,4,4,8,FRQI,1024,statevector,5,4,1,1092,705,384,"{""h"": 132, ""x"": 64, ""cx"": 384, ""tdg"": 192, ""t"": 256, ""ry"": 64}",0.0011626670020632,0.0043980000045849,0.0,3.499999002087861e-05,0.00726399999985,1.1492023978158636e-30,100.0,0.9999999999999938
4c344216,2026-09-22T00:01:27.005005,NEU-DET,inclusion,inclusion_66.jpg,4x4,4,4,8,NEQR,1024,statevector,12,4,8,130,90,62,"{""h"": 4, ""x"": 64, ""mcx"": 62}",0.0008418330107815,0.0009713750041555,0.0,0.0002397089992882,0.002565125003457,0.0,100.0,1.0
c47d4dd8,2026-09-22T00:01:27.008002,NEU-DET,inclusion,inclusion_67.jpg,4x4,4,4,8,FRQI,1024,statevector,5,4,1,1092,705,384,"{""h"": 132, ""x"": 64, ""cx"": 384, ""tdg"": 192, ""t"": 256, ""ry"": 64}",0.0009852920047705,0.0041382500057807,0.0,3.058298898395151e-05,0.0067299170041223,1.743929564642642e-30,100.0,1.000000000000021
7b14befe,2026-09-22T00:01:27.014749,NEU-DET,inclusion,inclusion_67.jpg,4x4,4,4,8,NEQR,1024,statevector,12,4,8,138,98,70,"{""h"": 4, ""x"": 64, ""mcx"": 70}",0.001011667001876,0.0010149169975193,0.0,0.0002397920034127,0.0027265840035397,0.0,100.0,1.0
9483ba07,2026-09-22T00:01:27.017934,NEU-DET,inclusion,inclusion_68.jpg,4x4,4,4,8,FRQI,1024,statevector,5,4,1,1092,705,384,"{""h"": 132, ""x"": 64, ""cx"": 384, ""tdg"": 192, ""t"": 256, ""ry"": 64}",0.0009940420131897,0.0042295409948565,0.0,4.325000918470323e-05,0.00683804100845,1.4927882998945463e-30,100.0,1.000000000000001
f8e7cbf9,2026-09-22T00:01:27.024797,NEU-DET,inclusion,inclusion_68.jpg,4x4,4,4,8,NEQR,1024,statevector,12,4,8,125,85,57,"{""h"": 4, ""x"": 64, ""mcx"": 57}",0.000764500000514,0.0008910420001484,0.0,0.0002343749947613,0.0025487089878879,0.0,100.0,1.0
3b963d03,2026-09-22T00:01:27.027769,NEU-DET,inclusion,inclusion_69.jpg,4x4,4,4,8,FRQI,1024,statevector,5,4,1,1092,705,384,"{""h"": 132, ""x"": 64, ""cx"": 384, ""tdg"": 192, ""t"": 256, ""ry"": 64}",0.0009785000002011,0.0044424170046113,0.0,3.1666000722907484e-05,0.0070790829922771,1.1270542034554104e-30,100.0,1.0000000000000044
3789ee7d,2026-09-22T00:01:27.034868,NEU-DET,inclusion,inclusion_69.jpg,4x4,4,4,8,NEQR,1024,statevector,12,4,8,128,88,60,"{""h"": 4, ""x"": 64, ""mcx"": 60}",0.0008681670005898,0.000972833004198,0.0,0.0002337500045541,0.0025497909955447,0.0,100.0,1.0
6e986415,2026-09-22T00:01:27.037892,NEU-DET,inclusion,inclusion_7.jpg,4x4,4,4,8,FRQI,1024,statevector,5,4,1,1092,705,384,"{""h"": 132, ""x"": 64, ""cx"": 384, ""tdg"": 192, ""t"": 256, ""ry"": 64}",0.0010605419956846,0.0043647080019582,0.0,3.21669940603897e-05,0.0070464169984916,1.6582256821174097e-30,100.0,0.9999999999999952
0f1d0ea8,2026-09-22T00:01:27.044960,NEU-DET,inclusion,inclusion_7.jpg,4x4,4,4,8,NEQR,1024,statevector,12,4,8,130,90,62,"{""h"": 4, ""x"": 64, ""mcx"": 62}",0.0008165420003933,0.0009458330023335,0.0,0.000235875006183,0.0024506250047124,0.0,100.0,1.0
215e9a99,2026-09-22T00:01:27.047796,NEU-DET,inclusion,inclusion_70.jpg,4x4,4,4,8,FRQI,1024,statevector,5,4,1,1092,705,384,"{""h"": 132, ""x"": 64, ""cx"": 384, ""tdg"": 192, ""t"": 256, ""ry"": 64}",0.0012542920012492,0.0041609589970903,0.0,3.2791998819448054e-05,0.0070221659989329,2.1345081573643735e-30,100.0,1.000000000000005
0f7b5947,2026-09-22T00:01:27.054842,NEU-DET,inclusion,inclusion_70.jpg,4x4,4,4,8,NEQR,1024,statevector,12,4,8,135,95,67,"{""h"": 4, ""x"": 64, ""mcx"": 67}",0.0008898749947547,0.0010820000024978,0.0,0.0002359589998377,0.002722042001551,0.0,100.0,1.0
133d5d90,2026-09-22T00:01:27.057972,NEU-DET,inclusion,inclusion_71.jpg,4x4,4,4,8,FRQI,1024,statevector,5,4,1,1092,705,384,"{""h"": 132, ""x"": 64, ""cx"": 384, ""tdg"": 192, ""t"": 256, ""ry"": 64}",0.0010130840091733,0.0041796250006882,0.0,3.29999893438071e-05,0.0069675409904448,1.7880333603691098e-30,100.0,1.0000000000000024
f8bb7517,2026-09-22T00:01:27.064961,NEU-DET,inclusion,inclusion_71.jpg,4x4,4,4,8,NEQR,1024,statevector,12,4,8,138,98,70,"{""h"": 4, ""x"": 64, ""mcx"": 70}",0.0010178749944316,0.0010412499977974,0.0,0.0002423330006422,0.0027970000082859,0.0,100.0,1.0
b22da048,2026-09-22T00:01:27.068182,NEU-DET,inclusion,inclusion_72.jpg,4x4,4,4,8,FRQI,1024,statevector,5,4,1,1092,705,384,"{""h"": 132, ""x"": 64, ""cx"": 384, ""tdg"": 192, ""t"": 256, ""ry"": 64}",0.0009906670020427,0.0042111670045414,0.0,3.11659969156608e-05,0.0067977500002598,1.6566849381619003e-30,100.0,0.9999999999999972
17b7353e,2026-09-22T00:01:27.074999,NEU-DET,inclusion,inclusion_72.jpg,4x4,4,4,8,NEQR,1024,statevector,12,4,8,134,94,66,"{""h"": 4, ""x"": 64, ""mcx"": 66}",0.000864208996063,0.000982291996479,0.0,0.0002457079972373,0.0026755830040201,0.0,100.0,1.0
26da568a,2026-09-22T00:01:27.078065,NEU-DET,inclusion,inclusion_73.jpg,4x4,4,4,8,FRQI,1024,statevector,5,4,1,1092,705,384,"{""h"": 132, ""x"": 64, ""cx"": 384, ""tdg"": 192, ""t"": 256, ""ry"": 64}",0.0009814579971134,0.0041294580005342,0.0,3.012499655596912e-05,0.0067112919932696,1.812733411905876e-30,100.0,0.9999999999999916
4d448195,2026-09-22T00:01:27.084795,NEU-DET,inclusion,inclusion_73.jpg,4x4,4,4,8,NEQR,1024,statevector,12,4,8,119,79,51,"{""h"": 4, ""x"": 64, ""mcx"": 51}",0.0006997500022407,0.000856125014252,0.0,0.0002387920103501,0.0021993749978719,0.0,100.0,1.0
0ff3531e,2026-09-22T00:01:27.087364,NEU-DET,inclusion,inclusion_74.jpg,4x4,4,4,8,FRQI,1024,statevector,5,4,1,1092,705,384,"{""h"": 132, ""x"": 64, ""cx"": 384, ""tdg"": 192, ""t"": 256, ""ry"": 64}",0.0011449999874457,0.0041987919976236,0.0,3.037499845959246e-05,0.0069469169975491,2.3754419934072167e-30,100.0,1.000000000000005
72eab3d8,2026-09-22T00:01:27.094329,NEU-DET,inclusion,inclusion_74.jpg,4x4,4,4,8,NEQR,1024,statevector,12,4,8,119,79,51,"{""h"": 4, ""x"": 64, ""mcx"": 51}",0.0008740829944144,0.0009015840041683,0.0,0.0002385830011917,0.0024398329987889,0.0,100.0,1.0
71f0d04b,2026-09-22T00:01:27.097244,NEU-DET,inclusion,inclusion_75.jpg,4x4,4,4,8,FRQI,1024,statevector,5,4,1,1092,705,384,"{""h"": 132, ""x"": 64, ""cx"": 384, ""tdg"": 192, ""t"": 256, ""ry"": 64}",0.001061374990968,0.0044790420070057,0.0,3.333299537189305e-05,0.0071773750096326,1.738633257295577e-30,100.0,1.000000000000015
cdafa255,2026-09-22T00:01:27.104442,NEU-DET,inclusion,inclusion_75.jpg,4x4,4,4,8,NEQR,1024,statevector,12,4,8,121,81,53,"{""h"": 4, ""x"": 64, ""mcx"": 53}",0.0007377920119324,0.0008644170011393,0.0,0.0002356249897275,0.002249875004054,0.0,100.0,1.0
13bb051e,2026-09-22T00:01:27.107089,NEU-DET,inclusion,inclusion_76.jpg,4x4,4,4,8,FRQI,1024,statevector,5,4,1,1092,705,384,"{""h"": 132, ""x"": 64, ""cx"": 384, ""tdg"": 192, ""t"": 256, ""ry"": 64}",0.0010183749982388,0.0042195829882984,0.0,2.9666000045835972e-05,0.0068382079916773,1.8980039601936213e-30,100.0,1.0000000000000058
de745eea,2026-09-22T00:01:27.113950,NEU-DET,inclusion,inclusion_76.jpg,4x4,4,4,8,NEQR,1024,statevector,12,4,8,126,86,58,"{""h"": 4, ""x"": 64, ""mcx"": 58}",0.0008232910040533,0.0008972500072559,0.0,0.0002404580009169,0.0024115000123856,0.0,100.0,1.0
c0b2c1a3,2026-09-22T00:01:27.116735,NEU-DET,inclusion,inclusion_77.jpg,4x4,4,4,8,FRQI,1024,statevector,5,4,1,1092,705,384,"{""h"": 132, ""x"": 64, ""cx"": 384, ""tdg"": 192, ""t"": 256, ""ry"": 64}",0.0009857080003712,0.0041860839992295,0.0,3.024999750778079e-05,0.0067796250077662,2.275486229293519e-30,100.0,0.9999999999999928
be7ee805,2026-09-22T00:01:27.123531,NEU-DET,inclusion,inclusion_77.jpg,4x4,4,4,8,NEQR,1024,statevector,12,4,8,132,92,64,"{""h"": 4, ""x"": 64, ""mcx"": 64}",0.0008264589996542,0.0009050000080605,0.0,0.0003169590054312,0.0025683339918032,0.0,100.0,1.0
c7125068,2026-09-22T00:01:27.126527,NEU-DET,inclusion,inclusion_78.jpg,4x4,4,4,8,FRQI,1024,statevector,5,4,1,1092,705,384,"{""h"": 132, ""x"": 64, ""cx"": 384, ""tdg"": 192, ""t"": 256, ""ry"": 64}",0.000978041003691,0.0041968339937739,0.0,3.183400258421898e-05,0.0067889170022681,2.0842413858158663e-30,100.0,1.0000000000000029
e84e48c0,2026-09-22T00:01:27.133336,NEU-DET,inclusion,inclusion_78.jpg,4x4,4,4,8,NEQR,1024,statevector,12,4,8,125,85,57,"{""h"": 4, ""x"": 64, ""mcx"": 57}",0.0007774579862598,0.0008874170016497,0.0,0.0002373750030528,0.0023804169904906,0.0,100.0,1.0
61c1b3d1,2026-09-22T00:01:27.136128,NEU-DET,inclusion,inclusion_79.jpg,4x4,4,4,8,FRQI,1024,statevector,5,4,1,1092,705,384,"{""h"": 132, ""x"": 64, ""cx"": 384, ""tdg"": 192, ""t"": 256, ""ry"": 64}",0.0010672920034267,0.0042351669981144,0.0,2.995900285895914e-05,0.0069021669914945,2.3881049827915628e-30,100.0,0.9999999999999918
ff0eb719,2026-09-22T00:01:27.143053,NEU-DET,inclusion,inclusion_79.jpg,4x4,4,4,8,NEQR,1024,statevector,12,4,8,123,83,55,"{""h"": 4, ""x"": 64, ""mcx"": 55}",0.0008095829980447,0.0009301249956479,0.0,0.0002368330024182,0.0024423750001005,0.0,100.0,1.0
180f0341,2026-09-22T00:01:27.145913,NEU-DET,inclusion,inclusion_8.jpg,4x4,4,4,8,FRQI,1024,statevector,5,4,1,1092,705,384,"{""h"": 132, ""x"": 64, ""cx"": 384, ""tdg"": 192, ""t"": 256, ""ry"": 64}",0.0009920000011334,0.0042942919972119,0.0,2.9165996238589287e-05,0.0068873340060235,1.817307495523796e-30,100.0,0.999999999999996
9b2b2817,2026-09-22T00:01:27.152817,NEU-DET,inclusion,inclusion_8.jpg,4x4,4,4,8,NEQR,1024,statevector,12,4,8,131,91,63,"{""h"": 4, ""x"": 64, ""mcx"": 63}",0.0008143750019371,0.0009565840009599,0.0,0.0002443749981466,0.0024472079967381,0.0,100.0,1.0
bc208bb7,2026-09-22T00:01:27.155583,NEU-DET,inclusion,inclusion_80.jpg,4x4,4,4,8,FRQI,1024,statevector,5,4,1,1092,705,384,"{""h"": 132, ""x"": 64, ""cx"": 384, ""tdg"": 192, ""t"": 256, ""ry"": 64}",0.0010615000064717,0.0041680830036057,0.0,2.941599814221263e-05,0.0068215409992262,1.7287628663305926e-30,100.0,0.9999999999999918
221e7939,2026-09-22T00:01:27.162421,NEU-DET,inclusion,inclusion_80.jpg,4x4,4,4,8,NEQR,1024,statevector,12,4,8,125,85,57,"{""h"": 4, ""x"": 64, ""mcx"": 57}",0.0009571249975124,0.0008756669994909,0.0,0.0002396250056335,0.0025212079926859,0.0,100.0,1.0
f474462a,2026-09-22T00:01:27.165325,NEU-DET,inclusion,inclusion_81.jpg,4x4,4,4,8,FRQI,1024,statevector,5,4,1,1092,705,384,"{""h"": 132, ""x"": 64, ""cx"": 384, ""tdg"": 192, ""t"": 256, ""ry"": 64}",0.0010076250036945,0.0041150000033667,0.0,3.024999750778079e-05,0.0067469580098986,2.5524349552964037e-30,100.0,1.0000000000000009
a678d338,2026-09-22T00:01:27.172093,NEU-DET,inclusion,inclusion_81.jpg,4x4,4,4,8,NEQR,1024,statevector,12,4,8,123,83,55,"{""h"": 4, ""x"": 64, ""mcx"": 55}",0.0008624580077594,0.0009519160084892,0.0,0.0002592920063761,0.0025727920001372,0.0,100.0,1.0
ef63f5b8,2026-09-22T00:01:27.175019,NEU-DET,inclusion,inclusion_82.jpg,4x4,4,4,8,FRQI,1024,statevector,5,4,1,1092,705,384,"{""h"": 132, ""x"": 64, ""cx"": 384, ""tdg"": 192, ""t"": 256, ""ry"": 64}",0.0009759579988894,0.0041812920098891,0.0,3.2083000405691564e-05,0.0068602079991251,2.1462081817765263e-30,100.0,1.0000000000000038
8663d6f1,2026-09-22T00:01:27.181898,NEU-DET,inclusion,inclusion_82.jpg,4x4,4,4,8,NEQR,1024,statevector,12,4,8,126,86,58,"{""h"": 4, ""x"": 64, ""mcx"": 58}",0.0009234580065822,0.0009318330121459,0.0,0.0002449169987812,0.0027400410035625,0.0,100.0,1.0
c2bafb1d,2026-09-22T00:01:27.185087,NEU-DET,inclusion,inclusion_83.jpg,4x4,4,4,8,FRQI,1024,statevector,5,4,1,1092,705,384,"{""h"": 132, ""x"": 64, ""cx"": 384, ""tdg"": 192, ""t"": 256, ""ry"": 64}",0.0010552500025369,0.00429658399662,0.0,3.0915995012037456e-05,0.0069602079893229,1.9345966291369784e-30,100.0,1.000000000000001
3642796a,2026-09-22T00:01:27.192071,NEU-DET,inclusion,inclusion_83.jpg,4x4,4,4,8,NEQR,1024,statevector,12,4,8,129,89,61,"{""h"": 4, ""x"": 64, ""mcx"": 61}",0.000899541992112,0.0009678750066086,0.0,0.0002333750016987,0.0026125000003958,0.0,100.0,1.0
b184d915,2026-09-22T00:01:27.195175,NEU-DET,inclusion,inclusion_84.jpg,4x4,4,4,8,FRQI,1024,statevector,5,4,1,1092,705,384,"{""h"": 132, ""x"": 64, ""cx"": 384, ""tdg"": 192, ""t"": 256, ""ry"": 64}",0.0010350419906899,0.0043095000000903,0.0,3.195900353603065e-05,0.0069604589953087,2.03994499709496e-30,100.0,0.999999999999995
c4479a41,2026-09-22T00:01:27.202156,NEU-DET,inclusion,inclusion_84.jpg,4x4,4,4,8,NEQR,1024,statevector,12,4,8,130,90,62,"{""h"": 4, ""x"": 64, ""mcx"": 62}",0.0009239159990102,0.0009454590035602,0.0,0.0002441670076223,0.002632417003042,0.0,100.0,1.0
3f060318,2026-09-22T00:01:27.205235,NEU-DET,inclusion,inclusion_85.jpg,4x4,4,4,8,FRQI,1024,statevector,5,4,1,1092,705,384,"{""h"": 132, ""x"": 64, ""cx"": 384, ""tdg"": 192, ""t"": 256, ""ry"": 64}",0.0010095839970745,0.00420804200985,0.0,3.22499981848523e-05,0.0068250420008553,1.9033965640379052e-30,100.0,1.000000000000001
49fd8fb9,2026-09-22T00:01:27.212083,NEU-DET,inclusion,inclusion_85.jpg,4x4,4,4,8,NEQR,1024,statevector,12,4,8,135,95,67,"{""h"": 4, ""x"": 64, ""mcx"": 67}",0.0009765419963514,0.0010069160052808,0.0,0.0002422910038148,0.0027442499995231,0.0,100.0,1.0
c9d4a15f,2026-09-22T00:01:27.215236,NEU-DET,inclusion,inclusion_86.jpg,4x4,4,4,8,FRQI,1024,statevector,5,4,1,1092,705,384,"{""h"": 132, ""x"": 64, ""cx"": 384, ""tdg"": 192, ""t"": 256, ""ry"": 64}",0.0010776249982882,0.0042206669895676,0.0,2.9666000045835972e-05,0.0069128330069361,1.9401818259757017e-30,100.0,1.000000000000005
a850d555,2026-09-22T00:01:27.222165,NEU-DET,inclusion,inclusion_86.jpg,4x4,4,4,8,NEQR,1024,statevector,12,4,8,132,92,64,"{""h"": 4, ""x"": 64, ""mcx"": 64}",0.0008253330015577,0.0009620829951018,0.0,0.0003211669973097,0.0027004169969586,0.0,100.0,1.0
db251fa7,2026-09-22T00:01:27.225267,NEU-DET,inclusion,inclusion_87.jpg,4x4,4,4,8,FRQI,1024,statevector,5,4,1,1092,705,384,"{""h"": 132, ""x"": 64, ""cx"": 384, ""tdg"": 192, ""t"": 256, ""ry"": 64}",0.0009984159987652,0.0041651670035207,0.0,2.9583010473288596e-05,0.0068002909974893,1.4151733231357407e-30,100.0,1.0000000000000022
67967026,2026-09-22T00:01:27.232085,NEU-DET,inclusion,inclusion_87.jpg,4x4,4,4,8,NEQR,1024,statevector,12,4,8,131,91,63,"{""h"": 4, ""x"": 64, ""mcx"": 63}",0.0008197090064641,0.0009833329968387,0.0,0.0002639169979374,0.0025166670093312,0.0,100.0,1.0
5aeacdbe,2026-09-22T00:01:27.234999,NEU-DET,inclusion,inclusion_88.jpg,4x4,4,4,8,FRQI,1024,statevector,5,4,1,1092,705,384,"{""h"": 132, ""x"": 64, ""cx"": 384, ""tdg"": 192, ""t"": 256, ""ry"": 64}",0.0010171659960178,0.0041819170000962,0.0,3.504099731799215e-05,0.0067871659994125,1.3855140019921776e-30,100.0,0.9999999999999886
007908cb,2026-09-22T00:01:27.241809,NEU-DET,inclusion,inclusion_88.jpg,4x4,4,4,8,NEQR,1024,statevector,12,4,8,143,103,75,"{""h"": 4, ""x"": 64, ""mcx"": 75}",0.0009777500090422,0.0010445410007378,0.0,0.0002394170005572,0.0027323749964125,0.0,100.0,1.0
348b98ca,2026-09-22T00:01:27.244931,NEU-DET,inclusion,inclusion_89.jpg,4x4,4,4,8,FRQI,1024,statevector,5,4,1,1092,705,384,"{""h"": 132, ""x"": 64, ""cx"": 384, ""tdg"": 192, ""t"": 256, ""ry"": 64}",0.0010863750067073,0.0040994579903781,0.0,2.9874994652345777e-05,0.0067706249974435,2.2005675544568557e-30,100.0,1.0000000000000224
547e8cf2,2026-09-22T00:01:27.251722,NEU-DET,inclusion,inclusion_89.jpg,4x4,4,4,8,NEQR,1024,statevector,12,4,8,142,102,74,"{""h"": 4, ""x"": 64, ""mcx"": 74}",0.0009417920082341,0.0010046249954029,0.0,0.0002370419970247,0.0026606669998727,0.0,100.0,1.0
0f77dfeb,2026-09-22T00:01:27.254833,NEU-DET,inclusion,inclusion_9.jpg,4x4,4,4,8,FRQI,1024,statevector,5,4,1,1092,705,384,"{""h"": 132, ""x"": 64, ""cx"": 384, ""tdg"": 192, ""t"": 256, ""ry"": 64}",0.0009927920036716,0.0042322499939473,0.0,2.8915994334965944e-05,0.0070172919949982,2.2666269515493382e-30,100.0,0.9999999999999948
f5f191e4,2026-09-22T00:01:27.261892,NEU-DET,inclusion,inclusion_9.jpg,4x4,4,4,8,NEQR,1024,statevector,12,4,8,137,97,69,"{""h"": 4, ""x"": 64, ""mcx"": 69}",0.0009805829904507,0.0010463340004207,0.0,0.0002368749992456,0.0028035839932272,0.0,100.0,1.0
245cc7fe,2026-09-22T00:01:27.265103,NEU-DET,inclusion,inclusion_90.jpg,4x4,4,4,8,FRQI,1024,statevector,5,4,1,1092,705,384,"{""h"": 132, ""x"": 64, ""cx"": 384, ""tdg"": 192, ""t"": 256, ""ry"": 64}",0.0009904170001391,0.0041410839912714,0.0,3.14170029014349e-05,0.0067462910083122,2.1576193166970203e-30,100.0,0.9999999999999876
4ffa5bef,2026-09-22T00:01:27.271870,NEU-DET,inclusion,inclusion_90.jpg,4x4,4,4,8,NEQR,1024,statevector,12,4,8,130,90,62,"{""h"": 4, ""x"": 64, ""mcx"": 62}",0.0008697080047568,0.000928916997509,0.0,0.0002552910009399,0.0024720419896766,0.0,100.0,1.0
6b3d6bf1,2026-09-22T00:01:27.274729,NEU-DET,inclusion,inclusion_91.jpg,4x4,4,4,8,FRQI,1024,statevector,5,4,1,1092,705,384,"{""h"": 132, ""x"": 64, ""cx"": 384, ""tdg"": 192, ""t"": 256, ""ry"": 64}",0.0009581250051269,0.0041396250016987,0.0,2.962499274872243e-05,0.0067247920087538,1.834255679034403e-30,100.0,1.0000000000000242
49377967,2026-09-22T00:01:27.281474,NEU-DET,inclusion,inclusion_91.jpg,4x4,4,4,8,NEQR,1024,statevector,12,4,8,139,99,71,"{""h"": 4, ""x"": 64, ""mcx"": 71}",0.0009250000002793,0.0009828339971136,0.0,0.0002420410019112,0.0026339999894844,0.0,100.0,1.0
dc837564,2026-09-22T00:01:27.284485,NEU-DET,inclusion,inclusion_92.jpg,4x4,4,4,8,FRQI,1024,statevector,5,4,1,1092,705,384,"{""h"": 132, ""x"": 64, ""cx"": 384, ""tdg"": 192, ""t"": 256, ""ry"": 64}",0.0010809160012286,0.0042108329944312,0.0,3.683299291878939e-05,0.0069224999897414,1.9611744623695223e-30,100.0,0.9999999999999752
fe3b7373,2026-09-22T00:01:27.291429,NEU-DET,inclusion,inclusion_92.jpg,4x4,4,4,8,NEQR,1024,statevector,12,4,8,147,107,79,"{""h"": 4, ""x"": 64, ""mcx"": 79}",0.0011143750016344,0.0010518750059418,0.0,0.0002455829962855,0.0030012920033186,0.0,100.0,1.0
e73f3fef,2026-09-22T00:01:27.294801,NEU-DET,inclusion,inclusion_93.jpg,4x4,4,4,8,FRQI,1024,statevector,5,4,1,1092,705,384,"{""h"": 132, ""x"": 64, ""cx"": 384, ""tdg"": 192, ""t"": 256, ""ry"": 64}",0.0009605000086594,0.0041386669909115,0.0,2.9041999368928373e-05,0.0066778749896911,1.063883701279509e-30,100.0,0.9999999999999616
2837619c,2026-09-22T00:01:27.301501,NEU-DET,inclusion,inclusion_93.jpg,4x4,4,4,8,NEQR,1024,statevector,12,4,8,141,101,73,"{""h"": 4, ""x"": 64, ""mcx"": 73}",0.000924500011024,0.0010455830051796,0.0,0.0002390410081716,0.0026934159977827,0.0,100.0,1.0
24529b2f,2026-09-22T00:01:27.304535,NEU-DET,inclusion,inclusion_94.jpg,4x4,4,4,8,FRQI,1024,statevector,5,4,1,1092,705,384,"{""h"": 132, ""x"": 64, ""cx"": 384, ""tdg"": 192, ""t"": 256, ""ry"": 64}",0.0010314169921912,0.0041734160040505,0.0,3.241600643377751e-05,0.0068055830051889,1.6085366895522194e-30,100.0,1.0000000000000184
8b583320,2026-09-22T00:01:27.311363,NEU-DET,inclusion,inclusion_94.jpg,4x4,4,4,8,NEQR,1024,statevector,12,4,8,139,99,71,"{""h"": 4, ""x"": 64, ""mcx"": 71}",0.0009046250052051,0.0009959169983631,0.0,0.0002396659983787,0.00259920899407,0.0,100.0,1.0
8a3a3f33,2026-09-22T00:01:27.314332,NEU-DET,inclusion,inclusion_95.jpg,4x4,4,4,8,FRQI,1024,statevector,5,4,1,1092,705,384,"{""h"": 132, ""x"": 64, ""cx"": 384, ""tdg"": 192, ""t"": 256, ""ry"": 64}",0.0010165410058107,0.0041178329993272,0.0,2.995900285895914e-05,0.0067214170121587,1.650521962339861e-30,100.0,0.9999999999999928
a754232d,2026-09-22T00:01:27.321071,NEU-DET,inclusion,inclusion_95.jpg,4x4,4,4,8,NEQR,1024,statevector,12,4,8,130,90,62,"{""h"": 4, ""x"": 64, ""mcx"": 62}",0.0009260419901693,0.000968082997133,0.0,0.0002492499916115,0.0026554579962976,0.0,100.0,1.0
33afff8f,2026-09-22T00:01:27.324085,NEU-DET,inclusion,inclusion_96.jpg,4x4,4,4,8,FRQI,1024,statevector,5,4,1,1092,705,384,"{""h"": 132, ""x"": 64, ""cx"": 384, ""tdg"": 192, ""t"": 256, ""ry"": 64}",0.0010479999909875,0.0041665839962661,0.0,2.9457994969561696e-05,0.0067870000057155,1.5698254976700361e-30,100.0,1.0000000000000009
7b92f30f,2026-09-22T00:01:27.330890,NEU-DET,inclusion,inclusion_96.jpg,4x4,4,4,8,NEQR,1024,statevector,12,4,8,128,88,60,"{""h"": 4, ""x"": 64, ""mcx"": 60}",0.0007863339997129,0.0009274579933844,0.0,0.0002392909955233,0.0023880419903434,0.0,100.0,1.0
98d744e3,2026-09-22T00:01:27.333675,NEU-DET,inclusion,inclusion_97.jpg,4x4,4,4,8,FRQI,1024,statevector,5,4,1,1092,705,384,"{""h"": 132, ""x"": 64, ""cx"": 384, ""tdg"": 192, ""t"": 256, ""ry"": 64}",0.0009932089888025,0.0041465829999651,0.0,3.0458002584055063e-05,0.0067587500088848,1.6670849598615914e-30,100.0,0.9999999999999832
3837d958,2026-09-22T00:01:27.340453,NEU-DET,inclusion,inclusion_97.jpg,4x4,4,4,8,NEQR,1024,statevector,12,4,8,136,96,68,"{""h"": 4, ""x"": 64, ""mcx"": 68}",0.0010553330066613,0.0009690830047475,0.0,0.0002455840003676,0.0029254999972181,0.0,100.0,1.0
08573632,2026-09-22T00:01:27.343818,NEU-DET,inclusion,inclusion_98.jpg,4x4,4,4,8,FRQI,1024,statevector,5,4,1,1092,705,384,"{""h"": 132, ""x"": 64, ""cx"": 384, ""tdg"": 192, ""t"": 256, ""ry"": 64}",0.0010252920037601,0.0042113339877687,0.0,3.070800448767841e-05,0.0068543340021278,1.2649507874735363e-30,100.0,0.9999999999999908
e65c8990,2026-09-22T00:01:27.350692,NEU-DET,inclusion,inclusion_98.jpg,4x4,4,4,8,NEQR,1024,statevector,12,4,8,131,91,63,"{""h"": 4, ""x"": 64, ""mcx"": 63}",0.0009474580001551,0.0009572910057613,0.0,0.0002353750023758,0.0027976249984931,0.0,100.0,1.0
bd62eeec,2026-09-22T00:01:27.353940,NEU-DET,inclusion,inclusion_99.jpg,4x4,4,4,8,FRQI,1024,statevector,5,4,1,1092,705,384,"{""h"": 132, ""x"": 64, ""cx"": 384, ""tdg"": 192, ""t"": 256, ""ry"": 64}",0.0009875830000964,0.0042020410037366,0.0,3.745799767784774e-05,0.0068137500056764,1.7416184487093774e-30,100.0,1.0000000000000004
e5251591,2026-09-22T00:01:27.360771,NEU-DET,inclusion,inclusion_99.jpg,4x4,4,4,8,NEQR,1024,statevector,12,4,8,123,83,55,"{""h"": 4, ""x"": 64, ""mcx"": 55}",0.0007282090082298,0.0008849170117173,0.0,0.0002382090024184,0.002280165994307,0.0,100.0,1.0
1e52aef2,2026-09-22T00:01:27.364094,NEU-DET,patches,patches_1.jpg,4x4,4,4,8,FRQI,1024,statevector,5,4,1,1092,705,384,"{""h"": 132, ""x"": 64, ""cx"": 384, ""tdg"": 192, ""t"": 256, ""ry"": 64}",0.0009904589969664,0.0041809160029515,0.0,2.9167000320740044e-05,0.0067830410116584,1.0517503426298697e-30,100.0,0.9999999999999988
4e2c90eb,2026-09-22T00:01:27.370895,NEU-DET,patches,patches_1.jpg,4x4,4,4,8,NEQR,1024,statevector,12,4,8,136,96,68,"{""h"": 4, ""x"": 64, ""mcx"": 68}",0.0008675830031279,0.0010019579931395,0.0,0.0002363749954383,0.0025705409934744,0.0,100.0,1.0
f90bb811,2026-09-22T00:01:27.373988,NEU-DET,patches,patches_10.jpg,4x4,4,4,8,FRQI,1024,statevector,5,4,1,1092,705,384,"{""h"": 132, ""x"": 64, ""cx"": 384, ""tdg"": 192, ""t"": 256, ""ry"": 64}",0.0009985419892473,0.004161707998719,0.0,2.966700412798673e-05,0.0067608749959617,1.4311585416741551e-30,100.0,0.9999999999999976
3e633bf7,2026-09-22T00:01:27.380768,NEU-DET,patches,patches_10.jpg,4x4,4,4,8,NEQR,1024,statevector,12,4,8,136,96,68,"{""h"": 4, ""x"": 64, ""mcx"": 68}",0.0009095419954974,0.0009419999987585,0.0,0.0002378750068601,0.0025713340000947,0.0,100.0,1.0
97935423,2026-09-22T00:01:27.383913,NEU-DET,patches,patches_100.jpg,4x4,4,4,8,FRQI,1024,statevector,5,4,1,1092,705,384,"{""h"": 132, ""x"": 64, ""cx"": 384, ""tdg"": 192, ""t"": 256, ""ry"": 64}",0.0010070830030599,0.0041232500079786,0.0,2.791700535453856e-05,0.0067194170114817,1.62052560345603e-30,100.0,1.0000000000000004
015a642e,2026-09-22T00:01:27.390651,NEU-DET,patches,patches_100.jpg,4x4,4,4,8,NEQR,1024,statevector,12,4,8,127,87,59,"{""h"": 4, ""x"": 64, ""mcx"": 59}",0.0008277079905383,0.0009614169975975,0.0,0.0002692919952096,0.0024738329957472,0.0,100.0,1.0
df073f12,2026-09-22T00:01:27.393628,NEU-DET,patches,patches_101.jpg,4x4,4,4,8,FRQI,1024,statevector,5,4,1,1092,705,384,"{""h"": 132, ""x"": 64, ""cx"": 384, ""tdg"": 192, ""t"": 256, ""ry"": 64}",0.0009682079980848,0.0042157919961027,0.0,2.924998989328742e-05,0.0067923330061603,1.5792625543975334e-30,100.0,1.0000000000000002
34e67e4b,2026-09-22T00:01:27.400440,NEU-DET,patches,patches_101.jpg,4x4,4,4,8,NEQR,1024,statevector,12,4,8,129,89,61,"{""h"": 4, ""x"": 64, ""mcx"": 61}",0.0008649579976918,0.0009086250065593,0.0,0.0002393750037299,0.0024288749991683,0.0,100.0,1.0
fe149c0d,2026-09-22T00:01:27.403528,NEU-DET,patches,patches_102.jpg,4x4,4,4,8,FRQI,1024,statevector,5,4,1,1092,705,384,"{""h"": 132, ""x"": 64, ""cx"": 384, ""tdg"": 192, ""t"": 256, ""ry"": 64}",0.0009849580092122,0.0041772080003283,0.0,3.47500026691705e-05,0.0067449579946696,1.2158395738916622e-30,100.0,0.999999999999997
2e7cf985,2026-09-22T00:01:27.410291,NEU-DET,patches,patches_102.jpg,4x4,4,4,8,NEQR,1024,statevector,12,4,8,136,96,68,"{""h"": 4, ""x"": 64, ""mcx"": 68}",0.0008849169971654,0.0009740000095916,0.0,0.000240583991399,0.0026905830018222,0.0,100.0,1.0
6c6aeae5,2026-09-22T00:01:27.413501,NEU-DET,patches,patches_103.jpg,4x4,4,4,8,FRQI,1024,statevector,5,4,1,1092,705,384,"{""h"": 132, ""x"": 64, ""cx"": 384, ""tdg"": 192, ""t"": 256, ""ry"": 64}",0.0014227920037228,0.0041807499947026,0.0,3.254100738558918e-05,0.0072146250022342,1.0898837555287368e-30,100.0,0.9999999999999976
ff04a4c6,2026-09-22T00:01:27.420735,NEU-DET,patches,patches_103.jpg,4x4,4,4,8,NEQR,1024,statevector,12,4,8,127,87,59,"{""h"": 4, ""x"": 64, ""mcx"": 59}",0.0008127080072881,0.0008904999995138,0.0,0.0002460000105202,0.0023899579973658,0.0,100.0,1.0
37d1eb69,2026-09-22T00:01:27.423684,NEU-DET,patches,patches_104.jpg,4x4,4,4,8,FRQI,1024,statevector,5,4,1,1092,705,384,"{""h"": 132, ""x"": 64, ""cx"": 384, ""tdg"": 192, ""t"": 256, ""ry"": 64}",0.0011247500078752,0.0041530000016791,0.0,3.1458010198548436e-05,0.0070472089864779,1.5937070289804377e-30,100.0,0.9999999999999956
886e2828,2026-09-22T00:01:27.430755,NEU-DET,patches,patches_104.jpg,4x4,4,4,8,NEQR,1024,statevector,12,4,8,148,108,80,"{""h"": 4, ""x"": 64, ""mcx"": 80}",0.0010018750035669,0.0010509999992791,0.0,0.0002420840028207,0.0027929169882554,0.0,100.0,1.0
7dccc9b7,2026-09-22T00:01:27.434086,NEU-DET,patches,patches_105.jpg,4x4,4,4,8,FRQI,1024,statevector,5,4,1,1092,705,384,"{""h"": 132, ""x"": 64, ""cx"": 384, ""tdg"": 192, ""t"": 256, ""ry"": 64}",0.0010387919901404,0.004100667007151,0.0,3.024999750778079e-05,0.0067386669979896,1.5792625543975334e-30,100.0,1.0000000000000002
a49bdd30,2026-09-22T00:01:27.440842,NEU-DET,patches,patches_105.jpg,4x4,4,4,8,NEQR,1024,statevector,12,4,8,129,89,61,"{""h"": 4, ""x"": 64, ""mcx"": 61}",0.0008289159886771,0.0009196250030072,0.0,0.0002392919996054,0.0024356659996556,0.0,100.0,1.0
e020f884,2026-09-22T00:01:27.443691,NEU-DET,patches,patches_106.jpg,4x4,4,4,8,FRQI,1024,statevector,5,4,1,1092,705,384,"{""h"": 132, ""x"": 64, ""cx"": 384, ""tdg"": 192, ""t"": 256, ""ry"": 64}",0.0009659170027589,0.0042284579976694,0.0,2.8834008844569325e-05,0.0067695420002564,1.9244132745560313e-30,100.0,0.9999999999999992
51267343,2026-09-22T00:01:27.450479,NEU-DET,patches,patches_106.jpg,4x4,4,4,8,NEQR,1024,statevector,12,4,8,127,87,59,"{""h"": 4, ""x"": 64, ""mcx"": 59}",0.0008426249987678,0.0008673750126035,0.0,0.00023891699675,0.0023437500058207,0.0,100.0,1.0
e93787bd,2026-09-22T00:01:27.453441,NEU-DET,patches,patches_107.jpg,4x4,4,4,8,FRQI,1024,statevector,5,4,1,1092,705,384,"{""h"": 132, ""x"": 64, ""cx"": 384, ""tdg"": 192, ""t"": 256, ""ry"": 64}",0.0009549160022288,0.0042755409958772,0.0,3.1458999728783965e-05,0.0068271249911049,1.5205216910937229e-30,100.0,0.9999999999999998
893062ef,2026-09-22T00:01:27.460291,NEU-DET,patches,patches_107.jpg,4x4,4,4,8,NEQR,1024,statevector,12,4,8,136,96,68,"{""h"": 4, ""x"": 64, ""mcx"": 68}",0.0009298329969169,0.0010892499994952,0.0,0.0002476249937899,0.0027734169998439,0.0,100.0,1.0
504baa29,2026-09-22T00:01:27.463616,NEU-DET,patches,patches_108.jpg,4x4,4,4,8,FRQI,1024,statevector,5,4,1,1092,705,384,"{""h"": 132, ""x"": 64, ""cx"": 384, ""tdg"": 192, ""t"": 256, ""ry"": 64}",0.0009855829994194,0.0041978340013884,0.0,3.3333999454043806e-05,0.0067990829993505,1.4891771812488204e-30,100.0,0.9999999999999998
1ec501f5,2026-09-22T00:01:27.470433,NEU-DET,patches,patches_108.jpg,4x4,4,4,8,NEQR,1024,statevector,12,4,8,140,100,72,"{""h"": 4, ""x"": 64, ""mcx"": 72}",0.0009250000002793,0.0010219579999102,0.0,0.0002382919919909,0.0026933749904856,0.0,100.0,1.0
0bcfe000,2026-09-22T00:01:27.473694,NEU-DET,patches,patches_109.jpg,4x4,4,4,8,FRQI,1024,statevector,5,4,1,1092,705,384,"{""h"": 132, ""x"": 64, ""cx"": 384, ""tdg"": 192, ""t"": 256, ""ry"": 64}",0.0011256669968133,0.0041319169977214,0.0,3.1624993425793946e-05,0.0068808749929303,1.3564324598319302e-30,100.0,1.0000000000000004
d58836cb,2026-09-22T00:01:27.480598,NEU-DET,patches,patches_109.jpg,4x4,4,4,8,NEQR,1024,statevector,12,4,8,134,94,66,"{""h"": 4, ""x"": 64, ""mcx"": 66}",0.0008734580042073,0.0009464160102652,0.0,0.0002368339919485,0.002559457992902,0.0,100.0,1.0
51ba475f,2026-09-22T00:01:27.483690,NEU-DET,patches,patches_11.jpg,4x4,4,4,8,FRQI,1024,statevector,5,4,1,1092,705,384,"{""h"": 132, ""x"": 64, ""cx"": 384, ""tdg"": 192, ""t"": 256, ""ry"": 64}",0.0011443340044934,0.0044851660059066,0.0,3.1625007977709174e-05,0.0072227500058943,1.2470877872393449e-30,100.0,1.000000000000001
cbe56dc6,2026-09-22T00:01:27.490931,NEU-DET,patches,patches_11.jpg,4x4,4,4,8,NEQR,1024,statevector,12,4,8,143,103,75,"{""h"": 4, ""x"": 64, ""mcx"": 75}",0.0009759579988894,0.0011123339936602,0.0,0.0002385410043643,0.0028106249956181,0.0,100.0,1.0
70e159c6,2026-09-22T00:01:27.494317,NEU-DET,patches,patches_110.jpg,4x4,4,4,8,FRQI,1024,statevector,5,4,1,1092,705,384,"{""h"": 132, ""x"": 64, ""cx"": 384, ""tdg"": 192, ""t"": 256, ""ry"": 64}",0.001212833012687,0.0046653329918626,0.0,3.245800326112658e-05,0.0081970000028377,1.2661063454401688e-30,100.0,0.9999999999999996
4a2ac086,2026-09-22T00:01:27.502534,NEU-DET,patches,patches_110.jpg,4x4,4,4,8,NEQR,1024,statevector,12,4,8,136,96,68,"{""h"": 4, ""x"": 64, ""mcx"": 68}",0.0008940830011852,0.000972833004198,0.0,0.0002342920051887,0.0025669580063549,0.0,100.0,1.0
398a43da,2026-09-22T00:01:27.505811,NEU-DET,patches,patches_111.jpg,4x4,4,4,8,FRQI,1024,statevector,5,4,1,1092,705,384,"{""h"": 132, ""x"": 64, ""cx"": 384, ""tdg"": 192, ""t"": 256, ""ry"": 64}",0.000987042003544,0.0042002910049632,0.0,3.141698834951967e-05,0.0068305830063764,2.2104379454218403e-30,100.0,1.0000000000000016
77b9ddfa,2026-09-22T00:01:27.512661,NEU-DET,patches,patches_111.jpg,4x4,4,4,8,NEQR,1024,statevector,12,4,8,137,97,69,"{""h"": 4, ""x"": 64, ""mcx"": 69}",0.0010855410073418,0.0010165419953409,0.0,0.0002437079965602,0.0028911660047015,0.0,100.0,1.0
b5d0eefe,2026-09-22T00:01:27.516182,NEU-DET,patches,patches_112.jpg,4x4,4,4,8,FRQI,1024,statevector,5,4,1,1092,705,384,"{""h"": 132, ""x"": 64, ""cx"": 384, ""tdg"": 192, ""t"": 256, ""ry"": 64}",0.0010066670074593,0.0041980829992098,0.0,3.0583993066102266e-05,0.0068349999928614,1.5470995243262666e-30,100.0,1.0000000000000009
a5b574e8,2026-09-22T00:01:27.523034,NEU-DET,patches,patches_112.jpg,4x4,4,4,8,NEQR,1024,statevector,12,4,8,139,99,71,"{""h"": 4, ""x"": 64, ""mcx"": 71}",0.000981999997748,0.0010212079941993,0.0,0.0002380410005571,0.002680000005057,0.0,100.0,1.0
76abe841,2026-09-22T00:01:27.526265,NEU-DET,patches,patches_113.jpg,4x4,4,4,8,FRQI,1024,statevector,5,4,1,1092,705,384,"{""h"": 132, ""x"": 64, ""cx"": 384, ""tdg"": 192, ""t"": 256, ""ry"": 64}",0.0009808750037336,0.0041648330079624,0.0,2.9874994652345777e-05,0.006780791998608,1.2849804588951638e-30,100.0,1.0000000000000002
f1ea9e74,2026-09-22T00:01:27.533065,NEU-DET,patches,patches_113.jpg,4x4,4,4,8,NEQR,1024,statevector,12,4,8,136,96,68,"{""h"": 4, ""x"": 64, ""mcx"": 68}",0.0008943330030888,0.000988125000731,0.0,0.0002475420042173,0.0026415000029373,0.0,100.0,1.0
629134de,2026-09-22T00:01:27.536252,NEU-DET,patches,patches_114.jpg,4x4,4,4,8,FRQI,1024,statevector,5,4,1,1092,705,384,"{""h"": 132, ""x"": 64, ""cx"": 384, ""tdg"": 192, ""t"": 256, ""ry"": 64}",0.0010048340045614,0.0042569580109557,0.0,3.0291994335129857e-05,0.0068978339986642,1.4966401597833212e-30,100.0,1.000000000000001
a9350f4d,2026-09-22T00:01:27.543171,NEU-DET,patches,patches_114.jpg,4x4,4,4,8,NEQR,1024,statevector,12,4,8,130,90,62,"{""h"": 4, ""x"": 64, ""mcx"": 62}",0.000810208992334,0.0009834579977905,0.0,0.0002370830043219,0.0024902500008465,0.0,100.0,1.0
a88b8bc4,2026-09-22T00:01:27.546191,NEU-DET,patches,patches_115.jpg,4x4,4,4,8,FRQI,1024,statevector,5,4,1,1092,705,384,"{""h"": 132, ""x"": 64, ""cx"": 384, ""tdg"": 192, ""t"": 256, ""ry"": 64}",0.0011537499958649,0.0042447919986443,0.0,2.933401265181601e-05,0.0069846250116825,1.2503618681448032e-30,100.0,1.0000000000000009
6abfadcc,2026-09-22T00:01:27.553193,NEU-DET,patches,patches_115.jpg,4x4,4,4,8,NEQR,1024,statevector,12,4,8,135,95,67,"{""h"": 4, ""x"": 64, ""mcx"": 67}",0.0008557920082239,0.0009850420028669,0.0,0.0002371669979766,0.0025302909925812,0.0,100.0,1.0
162500b0,2026-09-22T00:01:27.556258,NEU-DET,patches,patches_116.jpg,4x4,4,4,8,FRQI,1024,statevector,5,4,1,1092,705,384,"{""h"": 132, ""x"": 64, ""cx"": 384, ""tdg"": 192, ""t"": 256, ""ry"": 64}",0.0010052080033347,0.0041521670063957,0.0,2.8875001589767635e-05,0.0067762499966192,1.683118326648615e-30,100.0,0.9999999999999988
ff3380a8,2026-09-22T00:01:27.563052,NEU-DET,patches,patches_116.jpg,4x4,4,4,8,NEQR,1024,statevector,12,4,8,133,93,65,"{""h"": 4, ""x"": 64, ""mcx"": 65}",0.0008408340072492,0.000963500002399,0.0,0.0002411669993307,0.0024788330047158,0.0,100.0,1.0
82ae3262,2026-09-22T00:01:27.566010,NEU-DET,patches,patches_117.jpg,4x4,4,4,8,FRQI,1024,statevector,5,4,1,1092,705,384,"{""h"": 132, ""x"": 64, ""cx"": 384, ""tdg"": 192, ""t"": 256, ""ry"": 64}",0.0010804579942487,0.0044045419926987,0.0,3.087500226683915e-05,0.0070852920034667,2.518502477088731e-30,100.0,0.9999999999999996
293d934e,2026-09-22T00:01:27.573115,NEU-DET,patches,patches_117.jpg,4x4,4,4,8,NEQR,1024,statevector,12,4,8,120,80,52,"{""h"": 4, ""x"": 64, ""mcx"": 52}",0.0007134160114219,0.0008980419952422,0.0,0.0002378749923082,0.0022915419976925,0.0,100.0,1.0
0f0bb154,2026-09-22T00:01:27.575933,NEU-DET,patches,patches_118.jpg,4x4,4,4,8,FRQI,1024,statevector,5,4,1,1092,705,384,"{""h"": 132, ""x"": 64, ""cx"": 384, ""tdg"": 192, ""t"": 256, ""ry"": 64}",0.0009929590014507,0.0041871249995892,0.0,2.9791990527883172e-05,0.0067824579891748,2.0883339869476895e-30,100.0,1.0000000000000009
371aab9f,2026-09-22T00:01:27.582729,NEU-DET,patches,patches_118.jpg,4x4,4,4,8,NEQR,1024,statevector,12,4,8,126,86,58,"{""h"": 4, ""x"": 64, ""mcx"": 58}",0.0007750410004518,0.0009100000024773,0.0,0.0002329169947188,0.0024143339978763,0.0,100.0,1.0
26e0d5f8,2026-09-22T00:01:27.585728,NEU-DET,patches,patches_119.jpg,4x4,4,4,8,FRQI,1024,statevector,5,4,1,1092,705,384,"{""h"": 132, ""x"": 64, ""cx"": 384, ""tdg"": 192, ""t"": 256, ""ry"": 64}",0.0010498750052647,0.004197957998258,0.0,3.608300175983459e-05,0.0068579580110963,1.7954000424063913e-30,100.0,0.9999999999999996
f999c471,2026-09-22T00:01:27.592610,NEU-DET,patches,patches_119.jpg,4x4,4,4,8,NEQR,1024,statevector,12,4,8,133,93,65,"{""h"": 4, ""x"": 64, ""mcx"": 65}",0.0008400829974561,0.0010418750025564,0.0,0.0002469169994583,0.0026020829973276,0.0,100.0,1.0
8f97ac17,2026-09-22T00:01:27.595702,NEU-DET,patches,patches_12.jpg,4x4,4,4,8,FRQI,1024,statevector,5,4,1,1092,705,384,"{""h"": 132, ""x"": 64, ""cx"": 384, ""tdg"": 192, ""t"": 256, ""ry"": 64}",0.0010100840008817,0.0041352080006618,0.0,2.9583010473288596e-05,0.0067108750081388,1.5556217643301799e-30,100.0,0.9999999999999988
dd0277f2,2026-09-22T00:01:27.602436,NEU-DET,patches,patches_12.jpg,4x4,4,4,8,NEQR,1024,statevector,12,4,8,131,91,63,"{""h"": 4, ""x"": 64, ""mcx"": 63}",0.0008634580008219,0.0009242910018656,0.0,0.0002569170028436,0.0024912080116337,0.0,100.0,1.0
5c5b3360,2026-09-22T00:01:27.605555,NEU-DET,patches,patches_120.jpg,4x4,4,4,8,FRQI,1024,statevector,5,4,1,1092,705,384,"{""h"": 132, ""x"": 64, ""cx"": 384, ""tdg"": 192, ""t"": 256, ""ry"": 64}",0.0010519580100663,0.0041590000037103,0.0,3.383398870937526e-05,0.0068722080031875,1.3884028969087583e-30,100.0,1.0000000000000002
5ba4697a,2026-09-22T00:01:27.612446,NEU-DET,patches,patches_120.jpg,4x4,4,4,8,NEQR,1024,statevector,12,4,8,132,92,64,"{""h"": 4, ""x"": 64, ""mcx"": 64}",0.0008354580058949,0.0009720829984871,0.0,0.0002442910044919,0.0024962089955806,0.0,100.0,1.0
e77b8c18,2026-09-22T00:01:27.615470,NEU-DET,patches,patches_121.jpg,4x4,4,4,8,FRQI,1024,statevector,5,4,1,1092,705,384,"{""h"": 132, ""x"": 64, ""cx"": 384, ""tdg"": 192, ""t"": 256, ""ry"": 64}",0.0011307910026516,0.0041480830113869,0.0,2.9125003493390977e-05,0.0068450419930741,1.2135284579583971e-30,100.0,1.0000000000000018
392eb0fa,2026-09-22T00:01:27.622334,NEU-DET,patches,patches_121.jpg,4x4,4,4,8,NEQR,1024,statevector,12,4,8,135,95,67,"{""h"": 4, ""x"": 64, ""mcx"": 67}",0.0008557080000173,0.0009713339968584,0.0,0.0002537079999456,0.0025293750077253,0.0,100.0,1.0
2aa1da42,2026-09-22T00:01:27.625270,NEU-DET,patches,patches_122.jpg,4x4,4,4,8,FRQI,1024,statevector,5,4,1,1092,705,384,"{""h"": 132, ""x"": 64, ""cx"": 384, ""tdg"": 192, ""t"": 256, ""ry"": 64}",0.0009657500049797,0.004135834009503,0.0,3.183299850206822e-05,0.0067212080030003,2.9901657297347032e-30,100.0,0.9999999999999996
67f1c887,2026-09-22T00:01:27.632010,NEU-DET,patches,patches_122.jpg,4x4,4,4,8,NEQR,1024,statevector,12,4,8,110,70,42,"{""h"": 4, ""x"": 64, ""mcx"": 42}",0.0007581670070067,0.0008036249928409,0.0,0.0002455000067129,0.0022710000048391,0.0,100.0,1.0
50e1b982,2026-09-22T00:01:27.635006,NEU-DET,patches,patches_123.jpg,4x4,4,4,8,FRQI,1024,statevector,5,4,1,1092,705,384,"{""h"": 132, ""x"": 64, ""cx"": 384, ""tdg"": 192, ""t"": 256, ""ry"": 64}",0.0010564580006757,0.0041995840001618,0.0,2.9040995286777616e-05,0.0068377909919945,2.2705751079353317e-30,100.0,0.9999999999999998
8c0f58f3,2026-09-22T00:01:27.641863,NEU-DET,patches,patches_123.jpg,4x4,4,4,8,NEQR,1024,statevector,12,4,8,132,92,64,"{""h"": 4, ""x"": 64, ""mcx"": 64}",0.0008561249997001,0.0009691249870229,0.0,0.0002475829969625,0.0025634170015109,0.0,100.0,1.0
ec189a96,2026-09-22T00:01:27.644950,NEU-DET,patches,patches_124.jpg,4x4,4,4,8,FRQI,1024,statevector,5,4,1,1092,705,384,"{""h"": 132, ""x"": 64, ""cx"": 384, ""tdg"": 192, ""t"": 256, ""ry"": 64}",0.0010194170026807,0.004127124993829,0.0,3.412499791011214e-05,0.0068570000003091,2.2907973723513977e-30,100.0,1.0
96e39e3e,2026-09-22T00:01:27.651856,NEU-DET,patches,patches_124.jpg,4x4,4,4,8,NEQR,1024,statevector,12,4,8,130,90,62,"{""h"": 4, ""x"": 64, ""mcx"": 62}",0.0008214170084102,0.0009399170085089,0.0,0.0002502920106053,0.0026437910128152,0.0,100.0,1.0
8c97428b,2026-09-22T00:01:27.655008,NEU-DET,patches,patches_125.jpg,4x4,4,4,8,FRQI,1024,statevector,5,4,1,1092,705,384,"{""h"": 132, ""x"": 64, ""cx"": 384, ""tdg"": 192, ""t"": 256, ""ry"": 64}",0.0010867920063901,0.0042171250097453,0.0,2.9584000003524125e-05,0.0068807500065304,1.1673061392931037e-30,100.0,1.0000000000000029
9c3be2e0,2026-09-22T00:01:27.661911,NEU-DET,patches,patches_125.jpg,4x4,4,4,8,NEQR,1024,statevector,12,4,8,139,99,71,"{""h"": 4, ""x"": 64, ""mcx"": 71}",0.0010334580001654,0.0010013340070145,0.0,0.000258333995589,0.002799458001391,0.0,100.0,1.0
8e0c722d,2026-09-22T00:01:27.665277,NEU-DET,patches,patches_126.jpg,4x4,4,4,8,FRQI,1024,statevector,5,4,1,1092,705,384,"{""h"": 132, ""x"": 64, ""cx"": 384, ""tdg"": 192, ""t"": 256, ""ry"": 64}",0.0010627909941831,0.0041553750052116,0.0,3.5250006476417184e-05,0.0068686669983435,1.3814695491089645e-30,100.0,1.0000000000000024
5d6380b7,2026-09-22T00:01:27.672168,NEU-DET,patches,patches_126.jpg,4x4,4,4,8,NEQR,1024,statevector,12,4,8,147,107,79,"{""h"": 4, ""x"": 64, ""mcx"": 79}",0.0010005840013036,0.0010302499867975,0.0,0.0002402079990133,0.0028312499925959,0.0,100.0,1.0
84f5f5cc,2026-09-22T00:01:27.675511,NEU-DET,patches,patches_127.jpg,4x4,4,4,8,FRQI,1024,statevector,5,4,1,1092,705,384,"{""h"": 132, ""x"": 64, ""cx"": 384, ""tdg"": 192, ""t"": 256, ""ry"": 64}",0.0010333329992135,0.0043715420033549,0.0,2.8875001589767635e-05,0.0071612499887123,2.0857339815227667e-30,100.0,0.9999999999999992
8a498ad3,2026-09-22T00:01:27.682689,NEU-DET,patches,patches_127.jpg,4x4,4,4,8,NEQR,1024,statevector,12,4,8,123,83,55,"{""h"": 4, ""x"": 64, ""mcx"": 55}",0.0007412919949274,0.0008925829897634,0.0,0.0002357909979764,0.0022960829955991,0.0,100.0,1.0
52bc2d0c,2026-09-22T00:01:27.685469,NEU-DET,patches,patches_128.jpg,4x4,4,4,8,FRQI,1024,statevector,5,4,1,1092,705,384,"{""h"": 132, ""x"": 64, ""cx"": 384, ""tdg"": 192, ""t"": 256, ""ry"": 64}",0.0009677080088295,0.0041028750129044,0.0,2.8333000955171883e-05,0.0066784999944502,1.8344964202774522e-30,100.0,1.0000000000000002
ac468371,2026-09-22T00:01:27.692165,NEU-DET,patches,patches_128.jpg,4x4,4,4,8,NEQR,1024,statevector,12,4,8,130,90,62,"{""h"": 4, ""x"": 64, ""mcx"": 62}",0.0008687499939696,0.000971292000031,0.0,0.0002344169915886,0.0026187079929513,0.0,100.0,1.0
f91552c6,2026-09-22T00:01:27.695362,NEU-DET,patches,patches_129.jpg,4x4,4,4,8,FRQI,1024,statevector,5,4,1,1092,705,384,"{""h"": 132, ""x"": 64, ""cx"": 384, ""tdg"": 192, ""t"": 256, ""ry"": 64}",0.0009981250041164,0.0041489160066703,0.0,3.054099215660244e-05,0.0067719579965341,1.2079432611196743e-30,100.0,1.0000000000000069
c5cfb62b,2026-09-22T00:01:27.702155,NEU-DET,patches,patches_129.jpg,4x4,4,4,8,NEQR,1024,statevector,12,4,8,145,105,77,"{""h"": 4, ""x"": 64, ""mcx"": 77}",0.0009755840001162,0.0010156249918509,0.0,0.0002423330006422,0.0027588749944698,0.0,100.0,1.0
3040ad9e,2026-09-22T00:01:27.705524,NEU-DET,patches,patches_13.jpg,4x4,4,4,8,FRQI,1024,statevector,5,4,1,1092,705,384,"{""h"": 132, ""x"": 64, ""cx"": 384, ""tdg"": 192, ""t"": 256, ""ry"": 64}",0.0009725839918246,0.0042515829991316,0.0,3.287500294391066e-05,0.0068142079981043,1.3622102496650921e-30,100.0,1.0000000000000049
231c12ec,2026-09-22T00:01:27.712358,NEU-DET,patches,patches_13.jpg,4x4,4,4,8,NEQR,1024,statevector,12,4,8,136,96,68,"{""h"": 4, ""x"": 64, ""mcx"": 68}",0.0009072910033864,0.0009520830062683,0.0,0.0002466669975547,0.0025602079986128,0.0,100.0,1.0
6ce7022c,2026-09-22T00:01:27.715468,NEU-DET,patches,patches_130.jpg,4x4,4,4,8,FRQI,1024,statevector,5,4,1,1092,705,384,"{""h"": 132, ""x"": 64, ""cx"": 384, ""tdg"": 192, ""t"": 256, ""ry"": 64}",0.0010283330047968,0.0041549999878043,0.0,2.7916001272387803e-05,0.0067803749989252,1.327266658236616e-30,100.0,0.999999999999999
b9183fcd,2026-09-22T00:01:27.722268,NEU-DET,patches,patches_130.jpg,4x4,4,4,8,NEQR,1024,statevector,12,4,8,132,92,64,"{""h"": 4, ""x"": 64, ""mcx"": 64}",0.0009413749939994,0.0009627079998608,0.0,0.0002775839966489,0.0026282079925294,0.0,100.0,1.0
58eb337d,2026-09-22T00:01:27.725401,NEU-DET,patches,patches_131.jpg,4x4,4,4,8,FRQI,1024,statevector,5,4,1,1092,705,384,"{""h"": 132, ""x"": 64, ""cx"": 384, ""tdg"": 192, ""t"": 256, ""ry"": 64}",0.0010158330114791,0.0043593750015133,0.0,3.266701241955161e-05,0.0069974170037312,2.7425242408074242e-30,100.0,1.0
c58635ea,2026-09-22T00:01:27.732421,NEU-DET,patches,patches_131.jpg,4x4,4,4,8,NEQR,1024,statevector,12,4,8,119,79,51,"{""h"": 4, ""x"": 64, ""mcx"": 51}",0.0007301669975277,0.0008634999976493,0.0,0.0002529159974073,0.0022683330025756,0.0,100.0,1.0
812fb946,2026-09-22T00:01:27.735215,NEU-DET,patches,patches_132.jpg,4x4,4,4,8,FRQI,1024,statevector,5,4,1,1092,705,384,"{""h"": 132, ""x"": 64, ""cx"": 384, ""tdg"": 192, ""t"": 256, ""ry"": 64}",0.0009906670020427,0.0041857500036712,0.0,3.287500294391066e-05,0.0068367499916348,1.4690632503921262e-30,100.0,0.9999999999999996
da5cc36f,2026-09-22T00:01:27.742074,NEU-DET,patches,patches_132.jpg,4x4,4,4,8,NEQR,1024,statevector,12,4,8,130,90,62,"{""h"": 4, ""x"": 64, ""mcx"": 62}",0.0008949170005507,0.0009393749933224,0.0,0.0002367089909967,0.0025160000077448,0.0,100.0,1.0
a942d224,2026-09-22T00:01:27.745100,NEU-DET,patches,patches_133.jpg,4x4,4,4,8,FRQI,1024,statevector,5,4,1,1092,705,384,"{""h"": 132, ""x"": 64, ""cx"": 384, ""tdg"": 192, ""t"": 256, ""ry"": 64}",0.0010729170026024,0.0041222919971914,0.0,2.9999995604157448e-05,0.0067595000000437,3.0189553731377543e-30,100.0,1.0000000000000004
4fcc6206,2026-09-22T00:01:27.751878,NEU-DET,patches,patches_133.jpg,4x4,4,4,8,NEQR,1024,statevector,12,4,8,128,88,60,"{""h"": 4, ""x"": 64, ""mcx"": 60}",0.0009051660017576,0.0009866250038612,0.0,0.0002596660051494,0.0027259170019533,0.0,100.0,1.0
47308339,2026-09-22T00:01:27.755004,NEU-DET,patches,patches_134.jpg,4x4,4,4,8,FRQI,1024,statevector,5,4,1,1092,705,384,"{""h"": 132, ""x"": 64, ""cx"": 384, ""tdg"": 192, ""t"": 256, ""ry"": 64}",0.000949875000515,0.0042350419971626,0.0,3.441699664108455e-05,0.0067791249894071,1.833440168073577e-30,100.0,1.0
33955514,2026-09-22T00:01:27.761806,NEU-DET,patches,patches_134.jpg,4x4,4,4,8,NEQR,1024,statevector,12,4,8,119,79,51,"{""h"": 4, ""x"": 64, ""mcx"": 51}",0.0007112500024959,0.0008622919995104,0.0,0.0002523750008549,0.0022338749986374,0.0,100.0,1.0
719f7f51,2026-09-22T00:01:27.764642,NEU-DET,patches,patches_135.jpg,4x4,4,4,8,FRQI,1024,statevector,5,4,1,1092,705,384,"{""h"": 132, ""x"": 64, ""cx"": 384, ""tdg"": 192, ""t"": 256, ""ry"": 64}",0.001016875001369,0.0041337500006193,0.0,3.083300543949008e-05,0.0067356249928707,1.0432762508745657e-30,100.0,0.9999999999999988
ea0b9fba,2026-09-22T00:01:27.771396,NEU-DET,patches,patches_135.jpg,4x4,4,4,8,NEQR,1024,statevector,12,4,8,134,94,66,"{""h"": 4, ""x"": 64, ""mcx"": 66}",0.0008573329978389,0.0009331250039394,0.0,0.0002674999996088,0.0024792080075712,0.0,100.0,1.0
3be5e282,2026-09-22T00:01:27.774430,NEU-DET,patches,patches_136.jpg,4x4,4,4,8,FRQI,1024,statevector,5,4,1,1092,705,384,"{""h"": 132, ""x"": 64, ""cx"": 384, ""tdg"": 192, ""t"": 256, ""ry"": 64}",0.00099745800253,0.0041672090010251,0.0,2.849999873433262e-05,0.0067738340003415,1.877829844026165e-30,100.0,1.0000000000000016
9dc9cf0b,2026-09-22T00:01:27.781221,NEU-DET,patches,patches_136.jpg,4x4,4,4,8,NEQR,1024,statevector,12,4,8,137,97,69,"{""h"": 4, ""x"": 64, ""mcx"": 69}",0.0008859170047799,0.0009462919988436,0.0,0.0002404999977443,0.0025252500054193,0.0,100.0,1.0
90fc0c4b,2026-09-22T00:01:27.784262,NEU-DET,patches,patches_137.jpg,4x4,4,4,8,FRQI,1024,statevector,5,4,1,1092,705,384,"{""h"": 132, ""x"": 64, ""cx"": 384, ""tdg"": 192, ""t"": 256, ""ry"": 64}",0.0010050419950857,0.0041222500003641,0.0,2.8541995561681688e-05,0.0067046250042039,1.9705272596619528e-30,100.0,1.0
fdd8fed0,2026-09-22T00:01:27.790984,NEU-DET,patches,patches_137.jpg,4x4,4,4,8,NEQR,1024,statevector,12,4,8,118,78,50,"{""h"": 4, ""x"": 64, ""mcx"": 50}",0.000749500002712,0.0008620830049039,0.0,0.0002353330055484,0.0022804170002928,0.0,100.0,1.0
84df1b9a,2026-09-22T00:01:27.793778,NEU-DET,patches,patches_138.jpg,4x4,4,4,8,FRQI,1024,statevector,5,4,1,1092,705,384,"{""h"": 132, ""x"": 64, ""cx"": 384, ""tdg"": 192, ""t"": 256, ""ry"": 64}",0.0009724999981699,0.0041317080031149,0.0,2.866699651349336e-05,0.0066890000016428,1.7659333142572662e-30,100.0,1.0000000000000009
529e67cd,2026-09-22T00:01:27.800483,NEU-DET,patches,patches_138.jpg,4x4,4,4,8,NEQR,1024,statevector,12,4,8,125,85,57,"{""h"": 4, ""x"": 64, ""mcx"": 57}",0.0007705000025453,0.0009331250039394,0.0,0.000248875003308,0.0023555829975521,0.0,100.0,1.0
246c2a3a,2026-09-22T00:01:27.803326,NEU-DET,patches,patches_139.jpg,4x4,4,4,8,FRQI,1024,statevector,5,4,1,1092,705,384,"{""h"": 132, ""x"": 64, ""cx"": 384, ""tdg"": 192, ""t"": 256, ""ry"": 64}",0.0010138329962501,0.0041949169972212,0.0,3.2584008295089006e-05,0.006792125001084,1.4209992612175125e-30,100.0,1.000000000000002
2d8ae3c9,2026-09-22T00:01:27.810137,NEU-DET,patches,patches_139.jpg,4x4,4,4,8,NEQR,1024,statevector,12,4,8,129,89,61,"{""h"": 4, ""x"": 64, ""mcx"": 61}",0.0012022089940728,0.0009771670011105,0.0,0.0002497499954188,0.0028876660071546,0.0,100.0,1.0
54499ffb,2026-09-22T00:01:27.813569,NEU-DET,patches,patches_14.jpg,4x4,4,4,8,FRQI,1024,statevector,5,4,1,1092,705,384,"{""h"": 132, ""x"": 64, ""cx"": 384, ""tdg"": 192, ""t"": 256, ""ry"": 64}",0.001157584003522,0.0041412909922655,0.0,2.991600194945931e-05,0.0069045830023242,1.2799730410397571e-30,100.0,1.0000000000000004
94bfdaeb,2026-09-22T00:01:27.820489,NEU-DET,patches,patches_14.jpg,4x4,4,4,8,NEQR,1024,statevector,12,4,8,137,97,69,"{""h"": 4, ""x"": 64, ""mcx"": 69}",0.0009016250114655,0.0009823330037761,0.0,0.0002512089995434,0.0025874589919112,0.0,100.0,1.0
b76d9c61,2026-09-22T00:01:27.823587,NEU-DET,patches,patches_140.jpg,4x4,4,4,8,FRQI,1024,statevector,5,4,1,1092,705,384,"{""h"": 132, ""x"": 64, ""cx"": 384, ""tdg"": 192, ""t"": 256, ""ry"": 64}",0.0010977089987136,0.0041259590070694,0.0,2.845800190698355e-05,0.0068010419927304,1.7233221142376986e-30,100.0,0.9999999999999992
41b5b67e,2026-09-22T00:01:27.830404,NEU-DET,patches,patches_140.jpg,4x4,4,4,8,NEQR,1024,statevector,12,4,8,125,85,57,"{""h"": 4, ""x"": 64, ""mcx"": 57}",0.0007630419859196,0.0008626250055385,0.0,0.0002381249942118,0.0022724590089637,0.0,100.0,1.0
997b79a6,2026-09-22T00:01:27.833293,NEU-DET,patches,patches_141.jpg,4x4,4,4,8,FRQI,1024,statevector,5,4,1,1092,705,384,"{""h"": 132, ""x"": 64, ""cx"": 384, ""tdg"": 192, ""t"": 256, ""ry"": 64}",0.0010283339943271,0.0041278749995399,0.0,2.8541995561681688e-05,0.0067385000002104,1.189261740659118e-30,100.0,1.0000000000000022
cd883af9,2026-09-22T00:01:27.840047,NEU-DET,patches,patches_141.jpg,4x4,4,4,8,NEQR,1024,statevector,12,4,8,126,86,58,"{""h"": 4, ""x"": 64, ""mcx"": 58}",0.0008353339944733,0.000913459007279,0.0,0.0002625409979373,0.0024199580075219,0.0,100.0,1.0
63bc088b,2026-09-22T00:01:27.842962,NEU-DET,patches,patches_142.jpg,4x4,4,4,8,FRQI,1024,statevector,5,4,1,1092,705,384,"{""h"": 132, ""x"": 64, ""cx"": 384, ""tdg"": 192, ""t"": 256, ""ry"": 64}",0.0009982079936889,0.0041823750070761,0.0,3.512500552460551e-05,0.0067911670048488,2.169812860657422e-30,100.0,0.9999999999999984
9f8eeaff,2026-09-22T00:01:27.849768,NEU-DET,patches,patches_142.jpg,4x4,4,4,8,NEQR,1024,statevector,12,4,8,124,84,56,"{""h"": 4, ""x"": 64, ""mcx"": 56}",0.0008577910048188,0.0008806249970803,0.0,0.0002396250056335,0.0025099170015892,0.0,100.0,1.0
ff578f87,2026-09-22T00:01:27.852696,NEU-DET,patches,patches_143.jpg,4x4,4,4,8,FRQI,1024,statevector,5,4,1,1092,705,384,"{""h"": 132, ""x"": 64, ""cx"": 384, ""tdg"": 192, ""t"": 256, ""ry"": 64}",0.0009640000062063,0.0041762500040931,0.0,3.070798993576318e-05,0.0067158750025555,2.2434292758324705e-30,100.0,1.0
c4cfba91,2026-09-22T00:01:27.859427,NEU-DET,patches,patches_143.jpg,4x4,4,4,8,NEQR,1024,statevector,12,4,8,122,82,54,"{""h"": 4, ""x"": 64, ""mcx"": 54}",0.0007217090023914,0.0008398329955525,0.0,0.0002447080041747,0.0022182079992489,0.0,100.0,1.0
0e055f63,2026-09-22T00:01:27.862030,NEU-DET,patches,patches_144.jpg,4x4,4,4,8,FRQI,1024,statevector,5,4,1,1092,705,384,"{""h"": 132, ""x"": 64, ""cx"": 384, ""tdg"": 192, ""t"": 256, ""ry"": 64}",0.0010173330083489,0.0041209170012734,0.0,2.816699270624667e-05,0.0067343330010771,3.0523379080683386e-30,100.0,0.9999999999999998
691b9769,2026-09-22T00:01:27.868779,NEU-DET,patches,patches_144.jpg,4x4,4,4,8,NEQR,1024,statevector,12,4,8,119,79,51,"{""h"": 4, ""x"": 64, ""mcx"": 51}",0.0006885410111863,0.0008505830046487,0.0,0.0002506670134607,0.0021691669971914,0.0,100.0,1.0
ef03e2a0,2026-09-22T00:01:27.871492,NEU-DET,patches,patches_145.jpg,4x4,4,4,8,FRQI,1024,statevector,5,4,1,1092,705,384,"{""h"": 132, ""x"": 64, ""cx"": 384, ""tdg"": 192, ""t"": 256, ""ry"": 64}",0.0009760839893715,0.0041564580023987,0.0,2.95409990940243e-05,0.0066915000061271,1.5797440368836302e-30,100.0,1.000000000000005
f07be6c9,2026-09-22T00:01:27.878198,NEU-DET,patches,patches_145.jpg,4x4,4,4,8,NEQR,1024,statevector,12,4,8,126,86,58,"{""h"": 4, ""x"": 64, ""mcx"": 58}",0.0009382920106872,0.00090125000861,0.0,0.0002385419938946,0.0025303330039605,0.0,100.0,1.0
b329f863,2026-09-22T00:01:27.881356,NEU-DET,patches,patches_146.jpg,4x4,4,4,8,FRQI,1024,statevector,5,4,1,1092,705,384,"{""h"": 132, ""x"": 64, ""cx"": 384, ""tdg"": 192, ""t"": 256, ""ry"": 64}",0.0009608330001356,0.0044365000067045,0.0,3.229099093005061e-05,0.0070067079941509,1.8084482177796145e-30,100.0,0.9999999999999992
216c1290,2026-09-22T00:01:27.888385,NEU-DET,patches,patches_146.jpg,4x4,4,4,8,NEQR,1024,statevector,12,4,8,142,102,74,"{""h"": 4, ""x"": 64, ""mcx"": 74}",0.0010200410033576,0.0010707079927669,0.0,0.0002403749967925,0.0028891670081065,0.0,100.0,1.0
48abf2da,2026-09-22T00:01:27.891916,NEU-DET,patches,patches_147.jpg,4x4,4,4,8,FRQI,1024,statevector,5,4,1,1092,705,384,"{""h"": 132, ""x"": 64, ""cx"": 384, ""tdg"": 192, ""t"": 256, ""ry"": 64}",0.0010182080004597,0.0041576250077923,0.0,2.962499274872243e-05,0.0068419580056797,1.6771479438210147e-30,100.0,0.999999999999999
65f2c125,2026-09-22T00:01:27.898775,NEU-DET,patches,patches_147.jpg,4x4,4,4,8,NEQR,1024,statevector,12,4,8,130,90,62,"{""h"": 4, ""x"": 64, ""mcx"": 62}",0.0008144579915096,0.0009873339877231,0.0,0.000237542000832,0.002471499989042,0.0,100.0,1.0
b7f9ac8f,2026-09-22T00:01:27.901789,NEU-DET,patches,patches_148.jpg,4x4,4,4,8,FRQI,1024,statevector,5,4,1,1092,705,384,"{""h"": 132, ""x"": 64, ""cx"": 384, ""tdg"": 192, ""t"": 256, ""ry"": 64}",0.0009937499999068,0.0042178750009043,0.0,2.995900285895914e-05,0.0067987920047016,1.6318404418793053e-30,100.0,0.999999999999997
704a5ace,2026-09-22T00:01:27.908608,NEU-DET,patches,patches_148.jpg,4x4,4,4,8,NEQR,1024,statevector,12,4,8,124,84,56,"{""h"": 4, ""x"": 64, ""mcx"": 56}",0.0007606660074088,0.0008579999994253,0.0,0.000252999991062,0.00227895801072,0.0,100.0,1.0
3cd95749,2026-09-22T00:01:27.911405,NEU-DET,patches,patches_149.jpg,4x4,4,4,8,FRQI,1024,statevector,5,4,1,1092,705,384,"{""h"": 132, ""x"": 64, ""cx"": 384, ""tdg"": 192, ""t"": 256, ""ry"": 64}",0.0010258749971399,0.0041367500089108,0.0,3.0166993383318182e-05,0.0067460419959388,1.5322698637544848e-30,100.0,0.9999999999999996
60b1dc8a,2026-09-22T00:01:27.918167,NEU-DET,patches,patches_149.jpg,4x4,4,4,8,NEQR,1024,statevector,12,4,8,136,96,68,"{""h"": 4, ""x"": 64, ""mcx"": 68}",0.0009284169937018,0.0009830000053625,0.0,0.0002501669951016,0.0026637919945642,0.0,100.0,1.0
36b9e293,2026-09-22T00:01:27.921399,NEU-DET,patches,patches_15.jpg,4x4,4,4,8,FRQI,1024,statevector,5,4,1,1092,705,384,"{""h"": 132, ""x"": 64, ""cx"": 384, ""tdg"": 192, ""t"": 256, ""ry"": 64}",0.001005415993859,0.0042431249894434,0.0,2.9916991479694843e-05,0.0068690829939441,1.0983578472840406e-30,100.0,1.0
633765a5,2026-09-22T00:01:27.928287,NEU-DET,patches,patches_15.jpg,4x4,4,4,8,NEQR,1024,statevector,12,4,8,139,99,71,"{""h"": 4, ""x"": 64, ""mcx"": 71}",0.000921124999877,0.000998832998448,0.0,0.0002385830011917,0.0026800420018844,0.0,100.0,1.0
7a9f3f5b,2026-09-22T00:01:27.931535,NEU-DET,patches,patches_150.jpg,4x4,4,4,8,FRQI,1024,statevector,5,4,1,1092,705,384,"{""h"": 132, ""x"": 64, ""cx"": 384, ""tdg"": 192, ""t"": 256, ""ry"": 64}",0.0010308750061085,0.0041949159931391,0.0,2.9834001907147467e-05,0.0068406249920371,1.7057961517437748e-30,100.0,0.9999999999999998
f14c91ca,2026-09-22T00:01:27.938390,NEU-DET,patches,patches_150.jpg,4x4,4,4,8,NEQR,1024,statevector,12,4,8,131,91,63,"{""h"": 4, ""x"": 64, ""mcx"": 63}",0.0008914589998312,0.0009394169901497,0.0,0.0002350419963477,0.0024961250019259,0.0,100.0,1.0
9ce604d1,2026-09-22T00:01:27.941430,NEU-DET,patches,patches_151.jpg,4x4,4,4,8,FRQI,1024,statevector,5,4,1,1092,705,384,"{""h"": 132, ""x"": 64, ""cx"": 384, ""tdg"": 192, ""t"": 256, ""ry"": 64}",0.0011583330051507,0.0041727080097189,0.0,2.9167000320740044e-05,0.0069380409986479,1.5386254325709627e-30,100.0,0.9999999999999986
600f8bf7,2026-09-22T00:01:27.948385,NEU-DET,patches,patches_151.jpg,4x4,4,4,8,NEQR,1024,statevector,12,4,8,136,96,68,"{""h"": 4, ""x"": 64, ""mcx"": 68}",0.001004500009003,0.000982917001238,0.0,0.00023983400024,0.0028739590052282,0.0,100.0,1.0
405ed40f,2026-09-22T00:01:27.951765,NEU-DET,patches,patches_152.jpg,4x4,4,4,8,FRQI,1024,statevector,5,4,1,1092,705,384,"{""h"": 132, ""x"": 64, ""cx"": 384, ""tdg"": 192, ""t"": 256, ""ry"": 64}",0.0009689159924164,0.0042074579978361,0.0,3.345900040585548e-05,0.0067664999951375,1.0621503643295606e-30,100.0,1.0000000000000004
d1a8c636,2026-09-22T00:01:27.958551,NEU-DET,patches,patches_152.jpg,4x4,4,4,8,NEQR,1024,statevector,12,4,8,143,103,75,"{""h"": 4, ""x"": 64, ""mcx"": 75}",0.0009361669945064,0.0011049160093534,0.0,0.0002520409907447,0.0028347500046947,0.0,100.0,1.0
e64c8fa0,2026-09-22T00:01:27.961879,NEU-DET,patches,patches_153.jpg,4x4,4,4,8,FRQI,1024,statevector,5,4,1,1092,705,384,"{""h"": 132, ""x"": 64, ""cx"": 384, ""tdg"": 192, ""t"": 256, ""ry"": 64}",0.0010455839947098,0.0042240409966325,0.0,3.620899224188179e-05,0.0071099580090958,2.4861227798987207e-30,100.0,1.0
477765c8,2026-09-22T00:01:27.969017,NEU-DET,patches,patches_153.jpg,4x4,4,4,8,NEQR,1024,statevector,12,4,8,117,77,49,"{""h"": 4, ""x"": 64, ""mcx"": 49}",0.0007269159978022,0.0008428340079262,0.0,0.0002475829969625,0.0022964999952819,0.0,100.0,1.0
24038c4d,2026-09-22T00:01:27.971920,NEU-DET,patches,patches_154.jpg,4x4,4,4,8,FRQI,1024,statevector,5,4,1,1092,705,384,"{""h"": 132, ""x"": 64, ""cx"": 384, ""tdg"": 192, ""t"": 256, ""ry"": 64}",0.0010732500086305,0.0041669579950394,0.0,3.1042000045999885e-05,0.0068631250032922,1.4872031030558235e-30,100.0,0.9999999999999992
107a13cb,2026-09-22T00:01:27.978802,NEU-DET,patches,patches_154.jpg,4x4,4,4,8,NEQR,1024,statevector,12,4,8,141,101,73,"{""h"": 4, ""x"": 64, ""mcx"": 73}",0.0009911250090226,0.0010311250080121,0.0,0.0002393750037299,0.0027727919950848,0.0,100.0,1.0
66cda673,2026-09-22T00:01:27.982237,NEU-DET,patches,patches_155.jpg,4x4,4,4,8,FRQI,1024,statevector,5,4,1,1092,705,384,"{""h"": 132, ""x"": 64, ""cx"": 384, ""tdg"": 192, ""t"": 256, ""ry"": 64}",0.0010877919994527,0.0041309170046588,0.0,2.9999995604157448e-05,0.006807083991589,1.39268809103502e-30,100.0,0.9999999999999986
f5bc08b6,2026-09-22T00:01:27.989063,NEU-DET,patches,patches_155.jpg,4x4,4,4,8,NEQR,1024,statevector,12,4,8,133,93,65,"{""h"": 4, ""x"": 64, ""mcx"": 65}",0.0008388749993173,0.0009755000064615,0.0,0.0002656249998835,0.0025447079970035,0.0,100.0,1.0
ec0c6300,2026-09-22T00:01:27.992135,NEU-DET,patches,patches_156.jpg,4x4,4,4,8,FRQI,1024,statevector,5,4,1,1092,705,384,"{""h"": 132, ""x"": 64, ""cx"": 384, ""tdg"": 192, ""t"": 256, ""ry"": 64}",0.001068874989869,0.0041581660043448,0.0,3.1458999728783965e-05,0.0068536670005414,9.098093057285302e-31,100.0,0.9999999999999992
eab8619f,2026-09-22T00:01:27.999007,NEU-DET,patches,patches_156.jpg,4x4,4,4,8,NEQR,1024,statevector,12,4,8,135,95,67,"{""h"": 4, ""x"": 64, ""mcx"": 67}",0.0009319579985458,0.0009817920072237,0.0,0.0002411250025033,0.0026057080103782,0.0,100.0,1.0
3a56ed04,2026-09-22T00:01:28.002223,NEU-DET,patches,patches_157.jpg,4x4,4,4,8,FRQI,1024,statevector,5,4,1,1092,705,384,"{""h"": 132, ""x"": 64, ""cx"": 384, ""tdg"": 192, ""t"": 256, ""ry"": 64}",0.0009930420055752,0.0042716250027297,0.0,3.275000199209899e-05,0.0068682080018334,1.3726102713647832e-30,100.0,1.000000000000001
6da54a09,2026-09-22T00:01:28.009114,NEU-DET,patches,patches_157.jpg,4x4,4,4,8,NEQR,1024,statevector,12,4,8,128,88,60,"{""h"": 4, ""x"": 64, ""mcx"": 60}",0.0008044999995036,0.000969457993051,0.0,0.0002447080041747,0.0026999999972758,0.0,100.0,1.0
a4e36897,2026-09-22T00:01:28.012369,NEU-DET,patches,patches_158.jpg,4x4,4,4,8,FRQI,1024,statevector,5,4,1,1092,705,384,"{""h"": 132, ""x"": 64, ""cx"": 384, ""tdg"": 192, ""t"": 256, ""ry"": 64}",0.0010040829947683,0.0042181669996352,0.0,2.845798735506833e-05,0.0068026249937247,1.3340916724770385e-30,100.0,0.9999999999999992
dd695d87,2026-09-22T00:01:28.019188,NEU-DET,patches,patches_158.jpg,4x4,4,4,8,NEQR,1024,statevector,12,4,8,130,90,62,"{""h"": 4, ""x"": 64, ""mcx"": 62}",0.0008636670099804,0.0012508340005297,0.0,0.0003989589895354,0.0030249160045059,0.0,100.0,1.0
8a5acb19,2026-09-22T00:01:28.022925,NEU-DET,patches,patches_159.jpg,4x4,4,4,8,FRQI,1024,statevector,5,4,1,1092,705,384,"{""h"": 132, ""x"": 64, ""cx"": 384, ""tdg"": 192, ""t"": 256, ""ry"": 64}",0.00157287500042,0.004172415996436,0.0,3.199999628122896e-05,0.007467125004041,1.0621503643295606e-30,100.0,1.000000000000001
58645561,2026-09-22T00:01:28.030411,NEU-DET,patches,patches_159.jpg,4x4,4,4,8,NEQR,1024,statevector,12,4,8,137,97,69,"{""h"": 4, ""x"": 64, ""mcx"": 69}",0.0010620420071063,0.0010312919912394,0.0,0.0002546670002629,0.0028455840074457,0.0,100.0,1.0
29e22849,2026-09-22T00:01:28.033827,NEU-DET,patches,patches_16.jpg,4x4,4,4,8,FRQI,1024,statevector,5,4,1,1092,705,384,"{""h"": 132, ""x"": 64, ""cx"": 384, ""tdg"": 192, ""t"": 256, ""ry"": 64}",0.0010409999958937,0.0044910839933436,0.0,3.295899659860879e-05,0.0071412090037483,1.3213805348440823e-30,100.0,1.0000000000000069
08c4409c,2026-09-22T00:01:28.040991,NEU-DET,patches,patches_16.jpg,4x4,4,4,8,NEQR,1024,statevector,12,4,8,144,104,76,"{""h"": 4, ""x"": 64, ""mcx"": 76}",0.0010299589921487,0.0010484579979674,0.0,0.000248709009611,0.0028904579958179,0.0,100.0,1.0
79927009,2026-09-22T00:01:28.044386,NEU-DET,patches,patches_160.jpg,4x4,4,4,8,FRQI,1024,statevector,5,4,1,1092,705,384,"{""h"": 132, ""x"": 64, ""cx"": 384, ""tdg"": 192, ""t"": 256, ""ry"": 64}",0.0010417500016046,0.0042327499977545,0.0,2.9749993700534105e-05,0.0068859999882988,1.5667440097590164e-30,100.0,1.000000000000001
528edc80,2026-09-22T00:01:28.051287,NEU-DET,patches,patches_160.jpg,4x4,4,4,8,NEQR,1024,statevector,12,4,8,136,96,68,"{""h"": 4, ""x"": 64, ""mcx"": 68}",0.0008767920080572,0.0009800410043681,0.0,0.0002428750012768,0.002538791988627,0.0,100.0,1.0
e4105ca5,2026-09-22T00:01:28.054303,NEU-DET,patches,patches_161.jpg,4x4,4,4,8,FRQI,1024,statevector,5,4,1,1092,705,384,"{""h"": 132, ""x"": 64, ""cx"": 384, ""tdg"": 192, ""t"": 256, ""ry"": 64}",0.0010658750106813,0.0042637080041458,0.0,3.316700167488307e-05,0.0069359589979285,9.107722707007238e-31,100.0,0.9999999999999998
33e058bf,2026-09-22T00:01:28.061259,NEU-DET,patches,patches_161.jpg,4x4,4,4,8,NEQR,1024,statevector,12,4,8,154,114,86,"{""h"": 4, ""x"": 64, ""mcx"": 86}",0.0011634580005193,0.0011098329996457,0.0,0.0002392500027781,0.0030422499985434,0.0,100.0,1.0
05f4bf07,2026-09-22T00:01:28.064730,NEU-DET,patches,patches_162.jpg,4x4,4,4,8,FRQI,1024,statevector,5,4,1,1092,705,384,"{""h"": 132, ""x"": 64, ""cx"": 384, ""tdg"": 192, ""t"": 256, ""ry"": 64}",0.0009894579998217,0.0041311670065624,0.0,2.924998989328742e-05,0.0067157500016037,2.4826440689366712e-30,100.0,1.0
3e4d55d3,2026-09-22T00:01:28.071463,NEU-DET,patches,patches_162.jpg,4x4,4,4,8,NEQR,1024,statevector,12,4,8,120,80,52,"{""h"": 4, ""x"": 64, ""mcx"": 52}",0.0008820420043775,0.0008764590020291,0.0,0.0002343329979339,0.0024660829949425,0.0,100.0,1.0
cac32ce6,2026-09-22T00:01:28.074456,NEU-DET,patches,patches_163.jpg,4x4,4,4,8,FRQI,1024,statevector,5,4,1,1092,705,384,"{""h"": 132, ""x"": 64, ""cx"": 384, ""tdg"": 192, ""t"": 256, ""ry"": 64}",0.0011138749978272,0.0041643329896032,0.0,3.100000321865082e-05,0.006898291001562,1.6058403876300773e-30,100.0,1.000000000000001
1f0a532f,2026-09-22T00:01:28.081372,NEU-DET,patches,patches_163.jpg,4x4,4,4,8,NEQR,1024,statevector,12,4,8,134,94,66,"{""h"": 4, ""x"": 64, ""mcx"": 66}",0.0008760420023463,0.0009475830011069,0.0,0.0002452500048093,0.0025591250014258,0.0,100.0,1.0
d709dd1d,2026-09-22T00:01:28.084351,NEU-DET,patches,patches_164.jpg,4x4,4,4,8,FRQI,1024,statevector,5,4,1,1092,705,384,"{""h"": 132, ""x"": 64, ""cx"": 384, ""tdg"": 192, ""t"": 256, ""ry"": 64}",0.0009484580077696,0.0041354159911861,0.0,2.8750000637955964e-05,0.006652916999883,2.532444404326772e-30,100.0,1.0000000000000002
0d8fc141,2026-09-22T00:01:28.091022,NEU-DET,patches,patches_164.jpg,4x4,4,4,8,NEQR,1024,statevector,12,4,8,116,76,48,"{""h"": 4, ""x"": 64, ""mcx"": 48}",0.0007384159980574,0.0008661250030854,0.0,0.0002479590039001,0.0022762919979868,0.0,100.0,1.0
9b1b6f28,2026-09-22T00:01:28.093921,NEU-DET,patches,patches_165.jpg,4x4,4,4,8,FRQI,1024,statevector,5,4,1,1092,705,384,"{""h"": 132, ""x"": 64, ""cx"": 384, ""tdg"": 192, ""t"": 256, ""ry"": 64}",0.0010272920044371,0.0042171249951934,0.0,2.9167000320740044e-05,0.0068207079893909,1.7542332898451138e-30,100.0,1.0
9cfc95fe,2026-09-22T00:01:28.100761,NEU-DET,patches,patches_165.jpg,4x4,4,4,8,NEQR,1024,statevector,12,4,8,139,99,71,"{""h"": 4, ""x"": 64, ""mcx"": 71}",0.0010506250109756,0.0009574169962434,0.0,0.0002534999948693,0.0027630410040728,0.0,100.0,1.0
218edfb0,2026-09-22T00:01:28.104036,NEU-DET,patches,patches_166.jpg,4x4,4,4,8,FRQI,1024,statevector,5,4,1,1092,705,384,"{""h"": 132, ""x"": 64, ""cx"": 384, ""tdg"": 192, ""t"": 256, ""ry"": 64}",0.0009841249993769,0.004253624996636,0.0,2.950000634882599e-05,0.0068213329941499,1.7281369390986667e-30,100.0,0.9999999999999976
0aeba0bd,2026-09-22T00:01:28.110877,NEU-DET,patches,patches_166.jpg,4x4,4,4,8,NEQR,1024,statevector,12,4,8,140,100,72,"{""h"": 4, ""x"": 64, ""mcx"": 72}",0.0009961660107364,0.0010711250070016,0.0,0.0002394999901298,0.0027725830004783,0.0,100.0,1.0
41f1255c,2026-09-22T00:01:28.114205,NEU-DET,patches,patches_167.jpg,4x4,4,4,8,FRQI,1024,statevector,5,4,1,1092,705,384,"{""h"": 132, ""x"": 64, ""cx"": 384, ""tdg"": 192, ""t"": 256, ""ry"": 64}",0.0010521250078454,0.0042675000004237,0.0,4.445800732355565e-05,0.0070411659980891,1.534195793698872e-30,100.0,1.000000000000002
a25d40da,2026-09-22T00:01:28.121270,NEU-DET,patches,patches_167.jpg,4x4,4,4,8,NEQR,1024,statevector,12,4,8,131,91,63,"{""h"": 4, ""x"": 64, ""mcx"": 63}",0.0009045000042533,0.0009783749992493,0.0,0.0002392080059507,0.0026373750006314,0.0,100.0,1.0
99bb2cc1,2026-09-22T00:01:28.124465,NEU-DET,patches,patches_168.jpg,4x4,4,4,8,FRQI,1024,statevector,5,4,1,1092,705,384,"{""h"": 132, ""x"": 64, ""cx"": 384, ""tdg"": 192, ""t"": 256, ""ry"": 64}",0.001099458997487,0.004270583987818,0.0,3.05419962387532e-05,0.0070066659973235,1.4985660897277082e-30,100.0,1.000000000000001
4f56971b,2026-09-22T00:01:28.131490,NEU-DET,patches,patches_168.jpg,4x4,4,4,8,NEQR,1024,statevector,12,4,8,141,101,73,"{""h"": 4, ""x"": 64, ""mcx"": 73}",0.0009337500086985,0.0010452500137034,0.0,0.0002371250011492,0.0027434170042397,0.0,100.0,1.0
b558479d,2026-09-22T00:01:28.134746,NEU-DET,patches,patches_169.jpg,4x4,4,4,8,FRQI,1024,statevector,5,4,1,1092,705,384,"{""h"": 132, ""x"": 64, ""cx"": 384, ""tdg"": 192, ""t"": 256, ""ry"": 64}",0.0009950830135494,0.0042340420041,0.0,3.2083000405691564e-05,0.0068409999948926,2.3558968137372244e-30,100.0,0.9999999999999992
f4943a89,2026-09-22T00:01:28.141607,NEU-DET,patches,patches_169.jpg,4x4,4,4,8,NEQR,1024,statevector,12,4,8,126,86,58,"{""h"": 4, ""x"": 64, ""mcx"": 58}",0.0008020419918466,0.0010681669955374,0.0,0.0002426669962005,0.0025742910074768,0.0,100.0,1.0
f1c4d4eb,2026-09-22T00:01:28.144757,NEU-DET,patches,patches_17.jpg,4x4,4,4,8,FRQI,1024,statevector,5,4,1,1092,705,384,"{""h"": 132, ""x"": 64, ""cx"": 384, ""tdg"": 192, ""t"": 256, ""ry"": 64}",0.0009959590097423,0.0042390410089865,0.0,2.991600194945931e-05,0.0068834160047117,1.6822998064222505e-30,100.0,0.9999999999999984
788c4862,2026-09-22T00:01:28.151660,NEU-DET,patches,patches_17.jpg,4x4,4,4,8,NEQR,1024,statevector,12,4,8,125,85,57,"{""h"": 4, ""x"": 64, ""mcx"": 57}",0.0007585419953102,0.0009034590038936,0.0,0.0002506659948267,0.0023199999995995,0.0,100.0,1.0
7e764a77,2026-09-22T00:01:28.154551,NEU-DET,patches,patches_170.jpg,4x4,4,4,8,FRQI,1024,statevector,5,4,1,1092,705,384,"{""h"": 132, ""x"": 64, ""cx"": 384, ""tdg"": 192, ""t"": 256, ""ry"": 64}",0.0010598749940982,0.0041975839994847,0.0,3.650000144261867e-05,0.0068775830004597,2.60274987509352e-30,100.0,1.0000000000000004
acd40623,2026-09-22T00:01:28.161450,NEU-DET,patches,patches_170.jpg,4x4,4,4,8,NEQR,1024,statevector,12,4,8,127,87,59,"{""h"": 4, ""x"": 64, ""mcx"": 59}",0.0007742500019958,0.0009134169958997,0.0,0.0002521249989513,0.0023606670001754,0.0,100.0,1.0
645fa38f,2026-09-22T00:01:28.164334,NEU-DET,patches,patches_171.jpg,4x4,4,4,8,FRQI,1024,statevector,5,4,1,1092,705,384,"{""h"": 132, ""x"": 64, ""cx"": 384, ""tdg"": 192, ""t"": 256, ""ry"": 64}",0.0009699579968582,0.0041713749960763,0.0,2.945901360362768e-05,0.0067327090073376,1.3144471870442885e-30,100.0,1.0000000000000009
35428bcd,2026-09-22T00:01:28.171081,NEU-DET,patches,patches_171.jpg,4x4,4,4,8,NEQR,1024,statevector,12,4,8,136,96,68,"{""h"": 4, ""x"": 64, ""mcx"": 68}",0.0010693749936763,0.0009745410061441,0.0,0.0002398750075371,0.002779875008855,0.0,100.0,1.0
731b47fd,2026-09-22T00:01:28.174388,NEU-DET,patches,patches_172.jpg,4x4,4,4,8,FRQI,1024,statevector,5,4,1,1092,705,384,"{""h"": 132, ""x"": 64, ""cx"": 384, ""tdg"": 192, ""t"": 256, ""ry"": 64}",0.0009643329976825,0.0041679169953567,0.0,2.908300666604191e-05,0.0067261250078445,1.4983734967332697e-30,100.0,0.9999999999999952
168b27f7,2026-09-22T00:01:28.181132,NEU-DET,patches,patches_172.jpg,4x4,4,4,8,NEQR,1024,statevector,12,4,8,144,104,76,"{""h"": 4, ""x"": 64, ""mcx"": 76}",0.0010270420025335,0.0010344580077799,0.0,0.0002361250080866,0.0027619999891612,0.0,100.0,1.0
f2e326fa,2026-09-22T00:01:28.184443,NEU-DET,patches,patches_173.jpg,4x4,4,4,8,FRQI,1024,statevector,5,4,1,1092,705,384,"{""h"": 132, ""x"": 64, ""cx"": 384, ""tdg"": 192, ""t"": 256, ""ry"": 64}",0.0009535839926684,0.004139541008044,0.0,3.208400448784232e-05,0.0067063339956803,2.3879605380457337e-30,100.0,1.0000000000000004
f0a50e27,2026-09-22T00:01:28.191169,NEU-DET,patches,patches_173.jpg,4x4,4,4,8,NEQR,1024,statevector,12,4,8,129,89,61,"{""h"": 4, ""x"": 64, ""mcx"": 61}",0.0008202080061892,0.0009564999927533,0.0,0.0002358329948037,0.002551500001573,0.0,100.0,1.0
7439869b,2026-09-22T00:01:28.194485,NEU-DET,patches,patches_174.jpg,4x4,4,4,8,FRQI,1024,statevector,5,4,1,1092,705,384,"{""h"": 132, ""x"": 64, ""cx"": 384, ""tdg"": 192, ""t"": 256, ""ry"": 64}",0.0009975419961847,0.0045773330057272,0.0,3.729200398083776e-05,0.0072226670017698,2.297514053032448e-30,100.0,1.0000000000000004
0f43c5e7,2026-09-22T00:01:28.201737,NEU-DET,patches,patches_174.jpg,4x4,4,4,8,NEQR,1024,statevector,12,4,8,128,88,60,"{""h"": 4, ""x"": 64, ""mcx"": 60}",0.0009283330000471,0.0009246249974239,0.0,0.0002388330030953,0.0026632499939296,0.0,100.0,1.0
83330257,2026-09-22T00:01:28.205018,NEU-DET,patches,patches_175.jpg,4x4,4,4,8,FRQI,1024,statevector,5,4,1,1092,705,384,"{""h"": 132, ""x"": 64, ""cx"": 384, ""tdg"": 192, ""t"": 256, ""ry"": 64}",0.0012488749925978,0.004253624996636,0.0,3.3500007702969015e-05,0.0071653329941909,1.2056321451864096e-30,100.0,0.9999999999999996
77915ffc,2026-09-22T00:01:28.212202,NEU-DET,patches,patches_175.jpg,4x4,4,4,8,NEQR,1024,statevector,12,4,8,136,96,68,"{""h"": 4, ""x"": 64, ""mcx"": 68}",0.0009361249976791,0.0009757499938132,0.0,0.0002534590021241,0.0026297919976059,0.0,100.0,1.0
af4cb639,2026-09-22T00:01:28.215373,NEU-DET,patches,patches_176.jpg,4x4,4,4,8,FRQI,1024,statevector,5,4,1,1092,705,384,"{""h"": 132, ""x"": 64, ""cx"": 384, ""tdg"": 192, ""t"": 256, ""ry"": 64}",0.0010855000000447,0.0041600829863455,0.0,3.0166993383318182e-05,0.0068814160040346,1.2412618491575737e-30,100.0,0.9999999999999988
db100824,2026-09-22T00:01:28.222273,NEU-DET,patches,patches_176.jpg,4x4,4,4,8,NEQR,1024,statevector,12,4,8,133,93,65,"{""h"": 4, ""x"": 64, ""mcx"": 65}",0.0008912909979699,0.0009331660112366,0.0,0.0002532920043449,0.0025187919964082,0.0,100.0,1.0
b7587638,2026-09-22T00:01:28.225298,NEU-DET,patches,patches_177.jpg,4x4,4,4,8,FRQI,1024,statevector,5,4,1,1092,705,384,"{""h"": 132, ""x"": 64, ""cx"": 384, ""tdg"": 192, ""t"": 256, ""ry"": 64}",0.0011249999952269,0.0042762920056702,0.0,3.0291994335129857e-05,0.0071603749966016,1.2949952946059774e-30,100.0,1.0000000000000009
13b47a1d,2026-09-22T00:01:28.232478,NEU-DET,patches,patches_177.jpg,4x4,4,4,8,NEQR,1024,statevector,12,4,8,133,93,65,"{""h"": 4, ""x"": 64, ""mcx"": 65}",0.0008725420047994,0.0009930000087479,0.0,0.0002493750071153,0.002555666011176,0.0,100.0,1.0
28d29f34,2026-09-22T00:01:28.235553,NEU-DET,patches,patches_178.jpg,4x4,4,4,8,FRQI,1024,statevector,5,4,1,1092,705,384,"{""h"": 132, ""x"": 64, ""cx"": 384, ""tdg"": 192, ""t"": 256, ""ry"": 64}",0.0010395000135758,0.0043207500129938,0.0,3.037499845959246e-05,0.0069800000055693,2.225412050739451e-30,100.0,0.9999999999999964
ae37ccf5,2026-09-22T00:01:28.242550,NEU-DET,patches,patches_178.jpg,4x4,4,4,8,NEQR,1024,statevector,12,4,8,130,90,62,"{""h"": 4, ""x"": 64, ""mcx"": 62}",0.0009800830011954,0.0009851249924395,0.0,0.0002397079952061,0.0026322089979657,0.0,100.0,1.0
b0039295,2026-09-22T00:01:28.245709,NEU-DET,patches,patches_179.jpg,4x4,4,4,8,FRQI,1024,statevector,5,4,1,1092,705,384,"{""h"": 132, ""x"": 64, ""cx"": 384, ""tdg"": 192, ""t"": 256, ""ry"": 64}",0.0010830420069396,0.004174082991085,0.0,3.145799564663321e-05,0.006860499997856,1.204669180214216e-30,100.0,1.0000000000000009
581d5222,2026-09-22T00:01:28.252588,NEU-DET,patches,patches_179.jpg,4x4,4,4,8,NEQR,1024,statevector,12,4,8,131,91,63,"{""h"": 4, ""x"": 64, ""mcx"": 63}",0.0008442499965894,0.0009419580019311,0.0,0.0002447919978294,0.0025281249982072,0.0,100.0,1.0
1a7b77f6,2026-09-22T00:01:28.255559,NEU-DET,patches,patches_18.jpg,4x4,4,4,8,FRQI,1024,statevector,5,4,1,1092,705,384,"{""h"": 132, ""x"": 64, ""cx"": 384, ""tdg"": 192, ""t"": 256, ""ry"": 64}",0.0009862079896265,0.0041759589948924,0.0,2.9999995604157448e-05,0.0067792499903589,1.4365511455184392e-30,100.0,1.000000000000004
aca8111c,2026-09-22T00:01:28.262356,NEU-DET,patches,patches_18.jpg,4x4,4,4,8,NEQR,1024,statevector,12,4,8,132,92,64,"{""h"": 4, ""x"": 64, ""mcx"": 64}",0.0008392500021727,0.0009706249984446,0.0,0.0002425839920761,0.0024922919983509,0.0,100.0,1.0
507e2a17,2026-09-22T00:01:28.265298,NEU-DET,patches,patches_180.jpg,4x4,4,4,8,FRQI,1024,statevector,5,4,1,1092,705,384,"{""h"": 132, ""x"": 64, ""cx"": 384, ""tdg"": 192, ""t"": 256, ""ry"": 64}",0.0010432499984744,0.0041304999904241,0.0,2.9040995286777616e-05,0.0067782920086756,2.2465732060034058e-30,100.0,1.0000000000000004
c754d26a,2026-09-22T00:01:28.272090,NEU-DET,patches,patches_180.jpg,4x4,4,4,8,NEQR,1024,statevector,12,4,8,121,81,53,"{""h"": 4, ""x"": 64, ""mcx"": 53}",0.0007220830011647,0.0008464169950457,0.0,0.0002529170014895,0.0022362909949151,0.0,100.0,1.0
81dea4c1,2026-09-22T00:01:28.274814,NEU-DET,patches,patches_181.jpg,4x4,4,4,8,FRQI,1024,statevector,5,4,1,1092,705,384,"{""h"": 132, ""x"": 64, ""cx"": 384, ""tdg"": 192, ""t"": 256, ""ry"": 64}",0.0130902499950025,0.0043218329956289,0.0,3.383400326129049e-05,0.0190034999977797,1.3793510261701385e-30,100.0,1.0000000000000004
87302f86,2026-09-22T00:01:28.293840,NEU-DET,patches,patches_181.jpg,4x4,4,4,8,NEQR,1024,statevector,12,4,8,135,95,67,"{""h"": 4, ""x"": 64, ""mcx"": 67}",0.0009096669964492,0.000968834006926,0.0,0.0002526669995859,0.0026099170063389,0.0,100.0,1.0
88503dfa,2026-09-22T00:01:28.297086,NEU-DET,patches,patches_182.jpg,4x4,4,4,8,FRQI,1024,statevector,5,4,1,1092,705,384,"{""h"": 132, ""x"": 64, ""cx"": 384, ""tdg"": 192, ""t"": 256, ""ry"": 64}",0.0010382920008851,0.0041923329990822,0.0,3.137500607408583e-05,0.0068734999949811,1.6959257607787902e-30,100.0,1.0000000000000004
5ce29dfa,2026-09-22T00:01:28.303979,NEU-DET,patches,patches_182.jpg,4x4,4,4,8,NEQR,1024,statevector,12,4,8,127,87,59,"{""h"": 4, ""x"": 64, ""mcx"": 59}",0.0007928749982966,0.0009167090029222,0.0,0.0002498749963706,0.0024064580065896,0.0,100.0,1.0
8341702d,2026-09-22T00:01:28.307048,NEU-DET,patches,patches_183.jpg,4x4,4,4,8,FRQI,1024,statevector,5,4,1,1092,705,384,"{""h"": 132, ""x"": 64, ""cx"": 384, ""tdg"": 192, ""t"": 256, ""ry"": 64}",0.0011482919944683,0.0042143339960603,0.0,3.170799755025655e-05,0.0070249999989755,2.0073967810348163e-30,100.0,1.0000000000000002
f68b94d9,2026-09-22T00:01:28.314097,NEU-DET,patches,patches_183.jpg,4x4,4,4,8,NEQR,1024,statevector,12,4,8,129,89,61,"{""h"": 4, ""x"": 64, ""mcx"": 61}",0.0008237920119427,0.0009202500077662,0.0,0.0002508329926058,0.0024359579983865,0.0,100.0,1.0
9bc107cc,2026-09-22T00:01:28.317160,NEU-DET,patches,patches_184.jpg,4x4,4,4,8,FRQI,1024,statevector,5,4,1,1092,705,384,"{""h"": 132, ""x"": 64, ""cx"": 384, ""tdg"": 192, ""t"": 256, ""ry"": 64}",0.000975417002337,0.0040902079927036,0.0,3.154200385324657e-05,0.0066763750073732,1.3930251287752877e-30,100.0,1.0000000000000009
16ade756,2026-09-22T00:01:28.323855,NEU-DET,patches,patches_184.jpg,4x4,4,4,8,NEQR,1024,statevector,12,4,8,135,95,67,"{""h"": 4, ""x"": 64, ""mcx"": 67}",0.0010132920142496,0.0010067499970318,0.0,0.0002501250128261,0.0027508750063134,0.0,100.0,1.0
16060cc2,2026-09-22T00:01:28.327280,NEU-DET,patches,patches_185.jpg,4x4,4,4,8,FRQI,1024,statevector,5,4,1,1092,705,384,"{""h"": 132, ""x"": 64, ""cx"": 384, ""tdg"": 192, ""t"": 256, ""ry"": 64}",0.0009970829996746,0.0042515829991316,0.0,3.354200453031808e-05,0.0068716249952558,2.0443746359670512e-30,100.0,0.9999999999999996
06e7e8a3,2026-09-22T00:01:28.334173,NEU-DET,patches,patches_185.jpg,4x4,4,4,8,NEQR,1024,statevector,12,4,8,133,93,65,"{""h"": 4, ""x"": 64, ""mcx"": 65}",0.0008467919979011,0.0009641659999033,0.0,0.000249624994467,0.0025526249955873,0.0,100.0,1.0
ec7f526e,2026-09-22T00:01:28.337263,NEU-DET,patches,patches_186.jpg,4x4,4,4,8,FRQI,1024,statevector,5,4,1,1092,705,384,"{""h"": 132, ""x"": 64, ""cx"": 384, ""tdg"": 192, ""t"": 256, ""ry"": 64}",0.0009985829965444,0.0042656669975258,0.0,3.11659969156608e-05,0.0068659170065075,1.6634256929672556e-30,100.0,0.999999999999996
3d8d6c48,2026-09-22T00:01:28.344150,NEU-DET,patches,patches_186.jpg,4x4,4,4,8,NEQR,1024,statevector,12,4,8,133,93,65,"{""h"": 4, ""x"": 64, ""mcx"": 65}",0.0008769580017542,0.001041499999701,0.0,0.0002643339976202,0.0026334580034017,0.0,100.0,1.0
8a7fd80e,2026-09-22T00:01:28.347365,NEU-DET,patches,patches_187.jpg,4x4,4,4,8,FRQI,1024,statevector,5,4,1,1092,705,384,"{""h"": 132, ""x"": 64, ""cx"": 384, ""tdg"": 192, ""t"": 256, ""ry"": 64}",0.0010065420065075,0.0042162500030826,0.0,3.158299659844488e-05,0.0068375410046428,1.1773209750039173e-30,100.0,0.9999999999999978
9d476889,2026-09-22T00:01:28.354224,NEU-DET,patches,patches_187.jpg,4x4,4,4,8,NEQR,1024,statevector,12,4,8,130,90,62,"{""h"": 4, ""x"": 64, ""mcx"": 62}",0.0009287080029025,0.0009700000082375,0.0,0.0002377080090809,0.0026477079954929,0.0,100.0,1.0
a151a83e,2026-09-22T00:01:28.357384,NEU-DET,patches,patches_188.jpg,4x4,4,4,8,FRQI,1024,statevector,5,4,1,1092,705,384,"{""h"": 132, ""x"": 64, ""cx"": 384, ""tdg"": 192, ""t"": 256, ""ry"": 64}",0.0012497499992605,0.004162625002209,0.0,3.195799945387989e-05,0.007068541002809,2.1174155291079368e-30,100.0,1.0000000000000022
f4e3d45c,2026-09-22T00:01:28.364472,NEU-DET,patches,patches_188.jpg,4x4,4,4,8,NEQR,1024,statevector,12,4,8,131,91,63,"{""h"": 4, ""x"": 64, ""mcx"": 63}",0.0008418329962296,0.0009589580004103,0.0,0.000250249999226,0.00251799999387,0.0,100.0,1.0
3f5e6c08,2026-09-22T00:01:28.367656,NEU-DET,patches,patches_189.jpg,4x4,4,4,8,FRQI,1024,statevector,5,4,1,1092,705,384,"{""h"": 132, ""x"": 64, ""cx"": 384, ""tdg"": 192, ""t"": 256, ""ry"": 64}",0.0010477500036358,0.0044039580097887,0.0,4.975000047124922e-05,0.007107375000487,1.3812769561145256e-30,100.0,1.000000000000001
cfbdea63,2026-09-22T00:01:28.374786,NEU-DET,patches,patches_189.jpg,4x4,4,4,8,NEQR,1024,statevector,12,4,8,130,90,62,"{""h"": 4, ""x"": 64, ""mcx"": 62}",0.0008561249997001,0.0009420410060556,0.0,0.0002514579973649,0.0025483749923296,0.0,100.0,1.0
bb55e195,2026-09-22T00:01:28.377862,NEU-DET,patches,patches_19.jpg,4x4,4,4,8,FRQI,1024,statevector,5,4,1,1092,705,384,"{""h"": 132, ""x"": 64, ""cx"": 384, ""tdg"": 192, ""t"": 256, ""ry"": 64}",0.0010077919869218,0.0042267910030204,0.0,2.937500539701432e-05,0.0068569169961847,2.139708168214219e-30,100.0,0.9999999999999988
c6796186,2026-09-22T00:01:28.384736,NEU-DET,patches,patches_19.jpg,4x4,4,4,8,NEQR,1024,statevector,12,4,8,122,82,54,"{""h"": 4, ""x"": 64, ""mcx"": 54}",0.000897874997463,0.0009380420087836,0.0,0.0002506250020815,0.0025657919904915,0.0,100.0,1.0
3aa08866,2026-09-22T00:01:28.387816,NEU-DET,patches,patches_190.jpg,4x4,4,4,8,FRQI,1024,statevector,5,4,1,1092,705,384,"{""h"": 132, ""x"": 64, ""cx"": 384, ""tdg"": 192, ""t"": 256, ""ry"": 64}",0.0010035410086857,0.0042209170060232,0.0,3.404100425541401e-05,0.0068536670005414,1.9887152605742597e-30,100.0,0.9999999999999988
9c3279c1,2026-09-22T00:01:28.394688,NEU-DET,patches,patches_190.jpg,4x4,4,4,8,NEQR,1024,statevector,12,4,8,132,92,64,"{""h"": 4, ""x"": 64, ""mcx"": 64}",0.0008646659989608,0.000928459005081,0.0,0.0002736250025918,0.0025679579994175,0.0,100.0,1.0
6b27dc36,2026-09-22T00:01:28.397771,NEU-DET,patches,patches_191.jpg,4x4,4,4,8,FRQI,1024,statevector,5,4,1,1092,705,384,"{""h"": 132, ""x"": 64, ""cx"": 384, ""tdg"": 192, ""t"": 256, ""ry"": 64}",0.0009814589866437,0.0041196250094799,0.0,3.083299088757485e-05,0.0067565829958766,2.119485903798153e-30,100.0,1.0000000000000009
b8d6306e,2026-09-22T00:01:28.404548,NEU-DET,patches,patches_191.jpg,4x4,4,4,8,NEQR,1024,statevector,12,4,8,129,89,61,"{""h"": 4, ""x"": 64, ""mcx"": 61}",0.0007979999936651,0.0009346250008093,0.0,0.0002423330006422,0.0024285830004373,0.0,100.0,1.0
dae5b2c7,2026-09-22T00:01:28.407381,NEU-DET,patches,patches_192.jpg,4x4,4,4,8,FRQI,1024,statevector,5,4,1,1092,705,384,"{""h"": 132, ""x"": 64, ""cx"": 384, ""tdg"": 192, ""t"": 256, ""ry"": 64}",0.0010332079982617,0.0041654580127215,0.0,3.008400381077081e-05,0.0067948340001748,2.468431307800201e-30,100.0,0.9999999999999994
1c74d587,2026-09-22T00:01:28.414194,NEU-DET,patches,patches_192.jpg,4x4,4,4,8,NEQR,1024,statevector,12,4,8,120,80,52,"{""h"": 4, ""x"": 64, ""mcx"": 52}",0.0007236250094138,0.0008884169947123,0.0,0.0002541249996284,0.0022731670032953,0.0,100.0,1.0
d34aad3d,2026-09-22T00:01:28.417033,NEU-DET,patches,patches_193.jpg,4x4,4,4,8,FRQI,1024,statevector,5,4,1,1092,705,384,"{""h"": 132, ""x"": 64, ""cx"": 384, ""tdg"": 192, ""t"": 256, ""ry"": 64}",0.0009955410059774,0.0043112499988637,0.0,2.929099719040096e-05,0.0069061669928487,1.7678110959530438e-30,100.0,1.000000000000001
fecd6ad1,2026-09-22T00:01:28.423955,NEU-DET,patches,patches_193.jpg,4x4,4,4,8,NEQR,1024,statevector,12,4,8,139,99,71,"{""h"": 4, ""x"": 64, ""mcx"": 71}",0.000956917006988,0.0010218750103376,0.0,0.0002554999955464,0.0027022080030292,0.0,100.0,1.0
1ff039b7,2026-09-22T00:01:28.427187,NEU-DET,patches,patches_194.jpg,4x4,4,4,8,FRQI,1024,statevector,5,4,1,1092,705,384,"{""h"": 132, ""x"": 64, ""cx"": 384, ""tdg"": 192, ""t"": 256, ""ry"": 64}",0.0009919579897541,0.0041930000006686,0.0,2.95409990940243e-05,0.0068132080050418,1.807100066818543e-30,100.0,0.9999999999999992
d627c171,2026-09-22T00:01:28.434019,NEU-DET,patches,patches_194.jpg,4x4,4,4,8,NEQR,1024,statevector,12,4,8,130,90,62,"{""h"": 4, ""x"": 64, ""mcx"": 62}",0.0008663329936098,0.0009575839940225,0.0,0.0002478749956935,0.0025034579884959,0.0,100.0,1.0
c05ab306,2026-09-22T00:01:28.437043,NEU-DET,patches,patches_195.jpg,4x4,4,4,8,FRQI,1024,statevector,5,4,1,1092,705,384,"{""h"": 132, ""x"": 64, ""cx"": 384, ""tdg"": 192, ""t"": 256, ""ry"": 64}",0.0010136250057257,0.0042770830041263,0.0,3.441699664108455e-05,0.006920749990968,1.2888323187839382e-30,100.0,0.9999999999999988
b3e15bf0,2026-09-22T00:01:28.443981,NEU-DET,patches,patches_195.jpg,4x4,4,4,8,NEQR,1024,statevector,12,4,8,132,92,64,"{""h"": 4, ""x"": 64, ""mcx"": 64}",0.0008491250046063,0.0009581250051269,0.0,0.0002464590070303,0.0026374169974587,0.0,100.0,1.0
ba4ba5c5,2026-09-22T00:01:28.447226,NEU-DET,patches,patches_196.jpg,4x4,4,4,8,FRQI,1024,statevector,5,4,1,1092,705,384,"{""h"": 132, ""x"": 64, ""cx"": 384, ""tdg"": 192, ""t"": 256, ""ry"": 64}",0.0012883330055046,0.0041694160026963,0.0,3.0082999728620052e-05,0.0071649169985903,1.9574670472265772e-30,100.0,1.0000000000000009
a9c077ea,2026-09-22T00:01:28.454409,NEU-DET,patches,patches_196.jpg,4x4,4,4,8,NEQR,1024,statevector,12,4,8,125,85,57,"{""h"": 4, ""x"": 64, ""mcx"": 57}",0.0007672080100746,0.0009070829983102,0.0,0.0002379159996053,0.002329417009605,0.0,100.0,1.0
872179a5,2026-09-22T00:01:28.457254,NEU-DET,patches,patches_197.jpg,4x4,4,4,8,FRQI,1024,statevector,5,4,1,1092,705,384,"{""h"": 132, ""x"": 64, ""cx"": 384, ""tdg"": 192, ""t"": 256, ""ry"": 64}",0.0010685829911381,0.0043162090005353,0.0,3.412499791011214e-05,0.0070289160066749,2.2708278862405325e-30,100.0,1.000000000000001
275682c4,2026-09-22T00:01:28.464303,NEU-DET,patches,patches_197.jpg,4x4,4,4,8,NEQR,1024,statevector,12,4,8,135,95,67,"{""h"": 4, ""x"": 64, ""mcx"": 67}",0.0008869159937603,0.0009830420021899,0.0,0.0002554160018917,0.002588375005871,0.0,100.0,1.0
4218d0ed,2026-09-22T00:01:28.467438,NEU-DET,patches,patches_198.jpg,4x4,4,4,8,FRQI,1024,statevector,5,4,1,1092,705,384,"{""h"": 132, ""x"": 64, ""cx"": 384, ""tdg"": 192, ""t"": 256, ""ry"": 64}",0.0010664579895092,0.0041592920024413,0.0,3.0665993108414114e-05,0.0068493750004563,1.9136039927431575e-30,100.0,1.0000000000000018
3beb0184,2026-09-22T00:01:28.474307,NEU-DET,patches,patches_198.jpg,4x4,4,4,8,NEQR,1024,statevector,12,4,8,132,92,64,"{""h"": 4, ""x"": 64, ""mcx"": 64}",0.0008474170026602,0.0009278749930672,0.0,0.0002452499902574,0.0025050840049516,0.0,100.0,1.0
6c4cc331,2026-09-22T00:01:28.477385,NEU-DET,patches,patches_199.jpg,4x4,4,4,8,FRQI,1024,statevector,5,4,1,1092,705,384,"{""h"": 132, ""x"": 64, ""cx"": 384, ""tdg"": 192, ""t"": 256, ""ry"": 64}",0.0010679999977583,0.0042532919906079,0.0,3.041699528694153e-05,0.0069495420029852,1.6690108898059786e-30,100.0,1.0000000000000022
a5c8e600,2026-09-22T00:01:28.484357,NEU-DET,patches,patches_199.jpg,4x4,4,4,8,NEQR,1024,statevector,12,4,8,138,98,70,"{""h"": 4, ""x"": 64, ""mcx"": 70}",0.0009047080093296,0.0010010419937316,0.0,0.0002402920072199,0.0026071249885717,0.0,100.0,1.0
213ef760,2026-09-22T00:01:28.487499,NEU-DET,patches,patches_2.jpg,4x4,4,4,8,FRQI,1024,statevector,5,4,1,1092,705,384,"{""h"": 132, ""x"": 64, ""cx"": 384, ""tdg"": 192, ""t"": 256, ""ry"": 64}",0.001088000004529,0.0042386249988339,0.0,4.1167004383169115e-05,0.0069486669963225,1.2254692236135982e-30,100.0,1.000000000000001
3ee60b8f,2026-09-22T00:01:28.494473,NEU-DET,patches,patches_2.jpg,4x4,4,4,8,NEQR,1024,statevector,12,4,8,138,98,70,"{""h"": 4, ""x"": 64, ""mcx"": 70}",0.0009777080122148,0.0009948749939212,0.0,0.0002456250076647,0.0027282090013613,0.0,100.0,1.0
a6f94b74,2026-09-22T00:01:28.497847,NEU-DET,patches,patches_20.jpg,4x4,4,4,8,FRQI,1024,statevector,5,4,1,1092,705,384,"{""h"": 132, ""x"": 64, ""cx"": 384, ""tdg"": 192, ""t"": 256, ""ry"": 64}",0.0010025410010712,0.0041803750063991,0.0,3.1916992156766355e-05,0.0068069580011069,1.5459439663596342e-30,100.0,1.0000000000000069
9fd4e62a,2026-09-22T00:01:28.504670,NEU-DET,patches,patches_20.jpg,4x4,4,4,8,NEQR,1024,statevector,12,4,8,138,98,70,"{""h"": 4, ""x"": 64, ""mcx"": 70}",0.0009642920049373,0.0010197500087087,0.0,0.0002411249879514,0.002735207992373,0.0,100.0,1.0
8a358735,2026-09-22T00:01:28.507952,NEU-DET,patches,patches_200.jpg,4x4,4,4,8,FRQI,1024,statevector,5,4,1,1092,705,384,"{""h"": 132, ""x"": 64, ""cx"": 384, ""tdg"": 192, ""t"": 256, ""ry"": 64}",0.0010166249994654,0.0041507499990984,0.0,3.125000512227416e-05,0.0067824169964296,2.2891603318986685e-30,100.0,0.9999999999999988
ff1eb463,2026-09-22T00:01:28.514751,NEU-DET,patches,patches_200.jpg,4x4,4,4,8,NEQR,1024,statevector,12,4,8,126,86,58,"{""h"": 4, ""x"": 64, ""mcx"": 58}",0.0007884170045144,0.0009424169984413,0.0,0.0002441669930703,0.0023972500057425,0.0,100.0,1.0
046c8391,2026-09-22T00:01:28.517677,NEU-DET,patches,patches_201.jpg,4x4,4,4,8,FRQI,1024,statevector,5,4,1,1092,705,384,"{""h"": 132, ""x"": 64, ""cx"": 384, ""tdg"": 192, ""t"": 256, ""ry"": 64}",0.0009572080016369,0.0043866670021088,0.0,3.070800448767841e-05,0.0069297090085456,1.4735290004506742e-30,100.0,0.999999999999998
cbf87162,2026-09-22T00:01:28.524626,NEU-DET,patches,patches_201.jpg,4x4,4,4,8,NEQR,1024,statevector,12,4,8,132,92,64,"{""h"": 4, ""x"": 64, ""mcx"": 64}",0.0009093750122701,0.0009519169980194,0.0,0.0002382499951636,0.0026678750000428,0.0,100.0,1.0
ad93c258,2026-09-22T00:01:28.527845,NEU-DET,patches,patches_202.jpg,4x4,4,4,8,FRQI,1024,statevector,5,4,1,1092,705,384,"{""h"": 132, ""x"": 64, ""cx"": 384, ""tdg"": 192, ""t"": 256, ""ry"": 64}",0.0010948340059258,0.0043252500036032,0.0,3.441699664108455e-05,0.0070420420088339,9.646983091435664e-31,100.0,1.0000000000000004
cee7ad80,2026-09-22T00:01:28.534908,NEU-DET,patches,patches_202.jpg,4x4,4,4,8,NEQR,1024,statevector,12,4,8,139,99,71,"{""h"": 4, ""x"": 64, ""mcx"": 71}",0.0009095410059671,0.0010471249988768,0.0,0.0002376669872319,0.0026744579954538,0.0,100.0,1.0
8c4e7d9d,2026-09-22T00:01:28.538119,NEU-DET,patches,patches_203.jpg,4x4,4,4,8,FRQI,1024,statevector,5,4,1,1092,705,384,"{""h"": 132, ""x"": 64, ""cx"": 384, ""tdg"": 192, ""t"": 256, ""ry"": 64}",0.0011099590046796,0.0041998329979833,0.0,3.041699528694153e-05,0.0069490000023506,2.511629314599699e-30,100.0,1.0000000000000004
5adf1226,2026-09-22T00:01:28.545091,NEU-DET,patches,patches_203.jpg,4x4,4,4,8,NEQR,1024,statevector,12,4,8,125,85,57,"{""h"": 4, ""x"": 64, ""mcx"": 57}",0.0012032499944325,0.0012702499952865,0.0,0.0004260420100763,0.0035190829948987,0.0,100.0,1.0
ceacbe7c,2026-09-22T00:01:28.549239,NEU-DET,patches,patches_204.jpg,4x4,4,4,8,FRQI,1024,statevector,5,4,1,1092,705,384,"{""h"": 132, ""x"": 64, ""cx"": 384, ""tdg"": 192, ""t"": 256, ""ry"": 64}",0.0012290000013308,0.0041960840026149,0.0,3.166700480505824e-05,0.0070549169904552,2.3107788955244153e-30,100.0,1.0000000000000004
42fca6bc,2026-09-22T00:01:28.556315,NEU-DET,patches,patches_204.jpg,4x4,4,4,8,NEQR,1024,statevector,12,4,8,136,96,68,"{""h"": 4, ""x"": 64, ""mcx"": 68}",0.0010610419994918,0.0010601249960018,0.0,0.0002371660084463,0.002794707994326,0.0,100.0,1.0
366a8352,2026-09-22T00:01:28.559677,NEU-DET,patches,patches_205.jpg,4x4,4,4,8,FRQI,1024,statevector,5,4,1,1092,705,384,"{""h"": 132, ""x"": 64, ""cx"": 384, ""tdg"": 192, ""t"": 256, ""ry"": 64}",0.0010015419975388,0.0041812910058069,0.0,3.087498771492392e-05,0.0068265000008977,2.518418217653664e-30,100.0,0.9999999999999992
6b31893e,2026-09-22T00:01:28.566523,NEU-DET,patches,patches_205.jpg,4x4,4,4,8,NEQR,1024,statevector,12,4,8,126,86,58,"{""h"": 4, ""x"": 64, ""mcx"": 58}",0.0007934579916764,0.0008955000084824,0.0,0.0002333750016987,0.0024015410017454,0.0,100.0,1.0
6bc7a341,2026-09-22T00:01:28.569439,NEU-DET,patches,patches_206.jpg,4x4,4,4,8,FRQI,1024,statevector,5,4,1,1092,705,384,"{""h"": 132, ""x"": 64, ""cx"": 384, ""tdg"": 192, ""t"": 256, ""ry"": 64}",0.00100662499608,0.004247791992384,0.0,3.058300353586674e-05,0.006860500012408,2.0157264280442907e-30,100.0,0.9999999999999992
0827943c,2026-09-22T00:01:28.576317,NEU-DET,patches,patches_206.jpg,4x4,4,4,8,NEQR,1024,statevector,12,4,8,128,88,60,"{""h"": 4, ""x"": 64, ""mcx"": 60}",0.0007902919896878,0.0009340409887954,0.0,0.0002396249910816,0.0024030830099945,0.0,100.0,1.0
7679bdd2,2026-09-22T00:01:28.579345,NEU-DET,patches,patches_207.jpg,4x4,4,4,8,FRQI,1024,statevector,5,4,1,1092,705,384,"{""h"": 132, ""x"": 64, ""cx"": 384, ""tdg"": 192, ""t"": 256, ""ry"": 64}",0.001046999997925,0.0042254590080119,0.0,3.0333001632243395e-05,0.0068650839966721,1.8988947027929e-30,100.0,1.0
f405373d,2026-09-22T00:01:28.586228,NEU-DET,patches,patches_207.jpg,4x4,4,4,8,NEQR,1024,statevector,12,4,8,130,90,62,"{""h"": 4, ""x"": 64, ""mcx"": 62}",0.0008220419986173,0.0008897090010577,0.0,0.0002371669979766,0.0023709999950369,0.0,100.0,1.0
e97db79f,2026-09-22T00:01:28.589104,NEU-DET,patches,patches_208.jpg,4x4,4,4,8,FRQI,1024,statevector,5,4,1,1092,705,384,"{""h"": 132, ""x"": 64, ""cx"": 384, ""tdg"": 192, ""t"": 256, ""ry"": 64}",0.001041665993398,0.0040907500078901,0.0,2.970799687318504e-05,0.0067447909968905,2.477997762945837e-30,100.0,0.9999999999999992
3428212e,2026-09-22T00:01:28.595865,NEU-DET,patches,patches_208.jpg,4x4,4,4,8,NEQR,1024,statevector,12,4,8,120,80,52,"{""h"": 4, ""x"": 64, ""mcx"": 52}",0.000793250001152,0.0008712920098332,0.0,0.0002398750075371,0.0023314999998547,0.0,100.0,1.0
f2ab3d22,2026-09-22T00:01:28.598712,NEU-DET,patches,patches_209.jpg,4x4,4,4,8,FRQI,1024,statevector,5,4,1,1092,705,384,"{""h"": 132, ""x"": 64, ""cx"": 384, ""tdg"": 192, ""t"": 256, ""ry"": 64}",0.0009747919975779,0.0044620420085266,0.0,3.275000199209899e-05,0.0070497499982593,2.20143422293183e-30,100.0,0.9999999999999994
6cbd16bd,2026-09-22T00:01:28.605781,NEU-DET,patches,patches_209.jpg,4x4,4,4,8,NEQR,1024,statevector,12,4,8,134,94,66,"{""h"": 4, ""x"": 64, ""mcx"": 66}",0.000957958996878,0.0010548749996814,0.0,0.0002404999977443,0.0027010830090148,0.0,100.0,1.0
4898aed8,2026-09-22T00:01:28.609013,NEU-DET,patches,patches_21.jpg,4x4,4,4,8,FRQI,1024,statevector,5,4,1,1092,705,384,"{""h"": 132, ""x"": 64, ""cx"": 384, ""tdg"": 192, ""t"": 256, ""ry"": 64}",0.0010065419919556,0.0041684580064611,0.0,2.962499274872243e-05,0.0067812500055879,1.5223031762922807e-30,100.0,1.0000000000000036
91d7dd2c,2026-09-22T00:01:28.615812,NEU-DET,patches,patches_21.jpg,4x4,4,4,8,NEQR,1024,statevector,12,4,8,136,96,68,"{""h"": 4, ""x"": 64, ""mcx"": 68}",0.0008714169962331,0.0010257079993607,0.0,0.000235583007452,0.0026544170104898,0.0,100.0,1.0
4560abaf,2026-09-22T00:01:28.618989,NEU-DET,patches,patches_210.jpg,4x4,4,4,8,FRQI,1024,statevector,5,4,1,1092,705,384,"{""h"": 132, ""x"": 64, ""cx"": 384, ""tdg"": 192, ""t"": 256, ""ry"": 64}",0.0010784999903989,0.0041688339988468,0.0,3.0458002584055063e-05,0.0068743340088985,2.6165684224444983e-30,100.0,0.9999999999999994
fef6ae69,2026-09-22T00:01:28.625880,NEU-DET,patches,patches_210.jpg,4x4,4,4,8,NEQR,1024,statevector,12,4,8,130,90,62,"{""h"": 4, ""x"": 64, ""mcx"": 62}",0.0009512079996056,0.0009485829941695,0.0,0.0002519160043448,0.0026432500017108,0.0,100.0,1.0
848e08aa,2026-09-22T00:01:28.629146,NEU-DET,patches,patches_211.jpg,4x4,4,4,8,FRQI,1024,statevector,5,4,1,1092,705,384,"{""h"": 132, ""x"": 64, ""cx"": 384, ""tdg"": 192, ""t"": 256, ""ry"": 64}",0.0010192089976044,0.004096999997273,0.0,2.954198862425983e-05,0.0067181250051362,1.5989070398302832e-30,100.0,0.9999999999999992
160d8222,2026-09-22T00:01:28.635880,NEU-DET,patches,patches_211.jpg,4x4,4,4,8,NEQR,1024,statevector,12,4,8,141,101,73,"{""h"": 4, ""x"": 64, ""mcx"": 73}",0.0009198749903589,0.0010135420016013,0.0,0.0002368330024182,0.0026070000021718,0.0,100.0,1.0
d0181612,2026-09-22T00:01:28.639029,NEU-DET,patches,patches_212.jpg,4x4,4,4,8,FRQI,1024,statevector,5,4,1,1092,705,384,"{""h"": 132, ""x"": 64, ""cx"": 384, ""tdg"": 192, ""t"": 256, ""ry"": 64}",0.001110041004722,0.0041812499985098,0.0,2.9040995286777616e-05,0.0068944170052418,1.426921495796503e-30,100.0,0.9999999999999984
a8df988e,2026-09-22T00:01:28.645943,NEU-DET,patches,patches_212.jpg,4x4,4,4,8,NEQR,1024,statevector,12,4,8,135,95,67,"{""h"": 4, ""x"": 64, ""mcx"": 67}",0.0009169999975711,0.000986125000054,0.0,0.0002496670058462,0.0026026660052593,0.0,100.0,1.0
1e418d16,2026-09-22T00:01:28.649079,NEU-DET,patches,patches_213.jpg,4x4,4,4,8,FRQI,1024,statevector,5,4,1,1092,705,384,"{""h"": 132, ""x"": 64, ""cx"": 384, ""tdg"": 192, ""t"": 256, ""ry"": 64}",0.0010677920072339,0.0042749169952003,0.0,3.112500417046249e-05,0.0069699159939773,2.433713411287083e-30,100.0,1.0000000000000009
ea9809ad,2026-09-22T00:01:28.656069,NEU-DET,patches,patches_213.jpg,4x4,4,4,8,NEQR,1024,statevector,12,4,8,124,84,56,"{""h"": 4, ""x"": 64, ""mcx"": 56}",0.0007666669989703,0.0009020409925142,0.0,0.0002326669928152,0.0023247920034918,0.0,100.0,1.0
8bee4745,2026-09-22T00:01:28.658802,NEU-DET,patches,patches_214.jpg,4x4,4,4,8,FRQI,1024,statevector,5,4,1,1092,705,384,"{""h"": 132, ""x"": 64, ""cx"": 384, ""tdg"": 192, ""t"": 256, ""ry"": 64}",0.0009954999986803,0.0041672920051496,0.0,3.016598930116743e-05,0.006798707996495,2.8041901102142727e-30,100.0,1.0000000000000009
b0d9e2cf,2026-09-22T00:01:28.665618,NEU-DET,patches,patches_214.jpg,4x4,4,4,8,NEQR,1024,statevector,12,4,8,122,82,54,"{""h"": 4, ""x"": 64, ""mcx"": 54}",0.0007573330076411,0.0008926670125219,0.0,0.0002444579877192,0.0023781670024618,0.0,100.0,1.0
0daf1e33,2026-09-22T00:01:28.668540,NEU-DET,patches,patches_215.jpg,4x4,4,4,8,FRQI,1024,statevector,5,4,1,1092,705,384,"{""h"": 132, ""x"": 64, ""cx"": 384, ""tdg"": 192, ""t"": 256, ""ry"": 64}",0.0010009170073317,0.0041875000024447,0.0,2.912498894147575e-05,0.006792125001084,1.7470110525536616e-30,100.0,1.0000000000000024
8671c74e,2026-09-22T00:01:28.675354,NEU-DET,patches,patches_215.jpg,4x4,4,4,8,NEQR,1024,statevector,12,4,8,133,93,65,"{""h"": 4, ""x"": 64, ""mcx"": 65}",0.0009342499979538,0.0009839579870458,0.0,0.0002372079907217,0.0026392500003566,0.0,100.0,1.0
6d7518ad,2026-09-22T00:01:28.678520,NEU-DET,patches,patches_216.jpg,4x4,4,4,8,FRQI,1024,statevector,5,4,1,1092,705,384,"{""h"": 132, ""x"": 64, ""cx"": 384, ""tdg"": 192, ""t"": 256, ""ry"": 64}",0.0010543339885771,0.0043023750040447,0.0,3.316700167488307e-05,0.0072261660097865,1.4479141321903241e-30,100.0,1.000000000000001
1745de0d,2026-09-22T00:01:28.685768,NEU-DET,patches,patches_216.jpg,4x4,4,4,8,NEQR,1024,statevector,12,4,8,128,88,60,"{""h"": 4, ""x"": 64, ""mcx"": 60}",0.0008249170059571,0.0009385000012116,0.0,0.0002369590074522,0.0024420419940724,0.0,100.0,1.0
fee6c28e,2026-09-22T00:01:28.688890,NEU-DET,patches,patches_217.jpg,4x4,4,4,8,FRQI,1024,statevector,5,4,1,1092,705,384,"{""h"": 132, ""x"": 64, ""cx"": 384, ""tdg"": 192, ""t"": 256, ""ry"": 64}",0.0011479579989099,0.0041674169915495,0.0,3.016598930116743e-05,0.0069706659996882,1.2707285773066982e-30,100.0,1.0000000000000009
7718b196,2026-09-22T00:01:28.695877,NEU-DET,patches,patches_217.jpg,4x4,4,4,8,NEQR,1024,statevector,12,4,8,134,94,66,"{""h"": 4, ""x"": 64, ""mcx"": 66}",0.0009102919866563,0.0009856249962467,0.0,0.0002509579935576,0.0025983749947045,0.0,100.0,1.0
b78bfaa6,2026-09-22T00:01:28.699014,NEU-DET,patches,patches_218.jpg,4x4,4,4,8,FRQI,1024,statevector,5,4,1,1092,705,384,"{""h"": 132, ""x"": 64, ""cx"": 384, ""tdg"": 192, ""t"": 256, ""ry"": 64}",0.0010121660016011,0.0042007909942185,0.0,3.0208000680431724e-05,0.0068405409983824,3.520063724836796e-30,100.0,0.9999999999999996
b1bb6977,2026-09-22T00:01:28.705874,NEU-DET,patches,patches_218.jpg,4x4,4,4,8,NEQR,1024,statevector,12,4,8,103,63,35,"{""h"": 4, ""x"": 64, ""mcx"": 35}",0.000536291001481,0.0007832920091459,0.0,0.0002368330024182,0.0019260830013081,0.0,100.0,1.0
74c5f46b,2026-09-22T00:01:28.708199,NEU-DET,patches,patches_219.jpg,4x4,4,4,8,FRQI,1024,statevector,5,4,1,1092,705,384,"{""h"": 132, ""x"": 64, ""cx"": 384, ""tdg"": 192, ""t"": 256, ""ry"": 64}",0.001009375002468,0.0041925830009859,0.0,3.008398925885558e-05,0.0067981669999426,2.532537691558453e-30,100.0,0.9999999999999996
2ca278ce,2026-09-22T00:01:28.715016,NEU-DET,patches,patches_219.jpg,4x4,4,4,8,NEQR,1024,statevector,12,4,8,121,81,53,"{""h"": 4, ""x"": 64, ""mcx"": 53}",0.0007370000093942,0.0008986670000012,0.0,0.0002559580025263,0.0023573330108774,0.0,100.0,1.0
ab18250a,2026-09-22T00:01:28.717947,NEU-DET,patches,patches_22.jpg,4x4,4,4,8,FRQI,1024,statevector,5,4,1,1092,705,384,"{""h"": 132, ""x"": 64, ""cx"": 384, ""tdg"": 192, ""t"": 256, ""ry"": 64}",0.0010419159953016,0.0042174580012215,0.0,3.29999893438071e-05,0.0068961250071879,1.1902247056313118e-30,100.0,0.9999999999999998
b8914814,2026-09-22T00:01:28.724863,NEU-DET,patches,patches_22.jpg,4x4,4,4,8,NEQR,1024,statevector,12,4,8,136,96,68,"{""h"": 4, ""x"": 64, ""mcx"": 68}",0.0009690419974504,0.0010095830075442,0.0,0.0002415829949313,0.0027604589995462,0.0,100.0,1.0
5c1c2947,2026-09-22T00:01:28.728184,NEU-DET,patches,patches_220.jpg,4x4,4,4,8,FRQI,1024,statevector,5,4,1,1092,705,384,"{""h"": 132, ""x"": 64, ""cx"": 384, ""tdg"": 192, ""t"": 256, ""ry"": 64}",0.0010574589978205,0.0041756659920793,0.0,2.866699651349336e-05,0.0068434169952524,1.2684174613734335e-30,100.0,0.9999999999999998
48260e5e,2026-09-22T00:01:28.735044,NEU-DET,patches,patches_220.jpg,4x4,4,4,8,NEQR,1024,statevector,12,4,8,134,94,66,"{""h"": 4, ""x"": 64, ""mcx"": 66}",0.0008607089985162,0.0009460000001126,0.0,0.0002422500110697,0.0024886250030249,0.0,100.0,1.0
35b0323a,2026-09-22T00:01:28.738044,NEU-DET,patches,patches_221.jpg,4x4,4,4,8,FRQI,1024,statevector,5,4,1,1092,705,384,"{""h"": 132, ""x"": 64, ""cx"": 384, ""tdg"": 192, ""t"": 256, ""ry"": 64}",0.0011090840125689,0.004244915995514,0.0,2.837499778252095e-05,0.0069725000066682,1.51339575029949e-30,100.0,1.0000000000000004
753bfc43,2026-09-22T00:01:28.745036,NEU-DET,patches,patches_221.jpg,4x4,4,4,8,NEQR,1024,statevector,12,4,8,134,94,66,"{""h"": 4, ""x"": 64, ""mcx"": 66}",0.0008785830141277,0.0010107909911312,0.0,0.0002444580022711,0.0025619160005589,0.0,100.0,1.0
a4f34569,2026-09-22T00:01:28.748127,NEU-DET,patches,patches_222.jpg,4x4,4,4,8,FRQI,1024,statevector,5,4,1,1092,705,384,"{""h"": 132, ""x"": 64, ""cx"": 384, ""tdg"": 192, ""t"": 256, ""ry"": 64}",0.0009958330047084,0.0044222919968888,0.0,2.9292001272551715e-05,0.0070438330003526,1.180980241898253e-30,100.0,1.0000000000000004
dacc91dc,2026-09-22T00:01:28.755188,NEU-DET,patches,patches_222.jpg,4x4,4,4,8,NEQR,1024,statevector,12,4,8,138,98,70,"{""h"": 4, ""x"": 64, ""mcx"": 70}",0.0010640419932315,0.0009893749956972,0.0,0.0002355000033276,0.0027526249905349,0.0,100.0,1.0
3f022fa9,2026-09-22T00:01:28.758520,NEU-DET,patches,patches_223.jpg,4x4,4,4,8,FRQI,1024,statevector,5,4,1,1092,705,384,"{""h"": 132, ""x"": 64, ""cx"": 384, ""tdg"": 192, ""t"": 256, ""ry"": 64}",0.0009785000002011,0.0041354590066475,0.0,3.200001083314419e-05,0.0067479160061338,1.6980924319662262e-30,100.0,1.000000000000012
d6a32313,2026-09-22T00:01:28.765286,NEU-DET,patches,patches_223.jpg,4x4,4,4,8,NEQR,1024,statevector,12,4,8,135,95,67,"{""h"": 4, ""x"": 64, ""mcx"": 67}",0.0010443329956615,0.0009750410099513,0.0,0.000243832997512,0.0029289169906405,0.0,100.0,1.0
d8695eda,2026-09-22T00:01:28.768758,NEU-DET,patches,patches_224.jpg,4x4,4,4,8,FRQI,1024,statevector,5,4,1,1092,705,384,"{""h"": 132, ""x"": 64, ""cx"": 384, ""tdg"": 192, ""t"": 256, ""ry"": 64}",0.0010482079960638,0.0042327089904574,0.0,3.13749915221706e-05,0.0069251670065568,1.4271140887909418e-30,100.0,0.9999999999999994
ae061a4e,2026-09-22T00:01:28.775700,NEU-DET,patches,patches_224.jpg,4x4,4,4,8,NEQR,1024,statevector,12,4,8,129,89,61,"{""h"": 4, ""x"": 64, ""mcx"": 61}",0.000799209010438,0.0009945829951902,0.0,0.0002600000007078,0.0024858749966369,0.0,100.0,1.0
8b98f857,2026-09-22T00:01:28.778774,NEU-DET,patches,patches_225.jpg,4x4,4,4,8,FRQI,1024,statevector,5,4,1,1092,705,384,"{""h"": 132, ""x"": 64, ""cx"": 384, ""tdg"": 192, ""t"": 256, ""ry"": 64}",0.0009790409967536,0.0042172499961452,0.0,2.937499084509909e-05,0.0067876249959226,1.7293887935625184e-30,100.0,0.9999999999999996
6afbe600,2026-09-22T00:01:28.785580,NEU-DET,patches,patches_225.jpg,4x4,4,4,8,NEQR,1024,statevector,12,4,8,123,83,55,"{""h"": 4, ""x"": 64, ""mcx"": 55}",0.0007394170097541,0.0008803750097285,0.0,0.0002374590112594,0.0022522079962072,0.0,100.0,1.0
570aaa25,2026-09-22T00:01:28.788312,NEU-DET,patches,patches_226.jpg,4x4,4,4,8,FRQI,1024,statevector,5,4,1,1092,705,384,"{""h"": 132, ""x"": 64, ""cx"": 384, ""tdg"": 192, ""t"": 256, ""ry"": 64}",0.001042874995619,0.0042047500028274,0.0,3.908301005139947e-05,0.0068837080034427,2.5520979175561363e-30,100.0,1.0000000000000009
56b069b9,2026-09-22T00:01:28.795217,NEU-DET,patches,patches_226.jpg,4x4,4,4,8,NEQR,1024,statevector,12,4,8,127,87,59,"{""h"": 4, ""x"": 64, ""mcx"": 59}",0.0009216659964295,0.0009094159904634,0.0,0.0002511670027161,0.0025826250057434,0.0,100.0,1.0
4f852edc,2026-09-22T00:01:28.798325,NEU-DET,patches,patches_227.jpg,4x4,4,4,8,FRQI,1024,statevector,5,4,1,1092,705,384,"{""h"": 132, ""x"": 64, ""cx"": 384, ""tdg"": 192, ""t"": 256, ""ry"": 64}",0.0009710829908726,0.0041304159967694,0.0,3.0208000680431724e-05,0.0066948750027222,1.5750255085198817e-30,100.0,0.999999999999998
006cc20d,2026-09-22T00:01:28.805039,NEU-DET,patches,patches_227.jpg,4x4,4,4,8,NEQR,1024,statevector,12,4,8,134,94,66,"{""h"": 4, ""x"": 64, ""mcx"": 66}",0.0009145840012934,0.000971916000708,0.0,0.0002609580114949,0.0026035829941974,0.0,100.0,1.0
e82b3c58,2026-09-22T00:01:28.808200,NEU-DET,patches,patches_228.jpg,4x4,4,4,8,FRQI,1024,statevector,5,4,1,1092,705,384,"{""h"": 132, ""x"": 64, ""cx"": 384, ""tdg"": 192, ""t"": 256, ""ry"": 64}",0.0009698330104583,0.0041030410066014,0.0,2.97920050797984e-05,0.0066930410102941,1.0365354960692103e-30,100.0,1.000000000000001
cb952a30,2026-09-22T00:01:28.814911,NEU-DET,patches,patches_228.jpg,4x4,4,4,8,NEQR,1024,statevector,12,4,8,137,97,69,"{""h"": 4, ""x"": 64, ""mcx"": 69}",0.0009640420030336,0.0009822909923968,0.0,0.0002657919976627,0.0026737080042948,0.0,100.0,1.0
16298153,2026-09-22T00:01:28.818135,NEU-DET,patches,patches_229.jpg,4x4,4,4,8,FRQI,1024,statevector,5,4,1,1092,705,384,"{""h"": 132, ""x"": 64, ""cx"": 384, ""tdg"": 192, ""t"": 256, ""ry"": 64}",0.0010905410017585,0.0041254170064348,0.0,2.895800571423024e-05,0.0068022499908693,1.0837207797066976e-30,100.0,1.0000000000000009
861294a0,2026-09-22T00:01:28.824955,NEU-DET,patches,patches_229.jpg,4x4,4,4,8,NEQR,1024,statevector,12,4,8,143,103,75,"{""h"": 4, ""x"": 64, ""mcx"": 75}",0.0010292079969076,0.0010370839881943,0.0,0.0002382919919909,0.0028865829954156,0.0,100.0,1.0
fdede967,2026-09-22T00:01:28.828438,NEU-DET,patches,patches_23.jpg,4x4,4,4,8,FRQI,1024,statevector,5,4,1,1092,705,384,"{""h"": 132, ""x"": 64, ""cx"": 384, ""tdg"": 192, ""t"": 256, ""ry"": 64}",0.0009527090005576,0.004473583001527,0.0,3.2916999771259725e-05,0.0070374170027207,2.4305597010031493e-30,100.0,0.9999999999999992
fc2ba24c,2026-09-22T00:01:28.835494,NEU-DET,patches,patches_23.jpg,4x4,4,4,8,NEQR,1024,statevector,12,4,8,126,86,58,"{""h"": 4, ""x"": 64, ""mcx"": 58}",0.0007820419996278,0.0008870419987943,0.0,0.0002415829949313,0.0023627080081496,0.0,100.0,1.0
efa18184,2026-09-22T00:01:28.838386,NEU-DET,patches,patches_230.jpg,4x4,4,4,8,FRQI,1024,statevector,5,4,1,1092,705,384,"{""h"": 132, ""x"": 64, ""cx"": 384, ""tdg"": 192, ""t"": 256, ""ry"": 64}",0.0010314590035704,0.0042229590035276,0.0,3.2540992833673954e-05,0.006866291994811,1.1176171467279131e-30,100.0,1.0000000000000004
7510d70a,2026-09-22T00:01:28.845275,NEU-DET,patches,patches_230.jpg,4x4,4,4,8,NEQR,1024,statevector,12,4,8,137,97,69,"{""h"": 4, ""x"": 64, ""mcx"": 69}",0.0008962910069385,0.0009787500021047,0.0,0.0002414580085314,0.0025754170055733,0.0,100.0,1.0
da8784fe,2026-09-22T00:01:28.848411,NEU-DET,patches,patches_231.jpg,4x4,4,4,8,FRQI,1024,statevector,5,4,1,1092,705,384,"{""h"": 132, ""x"": 64, ""cx"": 384, ""tdg"": 192, ""t"": 256, ""ry"": 64}",0.001053582993336,0.0040925409994088,0.0,2.908299211412668e-05,0.006756167000276,1.1996617623588092e-30,100.0,0.999999999999997
5e4e99ba,2026-09-22T00:01:28.855184,NEU-DET,patches,patches_231.jpg,4x4,4,4,8,NEQR,1024,statevector,12,4,8,138,98,70,"{""h"": 4, ""x"": 64, ""mcx"": 70}",0.0008957079990068,0.0009932910033967,0.0,0.0002396250056335,0.0025705829903017,0.0,100.0,1.0
0f4044f0,2026-09-22T00:01:28.858255,NEU-DET,patches,patches_232.jpg,4x4,4,4,8,FRQI,1024,statevector,5,4,1,1092,705,384,"{""h"": 132, ""x"": 64, ""cx"": 384, ""tdg"": 192, ""t"": 256, ""ry"": 64}",0.00103583400778,0.0041479999927105,0.0,2.9666000045835972e-05,0.0067631659912876,2.379293853295991e-30,100.0,0.9999999999999988
98864127,2026-09-22T00:01:28.865035,NEU-DET,patches,patches_232.jpg,4x4,4,4,8,NEQR,1024,statevector,12,4,8,119,79,51,"{""h"": 4, ""x"": 64, ""mcx"": 51}",0.0007260409911395,0.0008539170084986,0.0,0.0002608750073704,0.0022277499956544,0.0,100.0,1.0
7e77011c,2026-09-22T00:01:28.867752,NEU-DET,patches,patches_233.jpg,4x4,4,4,8,FRQI,1024,statevector,5,4,1,1092,705,384,"{""h"": 132, ""x"": 64, ""cx"": 384, ""tdg"": 192, ""t"": 256, ""ry"": 64}",0.0009754999919096,0.0041093340114457,0.0,2.9584000003524125e-05,0.0066666670027188,2.0605042992512943e-30,100.0,0.9999999999999988
929dda5b,2026-09-22T00:01:28.874437,NEU-DET,patches,patches_233.jpg,4x4,4,4,8,NEQR,1024,statevector,12,4,8,120,80,52,"{""h"": 4, ""x"": 64, ""mcx"": 52}",0.0007564580009784,0.0009188339899992,0.0,0.0002394579933024,0.0024125410127453,0.0,100.0,1.0
aa9030f8,2026-09-22T00:01:28.877407,NEU-DET,patches,patches_234.jpg,4x4,4,4,8,FRQI,1024,statevector,5,4,1,1092,705,384,"{""h"": 132, ""x"": 64, ""cx"": 384, ""tdg"": 192, ""t"": 256, ""ry"": 64}",0.0010048749973066,0.0042393329931655,0.0,3.12910124193877e-05,0.0068856659927405,1.0606096203740508e-30,100.0,1.000000000000001
adce695a,2026-09-22T00:01:28.884316,NEU-DET,patches,patches_234.jpg,4x4,4,4,8,NEQR,1024,statevector,12,4,8,138,98,70,"{""h"": 4, ""x"": 64, ""mcx"": 70}",0.0009072499960893,0.0010137089993804,0.0,0.0002493750071153,0.0027812080079456,0.0,100.0,1.0
367f6184,2026-09-22T00:01:28.887693,NEU-DET,patches,patches_235.jpg,4x4,4,4,8,FRQI,1024,statevector,5,4,1,1092,705,384,"{""h"": 132, ""x"": 64, ""cx"": 384, ""tdg"": 192, ""t"": 256, ""ry"": 64}",0.0009849999914877,0.0041873329901136,0.0,2.970799687318504e-05,0.0067500409932108,1.4061214523971209e-30,100.0,1.0000000000000022
a8ef1026,2026-09-22T00:01:28.894466,NEU-DET,patches,patches_235.jpg,4x4,4,4,8,NEQR,1024,statevector,12,4,8,133,93,65,"{""h"": 4, ""x"": 64, ""mcx"": 65}",0.0009128330129897,0.0009843330044532,0.0,0.0002623339969431,0.0026101249968633,0.0,100.0,1.0
75184786,2026-09-22T00:01:28.897603,NEU-DET,patches,patches_236.jpg,4x4,4,4,8,FRQI,1024,statevector,5,4,1,1092,705,384,"{""h"": 132, ""x"": 64, ""cx"": 384, ""tdg"": 192, ""t"": 256, ""ry"": 64}",0.001028208003845,0.0040911660034907,0.0,2.79589876299724e-05,0.0067038749984931,1.1800172769260594e-30,100.0,0.9999999999999952
9922ef74,2026-09-22T00:01:28.904325,NEU-DET,patches,patches_236.jpg,4x4,4,4,8,NEQR,1024,statevector,12,4,8,144,104,76,"{""h"": 4, ""x"": 64, ""mcx"": 76}",0.0009375829977216,0.0010559170041233,0.0,0.0002400839875917,0.0026897920033661,0.0,100.0,1.0
922d51e5,2026-09-22T00:01:28.907541,NEU-DET,patches,patches_237.jpg,4x4,4,4,8,FRQI,1024,statevector,5,4,1,1092,705,384,"{""h"": 132, ""x"": 64, ""cx"": 384, ""tdg"": 192, ""t"": 256, ""ry"": 64}",0.0010411669936729,0.0044655410019913,0.0,3.4249998861923814e-05,0.007156624997151,1.4764178953672552e-30,100.0,1.0000000000000016
2bbc70a3,2026-09-22T00:01:28.914723,NEU-DET,patches,patches_237.jpg,4x4,4,4,8,NEQR,1024,statevector,12,4,8,133,93,65,"{""h"": 4, ""x"": 64, ""mcx"": 65}",0.0008813750027911,0.0009520419989712,0.0,0.0002392079913988,0.0025257080123992,0.0,100.0,1.0
41878895,2026-09-22T00:01:28.917793,NEU-DET,patches,patches_238.jpg,4x4,4,4,8,FRQI,1024,statevector,5,4,1,1092,705,384,"{""h"": 132, ""x"": 64, ""cx"": 384, ""tdg"": 192, ""t"": 256, ""ry"": 64}",0.0009920000011334,0.0042251250124536,0.0,2.9292001272551715e-05,0.0068163749965606,1.7638147913184403e-30,100.0,1.0
55fc6cde,2026-09-22T00:01:28.924626,NEU-DET,patches,patches_238.jpg,4x4,4,4,8,NEQR,1024,statevector,12,4,8,140,100,72,"{""h"": 4, ""x"": 64, ""mcx"": 72}",0.0010630420001689,0.0010397500009275,0.0,0.000243667003815,0.0028410840022843,0.0,100.0,1.0
590c4427,2026-09-22T00:01:28.928032,NEU-DET,patches,patches_239.jpg,4x4,4,4,8,FRQI,1024,statevector,5,4,1,1092,705,384,"{""h"": 132, ""x"": 64, ""cx"": 384, ""tdg"": 192, ""t"": 256, ""ry"": 64}",0.0009869999921647,0.0041691669903229,0.0,2.8124995878897607e-05,0.0067552090040408,1.991844896733889e-30,100.0,0.9999999999999988
03c128ad,2026-09-22T00:01:28.934806,NEU-DET,patches,patches_239.jpg,4x4,4,4,8,NEQR,1024,statevector,12,4,8,135,95,67,"{""h"": 4, ""x"": 64, ""mcx"": 67}",0.0009077080030692,0.0009888330096146,0.0,0.0002370830043219,0.0025726250023581,0.0,100.0,1.0
022a5888,2026-09-22T00:01:28.937989,NEU-DET,patches,patches_24.jpg,4x4,4,4,8,FRQI,1024,statevector,5,4,1,1092,705,384,"{""h"": 132, ""x"": 64, ""cx"": 384, ""tdg"": 192, ""t"": 256, ""ry"": 64}",0.0009790829935809,0.0042474159999983,0.0,3.4334007068537176e-05,0.0068357910058693,1.426151123818748e-30,100.0,0.9999999999999996
7da323d9,2026-09-22T00:01:28.944851,NEU-DET,patches,patches_24.jpg,4x4,4,4,8,NEQR,1024,statevector,12,4,8,133,93,65,"{""h"": 4, ""x"": 64, ""mcx"": 65}",0.0008484170102747,0.0009831669885898,0.0,0.0002459160023136,0.0026196250109933,0.0,100.0,1.0
9ef277bb,2026-09-22T00:01:28.947969,NEU-DET,patches,patches_240.jpg,4x4,4,4,8,FRQI,1024,statevector,5,4,1,1092,705,384,"{""h"": 132, ""x"": 64, ""cx"": 384, ""tdg"": 192, ""t"": 256, ""ry"": 64}",0.0010799580049933,0.004155290997005,0.0,2.849999873433262e-05,0.0068085829989286,1.7366110308539706e-30,100.0,1.0000000000000009
8e73f43e,2026-09-22T00:01:28.954793,NEU-DET,patches,patches_240.jpg,4x4,4,4,8,NEQR,1024,statevector,12,4,8,131,91,63,"{""h"": 4, ""x"": 64, ""mcx"": 63}",0.0008106659952318,0.0009623749938327,0.0,0.0002353339950786,0.0024328329891432,0.0,100.0,1.0
33c4f652,2026-09-22T00:01:28.957772,NEU-DET,patches,patches_25.jpg,4x4,4,4,8,FRQI,1024,statevector,5,4,1,1092,705,384,"{""h"": 132, ""x"": 64, ""cx"": 384, ""tdg"": 192, ""t"": 256, ""ry"": 64}",0.0011151250073453,0.0042832080071093,0.0,3.287500294391066e-05,0.0070329590089386,1.7092628256436718e-30,100.0,1.000000000000004
f758616b,2026-09-22T00:01:28.964826,NEU-DET,patches,patches_25.jpg,4x4,4,4,8,NEQR,1024,statevector,12,4,8,128,88,60,"{""h"": 4, ""x"": 64, ""mcx"": 60}",0.0008116249955492,0.0009450840007048,0.0,0.0002444170095259,0.0024674579908605,0.0,100.0,1.0
5364605c,2026-09-22T00:01:28.967854,NEU-DET,patches,patches_26.jpg,4x4,4,4,8,FRQI,1024,statevector,5,4,1,1092,705,384,"{""h"": 132, ""x"": 64, ""cx"": 384, ""tdg"": 192, ""t"": 256, ""ry"": 64}",0.0010595000057946,0.0041843340004561,0.0,3.208398993592709e-05,0.0068340840080054,2.0840487928214283e-30,100.0,1.000000000000001
58b5fae4,2026-09-22T00:01:28.974710,NEU-DET,patches,patches_26.jpg,4x4,4,4,8,NEQR,1024,statevector,12,4,8,139,99,71,"{""h"": 4, ""x"": 64, ""mcx"": 71}",0.0009012499940581,0.0010203749989159,0.0,0.0002494170039426,0.0026498340012039,0.0,100.0,1.0
f27bd57e,2026-09-22T00:01:28.977890,NEU-DET,patches,patches_27.jpg,4x4,4,4,8,FRQI,1024,statevector,5,4,1,1092,705,384,"{""h"": 132, ""x"": 64, ""cx"": 384, ""tdg"": 192, ""t"": 256, ""ry"": 64}",0.00097970799834,0.0041334169945912,0.0,3.0041992431506515e-05,0.0066942910052603,1.2861841651104058e-30,100.0,1.0000000000000004
7ef26cbe,2026-09-22T00:01:28.984601,NEU-DET,patches,patches_27.jpg,4x4,4,4,8,NEQR,1024,statevector,12,4,8,140,100,72,"{""h"": 4, ""x"": 64, ""mcx"": 72}",0.0009714579937281,0.0009859580022748,0.0,0.0002417920040898,0.0026397089968668,0.0,100.0,1.0
ec1a7388,2026-09-22T00:01:28.987767,NEU-DET,patches,patches_28.jpg,4x4,4,4,8,FRQI,1024,statevector,5,4,1,1092,705,384,"{""h"": 132, ""x"": 64, ""cx"": 384, ""tdg"": 192, ""t"": 256, ""ry"": 64}",0.0009790420008357,0.0041607500024838,0.0,3.633399319369346e-05,0.0067641250061569,1.2714989492844533e-30,100.0,1.0000000000000002
ab6729e8,2026-09-22T00:01:28.994550,NEU-DET,patches,patches_28.jpg,4x4,4,4,8,NEQR,1024,statevector,12,4,8,139,99,71,"{""h"": 4, ""x"": 64, ""mcx"": 71}",0.0012235000031068,0.0010357499995734,0.0,0.0002630420058267,0.0030744170071557,0.0,100.0,1.0
0bf2df11,2026-09-22T00:01:28.998193,NEU-DET,patches,patches_29.jpg,4x4,4,4,8,FRQI,1024,statevector,5,4,1,1092,705,384,"{""h"": 132, ""x"": 64, ""cx"": 384, ""tdg"": 192, ""t"": 256, ""ry"": 64}",0.0009862080041784,0.0041389999969396,0.0,2.937499084509909e-05,0.0067283329990459,2.289834407379204e-30,100.0,1.0
bd49f763,2026-09-22T00:01:29.004939,NEU-DET,patches,patches_29.jpg,4x4,4,4,8,NEQR,1024,statevector,12,4,8,125,85,57,"{""h"": 4, ""x"": 64, ""mcx"": 57}",0.0007584580016555,0.0008944170112954,0.0,0.0002400420053163,0.002356458993745,0.0,100.0,1.0
097f9774,2026-09-22T00:01:29.007859,NEU-DET,patches,patches_3.jpg,4x4,4,4,8,FRQI,1024,statevector,5,4,1,1092,705,384,"{""h"": 132, ""x"": 64, ""cx"": 384, ""tdg"": 192, ""t"": 256, ""ry"": 64}",0.0010408749949419,0.00415375000739,0.0,3.0082999728620052e-05,0.0068558339989976,1.6794109115056697e-30,100.0,0.9999999999999992
a744df7a,2026-09-22T00:01:29.014738,NEU-DET,patches,patches_3.jpg,4x4,4,4,8,NEQR,1024,statevector,12,4,8,141,101,73,"{""h"": 4, ""x"": 64, ""mcx"": 73}",0.0009484170004725,0.0011882920080097,0.0,0.0002442080003675,0.0028376659902278,0.0,100.0,1.0
ef230535,2026-09-22T00:01:29.018002,NEU-DET,patches,patches_30.jpg,4x4,4,4,8,FRQI,1024,statevector,5,4,1,1024,661,360,"{""h"": 124, ""x"": 60, ""cx"": 360, ""tdg"": 180, ""t"": 240, ""ry"": 60}",0.0010576670028967,0.0048718330072006,0.0,3.820800338871777e-05,0.0081160420086234,3.114364367572425e-30,100.0,0.9999999999999996
5c048b10,2026-09-22T00:01:29.026143,NEU-DET,patches,patches_30.jpg,4x4,4,4,8,NEQR,1024,statevector,12,4,8,116,78,52,"{""h"": 4, ""x"": 60, ""mcx"": 52}",0.0008150829962687,0.0008777500042924,0.0,0.000242000009166,0.0024249999987659,0.0,100.0,1.0
eec2f0bb,2026-09-22T00:01:29.029115,NEU-DET,patches,patches_31.jpg,4x4,4,4,8,FRQI,1024,statevector,5,4,1,1092,705,384,"{""h"": 132, ""x"": 64, ""cx"": 384, ""tdg"": 192, ""t"": 256, ""ry"": 64}",0.001066416996764,0.0043504169880179,0.0,3.195799945387989e-05,0.007033665999188,1.8631566652623644e-30,100.0,1.0000000000000009
d532274b,2026-09-22T00:01:29.036167,NEU-DET,patches,patches_31.jpg,4x4,4,4,8,NEQR,1024,statevector,12,4,8,125,85,57,"{""h"": 4, ""x"": 64, ""mcx"": 57}",0.0007807500078342,0.0009015830000862,0.0,0.000237707994529,0.0023423329985234,0.0,100.0,1.0
424cbb16,2026-09-22T00:01:29.038943,NEU-DET,patches,patches_32.jpg,4x4,4,4,8,FRQI,1024,statevector,5,4,1,1092,705,384,"{""h"": 132, ""x"": 64, ""cx"": 384, ""tdg"": 192, ""t"": 256, ""ry"": 64}",0.0010182080004597,0.0041584999999031,0.0,3.195799945387989e-05,0.0068479999899864,2.1904233203279035e-30,100.0,1.0
7b01e6ca,2026-09-22T00:01:29.045809,NEU-DET,patches,patches_32.jpg,4x4,4,4,8,NEQR,1024,statevector,12,4,8,116,76,48,"{""h"": 4, ""x"": 64, ""mcx"": 48}",0.0007477909966837,0.000873833996593,0.0,0.0002398329961579,0.0022692909988109,0.0,100.0,1.0
7f93a79e,2026-09-22T00:01:29.048621,NEU-DET,patches,patches_33.jpg,4x4,4,4,8,FRQI,1024,statevector,5,4,1,1092,705,384,"{""h"": 132, ""x"": 64, ""cx"": 384, ""tdg"": 192, ""t"": 256, ""ry"": 64}",0.0010861670016311,0.0042239160102326,0.0,3.295800706837326e-05,0.0069547500024782,1.1728913361318266e-30,100.0,1.000000000000001
78936571,2026-09-22T00:01:29.055597,NEU-DET,patches,patches_33.jpg,4x4,4,4,8,NEQR,1024,statevector,12,4,8,147,107,79,"{""h"": 4, ""x"": 64, ""mcx"": 79}",0.00100754199957,0.0010560420050751,0.0,0.0002445410063955,0.0028884580096928,0.0,100.0,1.0
099b35fe,2026-09-22T00:01:29.059009,NEU-DET,patches,patches_34.jpg,4x4,4,4,8,FRQI,1024,statevector,5,4,1,1092,705,384,"{""h"": 132, ""x"": 64, ""cx"": 384, ""tdg"": 192, ""t"": 256, ""ry"": 64}",0.0010812500113388,0.0041563749982742,0.0,3.266699786763638e-05,0.0068789170036325,9.506390205495396e-31,100.0,0.9999999999999992
0b772158,2026-09-22T00:01:29.065905,NEU-DET,patches,patches_34.jpg,4x4,4,4,8,NEQR,1024,statevector,12,4,8,138,98,70,"{""h"": 4, ""x"": 64, ""mcx"": 70}",0.0009147910022875,0.0010237920068902,0.0,0.0002422500110697,0.0026563749997876,0.0,100.0,1.0
11c0f98b,2026-09-22T00:01:29.069071,NEU-DET,patches,patches_35.jpg,4x4,4,4,8,FRQI,1024,statevector,5,4,1,1092,705,384,"{""h"": 132, ""x"": 64, ""cx"": 384, ""tdg"": 192, ""t"": 256, ""ry"": 64}",0.0010748329950729,0.0042001670080935,0.0,3.2625001040287316e-05,0.0069012500025564,1.1041356371172025e-30,100.0,1.0000000000000009
54f22aa7,2026-09-22T00:01:29.075989,NEU-DET,patches,patches_35.jpg,4x4,4,4,8,NEQR,1024,statevector,12,4,8,144,104,76,"{""h"": 4, ""x"": 64, ""mcx"": 76}",0.0009993339917855,0.0010180000099353,0.0,0.0002397090138401,0.0030722499941475,0.0,100.0,1.0
a6b89e62,2026-09-22T00:01:29.079599,NEU-DET,patches,patches_36.jpg,4x4,4,4,8,FRQI,1024,statevector,5,4,1,1092,705,384,"{""h"": 132, ""x"": 64, ""cx"": 384, ""tdg"": 192, ""t"": 256, ""ry"": 64}",0.0012432500079739,0.0041122499969787,0.0,3.0291994335129857e-05,0.0069470000016735,1.353736157909788e-30,100.0,1.0000000000000029
68c04993,2026-09-22T00:01:29.086562,NEU-DET,patches,patches_36.jpg,4x4,4,4,8,NEQR,1024,statevector,12,4,8,144,104,76,"{""h"": 4, ""x"": 64, ""mcx"": 76}",0.000949291003053,0.0010127919958904,0.0,0.0002433330082567,0.0026837920013349,0.0,100.0,1.0
6e478150,2026-09-22T00:01:29.089778,NEU-DET,patches,patches_37.jpg,4x4,4,4,8,FRQI,1024,statevector,5,4,1,1092,705,384,"{""h"": 132, ""x"": 64, ""cx"": 384, ""tdg"": 192, ""t"": 256, ""ry"": 64}",0.0010946249967673,0.0041231670038541,0.0,3.1916002626530826e-05,0.0068282910069683,7.5669787514974505e-31,100.0,0.9999999999999992
633c0217,2026-09-22T00:01:29.096622,NEU-DET,patches,patches_37.jpg,4x4,4,4,8,NEQR,1024,statevector,12,4,8,149,109,81,"{""h"": 4, ""x"": 64, ""mcx"": 81}",0.0010262499999953,0.0011168750061187,0.0,0.0002401249948889,0.0028972500003874,0.0,100.0,1.0
7ce05d05,2026-09-22T00:01:29.100147,NEU-DET,patches,patches_38.jpg,4x4,4,4,8,FRQI,1024,statevector,5,4,1,1092,705,384,"{""h"": 132, ""x"": 64, ""cx"": 384, ""tdg"": 192, ""t"": 256, ""ry"": 64}",0.0010500000062165,0.004141833007452,0.0,2.849999873433262e-05,0.0067721670056926,9.968613392148333e-31,100.0,1.0000000000000009
31ab54d6,2026-09-22T00:01:29.106933,NEU-DET,patches,patches_38.jpg,4x4,4,4,8,NEQR,1024,statevector,12,4,8,140,100,72,"{""h"": 4, ""x"": 64, ""mcx"": 72}",0.0010369169904151,0.0009790839976631,0.0,0.0002392500027781,0.0027544159966055,0.0,100.0,1.0
76785016,2026-09-22T00:01:29.110228,NEU-DET,patches,patches_39.jpg,4x4,4,4,8,FRQI,1024,statevector,5,4,1,1092,705,384,"{""h"": 132, ""x"": 64, ""cx"": 384, ""tdg"": 192, ""t"": 256, ""ry"": 64}",0.0010063749941764,0.0043024999904446,0.0,3.1082992791198194e-05,0.0069418749917531,9.675872040601473e-31,100.0,0.9999999999999918
f647c4f3,2026-09-22T00:01:29.117190,NEU-DET,patches,patches_39.jpg,4x4,4,4,8,NEQR,1024,statevector,12,4,8,146,106,78,"{""h"": 4, ""x"": 64, ""mcx"": 78}",0.0010484590020496,0.0010614589991746,0.0,0.0002534579980419,0.0028323339938651,0.0,100.0,1.0
82eddcf4,2026-09-22T00:01:29.120536,NEU-DET,patches,patches_4.jpg,4x4,4,4,8,FRQI,1024,statevector,5,4,1,1092,705,384,"{""h"": 132, ""x"": 64, ""cx"": 384, ""tdg"": 192, ""t"": 256, ""ry"": 64}",0.0010033750004367,0.004218749993015,0.0,3.0166003853082657e-05,0.0068277499958639,2.3444345213025826e-30,100.0,0.9999999999999994
46842306,2026-09-22T00:01:29.127380,NEU-DET,patches,patches_4.jpg,4x4,4,4,8,NEQR,1024,statevector,12,4,8,123,83,55,"{""h"": 4, ""x"": 64, ""mcx"": 55}",0.0008541669958503,0.0008511659980285,0.0,0.000236792009673,0.0024369169987039,0.0,100.0,1.0
be6ffe02,2026-09-22T00:01:29.130361,NEU-DET,patches,patches_40.jpg,4x4,4,4,8,FRQI,1024,statevector,5,4,1,1092,705,384,"{""h"": 132, ""x"": 64, ""cx"": 384, ""tdg"": 192, ""t"": 256, ""ry"": 64}",0.0009727080032462,0.0041862500074785,0.0,3.154200385324657e-05,0.0067841249983757,1.2874841678228672e-30,100.0,1.0000000000000002
c81f024e,2026-09-22T00:01:29.137164,NEU-DET,patches,patches_40.jpg,4x4,4,4,8,NEQR,1024,statevector,12,4,8,146,106,78,"{""h"": 4, ""x"": 64, ""mcx"": 78}",0.0011491659970488,0.0010452080023242,0.0,0.0002434999914839,0.0030082910088822,0.0,100.0,1.0
40fe626a,2026-09-22T00:01:29.140676,NEU-DET,patches,patches_41.jpg,4x4,4,4,8,FRQI,1024,statevector,5,4,1,1092,705,384,"{""h"": 132, ""x"": 64, ""cx"": 384, ""tdg"": 192, ""t"": 256, ""ry"": 64}",0.0010845420038094,0.0041553339979145,0.0,2.9417002224363387e-05,0.0068624579871539,1.2050543662030936e-30,100.0,0.9999999999999984
2663e9fd,2026-09-22T00:01:29.147558,NEU-DET,patches,patches_41.jpg,4x4,4,4,8,NEQR,1024,statevector,12,4,8,144,104,76,"{""h"": 4, ""x"": 64, ""mcx"": 76}",0.0009704999974928,0.0009784580033738,0.0,0.0002616669953567,0.0028355000104056,0.0,100.0,1.0
c20cea79,2026-09-22T00:01:29.150909,NEU-DET,patches,patches_42.jpg,4x4,4,4,8,FRQI,1024,statevector,5,4,1,1092,705,384,"{""h"": 132, ""x"": 64, ""cx"": 384, ""tdg"": 192, ""t"": 256, ""ry"": 64}",0.0009843750012805,0.0044074170000385,0.0,3.4958007745444775e-05,0.0070097499992698,9.83187236609684e-31,100.0,0.999999999999998
c76d1bf5,2026-09-22T00:01:29.157943,NEU-DET,patches,patches_42.jpg,4x4,4,4,8,NEQR,1024,statevector,12,4,8,159,119,91,"{""h"": 4, ""x"": 64, ""mcx"": 91}",0.0012157500023022,0.0011494999926071,0.0,0.0002385410043643,0.0032928329892456,0.0,100.0,1.0
2259aa3e,2026-09-22T00:01:29.161806,NEU-DET,patches,patches_43.jpg,4x4,4,4,8,FRQI,1024,statevector,5,4,1,1092,705,384,"{""h"": 132, ""x"": 64, ""cx"": 384, ""tdg"": 192, ""t"": 256, ""ry"": 64}",0.0010183329868596,0.0041585840081097,0.0,3.2459007343277335e-05,0.006798542002798,8.14475773481362e-31,100.0,0.9999999999999972
f73d8bbe,2026-09-22T00:01:29.168627,NEU-DET,patches,patches_43.jpg,4x4,4,4,8,NEQR,1024,statevector,12,4,8,157,117,89,"{""h"": 4, ""x"": 64, ""mcx"": 89}",0.0012951670069014,0.0010982919920934,0.0,0.0002474999928381,0.0032289999944623,0.0,100.0,1.0
8562a48e,2026-09-22T00:01:29.172381,NEU-DET,patches,patches_44.jpg,4x4,4,4,8,FRQI,1024,statevector,5,4,1,1092,705,384,"{""h"": 132, ""x"": 64, ""cx"": 384, ""tdg"": 192, ""t"": 256, ""ry"": 64}",0.0009913749963743,0.0042183749901596,0.0,3.237499913666397e-05,0.0068339999997988,1.1580616755600451e-30,100.0,0.9999999999999956
4b068dd8,2026-09-22T00:01:29.179236,NEU-DET,patches,patches_44.jpg,4x4,4,4,8,NEQR,1024,statevector,12,4,8,141,101,73,"{""h"": 4, ""x"": 64, ""mcx"": 73}",0.0009372920030727,0.0010117500060005,0.0,0.0002403749967925,0.0026429169956827,0.0,100.0,1.0
e6e16259,2026-09-22T00:01:29.182437,NEU-DET,patches,patches_45.jpg,4x4,4,4,8,FRQI,1024,statevector,5,4,1,1092,705,384,"{""h"": 132, ""x"": 64, ""cx"": 384, ""tdg"": 192, ""t"": 256, ""ry"": 64}",0.0010477499890839,0.0041534579941071,0.0,2.89169984171167e-05,0.0067861669958801,1.4055436734138047e-30,100.0,1.0000000000000022
d1695aab,2026-09-22T00:01:29.189240,NEU-DET,patches,patches_45.jpg,4x4,4,4,8,NEQR,1024,statevector,12,4,8,139,99,71,"{""h"": 4, ""x"": 64, ""mcx"": 71}",0.0008979999984148,0.0009927919891197,0.0,0.0002380830119363,0.0026037500065285,0.0,100.0,1.0
d481c088,2026-09-22T00:01:29.192450,NEU-DET,patches,patches_46.jpg,4x4,4,4,8,FRQI,1024,statevector,5,4,1,1092,705,384,"{""h"": 132, ""x"": 64, ""cx"": 384, ""tdg"": 192, ""t"": 256, ""ry"": 64}",0.0010530829895287,0.0041625000012572,0.0,3.308399755042046e-05,0.0068258749961387,1.3061656882834234e-30,100.0,1.0000000000000009
3a904d4c,2026-09-22T00:01:29.199295,NEU-DET,patches,patches_46.jpg,4x4,4,4,8,NEQR,1024,statevector,12,4,8,135,95,67,"{""h"": 4, ""x"": 64, ""mcx"": 67}",0.0010125419939868,0.0009614169975975,0.0,0.0002403749967925,0.0027051670040236,0.0,100.0,1.0
38f65b0c,2026-09-22T00:01:29.202539,NEU-DET,patches,patches_47.jpg,4x4,4,4,8,FRQI,1024,statevector,5,4,1,1092,705,384,"{""h"": 132, ""x"": 64, ""cx"": 384, ""tdg"": 192, ""t"": 256, ""ry"": 64}",0.0010936249891528,0.0042229170067003,0.0,3.0709008569829166e-05,0.0069150000053923,1.281321192000828e-30,100.0,0.9999999999999992
627a9bef,2026-09-22T00:01:29.209470,NEU-DET,patches,patches_47.jpg,4x4,4,4,8,NEQR,1024,statevector,12,4,8,144,104,76,"{""h"": 4, ""x"": 64, ""mcx"": 76}",0.0011295409931335,0.0010012080019805,0.0,0.0002400419907644,0.0028540409984998,0.0,100.0,1.0
8b366ebe,2026-09-22T00:01:29.212860,NEU-DET,patches,patches_48.jpg,4x4,4,4,8,FRQI,1024,statevector,5,4,1,1092,705,384,"{""h"": 132, ""x"": 64, ""cx"": 384, ""tdg"": 192, ""t"": 256, ""ry"": 64}",0.0011649590014712,0.0041467499977443,0.0,3.345799632370472e-05,0.0069027500139782,1.1185801117001066e-30,100.0,0.9999999999999974
aa7b02e1,2026-09-22T00:01:29.219779,NEU-DET,patches,patches_48.jpg,4x4,4,4,8,NEQR,1024,statevector,12,4,8,148,108,80,"{""h"": 4, ""x"": 64, ""mcx"": 80}",0.0010491249995538,0.0010796669957926,0.0,0.0002479169925209,0.0028726250020554,0.0,100.0,1.0
38e0a2ab,2026-09-22T00:01:29.223181,NEU-DET,patches,patches_49.jpg,4x4,4,4,8,FRQI,1024,statevector,5,4,1,1092,705,384,"{""h"": 132, ""x"": 64, ""cx"": 384, ""tdg"": 192, ""t"": 256, ""ry"": 64}",0.0009602920035831,0.0041754999983822,0.0,3.070899401791394e-05,0.0067822920100297,1.695408167106236e-30,100.0,0.9999999999999988
92640c6e,2026-09-22T00:01:29.229983,NEU-DET,patches,patches_49.jpg,4x4,4,4,8,NEQR,1024,statevector,12,4,8,141,101,73,"{""h"": 4, ""x"": 64, ""mcx"": 73}",0.0010194999922532,0.0010294579988112,0.0,0.0002385839907219,0.0027945830079261,0.0,100.0,1.0
077fb903,2026-09-22T00:01:29.233327,NEU-DET,patches,patches_5.jpg,4x4,4,4,8,FRQI,1024,statevector,5,4,1,1092,705,384,"{""h"": 132, ""x"": 64, ""cx"": 384, ""tdg"": 192, ""t"": 256, ""ry"": 64}",0.0009844169981079,0.0044747089996235,0.0,3.0333991162478924e-05,0.0070636659947922,1.2106395630418165e-30,100.0,0.9999999999999988
4250dd6c,2026-09-22T00:01:29.240412,NEU-DET,patches,patches_5.jpg,4x4,4,4,8,NEQR,1024,statevector,12,4,8,135,95,67,"{""h"": 4, ""x"": 64, ""mcx"": 67}",0.0009836249955696,0.000975290997303,0.0,0.0002376670017838,0.0026600829878589,0.0,100.0,1.0
2107936a,2026-09-22T00:01:29.243711,NEU-DET,patches,patches_50.jpg,4x4,4,4,8,FRQI,1024,statevector,5,4,1,1092,705,384,"{""h"": 132, ""x"": 64, ""cx"": 384, ""tdg"": 192, ""t"": 256, ""ry"": 64}",0.0009997090091928,0.0042165000049863,0.0,3.1584000680595636e-05,0.0068418330047279,1.1778987539872334e-30,100.0,1.000000000000001
fd617311,2026-09-22T00:01:29.250573,NEU-DET,patches,patches_50.jpg,4x4,4,4,8,NEQR,1024,statevector,12,4,8,159,119,91,"{""h"": 4, ""x"": 64, ""mcx"": 91}",0.0011111670028185,0.0011328750115353,0.0,0.0002389159926678,0.0030521669978043,0.0,100.0,1.0
2df9b1cb,2026-09-22T00:01:29.254150,NEU-DET,patches,patches_51.jpg,4x4,4,4,8,FRQI,1024,statevector,5,4,1,1092,705,384,"{""h"": 132, ""x"": 64, ""cx"": 384, ""tdg"": 192, ""t"": 256, ""ry"": 64}",0.001000499993097,0.0042087080073542,0.0,3.8124999264255166e-05,0.0068351670051924,1.0584910974352248e-30,100.0,0.9999999999999968
7c377ceb,2026-09-22T00:01:29.261006,NEU-DET,patches,patches_51.jpg,4x4,4,4,8,NEQR,1024,statevector,12,4,8,151,111,83,"{""h"": 4, ""x"": 64, ""mcx"": 83}",0.0010325830080546,0.0010830410028574,0.0,0.0002441669930703,0.0029205839964561,0.0,100.0,1.0
26c15425,2026-09-22T00:01:29.264486,NEU-DET,patches,patches_52.jpg,4x4,4,4,8,FRQI,1024,statevector,5,4,1,1092,705,384,"{""h"": 132, ""x"": 64, ""cx"": 384, ""tdg"": 192, ""t"": 256, ""ry"": 64}",0.0010234580113319,0.0041184580040862,0.0,3.3541000448167324e-05,0.006790458006435,1.6137367004020653e-30,100.0,0.9999999999999994
1c2c1609,2026-09-22T00:01:29.271296,NEU-DET,patches,patches_52.jpg,4x4,4,4,8,NEQR,1024,statevector,12,4,8,131,91,63,"{""h"": 4, ""x"": 64, ""mcx"": 63}",0.0008315000013681,0.0010629169992171,0.0,0.0002431670000078,0.00260595799773,0.0,100.0,1.0
d27809a8,2026-09-22T00:01:29.274434,NEU-DET,patches,patches_53.jpg,4x4,4,4,8,FRQI,1024,statevector,5,4,1,1092,705,384,"{""h"": 132, ""x"": 64, ""cx"": 384, ""tdg"": 192, ""t"": 256, ""ry"": 64}",0.00127004100068,0.004147333005676,0.0,3.3208998502232134e-05,0.0070414999936474,1.2410692561631348e-30,100.0,1.0000000000000004
bb8c9ff2,2026-09-22T00:01:29.281494,NEU-DET,patches,patches_53.jpg,4x4,4,4,8,NEQR,1024,statevector,12,4,8,146,106,78,"{""h"": 4, ""x"": 64, ""mcx"": 78}",0.0011264579952694,0.0010523340024519,0.0,0.0002411669993307,0.0029824579978594,0.0,100.0,1.0
061abbe8,2026-09-22T00:01:29.285037,NEU-DET,patches,patches_54.jpg,4x4,4,4,8,FRQI,1024,statevector,5,4,1,1092,705,384,"{""h"": 132, ""x"": 64, ""cx"": 384, ""tdg"": 192, ""t"": 256, ""ry"": 64}",0.0010279580019414,0.0041935420013032,0.0,2.899998798966408e-05,0.0067967089999001,2.0151005008123652e-30,100.0,0.9999999999999978
8a3fe290,2026-09-22T00:01:29.291855,NEU-DET,patches,patches_54.jpg,4x4,4,4,8,NEQR,1024,statevector,12,4,8,134,94,66,"{""h"": 4, ""x"": 64, ""mcx"": 66}",0.0009515410056337,0.000961500001722,0.0,0.0002400830126134,0.0026272919931216,0.0,100.0,1.0
fa6c0524,2026-09-22T00:01:29.295084,NEU-DET,patches,patches_55.jpg,4x4,4,4,8,FRQI,1024,statevector,5,4,1,1092,705,384,"{""h"": 132, ""x"": 64, ""cx"": 384, ""tdg"": 192, ""t"": 256, ""ry"": 64}",0.0010299999994458,0.0041744170011952,0.0,3.024999750778079e-05,0.0068167080025887,1.4400178194183362e-30,100.0,0.9999999999999988
6c0a462c,2026-09-22T00:01:29.301919,NEU-DET,patches,patches_55.jpg,4x4,4,4,8,NEQR,1024,statevector,12,4,8,155,115,87,"{""h"": 4, ""x"": 64, ""mcx"": 87}",0.0010744589962996,0.0010639579995768,0.0,0.0002397909993305,0.0028690000035567,0.0,100.0,1.0
da7ed2d4,2026-09-22T00:01:29.305318,NEU-DET,patches,patches_56.jpg,4x4,4,4,8,FRQI,1024,statevector,5,4,1,1092,705,384,"{""h"": 132, ""x"": 64, ""cx"": 384, ""tdg"": 192, ""t"": 256, ""ry"": 64}",0.0010063749941764,0.0041651250066934,0.0,3.0584007618017495e-05,0.0068009579990757,1.0440466228523206e-30,100.0,1.0
0f917a61,2026-09-22T00:01:29.312139,NEU-DET,patches,patches_56.jpg,4x4,4,4,8,NEQR,1024,statevector,12,4,8,132,92,64,"{""h"": 4, ""x"": 64, ""mcx"": 64}",0.000819084001705,0.0009396660025231,0.0,0.0002393330069025,0.0024326669954461,0.0,100.0,1.0
92997bd7,2026-09-22T00:01:29.315077,NEU-DET,patches,patches_57.jpg,4x4,4,4,8,FRQI,1024,statevector,5,4,1,1092,705,384,"{""h"": 132, ""x"": 64, ""cx"": 384, ""tdg"": 192, ""t"": 256, ""ry"": 64}",0.0010031249985331,0.0041327499930048,0.0,3.4083001082763076e-05,0.0070125420024851,1.5808032983530432e-30,100.0,0.9999999999999968
e9d64a85,2026-09-22T00:01:29.322107,NEU-DET,patches,patches_57.jpg,4x4,4,4,8,NEQR,1024,statevector,12,4,8,153,113,85,"{""h"": 4, ""x"": 64, ""mcx"": 85}",0.0011054999922635,0.0011277919984422,0.0,0.0002384580002399,0.0029771670087939,0.0,100.0,1.0
e4b187b7,2026-09-22T00:01:29.325596,NEU-DET,patches,patches_58.jpg,4x4,4,4,8,FRQI,1024,statevector,5,4,1,1092,705,384,"{""h"": 132, ""x"": 64, ""cx"": 384, ""tdg"": 192, ""t"": 256, ""ry"": 64}",0.0009769580065039,0.0041224169981433,0.0,3.024999750778079e-05,0.0066962499986402,1.0267132533528354e-30,100.0,1.0000000000000024
bda7f991,2026-09-22T00:01:29.332307,NEU-DET,patches,patches_58.jpg,4x4,4,4,8,NEQR,1024,statevector,12,4,8,147,107,79,"{""h"": 4, ""x"": 64, ""mcx"": 79}",0.0010360840096836,0.0010453750001033,0.0,0.0002405410050414,0.0027994999982183,0.0,100.0,1.0
0f5f2060,2026-09-22T00:01:29.335614,NEU-DET,patches,patches_59.jpg,4x4,4,4,8,FRQI,1024,statevector,5,4,1,1092,705,384,"{""h"": 132, ""x"": 64, ""cx"": 384, ""tdg"": 192, ""t"": 256, ""ry"": 64}",0.0009733750048326,0.0041721250017872,0.0,3.054099215660244e-05,0.0067385830043349,9.568019963715788e-31,100.0,1.000000000000003
0260652c,2026-09-22T00:01:29.342371,NEU-DET,patches,patches_59.jpg,4x4,4,4,8,NEQR,1024,statevector,12,4,8,148,108,80,"{""h"": 4, ""x"": 64, ""mcx"": 80}",0.0012101250031264,0.001046250006766,0.0,0.0002421250101178,0.0030511250079143,0.0,100.0,1.0
b34f6d3e,2026-09-22T00:01:29.346004,NEU-DET,patches,patches_6.jpg,4x4,4,4,8,FRQI,1024,statevector,5,4,1,1092,705,384,"{""h"": 132, ""x"": 64, ""cx"": 384, ""tdg"": 192, ""t"": 256, ""ry"": 64}",0.0010092920128954,0.004216749992338,0.0,2.9542003176175054e-05,0.006827292003436,1.6153255926061844e-30,100.0,1.0000000000000004
e3585a2a,2026-09-22T00:01:29.352852,NEU-DET,patches,patches_6.jpg,4x4,4,4,8,NEQR,1024,statevector,12,4,8,126,86,58,"{""h"": 4, ""x"": 64, ""mcx"": 58}",0.0007753329991828,0.0009034999966388,0.0,0.000261249995674,0.0024150410026777,0.0,100.0,1.0
3bd75905,2026-09-22T00:01:29.355786,NEU-DET,patches,patches_60.jpg,4x4,4,4,8,FRQI,1024,statevector,5,4,1,1092,705,384,"{""h"": 132, ""x"": 64, ""cx"": 384, ""tdg"": 192, ""t"": 256, ""ry"": 64}",0.0009545420034555,0.0041989999881479,0.0,3.108401142526418e-05,0.0067539160081651,1.305010130316791e-30,100.0,0.9999999999999988
a8292f8c,2026-09-22T00:01:29.362563,NEU-DET,patches,patches_60.jpg,4x4,4,4,8,NEQR,1024,statevector,12,4,8,145,105,77,"{""h"": 4, ""x"": 64, ""mcx"": 77}",0.0011811250005848,0.0010893339931499,0.0,0.0002497499954188,0.0030846250010654,0.0,100.0,1.0
6b6411e1,2026-09-22T00:01:29.366213,NEU-DET,patches,patches_61.jpg,4x4,4,4,8,FRQI,1024,statevector,5,4,1,1092,705,384,"{""h"": 132, ""x"": 64, ""cx"": 384, ""tdg"": 192, ""t"": 256, ""ry"": 64}",0.0010557500063441,0.0041464580135652,0.0,2.933401265181601e-05,0.0068175839987816,9.429353007719908e-31,100.0,0.9999999999999928
0d28add8,2026-09-22T00:01:29.373052,NEU-DET,patches,patches_61.jpg,4x4,4,4,8,NEQR,1024,statevector,12,4,8,138,98,70,"{""h"": 4, ""x"": 64, ""mcx"": 70}",0.000911166993319,0.0010354999976698,0.0,0.0002387919957982,0.0026295830029994,0.0,100.0,1.0
a47abff4,2026-09-22T00:01:29.376289,NEU-DET,patches,patches_62.jpg,4x4,4,4,8,FRQI,1024,statevector,5,4,1,1092,705,384,"{""h"": 132, ""x"": 64, ""cx"": 384, ""tdg"": 192, ""t"": 256, ""ry"": 64}",0.0010678329999791,0.0041831670096144,0.0,3.0041992431506515e-05,0.0069059169909451,1.0446244018356367e-30,100.0,1.0000000000000049
1206d2e8,2026-09-22T00:01:29.383211,NEU-DET,patches,patches_62.jpg,4x4,4,4,8,NEQR,1024,statevector,12,4,8,138,98,70,"{""h"": 4, ""x"": 64, ""mcx"": 70}",0.0008931670017773,0.0009899169963318,0.0,0.0002399579971097,0.0026039999938802,0.0,100.0,1.0
5a217cd7,2026-09-22T00:01:29.386394,NEU-DET,patches,patches_63.jpg,4x4,4,4,8,FRQI,1024,statevector,5,4,1,1092,705,384,"{""h"": 132, ""x"": 64, ""cx"": 384, ""tdg"": 192, ""t"": 256, ""ry"": 64}",0.0010381250031059,0.0041871249995892,0.0,3.0208000680431724e-05,0.0068169580044923,1.488358661022456e-30,100.0,0.9999999999999928
6ac6e6d6,2026-09-22T00:01:29.393234,NEU-DET,patches,patches_63.jpg,4x4,4,4,8,NEQR,1024,statevector,12,4,8,141,101,73,"{""h"": 4, ""x"": 64, ""mcx"": 73}",0.0012936249986523,0.0009936670103343,0.0,0.0002404999977443,0.003083957999479,0.0,100.0,1.0
e3ae4233,2026-09-22T00:01:29.396864,NEU-DET,patches,patches_64.jpg,4x4,4,4,8,FRQI,1024,statevector,5,4,1,1092,705,384,"{""h"": 132, ""x"": 64, ""cx"": 384, ""tdg"": 192, ""t"": 256, ""ry"": 64}",0.0010292919905623,0.0041970830061472,0.0,2.9166010790504515e-05,0.0068570839939638,1.610077433507729e-30,100.0,0.9999999999999996
d7548e11,2026-09-22T00:01:29.403740,NEU-DET,patches,patches_64.jpg,4x4,4,4,8,NEQR,1024,statevector,12,4,8,129,89,61,"{""h"": 4, ""x"": 64, ""mcx"": 61}",0.0008105419983621,0.0009089999948628,0.0,0.0002390840090811,0.0023774590081302,0.0,100.0,1.0
8aecba7d,2026-09-22T00:01:29.406610,NEU-DET,patches,patches_65.jpg,4x4,4,4,8,FRQI,1024,statevector,5,4,1,1092,705,384,"{""h"": 132, ""x"": 64, ""cx"": 384, ""tdg"": 192, ""t"": 256, ""ry"": 64}",0.0010963340027956,0.0041556659998605,0.0,3.6958008422516286e-05,0.006870915996842,2.2874751431973297e-30,100.0,1.0
e93ba17a,2026-09-22T00:01:29.413499,NEU-DET,patches,patches_65.jpg,4x4,4,4,8,NEQR,1024,statevector,12,4,8,124,84,56,"{""h"": 4, ""x"": 64, ""mcx"": 56}",0.0007456660096067,0.0008620000007795,0.0,0.0002427090075798,0.0023477920040022,0.0,100.0,1.0
0adaacec,2026-09-22T00:01:29.416424,NEU-DET,patches,patches_66.jpg,4x4,4,4,8,FRQI,1024,statevector,5,4,1,1092,705,384,"{""h"": 132, ""x"": 64, ""cx"": 384, ""tdg"": 192, ""t"": 256, ""ry"": 64}",0.0009946250065695,0.0041197090031346,0.0,3.0166993383318182e-05,0.0067271249863551,1.041735506919056e-30,100.0,0.9999999999999982
133897dc,2026-09-22T00:01:29.423172,NEU-DET,patches,patches_66.jpg,4x4,4,4,8,NEQR,1024,statevector,12,4,8,132,92,64,"{""h"": 4, ""x"": 64, ""mcx"": 64}",0.0008680409955559,0.001018249997287,0.0,0.0002503329887986,0.0025880839966703,0.0,100.0,1.0
91b4ed24,2026-09-22T00:01:29.426300,NEU-DET,patches,patches_67.jpg,4x4,4,4,8,FRQI,1024,statevector,5,4,1,1092,705,384,"{""h"": 132, ""x"": 64, ""cx"": 384, ""tdg"": 192, ""t"": 256, ""ry"": 64}",0.0009790420008357,0.0042377909994684,0.0,3.366700548212975e-05,0.0068445829965639,1.5157068662327546e-30,100.0,1.0000000000000009
cae015d7,2026-09-22T00:01:29.433163,NEU-DET,patches,patches_67.jpg,4x4,4,4,8,NEQR,1024,statevector,12,4,8,136,96,68,"{""h"": 4, ""x"": 64, ""mcx"": 68}",0.0008934159995988,0.0010334999969927,0.0,0.0002406249986961,0.0026347079983679,0.0,100.0,1.0
a7418fe6,2026-09-22T00:01:29.436352,NEU-DET,patches,patches_68.jpg,4x4,4,4,8,FRQI,1024,statevector,5,4,1,1092,705,384,"{""h"": 132, ""x"": 64, ""cx"": 384, ""tdg"": 192, ""t"": 256, ""ry"": 64}",0.0010553750034887,0.0042196249996777,0.0,2.9666000045835972e-05,0.0068762089940719,1.6520627062953713e-30,100.0,1.000000000000005
9ab72c68,2026-09-22T00:01:29.443247,NEU-DET,patches,patches_68.jpg,4x4,4,4,8,NEQR,1024,statevector,12,4,8,137,97,69,"{""h"": 4, ""x"": 64, ""mcx"": 69}",0.0009384590084664,0.0010045420058304,0.0,0.0002428750012768,0.0026577910030027,0.0,100.0,1.0
7a8349bd,2026-09-22T00:01:29.446495,NEU-DET,patches,patches_69.jpg,4x4,4,4,8,FRQI,1024,statevector,5,4,1,1092,705,384,"{""h"": 132, ""x"": 64, ""cx"": 384, ""tdg"": 192, ""t"": 256, ""ry"": 64}",0.001102540991269,0.0041933750035241,0.0,2.8582988306879997e-05,0.0068858750018989,1.2451137090463482e-30,100.0,0.999999999999988
81d9c94b,2026-09-22T00:01:29.453400,NEU-DET,patches,patches_69.jpg,4x4,4,4,8,NEQR,1024,statevector,12,4,8,139,99,71,"{""h"": 4, ""x"": 64, ""mcx"": 71}",0.0008909589960239,0.0010053750011138,0.0,0.000241375004407,0.0025841659953584,0.0,100.0,1.0
8eef94e3,2026-09-22T00:01:29.456617,NEU-DET,patches,patches_7.jpg,4x4,4,4,8,FRQI,1024,statevector,5,4,1,1092,705,384,"{""h"": 132, ""x"": 64, ""cx"": 384, ""tdg"": 192, ""t"": 256, ""ry"": 64}",0.0010029999975813,0.0042945830064127,0.0,3.237499913666397e-05,0.0069432909949682,2.3089643084049383e-30,100.0,1.0000000000000002
552be453,2026-09-22T00:01:29.463581,NEU-DET,patches,patches_7.jpg,4x4,4,4,8,NEQR,1024,statevector,12,4,8,132,92,64,"{""h"": 4, ""x"": 64, ""mcx"": 64}",0.0009470000077271,0.0009496250131633,0.0,0.0002423330006422,0.0026477909996174,0.0,100.0,1.0
6d72fe0b,2026-09-22T00:01:29.466846,NEU-DET,patches,patches_70.jpg,4x4,4,4,8,FRQI,1024,statevector,5,4,1,1092,705,384,"{""h"": 132, ""x"": 64, ""cx"": 384, ""tdg"": 192, ""t"": 256, ""ry"": 64}",0.0010502499935682,0.0044659159902948,0.0,3.374999505467713e-05,0.0071342089941026,1.8138408216238987e-30,100.0,1.0
9fd255c1,2026-09-22T00:01:29.474004,NEU-DET,patches,patches_70.jpg,4x4,4,4,8,NEQR,1024,statevector,12,4,8,126,86,58,"{""h"": 4, ""x"": 64, ""mcx"": 58}",0.0008643749897601,0.0009470410004723,0.0,0.0002407499996479,0.0027744999970309,0.0,100.0,1.0
c01fa54c,2026-09-22T00:01:29.477342,NEU-DET,patches,patches_71.jpg,4x4,4,4,8,FRQI,1024,statevector,5,4,1,1092,705,384,"{""h"": 132, ""x"": 64, ""cx"": 384, ""tdg"": 192, ""t"": 256, ""ry"": 64}",0.0014367910043802,0.0046124170039547,0.0,3.4249998861923814e-05,0.008300458008307,1.6764377571540222e-30,100.0,0.9999999999999996
b3c67429,2026-09-22T00:01:29.485666,NEU-DET,patches,patches_71.jpg,4x4,4,4,8,NEQR,1024,statevector,12,4,8,129,89,61,"{""h"": 4, ""x"": 64, ""mcx"": 61}",0.0008174579998012,0.0009370000043418,0.0,0.0002432500041322,0.0024580830067861,0.0,100.0,1.0
b3139bee,2026-09-22T00:01:29.488698,NEU-DET,patches,patches_72.jpg,4x4,4,4,8,FRQI,1024,statevector,5,4,1,1092,705,384,"{""h"": 132, ""x"": 64, ""cx"": 384, ""tdg"": 192, ""t"": 256, ""ry"": 64}",0.0010501250071683,0.0041419999906793,0.0,3.1916992156766355e-05,0.0068351660011103,1.9230891977192647e-30,100.0,0.9999999999999996
0ece4499,2026-09-22T00:01:29.495558,NEU-DET,patches,patches_72.jpg,4x4,4,4,8,NEQR,1024,statevector,12,4,8,128,88,60,"{""h"": 4, ""x"": 64, ""mcx"": 60}",0.0008991670038085,0.0009414169908268,0.0,0.0002387920103501,0.0025190000014845,0.0,100.0,1.0
99e88078,2026-09-22T00:01:29.498632,NEU-DET,patches,patches_73.jpg,4x4,4,4,8,FRQI,1024,statevector,5,4,1,1092,705,384,"{""h"": 132, ""x"": 64, ""cx"": 384, ""tdg"": 192, ""t"": 256, ""ry"": 64}",0.001059415997588,0.0041481670050416,0.0,2.995799877680838e-05,0.006791042003897,1.5053068445330635e-30,100.0,1.000000000000004
67ff3848,2026-09-22T00:01:29.505438,NEU-DET,patches,patches_73.jpg,4x4,4,4,8,NEQR,1024,statevector,12,4,8,128,88,60,"{""h"": 4, ""x"": 64, ""mcx"": 60}",0.0007999579975148,0.0009315830102423,0.0,0.0002397500065853,0.0023894580081105,0.0,100.0,1.0
99b1f9db,2026-09-22T00:01:29.508361,NEU-DET,patches,patches_74.jpg,4x4,4,4,8,FRQI,1024,statevector,5,4,1,1092,705,384,"{""h"": 132, ""x"": 64, ""cx"": 384, ""tdg"": 192, ""t"": 256, ""ry"": 64}",0.0010289589990861,0.0041267079941462,0.0,2.8584006940945983e-05,0.0067667920084204,1.9344521843911497e-30,100.0,1.0
91fb3ccf,2026-09-22T00:01:29.515144,NEU-DET,patches,patches_74.jpg,4x4,4,4,8,NEQR,1024,statevector,12,4,8,125,85,57,"{""h"": 4, ""x"": 64, ""mcx"": 57}",0.0008401669911108,0.0008924589928938,0.0,0.0002377909986535,0.0024467499897582,0.0,100.0,1.0
799b7085,2026-09-22T00:01:29.518152,NEU-DET,patches,patches_75.jpg,4x4,4,4,8,FRQI,1024,statevector,5,4,1,1092,705,384,"{""h"": 132, ""x"": 64, ""cx"": 384, ""tdg"": 192, ""t"": 256, ""ry"": 64}",0.0010714160016505,0.0041568339947843,0.0,2.9000002541579303e-05,0.0068585830013034,1.8359890159843523e-30,100.0,1.000000000000002
a77e131b,2026-09-22T00:01:29.525026,NEU-DET,patches,patches_75.jpg,4x4,4,4,8,NEQR,1024,statevector,12,4,8,133,93,65,"{""h"": 4, ""x"": 64, ""mcx"": 65}",0.0008766660030232,0.0009899590077111,0.0,0.000239708009758,0.0026392500003566,0.0,100.0,1.0
a0123062,2026-09-22T00:01:29.528222,NEU-DET,patches,patches_76.jpg,4x4,4,4,8,FRQI,1024,statevector,5,4,1,1092,705,384,"{""h"": 132, ""x"": 64, ""cx"": 384, ""tdg"": 192, ""t"": 256, ""ry"": 64}",0.0009996250009862,0.0041608330066083,0.0,2.995900285895914e-05,0.0067670829885173,1.4144029511579862e-30,100.0,0.9999999999999994
688d6262,2026-09-22T00:01:29.535009,NEU-DET,patches,patches_76.jpg,4x4,4,4,8,NEQR,1024,statevector,12,4,8,135,95,67,"{""h"": 4, ""x"": 64, ""mcx"": 67}",0.0008782500080997,0.0009760829998413,0.0,0.0002445839927531,0.0025383330066688,0.0,100.0,1.0
2c7bd562,2026-09-22T00:01:29.538179,NEU-DET,patches,patches_77.jpg,4x4,4,4,8,FRQI,1024,statevector,5,4,1,1092,705,384,"{""h"": 132, ""x"": 64, ""cx"": 384, ""tdg"": 192, ""t"": 256, ""ry"": 64}",0.0012542909971671,0.0041437079926254,0.0,3.1499992473982275e-05,0.0070163750060601,1.3677954465038147e-30,100.0,0.9999999999999992
e69d64bb,2026-09-22T00:01:29.545218,NEU-DET,patches,patches_77.jpg,4x4,4,4,8,NEQR,1024,statevector,12,4,8,125,85,57,"{""h"": 4, ""x"": 64, ""mcx"": 57}",0.0008723750070203,0.0009254169999621,0.0,0.0002341249928576,0.0024800000101095,0.0,100.0,1.0
9de1d8e6,2026-09-22T00:01:29.548266,NEU-DET,patches,patches_78.jpg,4x4,4,4,8,FRQI,1024,statevector,5,4,1,1092,705,384,"{""h"": 132, ""x"": 64, ""cx"": 384, ""tdg"": 192, ""t"": 256, ""ry"": 64}",0.0010419169993838,0.0043688329897122,0.0,3.1333998776972294e-05,0.0070167079975362,1.1790543119538658e-30,100.0,1.0000000000000009
eaa642c3,2026-09-22T00:01:29.555303,NEU-DET,patches,patches_78.jpg,4x4,4,4,8,NEQR,1024,statevector,12,4,8,133,93,65,"{""h"": 4, ""x"": 64, ""mcx"": 65}",0.0008632499957457,0.0009632910077925,0.0,0.0002739580086199,0.0025530419952701,0.0,100.0,1.0
440ce06b,2026-09-22T00:01:29.558364,NEU-DET,patches,patches_79.jpg,4x4,4,4,8,FRQI,1024,statevector,5,4,1,1092,705,384,"{""h"": 132, ""x"": 64, ""cx"": 384, ""tdg"": 192, ""t"": 256, ""ry"": 64}",0.0010053330042865,0.0042097499972442,0.0,3.4249998861923814e-05,0.0070378329983213,1.0765948389124648e-30,100.0,0.9999999999999988
98adcd0f,2026-09-22T00:01:29.565420,NEU-DET,patches,patches_79.jpg,4x4,4,4,8,NEQR,1024,statevector,12,4,8,131,91,63,"{""h"": 4, ""x"": 64, ""mcx"": 63}",0.0009294170013163,0.0009845000022323,0.0,0.0002382090024184,0.0026101670082425,0.0,100.0,1.0
6efd9a41,2026-09-22T00:01:29.568564,NEU-DET,patches,patches_8.jpg,4x4,4,4,8,FRQI,1024,statevector,5,4,1,1092,705,384,"{""h"": 132, ""x"": 64, ""cx"": 384, ""tdg"": 192, ""t"": 256, ""ry"": 64}",0.0010470409906702,0.0042024580034194,0.0,2.8624999686144292e-05,0.0068481250054901,1.591973692030489e-30,100.0,0.999999999999998
e9f8ae80,2026-09-22T00:01:29.575433,NEU-DET,patches,patches_8.jpg,4x4,4,4,8,NEQR,1024,statevector,12,4,8,130,90,62,"{""h"": 4, ""x"": 64, ""mcx"": 62}",0.0009418749978067,0.000969291999354,0.0,0.0002601660089567,0.0027401669940445,0.0,100.0,1.0
0a009736,2026-09-22T00:01:29.578711,NEU-DET,patches,patches_80.jpg,4x4,4,4,8,FRQI,1024,statevector,5,4,1,1092,705,384,"{""h"": 132, ""x"": 64, ""cx"": 384, ""tdg"": 192, ""t"": 256, ""ry"": 64}",0.0010007499950006,0.0041407919925404,0.0,3.316700167488307e-05,0.0067760420060949,1.249928533907316e-30,100.0,0.9999999999999962
b2eb0f45,2026-09-22T00:01:29.585508,NEU-DET,patches,patches_80.jpg,4x4,4,4,8,NEQR,1024,statevector,12,4,8,125,85,57,"{""h"": 4, ""x"": 64, ""mcx"": 57}",0.0007525420078309,0.0009092499967664,0.0,0.0002357920020585,0.002337666999665,0.0,100.0,1.0
edf6ce8a,2026-09-22T00:01:29.588450,NEU-DET,patches,patches_81.jpg,4x4,4,4,8,FRQI,1024,statevector,5,4,1,1092,705,384,"{""h"": 132, ""x"": 64, ""cx"": 384, ""tdg"": 192, ""t"": 256, ""ry"": 64}",0.0010440409969305,0.0041666250035632,0.0,3.2665993785485625e-05,0.0068194589985068,1.4018844065194692e-30,100.0,1.0
ff5a91bd,2026-09-22T00:01:29.595291,NEU-DET,patches,patches_81.jpg,4x4,4,4,8,NEQR,1024,statevector,12,4,8,136,96,68,"{""h"": 4, ""x"": 64, ""mcx"": 68}",0.00088441700791,0.0009697920031612,0.0,0.0002393750037299,0.0025560420035617,0.0,100.0,1.0
07beaa9f,2026-09-22T00:01:29.598406,NEU-DET,patches,patches_82.jpg,4x4,4,4,8,FRQI,1024,statevector,5,4,1,1092,705,384,"{""h"": 132, ""x"": 64, ""cx"": 384, ""tdg"": 192, ""t"": 256, ""ry"": 64}",0.0010516659967834,0.0040781249990686,0.0,2.8416005079634488e-05,0.006727874992066,1.1156912167835256e-30,100.0,0.9999999999999978
5d02341e,2026-09-22T00:01:29.605153,NEU-DET,patches,patches_82.jpg,4x4,4,4,8,NEQR,1024,statevector,12,4,8,140,100,72,"{""h"": 4, ""x"": 64, ""mcx"": 72}",0.0009104589989874,0.000965332990745,0.0,0.0002407919964753,0.0025551250000717,0.0,100.0,1.0
e4b7d34c,2026-09-22T00:01:29.608266,NEU-DET,patches,patches_83.jpg,4x4,4,4,8,FRQI,1024,statevector,5,4,1,1092,705,384,"{""h"": 132, ""x"": 64, ""cx"": 384, ""tdg"": 192, ""t"": 256, ""ry"": 64}",0.0010920839995378,0.0041679169953567,0.0,2.849999873433262e-05,0.0068764579918934,1.5303439338100976e-30,100.0,1.0000000000000018
49f7a26a,2026-09-22T00:01:29.615164,NEU-DET,patches,patches_83.jpg,4x4,4,4,8,NEQR,1024,statevector,12,4,8,136,96,68,"{""h"": 4, ""x"": 64, ""mcx"": 68}",0.000878457998624,0.0009995830041589,0.0,0.0002370419970247,0.0025568749988451,0.0,100.0,1.0
55d63756,2026-09-22T00:01:29.618245,NEU-DET,patches,patches_84.jpg,4x4,4,4,8,FRQI,1024,statevector,5,4,1,1092,705,384,"{""h"": 132, ""x"": 64, ""cx"": 384, ""tdg"": 192, ""t"": 256, ""ry"": 64}",0.001054791995557,0.004187250000541,0.0,3.112500417046249e-05,0.0068466660013655,1.6464775094566483e-30,100.0,0.9999999999999996
9e282771,2026-09-22T00:01:29.625112,NEU-DET,patches,patches_84.jpg,4x4,4,4,8,NEQR,1024,statevector,12,4,8,131,91,63,"{""h"": 4, ""x"": 64, ""mcx"": 63}",0.00107683299575,0.0009935830021277,0.0,0.0002370000001974,0.002836333005689,0.0,100.0,1.0
c75c1d2e,2026-09-22T00:01:29.628585,NEU-DET,patches,patches_85.jpg,4x4,4,4,8,FRQI,1024,statevector,5,4,1,1092,705,384,"{""h"": 132, ""x"": 64, ""cx"": 384, ""tdg"": 192, ""t"": 256, ""ry"": 64}",0.0009906250052154,0.0044552500039571,0.0,3.270900924690068e-05,0.0070665829989593,1.7828814977678743e-30,100.0,1.0000000000000004
736ca919,2026-09-22T00:01:29.635675,NEU-DET,patches,patches_85.jpg,4x4,4,4,8,NEQR,1024,statevector,12,4,8,139,99,71,"{""h"": 4, ""x"": 64, ""mcx"": 71}",0.000908417001483,0.0010214159992756,0.0,0.000237542000832,0.0026771249977173,0.0,100.0,1.0
75322c2a,2026-09-22T00:01:29.638891,NEU-DET,patches,patches_86.jpg,4x4,4,4,8,FRQI,1024,statevector,5,4,1,1092,705,384,"{""h"": 132, ""x"": 64, ""cx"": 384, ""tdg"": 192, ""t"": 256, ""ry"": 64}",0.0009752080077305,0.0041538749937899,0.0,2.9000002541579303e-05,0.0067678329942282,1.852552013506082e-30,100.0,0.9999999999999992
a8077e65,2026-09-22T00:01:29.645679,NEU-DET,patches,patches_86.jpg,4x4,4,4,8,NEQR,1024,statevector,12,4,8,146,106,78,"{""h"": 4, ""x"": 64, ""mcx"": 78}",0.0009717079956317,0.0010628339950926,0.0,0.0002385420084465,0.0027823339914903,0.0,100.0,1.0
61b89dab,2026-09-22T00:01:29.649015,NEU-DET,patches,patches_87.jpg,4x4,4,4,8,FRQI,1024,statevector,5,4,1,1092,705,384,"{""h"": 132, ""x"": 64, ""cx"": 384, ""tdg"": 192, ""t"": 256, ""ry"": 64}",0.0010007920063799,0.0042006250005215,0.0,3.037499845959246e-05,0.0068000000028405,1.1004763702228666e-30,100.0,0.999999999999998
24187dfa,2026-09-22T00:01:29.655835,NEU-DET,patches,patches_87.jpg,4x4,4,4,8,NEQR,1024,statevector,12,4,8,130,90,62,"{""h"": 4, ""x"": 64, ""mcx"": 62}",0.0008067080052569,0.0009912920068018,0.0,0.0002458749950164,0.0024872920039342,0.0,100.0,1.0
c14c72c9,2026-09-22T00:01:29.658865,NEU-DET,patches,patches_88.jpg,4x4,4,4,8,FRQI,1024,statevector,5,4,1,1092,705,384,"{""h"": 132, ""x"": 64, ""cx"": 384, ""tdg"": 192, ""t"": 256, ""ry"": 64}",0.0010154159972444,0.0042068749899044,0.0,3.120899782516062e-05,0.0068243750138208,1.7845666864692127e-30,100.0,0.9999999999999992
b3b25d05,2026-09-22T00:01:29.665710,NEU-DET,patches,patches_88.jpg,4x4,4,4,8,NEQR,1024,statevector,12,4,8,127,87,59,"{""h"": 4, ""x"": 64, ""mcx"": 59}",0.0007893329893704,0.0009217499900842,0.0,0.0002358749916311,0.0024109579971991,0.0,100.0,1.0
344c9592,2026-09-22T00:01:29.668700,NEU-DET,patches,patches_89.jpg,4x4,4,4,8,FRQI,1024,statevector,5,4,1,1092,705,384,"{""h"": 132, ""x"": 64, ""cx"": 384, ""tdg"": 192, ""t"": 256, ""ry"": 64}",0.0011930839973501,0.0042303340014768,0.0,3.108300734311342e-05,0.0070360419922508,1.597414444123383e-30,100.0,1.0000000000000004
c07dc958,2026-09-22T00:01:29.675758,NEU-DET,patches,patches_89.jpg,4x4,4,4,8,NEQR,1024,statevector,12,4,8,137,97,69,"{""h"": 4, ""x"": 64, ""mcx"": 69}",0.000943457998801,0.001011667001876,0.0,0.0002397089992882,0.0026866660045925,0.0,100.0,1.0
dc06654c,2026-09-22T00:01:29.678974,NEU-DET,patches,patches_9.jpg,4x4,4,4,8,FRQI,1024,statevector,5,4,1,1092,705,384,"{""h"": 132, ""x"": 64, ""cx"": 384, ""tdg"": 192, ""t"": 256, ""ry"": 64}",0.0009785000002011,0.004223166994052,0.0,2.9292001272551715e-05,0.0067773340124404,1.4533067360346082e-30,100.0,0.9999999999999998
49c0dfb3,2026-09-22T00:01:29.685769,NEU-DET,patches,patches_9.jpg,4x4,4,4,8,NEQR,1024,statevector,12,4,8,141,101,73,"{""h"": 4, ""x"": 64, ""mcx"": 73}",0.0009802499989746,0.0010567080025793,0.0,0.0002380000078119,0.0027418329991633,0.0,100.0,1.0
5a0f76d3,2026-09-22T00:01:29.689073,NEU-DET,patches,patches_90.jpg,4x4,4,4,8,FRQI,1024,statevector,5,4,1,1092,705,384,"{""h"": 132, ""x"": 64, ""cx"": 384, ""tdg"": 192, ""t"": 256, ""ry"": 64}",0.0010589159937808,0.0041619159892434,0.0,2.9874994652345777e-05,0.006818124995334,1.1375023734037112e-30,100.0,1.0000000000000022
33e31f7f,2026-09-22T00:01:29.695910,NEU-DET,patches,patches_90.jpg,4x4,4,4,8,NEQR,1024,statevector,12,4,8,134,94,66,"{""h"": 4, ""x"": 64, ""mcx"": 66}",0.0008479579992126,0.0009614579903427,0.0,0.0002474170032655,0.0025620829983381,0.0,100.0,1.0
ca8f14ef,2026-09-22T00:01:29.698960,NEU-DET,patches,patches_91.jpg,4x4,4,4,8,FRQI,1024,statevector,5,4,1,1092,705,384,"{""h"": 132, ""x"": 64, ""cx"": 384, ""tdg"": 192, ""t"": 256, ""ry"": 64}",0.0009774999925866,0.0040950840048026,0.0,2.9542003176175054e-05,0.0066430419974494,1.5643365973285325e-30,100.0,0.9999999999999996
282c89eb,2026-09-22T00:01:29.705620,NEU-DET,patches,patches_91.jpg,4x4,4,4,8,NEQR,1024,statevector,12,4,8,134,94,66,"{""h"": 4, ""x"": 64, ""mcx"": 66}",0.0008659999875817,0.0009462919988436,0.0,0.0002684159990167,0.0025567500124452,0.0,100.0,1.0
220b5b4f,2026-09-22T00:01:29.708688,NEU-DET,patches,patches_92.jpg,4x4,4,4,8,FRQI,1024,statevector,5,4,1,1092,705,384,"{""h"": 132, ""x"": 64, ""cx"": 384, ""tdg"": 192, ""t"": 256, ""ry"": 64}",0.000973416987108,0.0044602499983739,0.0,3.3500007702969015e-05,0.0070565839996561,1.5496032332539698e-30,100.0,1.000000000000003
9bef100c,2026-09-22T00:01:29.715766,NEU-DET,patches,patches_92.jpg,4x4,4,4,8,NEQR,1024,statevector,12,4,8,130,90,62,"{""h"": 4, ""x"": 64, ""mcx"": 62}",0.0008523330034222,0.0009747080039232,0.0,0.0002409579901723,0.0025700420083012,0.0,100.0,1.0
732c7557,2026-09-22T00:01:29.718967,NEU-DET,patches,patches_93.jpg,4x4,4,4,8,FRQI,1024,statevector,5,4,1,1092,705,384,"{""h"": 132, ""x"": 64, ""cx"": 384, ""tdg"": 192, ""t"": 256, ""ry"": 64}",0.0010232500062556,0.0042342910019215,0.0,3.0458002584055063e-05,0.0068541660002665,1.4308696521824969e-30,100.0,1.0000000000000009
c74b2d02,2026-09-22T00:01:29.725842,NEU-DET,patches,patches_93.jpg,4x4,4,4,8,NEQR,1024,statevector,12,4,8,130,90,62,"{""h"": 4, ""x"": 64, ""mcx"": 62}",0.0008621669985586,0.0009345420112367,0.0,0.0002380419900873,0.0024613339919596,0.0,100.0,1.0
721a8ca2,2026-09-22T00:01:29.728836,NEU-DET,patches,patches_94.jpg,4x4,4,4,8,FRQI,1024,statevector,5,4,1,1092,705,384,"{""h"": 132, ""x"": 64, ""cx"": 384, ""tdg"": 192, ""t"": 256, ""ry"": 64}",0.0010291669896105,0.0042010000033769,0.0,2.89169984171167e-05,0.0068287079920992,1.2148766089194684e-30,100.0,0.9999999999999696
ce58c4da,2026-09-22T00:01:29.735681,NEU-DET,patches,patches_94.jpg,4x4,4,4,8,NEQR,1024,statevector,12,4,8,143,103,75,"{""h"": 4, ""x"": 64, ""mcx"": 75}",0.0009399170085089,0.0010199999960605,0.0,0.0002379579964326,0.0026494999910937,0.0,100.0,1.0
4b99cb93,2026-09-22T00:01:29.738898,NEU-DET,patches,patches_95.jpg,4x4,4,4,8,FRQI,1024,statevector,5,4,1,1092,705,384,"{""h"": 132, ""x"": 64, ""cx"": 384, ""tdg"": 192, ""t"": 256, ""ry"": 64}",0.0011578330013435,0.0041987909935414,0.0,3.129200194962323e-05,0.007008707994828,1.617781153285278e-30,100.0,1.0000000000000004
28f273cb,2026-09-22T00:01:29.745926,NEU-DET,patches,patches_95.jpg,4x4,4,4,8,NEQR,1024,statevector,12,4,8,138,98,70,"{""h"": 4, ""x"": 64, ""mcx"": 70}",0.0010927080002147,0.0010225000005448,0.0,0.0002440829994156,0.0028220840031281,0.0,100.0,1.0
dc8b76cf,2026-09-22T00:01:29.749265,NEU-DET,patches,patches_96.jpg,4x4,4,4,8,FRQI,1024,statevector,5,4,1,1092,705,384,"{""h"": 132, ""x"": 64, ""cx"": 384, ""tdg"": 192, ""t"": 256, ""ry"": 64}",0.0009821250132517,0.0041305839986307,0.0,2.8291993658058345e-05,0.0066976249945582,2.3647530822158675e-30,100.0,0.9999999999999992
e0544759,2026-09-22T00:01:29.755980,NEU-DET,patches,patches_96.jpg,4x4,4,4,8,NEQR,1024,statevector,12,4,8,126,86,58,"{""h"": 4, ""x"": 64, ""mcx"": 58}",0.0007717080006841,0.0008935840014601,0.0,0.0002614590048324,0.0023952500050654,0.0,100.0,1.0
a3273259,2026-09-22T00:01:29.758853,NEU-DET,patches,patches_97.jpg,4x4,4,4,8,FRQI,1024,statevector,5,4,1,1092,705,384,"{""h"": 132, ""x"": 64, ""cx"": 384, ""tdg"": 192, ""t"": 256, ""ry"": 64}",0.0009897499985527,0.0041155000071739,0.0,3.079199814237654e-05,0.0067504170001484,2.9779571394466114e-30,100.0,1.000000000000001
1ba6dc94,2026-09-22T00:01:29.765623,NEU-DET,patches,patches_97.jpg,4x4,4,4,8,NEQR,1024,statevector,12,4,8,117,77,49,"{""h"": 4, ""x"": 64, ""mcx"": 49}",0.0007034589943941,0.0008640829910291,0.0,0.0002357499906793,0.0022093750012572,0.0,100.0,1.0
73a270e5,2026-09-22T00:01:29.768343,NEU-DET,patches,patches_98.jpg,4x4,4,4,8,FRQI,1024,statevector,5,4,1,1092,705,384,"{""h"": 132, ""x"": 64, ""cx"": 384, ""tdg"": 192, ""t"": 256, ""ry"": 64}",0.0010540410003159,0.0041998750093625,0.0,3.0208000680431724e-05,0.0068710829946212,2.236642629727659e-30,100.0,0.9999999999999986
23c25132,2026-09-22T00:01:29.775232,NEU-DET,patches,patches_98.jpg,4x4,4,4,8,NEQR,1024,statevector,12,4,8,136,96,68,"{""h"": 4, ""x"": 64, ""mcx"": 68}",0.0009197080071317,0.0010598329972708,0.0,0.0002393750037299,0.0027165840001543,0.0,100.0,1.0
ca28a685,2026-09-22T00:01:29.778465,NEU-DET,patches,patches_99.jpg,4x4,4,4,8,FRQI,1024,statevector,5,4,1,1092,705,384,"{""h"": 132, ""x"": 64, ""cx"": 384, ""tdg"": 192, ""t"": 256, ""ry"": 64}",0.0010567089921096,0.0042062499996973,0.0,3.0459006666205823e-05,0.0068402090109884,1.9307447692482043e-30,100.0,1.0000000000000004
89c188d7,2026-09-22T00:01:29.785322,NEU-DET,patches,patches_99.jpg,4x4,4,4,8,NEQR,1024,statevector,12,4,8,136,96,68,"{""h"": 4, ""x"": 64, ""mcx"": 68}",0.0008775829919613,0.0009838339901762,0.0,0.0002420829987386,0.0025411669921595,0.0,100.0,1.0
8c525b77,2026-09-22T00:01:29.788809,NEU-DET,pitted_surface,pitted_surface_1.jpg,4x4,4,4,8,FRQI,1024,statevector,5,4,1,1092,705,384,"{""h"": 132, ""x"": 64, ""cx"": 384, ""tdg"": 192, ""t"": 256, ""ry"": 64}",0.0011250839888816,0.0042680410115281,0.0,3.0915995012037456e-05,0.0071080000052461,2.1976786595402752e-30,100.0,1.0000000000000056
28160d1d,2026-09-22T00:01:29.795933,NEU-DET,pitted_surface,pitted_surface_1.jpg,4x4,4,4,8,NEQR,1024,statevector,12,4,8,135,95,67,"{""h"": 4, ""x"": 64, ""mcx"": 67}",0.0009652910084696,0.0010131659946637,0.0,0.0002461660042172,0.0027068330091424,0.0,100.0,1.0
d3e376b7,2026-09-22T00:01:29.799035,NEU-DET,pitted_surface,pitted_surface_10.jpg,4x4,4,4,8,FRQI,1024,statevector,5,4,1,1092,705,384,"{""h"": 132, ""x"": 64, ""cx"": 384, ""tdg"": 192, ""t"": 256, ""ry"": 64}",0.0011611670051934,0.0043668750004144,0.0,3.241699596401304e-05,0.0071471669944003,2.1387452032420258e-30,100.0,0.9999999999999992
7def5f80,2026-09-22T00:01:29.806208,NEU-DET,pitted_surface,pitted_surface_10.jpg,4x4,4,4,8,NEQR,1024,statevector,12,4,8,136,96,68,"{""h"": 4, ""x"": 64, ""mcx"": 68}",0.0010232089989585,0.0010092910088133,0.0,0.0002391669986536,0.0027423330029705,0.0,100.0,1.0
861676a3,2026-09-22T00:01:29.809504,NEU-DET,pitted_surface,pitted_surface_100.jpg,4x4,4,4,8,FRQI,1024,statevector,5,4,1,1092,705,384,"{""h"": 132, ""x"": 64, ""cx"": 384, ""tdg"": 192, ""t"": 256, ""ry"": 64}",0.0010738329874584,0.0041442090005148,0.0,2.9709000955335796e-05,0.0068398750008782,1.0122687787699312e-30,100.0,0.9999999999999852
d8a85221,2026-09-22T00:01:29.816362,NEU-DET,pitted_surface,pitted_surface_100.jpg,4x4,4,4,8,NEQR,1024,statevector,12,4,8,166,126,98,"{""h"": 4, ""x"": 64, ""mcx"": 98}",0.0011996249959338,0.0011642500030575,0.0,0.000244416994974,0.0031599580106558,0.0,100.0,1.0
4e6210bd,2026-09-22T00:01:29.819946,NEU-DET,pitted_surface,pitted_surface_101.jpg,4x4,4,4,8,FRQI,1024,statevector,5,4,1,1092,705,384,"{""h"": 132, ""x"": 64, ""cx"": 384, ""tdg"": 192, ""t"": 256, ""ry"": 64}",0.0010354999976698,0.0042128750064875,0.0,2.983299782499671e-05,0.0068594579934142,1.5214846560659163e-30,100.0,0.9999999999999712
fa7ace0c,2026-09-22T00:01:29.826824,NEU-DET,pitted_surface,pitted_surface_101.jpg,4x4,4,4,8,NEQR,1024,statevector,12,4,8,154,114,86,"{""h"": 4, ""x"": 64, ""mcx"": 86}",0.0010579999943729,0.0010955409961752,0.0,0.0002391669986536,0.0028813750104745,0.0,100.0,1.0
4157c22c,2026-09-22T00:01:29.830151,NEU-DET,pitted_surface,pitted_surface_102.jpg,4x4,4,4,8,FRQI,1024,statevector,5,4,1,1092,705,384,"{""h"": 132, ""x"": 64, ""cx"": 384, ""tdg"": 192, ""t"": 256, ""ry"": 64}",0.0010004590003518,0.0042135000112466,0.0,3.14170029014349e-05,0.0068257079983595,1.5330402357322396e-30,100.0,0.9999999999999768
d3c68097,2026-09-22T00:01:29.836999,NEU-DET,pitted_surface,pitted_surface_102.jpg,4x4,4,4,8,NEQR,1024,statevector,12,4,8,164,124,96,"{""h"": 4, ""x"": 64, ""mcx"": 96}",0.0013741250004386,0.0011508749885251,0.0,0.000247957999818,0.0033296659967163,0.0,100.0,1.0
80b9094b,2026-09-22T00:01:29.840708,NEU-DET,pitted_surface,pitted_surface_103.jpg,4x4,4,4,8,FRQI,1024,statevector,5,4,1,1092,705,384,"{""h"": 132, ""x"": 64, ""cx"": 384, ""tdg"": 192, ""t"": 256, ""ry"": 64}",0.0010173339978791,0.0042546659969957,0.0,2.8416994609870017e-05,0.0068793340033153,1.6239441291073173e-30,100.0,1.0000000000000029
21073581,2026-09-22T00:01:29.847607,NEU-DET,pitted_surface,pitted_surface_103.jpg,4x4,4,4,8,NEQR,1024,statevector,12,4,8,141,101,73,"{""h"": 4, ""x"": 64, ""mcx"": 73}",0.0009352920023957,0.000983666992397,0.0,0.0002476250083418,0.0026737910084193,0.0,100.0,1.0
9a1e252f,2026-09-22T00:01:29.850780,NEU-DET,pitted_surface,pitted_surface_104.jpg,4x4,4,4,8,FRQI,1024,statevector,5,4,1,1092,705,384,"{""h"": 132, ""x"": 64, ""cx"": 384, ""tdg"": 192, ""t"": 256, ""ry"": 64}",0.0010411249968456,0.0041686250042403,0.0,2.9000002541579303e-05,0.0067980000021634,1.0303725202471712e-30,100.0,0.9999999999999918
6b655e42,2026-09-22T00:01:29.857598,NEU-DET,pitted_surface,pitted_surface_104.jpg,4x4,4,4,8,NEQR,1024,statevector,12,4,8,130,90,62,"{""h"": 4, ""x"": 64, ""mcx"": 62}",0.0008722909988136,0.000942083002883,0.0,0.0002368749992456,0.0024897080002119,0.0,100.0,1.0
7b3b6589,2026-09-22T00:01:29.860500,NEU-DET,pitted_surface,pitted_surface_105.jpg,4x4,4,4,8,FRQI,1024,statevector,5,4,1,1092,705,384,"{""h"": 132, ""x"": 64, ""cx"": 384, ""tdg"": 192, ""t"": 256, ""ry"": 64}",0.0009879160061245,0.0041960420057876,0.0,3.0042006983421743e-05,0.0067752909963019,1.1216615996111262e-30,100.0,0.9999999999999654
7faa8f51,2026-09-22T00:01:29.867294,NEU-DET,pitted_surface,pitted_surface_105.jpg,4x4,4,4,8,NEQR,1024,statevector,12,4,8,143,103,75,"{""h"": 4, ""x"": 64, ""mcx"": 75}",0.0009481250017415,0.0010247919999528,0.0,0.0002634160046,0.0028329999913694,0.0,100.0,1.0
b0c00842,2026-09-22T00:01:29.870523,NEU-DET,pitted_surface,pitted_surface_106.jpg,4x4,4,4,8,FRQI,1024,statevector,5,4,1,1092,705,384,"{""h"": 132, ""x"": 64, ""cx"": 384, ""tdg"": 192, ""t"": 256, ""ry"": 64}",0.0009747500007506,0.0041919159993994,0.0,3.1042000045999885e-05,0.0067840840056305,1.2926841786727129e-30,100.0,1.0000000000000044
77cf4134,2026-09-22T00:01:29.877327,NEU-DET,pitted_surface,pitted_surface_106.jpg,4x4,4,4,8,NEQR,1024,statevector,12,4,8,124,84,56,"{""h"": 4, ""x"": 64, ""mcx"": 56}",0.0007592089968966,0.0009504579938948,0.0,0.0002389579894952,0.0023778750037308,0.0,100.0,1.0
5292fe8d,2026-09-22T00:01:29.880108,NEU-DET,pitted_surface,pitted_surface_107.jpg,4x4,4,4,8,FRQI,1024,statevector,5,4,1,1092,705,384,"{""h"": 132, ""x"": 64, ""cx"": 384, ""tdg"": 192, ""t"": 256, ""ry"": 64}",0.0009812909993343,0.004472333996091,0.0,3.15000070258975e-05,0.0070770839956821,2.045096859696196e-30,100.0,1.0000000000000024
006c8383,2026-09-22T00:01:29.887206,NEU-DET,pitted_surface,pitted_surface_107.jpg,4x4,4,4,8,NEQR,1024,statevector,12,4,8,124,84,56,"{""h"": 4, ""x"": 64, ""mcx"": 56}",0.0007656669913558,0.0009011660004034,0.0,0.0002388749999227,0.0023239169968292,0.0,100.0,1.0
037e64d5,2026-09-22T00:01:29.889910,NEU-DET,pitted_surface,pitted_surface_108.jpg,4x4,4,4,8,FRQI,1024,statevector,5,4,1,1092,705,384,"{""h"": 132, ""x"": 64, ""cx"": 384, ""tdg"": 192, ""t"": 256, ""ry"": 64}",0.0010385829955339,0.0041925000114133,0.0,3.2333991839550436e-05,0.0068803329922957,1.687499817272096e-30,100.0,1.000000000000002
d77d3ae8,2026-09-22T00:01:29.896812,NEU-DET,pitted_surface,pitted_surface_108.jpg,4x4,4,4,8,NEQR,1024,statevector,12,4,8,126,86,58,"{""h"": 4, ""x"": 64, ""mcx"": 58}",0.000871583004482,0.0009385000012116,0.0,0.0002464580029482,0.0025027080118888,0.0,100.0,1.0
fac70088,2026-09-22T00:01:29.899718,NEU-DET,pitted_surface,pitted_surface_109.jpg,4x4,4,4,8,FRQI,1024,statevector,5,4,1,1092,705,384,"{""h"": 132, ""x"": 64, ""cx"": 384, ""tdg"": 192, ""t"": 256, ""ry"": 64}",0.0010256250097882,0.0041882910009007,0.0,2.924998989328742e-05,0.0068145419936627,1.441558563373846e-30,100.0,1.000000000000003
29bc73bc,2026-09-22T00:01:29.906551,NEU-DET,pitted_surface,pitted_surface_109.jpg,4x4,4,4,8,NEQR,1024,statevector,12,4,8,135,95,67,"{""h"": 4, ""x"": 64, ""mcx"": 67}",0.0009268330031773,0.0009828749898588,0.0,0.0002422079996904,0.0025916660088114,0.0,100.0,1.0
4fbabbe8,2026-09-22T00:01:29.909572,NEU-DET,pitted_surface,pitted_surface_11.jpg,4x4,4,4,8,FRQI,1024,statevector,5,4,1,1092,705,384,"{""h"": 132, ""x"": 64, ""cx"": 384, ""tdg"": 192, ""t"": 256, ""ry"": 64}",0.0010265419987263,0.0041179999971063,0.0,2.849999873433262e-05,0.0067520000011427,8.173646683979429e-31,100.0,0.9999999999999948
3fa0df31,2026-09-22T00:01:29.916339,NEU-DET,pitted_surface,pitted_surface_11.jpg,4x4,4,4,8,NEQR,1024,statevector,12,4,8,134,94,66,"{""h"": 4, ""x"": 64, ""mcx"": 66}",0.0008600409928476,0.0009467500058235,0.0,0.0002415000053588,0.0025678329984657,0.0,100.0,1.0
ab775529,2026-09-22T00:01:29.919283,NEU-DET,pitted_surface,pitted_surface_110.jpg,4x4,4,4,8,FRQI,1024,statevector,5,4,1,1092,705,384,"{""h"": 132, ""x"": 64, ""cx"": 384, ""tdg"": 192, ""t"": 256, ""ry"": 64}",0.0010423749918118,0.0042189999949187,0.0,3.325000579934567e-05,0.0068419580056797,1.3250398017384184e-30,100.0,0.9999999999999988
54535f85,2026-09-22T00:01:29.926142,NEU-DET,pitted_surface,pitted_surface_110.jpg,4x4,4,4,8,NEQR,1024,statevector,12,4,8,131,91,63,"{""h"": 4, ""x"": 64, ""mcx"": 63}",0.0008548749901819,0.0009805000008782,0.0,0.0002560000139055,0.0025726669991854,0.0,100.0,1.0
9500b583,2026-09-22T00:01:29.929228,NEU-DET,pitted_surface,pitted_surface_111.jpg,4x4,4,4,8,FRQI,1024,statevector,5,4,1,1092,705,384,"{""h"": 132, ""x"": 64, ""cx"": 384, ""tdg"": 192, ""t"": 256, ""ry"": 64}",0.0011377080081729,0.0042424999992363,0.0,2.950000634882599e-05,0.0069864580000285,1.3868621529532484e-30,100.0,0.9999999999999992
af5ce3b7,2026-09-22T00:01:29.936235,NEU-DET,pitted_surface,pitted_surface_111.jpg,4x4,4,4,8,NEQR,1024,statevector,12,4,8,139,99,71,"{""h"": 4, ""x"": 64, ""mcx"": 71}",0.000908417001483,0.0009872500086203,0.0,0.0002473750064382,0.0025930830015568,0.0,100.0,1.0
52225ba2,2026-09-22T00:01:29.939168,NEU-DET,pitted_surface,pitted_surface_112.jpg,4x4,4,4,8,FRQI,1024,statevector,5,4,1,1092,705,384,"{""h"": 132, ""x"": 64, ""cx"": 384, ""tdg"": 192, ""t"": 256, ""ry"": 64}",0.0125781249953433,0.0041978329973062,0.0,3.0333991162478924e-05,0.0183743340021464,1.2329803503967084e-30,100.0,0.999999999999998
ecc8b6e6,2026-09-22T00:01:29.957562,NEU-DET,pitted_surface,pitted_surface_112.jpg,4x4,4,4,8,NEQR,1024,statevector,12,4,8,136,96,68,"{""h"": 4, ""x"": 64, ""mcx"": 68}",0.0008720420009922,0.0010051249992102,0.0,0.0002819159999489,0.0027138750010635,0.0,100.0,1.0
d3e3227e,2026-09-22T00:01:29.960777,NEU-DET,pitted_surface,pitted_surface_113.jpg,4x4,4,4,8,FRQI,1024,statevector,5,4,1,1092,705,384,"{""h"": 132, ""x"": 64, ""cx"": 384, ""tdg"": 192, ""t"": 256, ""ry"": 64}",0.0012392500066198,0.0050482919905334,0.0,3.758301318157464e-05,0.0085994999972172,9.745205518599412e-31,100.0,1.000000000000012
3bea75be,2026-09-22T00:01:29.969403,NEU-DET,pitted_surface,pitted_surface_113.jpg,4x4,4,4,8,NEQR,1024,statevector,12,4,8,145,105,77,"{""h"": 4, ""x"": 64, ""mcx"": 77}",0.0010614169877953,0.001119833003031,0.0,0.0002606249909149,0.0030132499960018,0.0,100.0,1.0
2b23035b,2026-09-22T00:01:29.972872,NEU-DET,pitted_surface,pitted_surface_114.jpg,4x4,4,4,8,FRQI,1024,statevector,5,4,1,1092,705,384,"{""h"": 132, ""x"": 64, ""cx"": 384, ""tdg"": 192, ""t"": 256, ""ry"": 64}",0.0010305420000804,0.0041771249962039,0.0,3.258298966102302e-05,0.0068506660027196,9.745205518599412e-31,100.0,0.9999999999999628
4ce6c35a,2026-09-22T00:01:29.979745,NEU-DET,pitted_surface,pitted_surface_114.jpg,4x4,4,4,8,NEQR,1024,statevector,12,4,8,159,119,91,"{""h"": 4, ""x"": 64, ""mcx"": 91}",0.0015321669925469,0.0011436659988248,0.0,0.0002414170012343,0.0035479170037433,0.0,100.0,1.0
008c2c65,2026-09-22T00:01:29.983830,NEU-DET,pitted_surface,pitted_surface_115.jpg,4x4,4,4,8,FRQI,1024,statevector,5,4,1,1092,705,384,"{""h"": 132, ""x"": 64, ""cx"": 384, ""tdg"": 192, ""t"": 256, ""ry"": 64}",0.0010040829947683,0.0041778329905355,0.0,3.125000512227416e-05,0.0068017500016139,1.0746689089680776e-30,100.0,1.0000000000000004
6525bbd2,2026-09-22T00:01:29.990650,NEU-DET,pitted_surface,pitted_surface_115.jpg,4x4,4,4,8,NEQR,1024,statevector,12,4,8,164,124,96,"{""h"": 4, ""x"": 64, ""mcx"": 96}",0.0011860000086016,0.0011714590073097,0.0,0.0002432089968351,0.0032342079939553,0.0,100.0,1.0
8fbf636f,2026-09-22T00:01:29.994292,NEU-DET,pitted_surface,pitted_surface_116.jpg,4x4,4,4,8,FRQI,1024,statevector,5,4,1,1092,705,384,"{""h"": 132, ""x"": 64, ""cx"": 384, ""tdg"": 192, ""t"": 256, ""ry"": 64}",0.0010452910064486,0.0042309999989811,0.0,3.145799564663321e-05,0.0068817919964203,1.1856024737647824e-30,100.0,0.9999999999999654
7ada1213,2026-09-22T00:01:30.001193,NEU-DET,pitted_surface,pitted_surface_116.jpg,4x4,4,4,8,NEQR,1024,statevector,12,4,8,150,110,82,"{""h"": 4, ""x"": 64, ""mcx"": 82}",0.0010382079926785,0.0010918339976342,0.0,0.0002417500072624,0.002925958004198,0.0,100.0,1.0
642a4646,2026-09-22T00:01:30.004514,NEU-DET,pitted_surface,pitted_surface_117.jpg,4x4,4,4,8,FRQI,1024,statevector,5,4,1,1092,705,384,"{""h"": 132, ""x"": 64, ""cx"": 384, ""tdg"": 192, ""t"": 256, ""ry"": 64}",0.0010317080013919,0.0042361250089015,0.0,3.783298598136753e-05,0.0069066249998286,1.3949510587196751e-30,100.0,1.0000000000000044
ae24d97a,2026-09-22T00:01:30.011442,NEU-DET,pitted_surface,pitted_surface_117.jpg,4x4,4,4,8,NEQR,1024,statevector,12,4,8,126,86,58,"{""h"": 4, ""x"": 64, ""mcx"": 58}",0.0007799169979989,0.0009034170070663,0.0,0.0002573329984443,0.002442458004225,0.0,100.0,1.0
159dfaaf,2026-09-22T00:01:30.014281,NEU-DET,pitted_surface,pitted_surface_118.jpg,4x4,4,4,8,FRQI,1024,statevector,5,4,1,1092,705,384,"{""h"": 132, ""x"": 64, ""cx"": 384, ""tdg"": 192, ""t"": 256, ""ry"": 64}",0.001226583000971,0.0041237080004066,0.0,2.9292001272551715e-05,0.0069692090037278,1.4473363532070076e-30,100.0,1.000000000000001
350bceba,2026-09-22T00:01:30.021268,NEU-DET,pitted_surface,pitted_surface_118.jpg,4x4,4,4,8,NEQR,1024,statevector,12,4,8,128,88,60,"{""h"": 4, ""x"": 64, ""mcx"": 60}",0.0007840829930501,0.0008997080003609,0.0,0.0002435420028632,0.0023733330017421,0.0,100.0,1.0
1fdecc87,2026-09-22T00:01:30.024162,NEU-DET,pitted_surface,pitted_surface_119.jpg,4x4,4,4,8,FRQI,1024,statevector,5,4,1,1092,705,384,"{""h"": 132, ""x"": 64, ""cx"": 384, ""tdg"": 192, ""t"": 256, ""ry"": 64}",0.0009926250058924,0.0042258329922333,0.0,3.0166003853082657e-05,0.0068739999987883,1.078520768856852e-30,100.0,1.0000000000000062
0f879160,2026-09-22T00:01:30.031056,NEU-DET,pitted_surface,pitted_surface_119.jpg,4x4,4,4,8,NEQR,1024,statevector,12,4,8,150,110,82,"{""h"": 4, ""x"": 64, ""mcx"": 82}",0.0010255830129608,0.0010505000100238,0.0,0.0002407909923931,0.0028040000033797,0.0,100.0,1.0
c4f42f3e,2026-09-22T00:01:30.034288,NEU-DET,pitted_surface,pitted_surface_12.jpg,4x4,4,4,8,FRQI,1024,statevector,5,4,1,1092,705,384,"{""h"": 132, ""x"": 64, ""cx"": 384, ""tdg"": 192, ""t"": 256, ""ry"": 64}",0.0009819160040933,0.0041250840004067,0.0,3.091699909418821e-05,0.006707834007102,1.0731281650125678e-30,100.0,1.0000000000000522
c5794372,2026-09-22T00:01:30.041013,NEU-DET,pitted_surface,pitted_surface_12.jpg,4x4,4,4,8,NEQR,1024,statevector,12,4,8,140,100,72,"{""h"": 4, ""x"": 64, ""mcx"": 72}",0.0010032919963123,0.0010101249936269,0.0,0.0002379159996053,0.0027589169912971,0.0,100.0,1.0
61539eed,2026-09-22T00:01:30.044191,NEU-DET,pitted_surface,pitted_surface_120.jpg,4x4,4,4,8,FRQI,1024,statevector,5,4,1,1092,705,384,"{""h"": 132, ""x"": 64, ""cx"": 384, ""tdg"": 192, ""t"": 256, ""ry"": 64}",0.0009750829922268,0.0041360420000273,0.0,3.058300353586674e-05,0.0067388749885139,7.187570552453164e-31,100.0,1.0000000000000346
ff2010e2,2026-09-22T00:01:30.050951,NEU-DET,pitted_surface,pitted_surface_120.jpg,4x4,4,4,8,NEQR,1024,statevector,12,4,8,153,113,85,"{""h"": 4, ""x"": 64, ""mcx"": 85}",0.0011204999900655,0.0010564160038484,0.0,0.0002457499940646,0.0029677920101676,0.0,100.0,1.0
41600154,2026-09-22T00:01:30.054302,NEU-DET,pitted_surface,pitted_surface_121.jpg,4x4,4,4,8,FRQI,1024,statevector,5,4,1,1092,705,384,"{""h"": 132, ""x"": 64, ""cx"": 384, ""tdg"": 192, ""t"": 256, ""ry"": 64}",0.0009862080041784,0.0041919999930541,0.0,3.587501123547554e-05,0.0068009579990757,8.913203782624128e-31,100.0,0.999999999999875
c3752e8f,2026-09-22T00:01:30.061120,NEU-DET,pitted_surface,pitted_surface_121.jpg,4x4,4,4,8,NEQR,1024,statevector,12,4,8,156,116,88,"{""h"": 4, ""x"": 64, ""mcx"": 88}",0.0016177089855773,0.0011437909997766,0.0,0.0002409579901723,0.0035642919974634,0.0,100.0,1.0
5f8f13bb,2026-09-22T00:01:30.065243,NEU-DET,pitted_surface,pitted_surface_122.jpg,4x4,4,4,8,FRQI,1024,statevector,5,4,1,1092,705,384,"{""h"": 132, ""x"": 64, ""cx"": 384, ""tdg"": 192, ""t"": 256, ""ry"": 64}",0.0010377500002505,0.0042074999946635,0.0,3.179200575686991e-05,0.0068862909974996,1.1624913144321356e-30,100.0,0.9999999999999548
25681c98,2026-09-22T00:01:30.072150,NEU-DET,pitted_surface,pitted_surface_122.jpg,4x4,4,4,8,NEQR,1024,statevector,12,4,8,154,114,86,"{""h"": 4, ""x"": 64, ""mcx"": 86}",0.001156375001301,0.0011170829966431,0.0,0.0002707919920794,0.003063749987632,0.0,100.0,1.0
10c9f9c6,2026-09-22T00:01:30.075690,NEU-DET,pitted_surface,pitted_surface_123.jpg,4x4,4,4,8,FRQI,1024,statevector,5,4,1,1092,705,384,"{""h"": 132, ""x"": 64, ""cx"": 384, ""tdg"": 192, ""t"": 256, ""ry"": 64}",0.0011831250012619,0.0042044159927172,0.0,3.1499992473982275e-05,0.0070211659913184,1.1703876272041232e-30,100.0,1.0000000000000182
0615afd6,2026-09-22T00:01:30.082728,NEU-DET,pitted_surface,pitted_surface_123.jpg,4x4,4,4,8,NEQR,1024,statevector,12,4,8,131,91,63,"{""h"": 4, ""x"": 64, ""mcx"": 63}",0.0008439579978585,0.0009491249948041,0.0,0.000251333010965,0.0025455409922869,0.0,100.0,1.0
fbc3c82e,2026-09-22T00:01:30.085652,NEU-DET,pitted_surface,pitted_surface_124.jpg,4x4,4,4,8,FRQI,1024,statevector,5,4,1,1092,705,384,"{""h"": 132, ""x"": 64, ""cx"": 384, ""tdg"": 192, ""t"": 256, ""ry"": 64}",0.0010122499952558,0.0042257079912815,0.0,3.05419962387532e-05,0.0068313340016175,1.0286391832972228e-30,100.0,0.9999999999999988
ff697a57,2026-09-22T00:01:30.092500,NEU-DET,pitted_surface,pitted_surface_124.jpg,4x4,4,4,8,NEQR,1024,statevector,12,4,8,136,96,68,"{""h"": 4, ""x"": 64, ""mcx"": 68}",0.0008867909928085,0.0010277920082444,0.0,0.0002636669960338,0.0026111250044777,0.0,100.0,1.0
4d6c320d,2026-09-22T00:01:30.095495,NEU-DET,pitted_surface,pitted_surface_125.jpg,4x4,4,4,8,FRQI,1024,statevector,5,4,1,1092,705,384,"{""h"": 132, ""x"": 64, ""cx"": 384, ""tdg"": 192, ""t"": 256, ""ry"": 64}",0.0009718749934108,0.0041887080005835,0.0,2.983299782499671e-05,0.0067477920092642,1.8381075389231782e-30,100.0,0.9999999999999998
5302780b,2026-09-22T00:01:30.102260,NEU-DET,pitted_surface,pitted_surface_125.jpg,4x4,4,4,8,NEQR,1024,statevector,12,4,8,139,99,71,"{""h"": 4, ""x"": 64, ""mcx"": 71}",0.0008895829960238,0.0010049170086858,0.0,0.0002554169914219,0.0026000840007327,0.0,100.0,1.0
aa810d7f,2026-09-22T00:01:30.105284,NEU-DET,pitted_surface,pitted_surface_126.jpg,4x4,4,4,8,FRQI,1024,statevector,5,4,1,1092,705,384,"{""h"": 132, ""x"": 64, ""cx"": 384, ""tdg"": 192, ""t"": 256, ""ry"": 64}",0.0010533750028116,0.004235125001287,0.0,2.9666000045835972e-05,0.0068979999923612,2.5741016671707597e-30,100.0,1.0000000000000016
bcb60ab7,2026-09-22T00:01:30.112200,NEU-DET,pitted_surface,pitted_surface_126.jpg,4x4,4,4,8,NEQR,1024,statevector,12,4,8,121,81,53,"{""h"": 4, ""x"": 64, ""mcx"": 53}",0.0008026249997783,0.0008623750036349,0.0,0.0002558330015745,0.0023549589968752,0.0,100.0,1.0
3ea24cf1,2026-09-22T00:01:30.115000,NEU-DET,pitted_surface,pitted_surface_127.jpg,4x4,4,4,8,FRQI,1024,statevector,5,4,1,1092,705,384,"{""h"": 132, ""x"": 64, ""cx"": 384, ""tdg"": 192, ""t"": 256, ""ry"": 64}",0.0010701669962145,0.0041648749902378,0.0,2.970799687318504e-05,0.0068650830071419,1.978748573112056e-30,100.0,0.999999999999998
318a302a,2026-09-22T00:01:30.121882,NEU-DET,pitted_surface,pitted_surface_127.jpg,4x4,4,4,8,NEQR,1024,statevector,12,4,8,126,86,58,"{""h"": 4, ""x"": 64, ""mcx"": 58}",0.0007677910034544,0.0009018749988172,0.0,0.0002340000064577,0.002327583002625,0.0,100.0,1.0
68da4633,2026-09-22T00:01:30.124592,NEU-DET,pitted_surface,pitted_surface_128.jpg,4x4,4,4,8,FRQI,1024,statevector,5,4,1,1092,705,384,"{""h"": 132, ""x"": 64, ""cx"": 384, ""tdg"": 192, ""t"": 256, ""ry"": 64}",0.0010338749998481,0.0042443749989615,0.0,3.212499723304063e-05,0.0069177919940557,1.8997372971435694e-30,100.0,1.0000000000000004
0e870997,2026-09-22T00:01:30.131529,NEU-DET,pitted_surface,pitted_surface_128.jpg,4x4,4,4,8,NEQR,1024,statevector,12,4,8,128,88,60,"{""h"": 4, ""x"": 64, ""mcx"": 60}",0.0009474580001551,0.0009626669925637,0.0,0.0002377499913563,0.0025997079937951,0.0,100.0,1.0
1ec7d8b3,2026-09-22T00:01:30.134544,NEU-DET,pitted_surface,pitted_surface_129.jpg,4x4,4,4,8,FRQI,1024,statevector,5,4,1,1092,705,384,"{""h"": 132, ""x"": 64, ""cx"": 384, ""tdg"": 192, ""t"": 256, ""ry"": 64}",0.001027291000355,0.0045236659934744,0.0,3.3374992199242115e-05,0.0071924590010894,2.267890843075342e-30,100.0,1.0000000000000024
8d8d361d,2026-09-22T00:01:30.141757,NEU-DET,pitted_surface,pitted_surface_129.jpg,4x4,4,4,8,NEQR,1024,statevector,12,4,8,123,83,55,"{""h"": 4, ""x"": 64, ""mcx"": 55}",0.0009554580028634,0.0009616250026738,0.0,0.0002322910004295,0.002771291998215,0.0,100.0,1.0
6c619bd7,2026-09-22T00:01:30.144951,NEU-DET,pitted_surface,pitted_surface_13.jpg,4x4,4,4,8,FRQI,1024,statevector,5,4,1,1092,705,384,"{""h"": 132, ""x"": 64, ""cx"": 384, ""tdg"": 192, ""t"": 256, ""ry"": 64}",0.0010137500066775,0.0041529169975547,0.0,3.1207993743009865e-05,0.0067695420002564,1.4531141430401696e-30,100.0,1.0000000000000044
d73a757c,2026-09-22T00:01:30.151739,NEU-DET,pitted_surface,pitted_surface_13.jpg,4x4,4,4,8,NEQR,1024,statevector,12,4,8,136,96,68,"{""h"": 4, ""x"": 64, ""mcx"": 68}",0.0008794169989414,0.0009660420037107,0.0,0.0002424579870421,0.0025519579940009,0.0,100.0,1.0
4e091f8b,2026-09-22T00:01:30.154817,NEU-DET,pitted_surface,pitted_surface_130.jpg,4x4,4,4,8,FRQI,1024,statevector,5,4,1,1092,705,384,"{""h"": 132, ""x"": 64, ""cx"": 384, ""tdg"": 192, ""t"": 256, ""ry"": 64}",0.0011352080036886,0.0041933329921448,0.0,2.9999995604157448e-05,0.0069413329911185,8.878537043625157e-31,100.0,1.0000000000000018
9b23434c,2026-09-22T00:01:30.161781,NEU-DET,pitted_surface,pitted_surface_130.jpg,4x4,4,4,8,NEQR,1024,statevector,12,4,8,130,90,62,"{""h"": 4, ""x"": 64, ""mcx"": 62}",0.0008505000005243,0.0009658750059315,0.0,0.0002418750082142,0.0025129999994533,0.0,100.0,1.0
6ec97700,2026-09-22T00:01:30.164767,NEU-DET,pitted_surface,pitted_surface_131.jpg,4x4,4,4,8,FRQI,1024,statevector,5,4,1,1092,705,384,"{""h"": 132, ""x"": 64, ""cx"": 384, ""tdg"": 192, ""t"": 256, ""ry"": 64}",0.0010701670107664,0.0041748749936232,0.0,3.0208000680431724e-05,0.0068450839899014,1.0608022133684897e-30,100.0,1.0000000000000215
6187c7a0,2026-09-22T00:01:30.171631,NEU-DET,pitted_surface,pitted_surface_131.jpg,4x4,4,4,8,NEQR,1024,statevector,12,4,8,149,109,81,"{""h"": 4, ""x"": 64, ""mcx"": 81}",0.0010152910108445,0.0010550420120125,0.0,0.0002412920002825,0.0028042500052833,0.0,100.0,1.0
0d8e459f,2026-09-22T00:01:30.174923,NEU-DET,pitted_surface,pitted_surface_132.jpg,4x4,4,4,8,FRQI,1024,statevector,5,4,1,1092,705,384,"{""h"": 132, ""x"": 64, ""cx"": 384, ""tdg"": 192, ""t"": 256, ""ry"": 64}",0.0010061249922728,0.0041846669919323,0.0,2.983299782499671e-05,0.0068320830032462,1.1316764353219398e-30,100.0,0.9999999999999686
c04819fe,2026-09-22T00:01:30.181772,NEU-DET,pitted_surface,pitted_surface_132.jpg,4x4,4,4,8,NEQR,1024,statevector,12,4,8,158,118,90,"{""h"": 4, ""x"": 64, ""mcx"": 90}",0.0011801249929703,0.00108404099592,0.0,0.0002398749929852,0.0030399999959627,0.0,100.0,1.0
2455bca3,2026-09-22T00:01:30.185224,NEU-DET,pitted_surface,pitted_surface_133.jpg,4x4,4,4,8,FRQI,1024,statevector,5,4,1,1092,705,384,"{""h"": 132, ""x"": 64, ""cx"": 384, ""tdg"": 192, ""t"": 256, ""ry"": 64}",0.0009738749940879,0.0041790000104811,0.0,3.104099596384913e-05,0.0067634580045705,1.2225803286970171e-30,100.0,0.9999999999999512
6b11cc08,2026-09-22T00:01:30.192007,NEU-DET,pitted_surface,pitted_surface_133.jpg,4x4,4,4,8,NEQR,1024,statevector,12,4,8,158,118,90,"{""h"": 4, ""x"": 64, ""mcx"": 90}",0.0012590830010594,0.0011269170063314,0.0,0.0002537919936003,0.0032112500048242,0.0,100.0,1.0
83e31d4f,2026-09-22T00:01:30.195652,NEU-DET,pitted_surface,pitted_surface_134.jpg,4x4,4,4,8,FRQI,1024,statevector,5,4,1,1092,705,384,"{""h"": 132, ""x"": 64, ""cx"": 384, ""tdg"": 192, ""t"": 256, ""ry"": 64}",0.0010276670072926,0.0041445000097155,0.0,3.112500417046249e-05,0.0067978330043843,1.1963876814533507e-30,100.0,0.9999999999999484
cbfec491,2026-09-22T00:01:30.202472,NEU-DET,pitted_surface,pitted_surface_134.jpg,4x4,4,4,8,NEQR,1024,statevector,12,4,8,158,118,90,"{""h"": 4, ""x"": 64, ""mcx"": 90}",0.0011877920042024,0.0011041670077247,0.0,0.0002685829967958,0.0030896249954821,0.0,100.0,1.0
2ce8bff9,2026-09-22T00:01:30.205953,NEU-DET,pitted_surface,pitted_surface_135.jpg,4x4,4,4,8,FRQI,1024,statevector,5,4,1,1092,705,384,"{""h"": 132, ""x"": 64, ""cx"": 384, ""tdg"": 192, ""t"": 256, ""ry"": 64}",0.0010833330015884,0.0042186249920632,0.0,3.0166993383318182e-05,0.0069007499987492,1.0816022567678717e-30,100.0,1.000000000000007
b87dd397,2026-09-22T00:01:30.212874,NEU-DET,pitted_surface,pitted_surface_135.jpg,4x4,4,4,8,NEQR,1024,statevector,12,4,8,138,98,70,"{""h"": 4, ""x"": 64, ""mcx"": 70}",0.0010116659977938,0.0010037500032922,0.0,0.0002485419972799,0.0027621669869404,0.0,100.0,1.0
d06ac8bd,2026-09-22T00:01:30.216045,NEU-DET,pitted_surface,pitted_surface_136.jpg,4x4,4,4,8,FRQI,1024,statevector,5,4,1,1092,705,384,"{""h"": 132, ""x"": 64, ""cx"": 384, ""tdg"": 192, ""t"": 256, ""ry"": 64}",0.0010328750067856,0.0044644580048043,0.0,3.2083000405691564e-05,0.0071540419885423,1.0438540298578818e-30,100.0,0.9999999999999954
cd1c7965,2026-09-22T00:01:30.223221,NEU-DET,pitted_surface,pitted_surface_136.jpg,4x4,4,4,8,NEQR,1024,statevector,12,4,8,145,105,77,"{""h"": 4, ""x"": 64, ""mcx"": 77}",0.0012117080041207,0.0010770840017357,0.0,0.000262332992861,0.0031267500016838,0.0,100.0,1.0
4a189c3c,2026-09-22T00:01:30.226745,NEU-DET,pitted_surface,pitted_surface_137.jpg,4x4,4,4,8,FRQI,1024,statevector,5,4,1,1092,705,384,"{""h"": 132, ""x"": 64, ""cx"": 384, ""tdg"": 192, ""t"": 256, ""ry"": 64}",0.0010020840127253,0.0042172079993179,0.0,2.837499778252095e-05,0.0068443749914877,1.1854098807703437e-30,100.0,1.000000000000012
14753f61,2026-09-22T00:01:30.233605,NEU-DET,pitted_surface,pitted_surface_137.jpg,4x4,4,4,8,NEQR,1024,statevector,12,4,8,128,88,60,"{""h"": 4, ""x"": 64, ""mcx"": 60}",0.0007885829982114,0.0009790839976631,0.0,0.000243207992753,0.0024740000080782,0.0,100.0,1.0
00659cda,2026-09-22T00:01:30.236570,NEU-DET,pitted_surface,pitted_surface_138.jpg,4x4,4,4,8,FRQI,1024,statevector,5,4,1,1092,705,384,"{""h"": 132, ""x"": 64, ""cx"": 384, ""tdg"": 192, ""t"": 256, ""ry"": 64}",0.0010241659911116,0.0041868330008583,0.0,3.095800639130175e-05,0.0068423749908106,7.757645815991786e-31,100.0,1.0000000000000644
e3e78685,2026-09-22T00:01:30.243431,NEU-DET,pitted_surface,pitted_surface_138.jpg,4x4,4,4,8,NEQR,1024,statevector,12,4,8,142,102,74,"{""h"": 4, ""x"": 64, ""mcx"": 74}",0.0009388749895151,0.0010753329988801,0.0,0.0002607500064186,0.0027485409955261,0.0,100.0,1.0
13651768,2026-09-22T00:01:30.246560,NEU-DET,pitted_surface,pitted_surface_139.jpg,4x4,4,4,8,FRQI,1024,statevector,5,4,1,1092,705,384,"{""h"": 132, ""x"": 64, ""cx"": 384, ""tdg"": 192, ""t"": 256, ""ry"": 64}",0.0009896249976009,0.0042263340001227,0.0,2.9625007300637662e-05,0.0068509580014506,1.0731281650125678e-30,100.0,0.9999999999999892
36d085b3,2026-09-22T00:01:30.253429,NEU-DET,pitted_surface,pitted_surface_139.jpg,4x4,4,4,8,NEQR,1024,statevector,12,4,8,147,107,79,"{""h"": 4, ""x"": 64, ""mcx"": 79}",0.0011454159975983,0.0011190840014023,0.0,0.0002672919945325,0.0030474999948637,0.0,100.0,1.0
75230708,2026-09-22T00:01:30.256887,NEU-DET,pitted_surface,pitted_surface_14.jpg,4x4,4,4,8,FRQI,1024,statevector,5,4,1,1092,705,384,"{""h"": 132, ""x"": 64, ""cx"": 384, ""tdg"": 192, ""t"": 256, ""ry"": 64}",0.0009739579982124,0.0042006250005215,0.0,3.0166993383318182e-05,0.0067877089895773,1.3650991445816728e-30,100.0,0.999999999999995
bb910d23,2026-09-22T00:01:30.263691,NEU-DET,pitted_surface,pitted_surface_14.jpg,4x4,4,4,8,NEQR,1024,statevector,12,4,8,148,108,80,"{""h"": 4, ""x"": 64, ""mcx"": 80}",0.0009973330015782,0.0010503329976927,0.0,0.0002428330044494,0.0027694580057868,0.0,100.0,1.0
a6862e07,2026-09-22T00:01:30.266884,NEU-DET,pitted_surface,pitted_surface_140.jpg,4x4,4,4,8,FRQI,1024,statevector,5,4,1,1092,705,384,"{""h"": 132, ""x"": 64, ""cx"": 384, ""tdg"": 192, ""t"": 256, ""ry"": 64}",0.0011758330074371,0.0041112920007435,0.0,3.06670117424801e-05,0.0068759170098928,9.437056727497456e-31,100.0,1.000000000000104
ebdd8d54,2026-09-22T00:01:30.273779,NEU-DET,pitted_surface,pitted_surface_140.jpg,4x4,4,4,8,NEQR,1024,statevector,12,4,8,144,104,76,"{""h"": 4, ""x"": 64, ""mcx"": 76}",0.0010352079989388,0.0010235830122837,0.0,0.0002482920099282,0.0028147090051788,0.0,100.0,1.0
c0926806,2026-09-22T00:01:30.277037,NEU-DET,pitted_surface,pitted_surface_141.jpg,4x4,4,4,8,FRQI,1024,statevector,5,4,1,1092,705,384,"{""h"": 132, ""x"": 64, ""cx"": 384, ""tdg"": 192, ""t"": 256, ""ry"": 64}",0.0010722919978434,0.0042547499906504,0.0,2.95409990940243e-05,0.0069133750075707,9.460167886830104e-31,100.0,1.0000000000001392
bedcbeef,2026-09-22T00:01:30.283969,NEU-DET,pitted_surface,pitted_surface_141.jpg,4x4,4,4,8,NEQR,1024,statevector,12,4,8,143,103,75,"{""h"": 4, ""x"": 64, ""mcx"": 75}",0.000945584004512,0.0010521249932935,0.0,0.0002447089937049,0.0027184579957975,0.0,100.0,1.0
3df12855,2026-09-22T00:01:30.287154,NEU-DET,pitted_surface,pitted_surface_142.jpg,4x4,4,4,8,FRQI,1024,statevector,5,4,1,1092,705,384,"{""h"": 132, ""x"": 64, ""cx"": 384, ""tdg"": 192, ""t"": 256, ""ry"": 64}",0.0010187090083491,0.0042568330100039,0.0,2.9749993700534105e-05,0.0068682500132126,1.1678839182764198e-30,100.0,0.9999999999999876
7bed3d01,2026-09-22T00:01:30.294037,NEU-DET,pitted_surface,pitted_surface_142.jpg,4x4,4,4,8,NEQR,1024,statevector,12,4,8,134,94,66,"{""h"": 4, ""x"": 64, ""mcx"": 66}",0.0009281249949708,0.0009838749974733,0.0,0.0002498329995432,0.0026094580098288,0.0,100.0,1.0
a7f79ba9,2026-09-22T00:01:30.297059,NEU-DET,pitted_surface,pitted_surface_143.jpg,4x4,4,4,8,FRQI,1024,statevector,5,4,1,1092,705,384,"{""h"": 132, ""x"": 64, ""cx"": 384, ""tdg"": 192, ""t"": 256, ""ry"": 64}",0.0010127919958904,0.0045138749992474,0.0,3.358400135766715e-05,0.0071643330011283,1.4906697769557206e-30,100.0,1.0000000000000109
4c3e286d,2026-09-22T00:01:30.304246,NEU-DET,pitted_surface,pitted_surface_143.jpg,4x4,4,4,8,NEQR,1024,statevector,12,4,8,141,101,73,"{""h"": 4, ""x"": 64, ""mcx"": 73}",0.0009334579954156,0.0010265409946441,0.0,0.0002446250000502,0.002724042002228,0.0,100.0,1.0
363554b0,2026-09-22T00:01:30.307391,NEU-DET,pitted_surface,pitted_surface_144.jpg,4x4,4,4,8,FRQI,1024,statevector,5,4,1,1092,705,384,"{""h"": 132, ""x"": 64, ""cx"": 384, ""tdg"": 192, ""t"": 256, ""ry"": 64}",0.0010014580038841,0.0041973330080509,0.0,3.125000512227416e-05,0.0069205420004436,1.1917654495868215e-30,100.0,0.9999999999999788
18a4981a,2026-09-22T00:01:30.314329,NEU-DET,pitted_surface,pitted_surface_144.jpg,4x4,4,4,8,NEQR,1024,statevector,12,4,8,132,92,64,"{""h"": 4, ""x"": 64, ""mcx"": 64}",0.0008964580047177,0.0009688749996712,0.0,0.0002549169876147,0.0026012089947471,0.0,100.0,1.0
fb8787e0,2026-09-22T00:01:30.317344,NEU-DET,pitted_surface,pitted_surface_145.jpg,4x4,4,4,8,FRQI,1024,statevector,5,4,1,1092,705,384,"{""h"": 132, ""x"": 64, ""cx"": 384, ""tdg"": 192, ""t"": 256, ""ry"": 64}",0.0009783749992493,0.004173624998657,0.0,3.195799945387989e-05,0.0067623750073835,1.5979440748580896e-30,100.0,1.000000000000003
c98de5b2,2026-09-22T00:01:30.324127,NEU-DET,pitted_surface,pitted_surface_145.jpg,4x4,4,4,8,NEQR,1024,statevector,12,4,8,132,92,64,"{""h"": 4, ""x"": 64, ""mcx"": 64}",0.0009146669908659,0.0009866670006886,0.0,0.000238624998019,0.0026809169939951,0.0,100.0,1.0
70f779b9,2026-09-22T00:01:30.327383,NEU-DET,pitted_surface,pitted_surface_146.jpg,4x4,4,4,8,FRQI,1024,statevector,5,4,1,1092,705,384,"{""h"": 132, ""x"": 64, ""cx"": 384, ""tdg"": 192, ""t"": 256, ""ry"": 64}",0.0010312920057913,0.0042456249939277,0.0,3.545799700077623e-05,0.0069137920072535,1.4544622940012403e-30,100.0,1.000000000000009
4a9b2d9c,2026-09-22T00:01:30.334318,NEU-DET,pitted_surface,pitted_surface_146.jpg,4x4,4,4,8,NEQR,1024,statevector,12,4,8,155,115,87,"{""h"": 4, ""x"": 64, ""mcx"": 87}",0.0010892499994952,0.0011119169939775,0.0,0.0002643329935381,0.0031412500102305,0.0,100.0,1.0
621e5058,2026-09-22T00:01:30.337898,NEU-DET,pitted_surface,pitted_surface_147.jpg,4x4,4,4,8,FRQI,1024,statevector,5,4,1,1092,705,384,"{""h"": 132, ""x"": 64, ""cx"": 384, ""tdg"": 192, ""t"": 256, ""ry"": 64}",0.0010956249898299,0.0042545839969534,0.0,3.137500607408583e-05,0.0069634579995181,1.624714501085072e-30,100.0,1.0000000000001572
e7c89841,2026-09-22T00:01:30.344885,NEU-DET,pitted_surface,pitted_surface_147.jpg,4x4,4,4,8,NEQR,1024,statevector,12,4,8,147,107,79,"{""h"": 4, ""x"": 64, ""mcx"": 79}",0.001173665994429,0.001024541008519,0.0,0.0002548330085119,0.0030582920007873,0.0,100.0,1.0
f41248d9,2026-09-22T00:01:30.348344,NEU-DET,pitted_surface,pitted_surface_148.jpg,4x4,4,4,8,FRQI,1024,statevector,5,4,1,1092,705,384,"{""h"": 132, ""x"": 64, ""cx"": 384, ""tdg"": 192, ""t"": 256, ""ry"": 64}",0.001055582994013,0.0041642500000307,0.0,3.491599636618048e-05,0.0068656670046038,1.3512324489820848e-30,100.0,0.999999999999969
89265ad6,2026-09-22T00:01:30.355233,NEU-DET,pitted_surface,pitted_surface_148.jpg,4x4,4,4,8,NEQR,1024,statevector,12,4,8,157,117,89,"{""h"": 4, ""x"": 64, ""mcx"": 89}",0.0011064160062232,0.0010986669949488,0.0,0.0002725840022321,0.0030970410007284,0.0,100.0,1.0
dee7076a,2026-09-22T00:01:30.358698,NEU-DET,pitted_surface,pitted_surface_149.jpg,4x4,4,4,8,FRQI,1024,statevector,5,4,1,1092,705,384,"{""h"": 132, ""x"": 64, ""cx"": 384, ""tdg"": 192, ""t"": 256, ""ry"": 64}",0.0010587919969111,0.0041915839974535,0.0,3.2666008337400854e-05,0.0069044169940752,1.4028473714916626e-30,100.0,1.0000000000000038
25390a26,2026-09-22T00:01:30.365624,NEU-DET,pitted_surface,pitted_surface_149.jpg,4x4,4,4,8,NEQR,1024,statevector,12,4,8,144,104,76,"{""h"": 4, ""x"": 64, ""mcx"": 76}",0.00100570799259,0.0011109579936601,0.0,0.0002802919916575,0.0029033329919911,0.0,100.0,1.0
fc4f35c8,2026-09-22T00:01:30.369099,NEU-DET,pitted_surface,pitted_surface_15.jpg,4x4,4,4,8,FRQI,1024,statevector,5,4,1,1092,705,384,"{""h"": 132, ""x"": 64, ""cx"": 384, ""tdg"": 192, ""t"": 256, ""ry"": 64}",0.0009886670013656,0.0043117080058436,0.0,3.154200385324657e-05,0.0069044590054545,1.006105802947892e-30,100.0,1.0000000000000462
b59e85e5,2026-09-22T00:01:30.376023,NEU-DET,pitted_surface,pitted_surface_15.jpg,4x4,4,4,8,NEQR,1024,statevector,12,4,8,149,109,81,"{""h"": 4, ""x"": 64, ""mcx"": 81}",0.0010648330062394,0.0010692079958971,0.0,0.0002416250063106,0.0028595420008059,0.0,100.0,1.0
73f65fa4,2026-09-22T00:01:30.379295,NEU-DET,pitted_surface,pitted_surface_150.jpg,4x4,4,4,8,FRQI,1024,statevector,5,4,1,1092,705,384,"{""h"": 132, ""x"": 64, ""cx"": 384, ""tdg"": 192, ""t"": 256, ""ry"": 64}",0.0010938749910565,0.0045075829984853,0.0,3.3208998502232134e-05,0.0071999169886112,2.1355674188337865e-30,100.0,0.9999999999999962
bb88f9b5,2026-09-22T00:01:30.386517,NEU-DET,pitted_surface,pitted_surface_150.jpg,4x4,4,4,8,NEQR,1024,statevector,12,4,8,126,86,58,"{""h"": 4, ""x"": 64, ""mcx"": 58}",0.0007820410100976,0.0009213339944835,0.0,0.0002407499996479,0.0023758339957566,0.0,100.0,1.0
5366342a,2026-09-22T00:01:30.389312,NEU-DET,pitted_surface,pitted_surface_151.jpg,4x4,4,4,8,FRQI,1024,statevector,5,4,1,1092,705,384,"{""h"": 132, ""x"": 64, ""cx"": 384, ""tdg"": 192, ""t"": 256, ""ry"": 64}",0.0010920839995378,0.0041691249934956,0.0,3.3541000448167324e-05,0.0069537500094156,1.2618692995625171e-30,100.0,0.999999999999996
2fd2245f,2026-09-22T00:01:30.396289,NEU-DET,pitted_surface,pitted_surface_151.jpg,4x4,4,4,8,NEQR,1024,statevector,12,4,8,129,89,61,"{""h"": 4, ""x"": 64, ""mcx"": 61}",0.0008745419909246,0.0010007499950006,0.0,0.000243832997512,0.0026077499933307,0.0,100.0,1.0
87ec3a5e,2026-09-22T00:01:30.399310,NEU-DET,pitted_surface,pitted_surface_152.jpg,4x4,4,4,8,FRQI,1024,statevector,5,4,1,1092,705,384,"{""h"": 132, ""x"": 64, ""cx"": 384, ""tdg"": 192, ""t"": 256, ""ry"": 64}",0.0012175829906482,0.0041445420065429,0.0,3.087500226683915e-05,0.006975958996918,1.7075294886937233e-30,100.0,1.000000000000003
4c3ec0cb,2026-09-22T00:01:30.406304,NEU-DET,pitted_surface,pitted_surface_152.jpg,4x4,4,4,8,NEQR,1024,statevector,12,4,8,134,94,66,"{""h"": 4, ""x"": 64, ""mcx"": 66}",0.000938084005611,0.0010227500024484,0.0,0.000234166989685,0.0026457909989403,0.0,100.0,1.0
b2ba8fcd,2026-09-22T00:01:30.409423,NEU-DET,pitted_surface,pitted_surface_153.jpg,4x4,4,4,8,FRQI,1024,statevector,5,4,1,1092,705,384,"{""h"": 132, ""x"": 64, ""cx"": 384, ""tdg"": 192, ""t"": 256, ""ry"": 64}",0.0012475830008042,0.0050000839983113,0.0,3.6375000490807e-05,0.0088837910006986,1.2089062260918681e-30,100.0,1.0000000000000038
63e5c3b4,2026-09-22T00:01:30.418338,NEU-DET,pitted_surface,pitted_surface_153.jpg,4x4,4,4,8,NEQR,1024,statevector,12,4,8,136,96,68,"{""h"": 4, ""x"": 64, ""mcx"": 68}",0.0010196250077569,0.0010239580005872,0.0,0.0002357089979341,0.0027860419941134,0.0,100.0,1.0
1431a0c9,2026-09-22T00:01:30.421601,NEU-DET,pitted_surface,pitted_surface_154.jpg,4x4,4,4,8,FRQI,1024,statevector,5,4,1,1092,705,384,"{""h"": 132, ""x"": 64, ""cx"": 384, ""tdg"": 192, ""t"": 256, ""ry"": 64}",0.0010225410078419,0.0043839999998454,0.0,3.3666990930214524e-05,0.0070622920029563,1.963292985308348e-30,100.0,1.000000000000001
89971686,2026-09-22T00:01:30.428687,NEU-DET,pitted_surface,pitted_surface_154.jpg,4x4,4,4,8,NEQR,1024,statevector,12,4,8,132,92,64,"{""h"": 4, ""x"": 64, ""mcx"": 64}",0.0009600000048521,0.0009647919941926,0.0,0.0002431660104775,0.0027666249952744,0.0,100.0,1.0
43d10b49,2026-09-22T00:01:30.431973,NEU-DET,pitted_surface,pitted_surface_155.jpg,4x4,4,4,8,FRQI,1024,statevector,5,4,1,1092,705,384,"{""h"": 132, ""x"": 64, ""cx"": 384, ""tdg"": 192, ""t"": 256, ""ry"": 64}",0.0012087500072084,0.0042227919911965,0.0,3.300000389572233e-05,0.0071251250046771,1.0958541383563372e-30,100.0,0.9999999999999998
73740956,2026-09-22T00:01:30.439123,NEU-DET,pitted_surface,pitted_surface_155.jpg,4x4,4,4,8,NEQR,1024,statevector,12,4,8,132,92,64,"{""h"": 4, ""x"": 64, ""mcx"": 64}",0.0009204579982906,0.0010663330031093,0.0,0.0002407919964753,0.0027405830041971,0.0,100.0,1.0
3d4ca358,2026-09-22T00:01:30.442365,NEU-DET,pitted_surface,pitted_surface_156.jpg,4x4,4,4,8,FRQI,1024,statevector,5,4,1,1092,705,384,"{""h"": 132, ""x"": 64, ""cx"": 384, ""tdg"": 192, ""t"": 256, ""ry"": 64}",0.0010619170061545,0.0042094999953405,0.0,3.604100493248552e-05,0.0069767920067533,1.3365953814047417e-30,100.0,1.0000000000000162
901e40c4,2026-09-22T00:01:30.449365,NEU-DET,pitted_surface,pitted_surface_156.jpg,4x4,4,4,8,NEQR,1024,statevector,12,4,8,138,98,70,"{""h"": 4, ""x"": 64, ""mcx"": 70}",0.0009447499905945,0.0010010410042013,0.0,0.0002435420028632,0.0026945419958792,0.0,100.0,1.0
093d4af0,2026-09-22T00:01:30.452508,NEU-DET,pitted_surface,pitted_surface_157.jpg,4x4,4,4,8,FRQI,1024,statevector,5,4,1,1092,705,384,"{""h"": 132, ""x"": 64, ""cx"": 384, ""tdg"": 192, ""t"": 256, ""ry"": 64}",0.0010659170075086,0.0041963340045185,0.0,3.0499999411404133e-05,0.006860791996587,1.2389507332243088e-30,100.0,1.0000000000000029
ef9d847a,2026-09-22T00:01:30.459389,NEU-DET,pitted_surface,pitted_surface_157.jpg,4x4,4,4,8,NEQR,1024,statevector,12,4,8,139,99,71,"{""h"": 4, ""x"": 64, ""mcx"": 71}",0.0010044590017059,0.0009942920005414,0.0,0.0002398749929852,0.0027256670000497,0.0,100.0,1.0
c7214ac7,2026-09-22T00:01:30.462526,NEU-DET,pitted_surface,pitted_surface_158.jpg,4x4,4,4,8,FRQI,1024,statevector,5,4,1,1092,705,384,"{""h"": 132, ""x"": 64, ""cx"": 384, ""tdg"": 192, ""t"": 256, ""ry"": 64}",0.0009922919998643,0.0046409999922616,0.0,3.099998866673559e-05,0.0072709579981165,1.0802541058068006e-30,100.0,0.9999999999999964
cd8fc182,2026-09-22T00:01:30.469818,NEU-DET,pitted_surface,pitted_surface_158.jpg,4x4,4,4,8,NEQR,1024,statevector,12,4,8,144,104,76,"{""h"": 4, ""x"": 64, ""mcx"": 76}",0.0009673340100562,0.001113708000048,0.0,0.0002482920099282,0.0028222090040799,0.0,100.0,1.0
0dbf692b,2026-09-22T00:01:30.473084,NEU-DET,pitted_surface,pitted_surface_159.jpg,4x4,4,4,8,FRQI,1024,statevector,5,4,1,1092,705,384,"{""h"": 132, ""x"": 64, ""cx"": 384, ""tdg"": 192, ""t"": 256, ""ry"": 64}",0.0011705829965649,0.0044406670058378,0.0,3.529200330376625e-05,0.0073090420046355,1.0032169080313112e-30,100.0,0.9999999999999902
9fbd6691,2026-09-22T00:01:30.480420,NEU-DET,pitted_surface,pitted_surface_159.jpg,4x4,4,4,8,NEQR,1024,statevector,12,4,8,146,106,78,"{""h"": 4, ""x"": 64, ""mcx"": 78}",0.0010862500057555,0.0010769579967018,0.0,0.0002402079990133,0.002972457994474,0.0,100.0,1.0
e1aa762a,2026-09-22T00:01:30.483955,NEU-DET,pitted_surface,pitted_surface_16.jpg,4x4,4,4,8,FRQI,1024,statevector,5,4,1,1092,705,384,"{""h"": 132, ""x"": 64, ""cx"": 384, ""tdg"": 192, ""t"": 256, ""ry"": 64}",0.0010407910012872,0.0041971250029746,0.0,3.041699528694153e-05,0.0068698749964823,1.1948469374978411e-30,100.0,1.000000000000008
0c52f09e,2026-09-22T00:01:30.490844,NEU-DET,pitted_surface,pitted_surface_16.jpg,4x4,4,4,8,NEQR,1024,statevector,12,4,8,154,114,86,"{""h"": 4, ""x"": 64, ""mcx"": 86}",0.001231333008036,0.0010870410042116,0.0,0.0002424170088488,0.0030927500047255,0.0,100.0,1.0
f59aa320,2026-09-22T00:01:30.494396,NEU-DET,pitted_surface,pitted_surface_160.jpg,4x4,4,4,8,FRQI,1024,statevector,5,4,1,1092,705,384,"{""h"": 132, ""x"": 64, ""cx"": 384, ""tdg"": 192, ""t"": 256, ""ry"": 64}",0.0010044579976238,0.0042382079991512,0.0,3.041699528694153e-05,0.0068590000009862,1.2518544638517031e-30,100.0,1.000000000000001
db263877,2026-09-22T00:01:30.501273,NEU-DET,pitted_surface,pitted_surface_160.jpg,4x4,4,4,8,NEQR,1024,statevector,12,4,8,147,107,79,"{""h"": 4, ""x"": 64, ""mcx"": 79}",0.0010505840036785,0.0010739580029621,0.0,0.0002482499985489,0.0028471249970607,0.0,100.0,1.0
0384cbc4,2026-09-22T00:01:30.504523,NEU-DET,pitted_surface,pitted_surface_161.jpg,4x4,4,4,8,FRQI,1024,statevector,5,4,1,1092,705,384,"{""h"": 132, ""x"": 64, ""cx"": 384, ""tdg"": 192, ""t"": 256, ""ry"": 64}",0.0009701669914647,0.0043215830082772,0.0,3.441701119299978e-05,0.0069124580040806,7.865497892877471e-31,100.0,1.000000000000003
1b5652c8,2026-09-22T00:01:30.511460,NEU-DET,pitted_surface,pitted_surface_161.jpg,4x4,4,4,8,NEQR,1024,statevector,12,4,8,141,101,73,"{""h"": 4, ""x"": 64, ""mcx"": 73}",0.0009498749859631,0.0010360419983044,0.0,0.0002668330125743,0.0028000000020256,0.0,100.0,1.0
bef1dda3,2026-09-22T00:01:30.514783,NEU-DET,pitted_surface,pitted_surface_162.jpg,4x4,4,4,8,FRQI,1024,statevector,5,4,1,1092,705,384,"{""h"": 132, ""x"": 64, ""cx"": 384, ""tdg"": 192, ""t"": 256, ""ry"": 64}",0.0010225000005448,0.0041279580036643,0.0,3.050001396331936e-05,0.0067320410016691,1.1886839616758021e-30,100.0,0.9999999999999653
d7d88a34,2026-09-22T00:01:30.521532,NEU-DET,pitted_surface,pitted_surface_162.jpg,4x4,4,4,8,NEQR,1024,statevector,12,4,8,150,110,82,"{""h"": 4, ""x"": 64, ""mcx"": 82}",0.0010220420081168,0.0010624999995343,0.0,0.0002445839927531,0.0028700830007437,0.0,100.0,1.0
1adf03f1,2026-09-22T00:01:30.525000,NEU-DET,pitted_surface,pitted_surface_163.jpg,4x4,4,4,8,FRQI,1024,statevector,5,4,1,1092,705,384,"{""h"": 132, ""x"": 64, ""cx"": 384, ""tdg"": 192, ""t"": 256, ""ry"": 64}",0.0010939170024357,0.0041335830028401,0.0,3.0082999728620052e-05,0.0068290000053821,1.2349062803410956e-30,100.0,1.000000000000013
6e255034,2026-09-22T00:01:30.531845,NEU-DET,pitted_surface,pitted_surface_163.jpg,4x4,4,4,8,NEQR,1024,statevector,12,4,8,154,114,86,"{""h"": 4, ""x"": 64, ""mcx"": 86}",0.0012224999954923,0.0010861250048037,0.0,0.0002418750082142,0.0033148329966934,0.0,100.0,1.0
f915d0e4,2026-09-22T00:01:30.535694,NEU-DET,pitted_surface,pitted_surface_164.jpg,4x4,4,4,8,FRQI,1024,statevector,5,4,1,1092,705,384,"{""h"": 132, ""x"": 64, ""cx"": 384, ""tdg"": 192, ""t"": 256, ""ry"": 64}",0.000985959006357,0.0042546670010779,0.0,3.0041992431506515e-05,0.0068282909924164,9.76831667793206e-31,100.0,0.9999999999999608
b2dc9035,2026-09-22T00:01:30.542544,NEU-DET,pitted_surface,pitted_surface_164.jpg,4x4,4,4,8,NEQR,1024,statevector,12,4,8,147,107,79,"{""h"": 4, ""x"": 64, ""mcx"": 79}",0.0009639170020818,0.0010816249996423,0.0,0.000240791006945,0.0027501250006025,0.0,100.0,1.0
0e7bb46c,2026-09-22T00:01:30.545792,NEU-DET,pitted_surface,pitted_surface_165.jpg,4x4,4,4,8,FRQI,1024,statevector,5,4,1,1092,705,384,"{""h"": 132, ""x"": 64, ""cx"": 384, ""tdg"": 192, ""t"": 256, ""ry"": 64}",0.000975874994765,0.0041609579930081,0.0,3.7582998629659414e-05,0.0067307499994058,1.0477058897466565e-30,100.0,0.9999999999999988
8a36a98a,2026-09-22T00:01:30.552540,NEU-DET,pitted_surface,pitted_surface_165.jpg,4x4,4,4,8,NEQR,1024,statevector,12,4,8,143,103,75,"{""h"": 4, ""x"": 64, ""mcx"": 75}",0.0009556669974699,0.0010210000036749,0.0,0.0002395829942543,0.002669124995009,0.0,100.0,1.0
8e068903,2026-09-22T00:01:30.555683,NEU-DET,pitted_surface,pitted_surface_166.jpg,4x4,4,4,8,FRQI,1024,statevector,5,4,1,1092,705,384,"{""h"": 132, ""x"": 64, ""cx"": 384, ""tdg"": 192, ""t"": 256, ""ry"": 64}",0.0010219999967375,0.0041950000013457,0.0,0.0001816659932956,0.0071355000109178,1.1324468072996949e-30,100.0,1.0000000000000098
fd0aec91,2026-09-22T00:01:30.562841,NEU-DET,pitted_surface,pitted_surface_166.jpg,4x4,4,4,8,NEQR,1024,statevector,12,4,8,132,92,64,"{""h"": 4, ""x"": 64, ""mcx"": 64}",0.0008845840056892,0.0009838750120252,0.0,0.0002443330013193,0.0026204159948974,0.0,100.0,1.0
bd1b2376,2026-09-22T00:01:30.565895,NEU-DET,pitted_surface,pitted_surface_167.jpg,4x4,4,4,8,FRQI,1024,statevector,5,4,1,1092,705,384,"{""h"": 132, ""x"": 64, ""cx"": 384, ""tdg"": 192, ""t"": 256, ""ry"": 64}",0.0010677499958546,0.0042345830006524,0.0,3.1167000997811556e-05,0.0070104579936014,1.1243579015332685e-30,100.0,0.9999999999999968
35bfb0aa,2026-09-22T00:01:30.572926,NEU-DET,pitted_surface,pitted_surface_167.jpg,4x4,4,4,8,NEQR,1024,statevector,12,4,8,131,91,63,"{""h"": 4, ""x"": 64, ""mcx"": 63}",0.0008290830010082,0.001006790989777,0.0,0.0002425420098006,0.0025120000063907,0.0,100.0,1.0
d0dee45a,2026-09-22T00:01:30.575902,NEU-DET,pitted_surface,pitted_surface_168.jpg,4x4,4,4,8,FRQI,1024,statevector,5,4,1,1092,705,384,"{""h"": 132, ""x"": 64, ""cx"": 384, ""tdg"": 192, ""t"": 256, ""ry"": 64}",0.001002500008326,0.004138584001339,0.0,3.083300543949008e-05,0.006747000006726,1.2503137198961937e-30,100.0,1.0000000000000164
9a67bb29,2026-09-22T00:01:30.582665,NEU-DET,pitted_surface,pitted_surface_168.jpg,4x4,4,4,8,NEQR,1024,statevector,12,4,8,162,122,94,"{""h"": 4, ""x"": 64, ""mcx"": 94}",0.0012307919969316,0.0011825419933302,0.0,0.0002427919971523,0.0031889169913483,0.0,100.0,1.0
059f7def,2026-09-22T00:01:30.586372,NEU-DET,pitted_surface,pitted_surface_169.jpg,4x4,4,4,8,FRQI,1024,statevector,5,4,1,1092,705,384,"{""h"": 132, ""x"": 64, ""cx"": 384, ""tdg"": 192, ""t"": 256, ""ry"": 64}",0.0012634579907171,0.0042539159912848,0.0,3.1167000997811556e-05,0.0071639170055277,1.0723577930348131e-30,100.0,1.000000000000023
26d56277,2026-09-22T00:01:30.593555,NEU-DET,pitted_surface,pitted_surface_169.jpg,4x4,4,4,8,NEQR,1024,statevector,12,4,8,143,103,75,"{""h"": 4, ""x"": 64, ""mcx"": 75}",0.0010455410083523,0.0010649590112734,0.0,0.0002376670017838,0.0028642079996643,0.0,100.0,1.0
400cb386,2026-09-22T00:01:30.596920,NEU-DET,pitted_surface,pitted_surface_17.jpg,4x4,4,4,8,FRQI,1024,statevector,5,4,1,1092,705,384,"{""h"": 132, ""x"": 64, ""cx"": 384, ""tdg"": 192, ""t"": 256, ""ry"": 64}",0.0011599999997997,0.0042078330006916,0.0,2.9417002224363387e-05,0.0069766670058015,9.814538996597354e-31,100.0,0.9999999999998748
f082ba04,2026-09-22T00:01:30.603916,NEU-DET,pitted_surface,pitted_surface_17.jpg,4x4,4,4,8,NEQR,1024,statevector,12,4,8,148,108,80,"{""h"": 4, ""x"": 64, ""mcx"": 80}",0.0010530419967835,0.001067499993951,0.0,0.0002392919996054,0.0028420000016922,0.0,100.0,1.0
2f3d327e,2026-09-22T00:01:30.607176,NEU-DET,pitted_surface,pitted_surface_170.jpg,4x4,4,4,8,FRQI,1024,statevector,5,4,1,1092,705,384,"{""h"": 132, ""x"": 64, ""cx"": 384, ""tdg"": 192, ""t"": 256, ""ry"": 64}",0.0010809160012286,0.0042285829986212,0.0,3.112500417046249e-05,0.0069408339913934,1.6543738222286356e-30,100.0,0.9999999999999972
b1b566eb,2026-09-22T00:01:30.614138,NEU-DET,pitted_surface,pitted_surface_170.jpg,4x4,4,4,8,NEQR,1024,statevector,12,4,8,136,96,68,"{""h"": 4, ""x"": 64, ""mcx"": 68}",0.0008774579910095,0.0009803749999264,0.0,0.000234791994444,0.0026885830011451,0.0,100.0,1.0
01bb73d3,2026-09-22T00:01:30.617308,NEU-DET,pitted_surface,pitted_surface_171.jpg,4x4,4,4,8,FRQI,1024,statevector,5,4,1,1092,705,384,"{""h"": 132, ""x"": 64, ""cx"": 384, ""tdg"": 192, ""t"": 256, ""ry"": 64}",0.0009753329941304,0.0042152500100201,0.0,3.024999750778079e-05,0.0067935410042991,1.6614997630228684e-30,100.0,0.9999999999999972
407dd71f,2026-09-22T00:01:30.624120,NEU-DET,pitted_surface,pitted_surface_171.jpg,4x4,4,4,8,NEQR,1024,statevector,12,4,8,139,99,71,"{""h"": 4, ""x"": 64, ""mcx"": 71}",0.0011142910079797,0.0010397910082247,0.0,0.0002349160058656,0.0029369160038186,0.0,100.0,1.0
16855fa1,2026-09-22T00:01:30.627517,NEU-DET,pitted_surface,pitted_surface_172.jpg,4x4,4,4,8,FRQI,1024,statevector,5,4,1,1092,705,384,"{""h"": 132, ""x"": 64, ""cx"": 384, ""tdg"": 192, ""t"": 256, ""ry"": 64}",0.0011207909992663,0.0042230420076521,0.0,3.779200778808445e-05,0.0069909159938106,1.3751139802924864e-30,100.0,0.9999999999999644
5408e2a5,2026-09-22T00:01:30.634530,NEU-DET,pitted_surface,pitted_surface_172.jpg,4x4,4,4,8,NEQR,1024,statevector,12,4,8,159,119,91,"{""h"": 4, ""x"": 64, ""mcx"": 91}",0.0011210840020794,0.001145041998825,0.0,0.0002420829987386,0.0030961250013206,0.0,100.0,1.0
03ea1610,2026-09-22T00:01:30.638190,NEU-DET,pitted_surface,pitted_surface_173.jpg,4x4,4,4,8,FRQI,1024,statevector,5,4,1,1092,705,384,"{""h"": 132, ""x"": 64, ""cx"": 384, ""tdg"": 192, ""t"": 256, ""ry"": 64}",0.0010336249979445,0.0042064169974764,0.0,3.358400135766715e-05,0.0068935000017518,1.1678839182764198e-30,100.0,0.9999999999999728
f9ff483c,2026-09-22T00:01:30.645103,NEU-DET,pitted_surface,pitted_surface_173.jpg,4x4,4,4,8,NEQR,1024,statevector,12,4,8,150,110,82,"{""h"": 4, ""x"": 64, ""mcx"": 82}",0.0014777500036871,0.0011338750045979,0.0,0.000256832994637,0.0034792500082403,0.0,100.0,1.0
47df1242,2026-09-22T00:01:30.649150,NEU-DET,pitted_surface,pitted_surface_174.jpg,4x4,4,4,8,FRQI,1024,statevector,5,4,1,1092,705,384,"{""h"": 132, ""x"": 64, ""cx"": 384, ""tdg"": 192, ""t"": 256, ""ry"": 64}",0.0011271249968558,0.00415375000739,0.0,3.1332994694821537e-05,0.006911750009749,1.2533952078072133e-30,100.0,1.0000000000000024
40a98856,2026-09-22T00:01:30.656084,NEU-DET,pitted_surface,pitted_surface_174.jpg,4x4,4,4,8,NEQR,1024,statevector,12,4,8,143,103,75,"{""h"": 4, ""x"": 64, ""mcx"": 75}",0.000954041010118,0.0010767089988803,0.0,0.0002658750017872,0.0027902500005438,0.0,100.0,1.0
f68b1212,2026-09-22T00:01:30.659315,NEU-DET,pitted_surface,pitted_surface_175.jpg,4x4,4,4,8,FRQI,1024,statevector,5,4,1,1092,705,384,"{""h"": 132, ""x"": 64, ""cx"": 384, ""tdg"": 192, ""t"": 256, ""ry"": 64}",0.0013336669944692,0.0042511249921517,0.0,3.275000199209899e-05,0.0072364999941783,1.3200323838830116e-30,100.0,0.9999999999999986
f4701c3b,2026-09-22T00:01:30.666575,NEU-DET,pitted_surface,pitted_surface_175.jpg,4x4,4,4,8,NEQR,1024,statevector,12,4,8,138,98,70,"{""h"": 4, ""x"": 64, ""mcx"": 70}",0.0009311670000897,0.0009848749905359,0.0,0.0002501669951016,0.0026422500086482,0.0,100.0,1.0
9116c520,2026-09-22T00:01:30.669644,NEU-DET,pitted_surface,pitted_surface_176.jpg,4x4,4,4,8,FRQI,1024,statevector,5,4,1,1092,705,384,"{""h"": 132, ""x"": 64, ""cx"": 384, ""tdg"": 192, ""t"": 256, ""ry"": 64}",0.0010617500083753,0.0043213330063736,0.0,3.258298966102302e-05,0.0069684999907622,8.112016925759037e-31,100.0,1.0000000000000038
0f998e28,2026-09-22T00:01:30.676632,NEU-DET,pitted_surface,pitted_surface_176.jpg,4x4,4,4,8,NEQR,1024,statevector,12,4,8,152,112,84,"{""h"": 4, ""x"": 64, ""mcx"": 84}",0.0011434170010033,0.0011363329977029,0.0,0.0002454579953337,0.0030905410094419,0.0,100.0,1.0
29ed64b3,2026-09-22T00:01:30.680153,NEU-DET,pitted_surface,pitted_surface_177.jpg,4x4,4,4,8,FRQI,1024,statevector,5,4,1,1092,705,384,"{""h"": 132, ""x"": 64, ""cx"": 384, ""tdg"": 192, ""t"": 256, ""ry"": 64}",0.0010527500126045,0.004288791998988,0.0,3.0665993108414114e-05,0.0069738750025862,6.833199442685913e-31,100.0,0.9999999999999876
e41a99a2,2026-09-22T00:01:30.687153,NEU-DET,pitted_surface,pitted_surface_177.jpg,4x4,4,4,8,NEQR,1024,statevector,12,4,8,150,110,82,"{""h"": 4, ""x"": 64, ""mcx"": 82}",0.0010194159985985,0.0010407499939901,0.0,0.0002424169942969,0.0027805419958895,0.0,100.0,1.0
17e7003a,2026-09-22T00:01:30.690416,NEU-DET,pitted_surface,pitted_surface_178.jpg,4x4,4,4,8,FRQI,1024,statevector,5,4,1,1092,705,384,"{""h"": 132, ""x"": 64, ""cx"": 384, ""tdg"": 192, ""t"": 256, ""ry"": 64}",0.0011246659996686,0.0041650409984868,0.0,3.124999057035893e-05,0.0069439590006368,6.810088283353266e-31,100.0,0.9999999999999998
37fda8df,2026-09-22T00:01:30.697385,NEU-DET,pitted_surface,pitted_surface_178.jpg,4x4,4,4,8,NEQR,1024,statevector,12,4,8,145,105,77,"{""h"": 4, ""x"": 64, ""mcx"": 77}",0.0009865420142887,0.0010505000100238,0.0,0.000242915994022,0.0027682079962687,0.0,100.0,1.0
258302f1,2026-09-22T00:01:30.700547,NEU-DET,pitted_surface,pitted_surface_179.jpg,4x4,4,4,8,FRQI,1024,statevector,5,4,1,1092,705,384,"{""h"": 132, ""x"": 64, ""cx"": 384, ""tdg"": 192, ""t"": 256, ""ry"": 64}",0.0011304579966235,0.0042489589977776,0.0,3.287500294391066e-05,0.0069780420017195,1.5931292499971215e-30,100.0,1.000000000000065
778a18d5,2026-09-22T00:01:30.707544,NEU-DET,pitted_surface,pitted_surface_179.jpg,4x4,4,4,8,NEQR,1024,statevector,12,4,8,158,118,90,"{""h"": 4, ""x"": 64, ""mcx"": 90}",0.0012473329989006,0.001145207992522,0.0,0.0002479169925209,0.0032396250026067,0.0,100.0,1.0
a90e5ff2,2026-09-22T00:01:30.711318,NEU-DET,pitted_surface,pitted_surface_18.jpg,4x4,4,4,8,FRQI,1024,statevector,5,4,1,1092,705,384,"{""h"": 132, ""x"": 64, ""cx"": 384, ""tdg"": 192, ""t"": 256, ""ry"": 64}",0.0010361250024288,0.0042261250055162,0.0,3.2083000405691564e-05,0.0068758340057684,1.0523281216131857e-30,100.0,1.0000000000000049
e488edde,2026-09-22T00:01:30.718215,NEU-DET,pitted_surface,pitted_surface_18.jpg,4x4,4,4,8,NEQR,1024,statevector,12,4,8,146,106,78,"{""h"": 4, ""x"": 64, ""mcx"": 78}",0.0010641669941833,0.0010322909947717,0.0,0.0002519590052543,0.0028760410059476,0.0,100.0,1.0
dda3a82b,2026-09-22T00:01:30.721504,NEU-DET,pitted_surface,pitted_surface_180.jpg,4x4,4,4,8,FRQI,1024,statevector,5,4,1,1092,705,384,"{""h"": 132, ""x"": 64, ""cx"": 384, ""tdg"": 192, ""t"": 256, ""ry"": 64}",0.0009752079931786,0.0041883750091074,0.0,3.058300353586674e-05,0.0067728750000242,1.27650636713986e-30,100.0,1.0000000000000333
8dfac659,2026-09-22T00:01:30.728302,NEU-DET,pitted_surface,pitted_surface_180.jpg,4x4,4,4,8,NEQR,1024,statevector,12,4,8,156,116,88,"{""h"": 4, ""x"": 64, ""mcx"": 88}",0.0016002920019673,0.0011084580037277,0.0,0.0002410409942967,0.0035211250069551,0.0,100.0,1.0
3b7c0b2c,2026-09-22T00:01:30.732371,NEU-DET,pitted_surface,pitted_surface_181.jpg,4x4,4,4,8,FRQI,1024,statevector,5,4,1,1092,705,384,"{""h"": 132, ""x"": 64, ""cx"": 384, ""tdg"": 192, ""t"": 256, ""ry"": 64}",0.0009648749983171,0.0042046659946208,0.0,3.0499999411404133e-05,0.0067857920075766,1.1555579666323417e-30,100.0,0.9999999999999714
9a4447b6,2026-09-22T00:01:30.739176,NEU-DET,pitted_surface,pitted_surface_181.jpg,4x4,4,4,8,NEQR,1024,statevector,12,4,8,155,115,87,"{""h"": 4, ""x"": 64, ""mcx"": 87}",0.0011435420019552,0.0011400839866837,0.0,0.0002395000046817,0.003038374998141,0.0,100.0,1.0
13d19e12,2026-09-22T00:01:30.742612,NEU-DET,pitted_surface,pitted_surface_182.jpg,4x4,4,4,8,FRQI,1024,statevector,5,4,1,1092,705,384,"{""h"": 132, ""x"": 64, ""cx"": 384, ""tdg"": 192, ""t"": 256, ""ry"": 64}",0.0010008749959524,0.0042088749905815,0.0,3.041699528694153e-05,0.0068080839992035,1.5053068445330635e-30,100.0,1.0000000000000298
18220ca4,2026-09-22T00:01:30.749438,NEU-DET,pitted_surface,pitted_surface_182.jpg,4x4,4,4,8,NEQR,1024,statevector,12,4,8,159,119,91,"{""h"": 4, ""x"": 64, ""mcx"": 91}",0.0012253330060048,0.0011208750074729,0.0,0.000241375004407,0.003112875012448,0.0,100.0,1.0
1deb613d,2026-09-22T00:01:30.752984,NEU-DET,pitted_surface,pitted_surface_183.jpg,4x4,4,4,8,FRQI,1024,statevector,5,4,1,1092,705,384,"{""h"": 132, ""x"": 64, ""cx"": 384, ""tdg"": 192, ""t"": 256, ""ry"": 64}",0.0010082079970743,0.0042439170065335,0.0,3.445798938628286e-05,0.0068700839910889,1.393602907758604e-30,100.0,1.000000000000023
fa6bcc65,2026-09-22T00:01:30.759871,NEU-DET,pitted_surface,pitted_surface_183.jpg,4x4,4,4,8,NEQR,1024,statevector,12,4,8,148,108,80,"{""h"": 4, ""x"": 64, ""mcx"": 80}",0.0010552919993642,0.0011024160048691,0.0,0.0002409169974271,0.0028843339969171,0.0,100.0,1.0
ae6a2119,2026-09-22T00:01:30.763154,NEU-DET,pitted_surface,pitted_surface_184.jpg,4x4,4,4,8,FRQI,1024,statevector,5,4,1,1092,705,384,"{""h"": 132, ""x"": 64, ""cx"": 384, ""tdg"": 192, ""t"": 256, ""ry"": 64}",0.000980790995527,0.0041858329932438,0.0,2.9125003493390977e-05,0.0067716670018853,1.5761810664865138e-30,100.0,0.9999999999999964
5e29275f,2026-09-22T00:01:30.769945,NEU-DET,pitted_surface,pitted_surface_184.jpg,4x4,4,4,8,NEQR,1024,statevector,12,4,8,145,105,77,"{""h"": 4, ""x"": 64, ""mcx"": 77}",0.0009624169906601,0.001032458996633,0.0,0.0002398750075371,0.0027724170067813,0.0,100.0,1.0
af2233d6,2026-09-22T00:01:30.773354,NEU-DET,pitted_surface,pitted_surface_185.jpg,4x4,4,4,8,FRQI,1024,statevector,5,4,1,1092,705,384,"{""h"": 132, ""x"": 64, ""cx"": 384, ""tdg"": 192, ""t"": 256, ""ry"": 64}",0.0010267079924233,0.0041546249995008,0.0,3.166700480505824e-05,0.0068507920077536,1.0631133293017542e-30,100.0,0.9999999999999684
6e492218,2026-09-22T00:01:30.780231,NEU-DET,pitted_surface,pitted_surface_185.jpg,4x4,4,4,8,NEQR,1024,statevector,12,4,8,147,107,79,"{""h"": 4, ""x"": 64, ""mcx"": 79}",0.0010117909987457,0.0010707500041462,0.0,0.000241958987317,0.0028757089894497,0.0,100.0,1.0
1a4734db,2026-09-22T00:01:30.783535,NEU-DET,pitted_surface,pitted_surface_186.jpg,4x4,4,4,8,FRQI,1024,statevector,5,4,1,1092,705,384,"{""h"": 132, ""x"": 64, ""cx"": 384, ""tdg"": 192, ""t"": 256, ""ry"": 64}",0.0009989169921027,0.0041794999997364,0.0,3.220798680558801e-05,0.0067781659890897,8.651277310187463e-31,100.0,1.000000000000018
3c464666,2026-09-22T00:01:30.790335,NEU-DET,pitted_surface,pitted_surface_186.jpg,4x4,4,4,8,NEQR,1024,statevector,12,4,8,142,102,74,"{""h"": 4, ""x"": 64, ""mcx"": 74}",0.0011643339967122,0.0010460839985171,0.0,0.0002409169974271,0.0031699999963166,0.0,100.0,1.0
be559576,2026-09-22T00:01:30.794038,NEU-DET,pitted_surface,pitted_surface_187.jpg,4x4,4,4,8,FRQI,1024,statevector,5,4,1,1092,705,384,"{""h"": 132, ""x"": 64, ""cx"": 384, ""tdg"": 192, ""t"": 256, ""ry"": 64}",0.0010030410048784,0.0043337500101188,0.0,2.995900285895914e-05,0.0069500419922405,1.0338391941470682e-30,100.0,1.000000000000096
2c1fa3dd,2026-09-22T00:01:30.801005,NEU-DET,pitted_surface,pitted_surface_187.jpg,4x4,4,4,8,NEQR,1024,statevector,12,4,8,142,102,74,"{""h"": 4, ""x"": 64, ""mcx"": 74}",0.0010585830023046,0.0010379169980296,0.0,0.0002417920040898,0.0028104170050937,0.0,100.0,1.0
3d48a25c,2026-09-22T00:01:30.804317,NEU-DET,pitted_surface,pitted_surface_188.jpg,4x4,4,4,8,FRQI,1024,statevector,5,4,1,1092,705,384,"{""h"": 132, ""x"": 64, ""cx"": 384, ""tdg"": 192, ""t"": 256, ""ry"": 64}",0.0010174170020036,0.004224083997542,0.0,3.22920095641166e-05,0.0068470840051304,1.0615725853462444e-30,100.0,1.0000000000000142
da28d7a9,2026-09-22T00:01:30.811184,NEU-DET,pitted_surface,pitted_surface_188.jpg,4x4,4,4,8,NEQR,1024,statevector,12,4,8,156,116,88,"{""h"": 4, ""x"": 64, ""mcx"": 88}",0.0013531669974327,0.0011689999955706,0.0,0.0002392919996054,0.0032843749941093,0.0,100.0,1.0
00814bbe,2026-09-22T00:01:30.814888,NEU-DET,pitted_surface,pitted_surface_189.jpg,4x4,4,4,8,FRQI,1024,statevector,5,4,1,1092,705,384,"{""h"": 132, ""x"": 64, ""cx"": 384, ""tdg"": 192, ""t"": 256, ""ry"": 64}",0.0010445829975651,0.0041632500069681,0.0,3.070899401791394e-05,0.0068059580080443,1.063883701279509e-30,100.0,0.9999999999999568
06208f24,2026-09-22T00:01:30.821715,NEU-DET,pitted_surface,pitted_surface_189.jpg,4x4,4,4,8,NEQR,1024,statevector,12,4,8,141,101,73,"{""h"": 4, ""x"": 64, ""mcx"": 73}",0.0009417920082341,0.0009920000011334,0.0,0.0002416670031379,0.0026965839933836,0.0,100.0,1.0
69fe71db,2026-09-22T00:01:30.825042,NEU-DET,pitted_surface,pitted_surface_19.jpg,4x4,4,4,8,FRQI,1024,statevector,5,4,1,1092,705,384,"{""h"": 132, ""x"": 64, ""cx"": 384, ""tdg"": 192, ""t"": 256, ""ry"": 64}",0.0010484170052222,0.0042015419894596,0.0,3.2916999771259725e-05,0.0068609169975388,1.2295136764968114e-30,100.0,1.000000000000003
77b67477,2026-09-22T00:01:30.831926,NEU-DET,pitted_surface,pitted_surface_19.jpg,4x4,4,4,8,NEQR,1024,statevector,12,4,8,143,103,75,"{""h"": 4, ""x"": 64, ""mcx"": 75}",0.0009982079936889,0.0010406250075902,0.0,0.000242000009166,0.0027770000015152,0.0,100.0,1.0
2ed732a1,2026-09-22T00:01:30.835130,NEU-DET,pitted_surface,pitted_surface_190.jpg,4x4,4,4,8,FRQI,1024,statevector,5,4,1,1092,705,384,"{""h"": 132, ""x"": 64, ""cx"": 384, ""tdg"": 192, ""t"": 256, ""ry"": 64}",0.001011667001876,0.0042721670033643,0.0,3.041699528694153e-05,0.006913125005667,8.350832238863055e-31,100.0,1.00000000000001
509a38ca,2026-09-22T00:01:30.842066,NEU-DET,pitted_surface,pitted_surface_190.jpg,4x4,4,4,8,NEQR,1024,statevector,12,4,8,139,99,71,"{""h"": 4, ""x"": 64, ""mcx"": 71}",0.0009197499894071,0.0010222499986412,0.0,0.0002440830139676,0.0026751670084195,0.0,100.0,1.0
c8beebdc,2026-09-22T00:01:30.845245,NEU-DET,pitted_surface,pitted_surface_191.jpg,4x4,4,4,8,FRQI,1024,statevector,5,4,1,1092,705,384,"{""h"": 132, ""x"": 64, ""cx"": 384, ""tdg"": 192, ""t"": 256, ""ry"": 64}",0.0013099170027999,0.0049381249991711,0.0,3.3125004847534e-05,0.0087205830059247,1.4606252698232797e-30,100.0,0.999999999999997
22ac9f05,2026-09-22T00:01:30.853982,NEU-DET,pitted_surface,pitted_surface_191.jpg,4x4,4,4,8,NEQR,1024,statevector,12,4,8,150,110,82,"{""h"": 4, ""x"": 64, ""mcx"": 82}",0.00114749999193,0.0011160829890286,0.0,0.0002620829909574,0.0030414159991778,0.0,100.0,1.0
0a2acd25,2026-09-22T00:01:30.857561,NEU-DET,pitted_surface,pitted_surface_192.jpg,4x4,4,4,8,FRQI,1024,statevector,5,4,1,1092,705,384,"{""h"": 132, ""x"": 64, ""cx"": 384, ""tdg"": 192, ""t"": 256, ""ry"": 64}",0.0014949169999454,0.0044570419995579,0.0,3.48330067936331e-05,0.0076505000033648,1.1728913361318266e-30,100.0,1.0000000000000024
a735da69,2026-09-22T00:01:30.865231,NEU-DET,pitted_surface,pitted_surface_192.jpg,4x4,4,4,8,NEQR,1024,statevector,12,4,8,131,91,63,"{""h"": 4, ""x"": 64, ""mcx"": 63}",0.0010062080109491,0.0010764999897219,0.0,0.0002646660141181,0.0028496249869931,0.0,100.0,1.0
c47083ae,2026-09-22T00:01:30.868621,NEU-DET,pitted_surface,pitted_surface_193.jpg,4x4,4,4,8,FRQI,1024,statevector,5,4,1,1092,705,384,"{""h"": 132, ""x"": 64, ""cx"": 384, ""tdg"": 192, ""t"": 256, ""ry"": 64}",0.0011015829950338,0.0044843750074505,0.0,3.737500810530037e-05,0.0073172920092474,1.9912671177505732e-30,100.0,0.9999999999999992
d7036e51,2026-09-22T00:01:30.875960,NEU-DET,pitted_surface,pitted_surface_193.jpg,4x4,4,4,8,NEQR,1024,statevector,12,4,8,128,88,60,"{""h"": 4, ""x"": 64, ""mcx"": 60}",0.0008589580102125,0.0009942499891621,0.0,0.0002505000011296,0.0026498750085011,0.0,100.0,1.0
2797a16c,2026-09-22T00:01:30.879052,NEU-DET,pitted_surface,pitted_surface_194.jpg,4x4,4,4,8,FRQI,1024,statevector,5,4,1,1092,705,384,"{""h"": 132, ""x"": 64, ""cx"": 384, ""tdg"": 192, ""t"": 256, ""ry"": 64}",0.0010659170075086,0.0045487919996958,0.0,3.816699609160423e-05,0.007726416006335,2.245778759901346e-30,100.0,0.9999999999999996
b65cbbf6,2026-09-22T00:01:30.886803,NEU-DET,pitted_surface,pitted_surface_194.jpg,4x4,4,4,8,NEQR,1024,statevector,12,4,8,126,86,58,"{""h"": 4, ""x"": 64, ""mcx"": 58}",0.0008470419998047,0.0010357499995734,0.0,0.000251791003393,0.0026125419972231,0.0,100.0,1.0
e1346524,2026-09-22T00:01:30.889916,NEU-DET,pitted_surface,pitted_surface_195.jpg,4x4,4,4,8,FRQI,1024,statevector,5,4,1,1092,705,384,"{""h"": 132, ""x"": 64, ""cx"": 384, ""tdg"": 192, ""t"": 256, ""ry"": 64}",0.0011299170000711,0.0049943750054808,0.0,3.650000144261867e-05,0.0078932499891379,2.908467179640689e-30,100.0,0.9999999999999976
27051e8d,2026-09-22T00:01:30.897836,NEU-DET,pitted_surface,pitted_surface_195.jpg,4x4,4,4,8,NEQR,1024,statevector,12,4,8,119,79,51,"{""h"": 4, ""x"": 64, ""mcx"": 51}",0.0007768330106046,0.0009567079978296,0.0,0.0002558749984018,0.0025267919991165,0.0,100.0,1.0
8b034e56,2026-09-22T00:01:30.900868,NEU-DET,pitted_surface,pitted_surface_196.jpg,4x4,4,4,8,FRQI,1024,statevector,5,4,1,1092,705,384,"{""h"": 132, ""x"": 64, ""cx"": 384, ""tdg"": 192, ""t"": 256, ""ry"": 64}",0.0010864159994525,0.0045505419984692,0.0,3.420800203457475e-05,0.0073476669931551,1.3882103039143196e-30,100.0,1.000000000000017
d1f01277,2026-09-22T00:01:30.908237,NEU-DET,pitted_surface,pitted_surface_196.jpg,4x4,4,4,8,NEQR,1024,statevector,12,4,8,151,111,83,"{""h"": 4, ""x"": 64, ""mcx"": 83}",0.0011351249995641,0.0011032500042347,0.0,0.0003812920040218,0.0032678749994374,0.0,100.0,1.0
c88a4df8,2026-09-22T00:01:30.912029,NEU-DET,pitted_surface,pitted_surface_197.jpg,4x4,4,4,8,FRQI,1024,statevector,5,4,1,1092,705,384,"{""h"": 132, ""x"": 64, ""cx"": 384, ""tdg"": 192, ""t"": 256, ""ry"": 64}",0.001110958008212,0.0044703330058837,0.0,3.3666001399978995e-05,0.007307916006539,8.52801779374668e-31,100.0,0.9999999999999865
a4c51305,2026-09-22T00:01:30.919364,NEU-DET,pitted_surface,pitted_surface_197.jpg,4x4,4,4,8,NEQR,1024,statevector,12,4,8,157,117,89,"{""h"": 4, ""x"": 64, ""mcx"": 89}",0.0011965000012423,0.0011165830073878,0.0,0.0002521249989513,0.0030982080061221,0.0,100.0,1.0
fc75d95e,2026-09-22T00:01:30.922898,NEU-DET,pitted_surface,pitted_surface_198.jpg,4x4,4,4,8,FRQI,1024,statevector,5,4,1,1092,705,384,"{""h"": 132, ""x"": 64, ""cx"": 384, ""tdg"": 192, ""t"": 256, ""ry"": 64}",0.0010051669960375,0.0045154159888625,0.0,3.4958997275680304e-05,0.0072070830065058,2.2646047251077313e-30,100.0,1.0000000000000016
ccf4b260,2026-09-22T00:01:30.930131,NEU-DET,pitted_surface,pitted_surface_198.jpg,4x4,4,4,8,NEQR,1024,statevector,12,4,8,129,89,61,"{""h"": 4, ""x"": 64, ""mcx"": 61}",0.0011056250077672,0.0009808339964365,0.0,0.0002521660062484,0.0028361250006128,0.0,100.0,1.0
35b2872d,2026-09-22T00:01:30.933503,NEU-DET,pitted_surface,pitted_surface_199.jpg,4x4,4,4,8,FRQI,1024,statevector,5,4,1,1092,705,384,"{""h"": 132, ""x"": 64, ""cx"": 384, ""tdg"": 192, ""t"": 256, ""ry"": 64}",0.0010286660108249,0.0044088329887017,0.0,3.362499410286546e-05,0.0070867920003365,2.1062692095547957e-30,100.0,0.9999999999999968
4be19e66,2026-09-22T00:01:30.940611,NEU-DET,pitted_surface,pitted_surface_199.jpg,4x4,4,4,8,NEQR,1024,statevector,12,4,8,116,76,48,"{""h"": 4, ""x"": 64, ""mcx"": 48}",0.0009365419973619,0.0008557920082239,0.0,0.0002415839990135,0.0025744159938767,0.0,100.0,1.0
2262d234,2026-09-22T00:01:30.943610,NEU-DET,pitted_surface,pitted_surface_2.jpg,4x4,4,4,8,FRQI,1024,statevector,5,4,1,1092,705,384,"{""h"": 132, ""x"": 64, ""cx"": 384, ""tdg"": 192, ""t"": 256, ""ry"": 64}",0.0010135839984286,0.0041817090095719,0.0,3.066699719056487e-05,0.0067895419924752,1.4519585850735373e-30,100.0,1.0000000000000049
8637cd41,2026-09-22T00:01:30.950419,NEU-DET,pitted_surface,pitted_surface_2.jpg,4x4,4,4,8,NEQR,1024,statevector,12,4,8,128,88,60,"{""h"": 4, ""x"": 64, ""mcx"": 60}",0.0008118339901557,0.0009996669978136,0.0,0.0002445830032229,0.0025261249975301,0.0,100.0,1.0
fbf06408,2026-09-22T00:01:30.953446,NEU-DET,pitted_surface,pitted_surface_20.jpg,4x4,4,4,8,FRQI,1024,statevector,5,4,1,1092,705,384,"{""h"": 132, ""x"": 64, ""cx"": 384, ""tdg"": 192, ""t"": 256, ""ry"": 64}",0.0011135840031784,0.0042456250084796,0.0,3.0665993108414114e-05,0.0069742499908898,9.128907936395498e-31,100.0,0.9999999999999758
6b630632,2026-09-22T00:01:30.960443,NEU-DET,pitted_surface,pitted_surface_20.jpg,4x4,4,4,8,NEQR,1024,statevector,12,4,8,142,102,74,"{""h"": 4, ""x"": 64, ""mcx"": 74}",0.0009535839926684,0.0010392919939476,0.0,0.0002447500010021,0.0027453329967102,0.0,100.0,1.0
29a8569e,2026-09-22T00:01:30.963582,NEU-DET,pitted_surface,pitted_surface_200.jpg,4x4,4,4,8,FRQI,1024,statevector,5,4,1,1092,705,384,"{""h"": 132, ""x"": 64, ""cx"": 384, ""tdg"": 192, ""t"": 256, ""ry"": 64}",0.0010976250050589,0.0041723340109456,0.0,2.8583002858795226e-05,0.0068667080049635,2.43683101038456e-30,100.0,0.9999999999999992
223af60a,2026-09-22T00:01:30.970467,NEU-DET,pitted_surface,pitted_surface_200.jpg,4x4,4,4,8,NEQR,1024,statevector,12,4,8,127,87,59,"{""h"": 4, ""x"": 64, ""mcx"": 59}",0.0007844589999876,0.0009724999981699,0.0,0.000239999993937,0.0024114999978337,0.0,100.0,1.0
0461afb8,2026-09-22T00:01:30.973379,NEU-DET,pitted_surface,pitted_surface_201.jpg,4x4,4,4,8,FRQI,1024,statevector,5,4,1,1092,705,384,"{""h"": 132, ""x"": 64, ""cx"": 384, ""tdg"": 192, ""t"": 256, ""ry"": 64}",0.00115804199595,0.0041704169998411,0.0,2.9040995286777616e-05,0.0069543330027954,9.005648419954715e-31,100.0,1.0000000000000115
8d0491cd,2026-09-22T00:01:30.980350,NEU-DET,pitted_surface,pitted_surface_201.jpg,4x4,4,4,8,NEQR,1024,statevector,12,4,8,150,110,82,"{""h"": 4, ""x"": 64, ""mcx"": 82}",0.0010939999920083,0.0010961249936372,0.0,0.0002440839889459,0.0029168749897507,0.0,100.0,1.0
698fcfe8,2026-09-22T00:01:30.983757,NEU-DET,pitted_surface,pitted_surface_202.jpg,4x4,4,4,8,FRQI,1024,statevector,5,4,1,1092,705,384,"{""h"": 132, ""x"": 64, ""cx"": 384, ""tdg"": 192, ""t"": 256, ""ry"": 64}",0.0010109580034622,0.004183583005215,0.0,3.05419962387532e-05,0.0067852089996449,8.736018227740502e-31,100.0,1.0000000000000189
66bdd220,2026-09-22T00:01:30.990562,NEU-DET,pitted_surface,pitted_surface_202.jpg,4x4,4,4,8,NEQR,1024,statevector,12,4,8,147,107,79,"{""h"": 4, ""x"": 64, ""mcx"": 79}",0.001138624997111,0.0010855000000447,0.0,0.0002412500034552,0.0029632500081788,0.0,100.0,1.0
99c832ec,2026-09-22T00:01:30.993976,NEU-DET,pitted_surface,pitted_surface_203.jpg,4x4,4,4,8,FRQI,1024,statevector,5,4,1,1092,705,384,"{""h"": 132, ""x"": 64, ""cx"": 384, ""tdg"": 192, ""t"": 256, ""ry"": 64}",0.0011270409886492,0.0042561669979477,0.0,3.129099786747247e-05,0.0069772919960087,1.1663431743209099e-30,100.0,0.9999999999999932
977de69c,2026-09-22T00:01:31.000977,NEU-DET,pitted_surface,pitted_surface_203.jpg,4x4,4,4,8,NEQR,1024,statevector,12,4,8,137,97,69,"{""h"": 4, ""x"": 64, ""mcx"": 69}",0.0009112909901887,0.0010015830048359,0.0,0.0002490420010872,0.0026936250069411,0.0,100.0,1.0
5f95df73,2026-09-22T00:01:31.004088,NEU-DET,pitted_surface,pitted_surface_204.jpg,4x4,4,4,8,FRQI,1024,statevector,5,4,1,1092,705,384,"{""h"": 132, ""x"": 64, ""cx"": 384, ""tdg"": 192, ""t"": 256, ""ry"": 64}",0.0009678750066086,0.0042092090006917,0.0,3.095899592153728e-05,0.0067670419957721,8.920907502401676e-31,100.0,0.9999999999999912
9ad8fb3f,2026-09-22T00:01:31.010872,NEU-DET,pitted_surface,pitted_surface_204.jpg,4x4,4,4,8,NEQR,1024,statevector,12,4,8,154,114,86,"{""h"": 4, ""x"": 64, ""mcx"": 86}",0.0013824159977957,0.0010854169959202,0.0,0.0002441250107949,0.0033472079958301,0.0,100.0,1.0
b6da49a0,2026-09-22T00:01:31.014691,NEU-DET,pitted_surface,pitted_surface_205.jpg,4x4,4,4,8,FRQI,1024,statevector,5,4,1,1092,705,384,"{""h"": 132, ""x"": 64, ""cx"": 384, ""tdg"": 192, ""t"": 256, ""ry"": 64}",0.0010417090088594,0.0042205839999951,0.0,3.22499981848523e-05,0.0068921250058338,8.512610354191582e-31,100.0,1.00000000000001
775519ca,2026-09-22T00:01:31.021606,NEU-DET,pitted_surface,pitted_surface_205.jpg,4x4,4,4,8,NEQR,1024,statevector,12,4,8,159,119,91,"{""h"": 4, ""x"": 64, ""mcx"": 91}",0.0011271249968558,0.0011464170092949,0.0,0.0002528329932829,0.0031448749941773,0.0,100.0,1.0
e7eb3e5b,2026-09-22T00:01:31.025168,NEU-DET,pitted_surface,pitted_surface_206.jpg,4x4,4,4,8,FRQI,1024,statevector,5,4,1,1092,705,384,"{""h"": 132, ""x"": 64, ""cx"": 384, ""tdg"": 192, ""t"": 256, ""ry"": 64}",0.0009741249959915,0.0044480420037871,0.0,3.316599759273231e-05,0.0070828329917276,1.393602907758604e-30,100.0,1.000000000000035
2d5d370c,2026-09-22T00:01:31.032272,NEU-DET,pitted_surface,pitted_surface_206.jpg,4x4,4,4,8,NEQR,1024,statevector,12,4,8,164,124,96,"{""h"": 4, ""x"": 64, ""mcx"": 96}",0.0012671660078922,0.0011382090015104,0.0,0.0002637909929035,0.0033202080085175,0.0,100.0,1.0
ba76406f,2026-09-22T00:01:31.036128,NEU-DET,pitted_surface,pitted_surface_207.jpg,4x4,4,4,8,FRQI,1024,statevector,5,4,1,1092,705,384,"{""h"": 132, ""x"": 64, ""cx"": 384, ""tdg"": 192, ""t"": 256, ""ry"": 64}",0.0010039580083684,0.0041086670098593,0.0,3.3541000448167324e-05,0.0067028749908786,1.5392032115542789e-30,100.0,0.9999999999999976
1d1cba36,2026-09-22T00:01:31.042847,NEU-DET,pitted_surface,pitted_surface_207.jpg,4x4,4,4,8,NEQR,1024,statevector,12,4,8,150,110,82,"{""h"": 4, ""x"": 64, ""mcx"": 82}",0.0010777920106193,0.0010872919956455,0.0,0.0002432500041322,0.0029335419967537,0.0,100.0,1.0
5a3f13ab,2026-09-22T00:01:31.046200,NEU-DET,pitted_surface,pitted_surface_208.jpg,4x4,4,4,8,FRQI,1024,statevector,5,4,1,1092,705,384,"{""h"": 132, ""x"": 64, ""cx"": 384, ""tdg"": 192, ""t"": 256, ""ry"": 64}",0.0010036669991677,0.0042100840073544,0.0,3.458399442024529e-05,0.0068494159932015,1.1778987539872334e-30,100.0,0.9999999999999742
8e65f019,2026-09-22T00:01:31.053070,NEU-DET,pitted_surface,pitted_surface_208.jpg,4x4,4,4,8,NEQR,1024,statevector,12,4,8,153,113,85,"{""h"": 4, ""x"": 64, ""mcx"": 85}",0.0010744580067694,0.0010425000073155,0.0,0.000241375004407,0.0029327089869184,0.0,100.0,1.0
fd615fea,2026-09-22T00:01:31.056492,NEU-DET,pitted_surface,pitted_surface_209.jpg,4x4,4,4,8,FRQI,1024,statevector,5,4,1,1092,705,384,"{""h"": 132, ""x"": 64, ""cx"": 384, ""tdg"": 192, ""t"": 256, ""ry"": 64}",0.0012833750079153,0.0042229999962728,0.0,3.095800639130175e-05,0.0071779580030124,1.6732479356836305e-30,100.0,1.0000000000000902
98c2c0bb,2026-09-22T00:01:31.063691,NEU-DET,pitted_surface,pitted_surface_209.jpg,4x4,4,4,8,NEQR,1024,statevector,12,4,8,165,125,97,"{""h"": 4, ""x"": 64, ""mcx"": 97}",0.0012532090040622,0.0011799999920185,0.0,0.0002399160002823,0.0033651660050963,0.0,100.0,1.0
e79e9f4b,2026-09-22T00:01:31.067463,NEU-DET,pitted_surface,pitted_surface_21.jpg,4x4,4,4,8,FRQI,1024,statevector,5,4,1,1092,705,384,"{""h"": 132, ""x"": 64, ""cx"": 384, ""tdg"": 192, ""t"": 256, ""ry"": 64}",0.0010010420082835,0.0045359169889707,0.0,3.170900163240731e-05,0.0071178749931277,1.2626396715402718e-30,100.0,1.0000000000000084
4a1eac72,2026-09-22T00:01:31.074600,NEU-DET,pitted_surface,pitted_surface_21.jpg,4x4,4,4,8,NEQR,1024,statevector,12,4,8,127,87,59,"{""h"": 4, ""x"": 64, ""mcx"": 59}",0.0008320000051753,0.0009176659950753,0.0,0.0002503750001778,0.0024666660028742,0.0,100.0,1.0
0aead989,2026-09-22T00:01:31.077590,NEU-DET,pitted_surface,pitted_surface_210.jpg,4x4,4,4,8,FRQI,1024,statevector,5,4,1,1092,705,384,"{""h"": 132, ""x"": 64, ""cx"": 384, ""tdg"": 192, ""t"": 256, ""ry"": 64}",0.0010305000032531,0.0041909169958671,0.0,3.129099786747247e-05,0.0068376669951248,1.836566794967668e-30,100.0,1.0000000000000098
4e2b0585,2026-09-22T00:01:31.084448,NEU-DET,pitted_surface,pitted_surface_210.jpg,4x4,4,4,8,NEQR,1024,statevector,12,4,8,156,116,88,"{""h"": 4, ""x"": 64, ""mcx"": 88}",0.0011517919920152,0.0011038749944418,0.0,0.0002400419907644,0.0030079580028541,0.0,100.0,1.0
61af0c8f,2026-09-22T00:01:31.087862,NEU-DET,pitted_surface,pitted_surface_211.jpg,4x4,4,4,8,FRQI,1024,statevector,5,4,1,1092,705,384,"{""h"": 132, ""x"": 64, ""cx"": 384, ""tdg"": 192, ""t"": 256, ""ry"": 64}",0.0010539580107433,0.0041675419925013,0.0,3.0417009838856757e-05,0.006794583008741,1.2741952512065952e-30,100.0,1.0
3dd35686,2026-09-22T00:01:31.094673,NEU-DET,pitted_surface,pitted_surface_211.jpg,4x4,4,4,8,NEQR,1024,statevector,12,4,8,142,102,74,"{""h"": 4, ""x"": 64, ""mcx"": 74}",0.0010114579927176,0.0009854160016402,0.0,0.0002420410019112,0.0027168750093551,0.0,100.0,1.0
353a76a1,2026-09-22T00:01:31.097793,NEU-DET,pitted_surface,pitted_surface_212.jpg,4x4,4,4,8,FRQI,1024,statevector,5,4,1,1092,705,384,"{""h"": 132, ""x"": 64, ""cx"": 384, ""tdg"": 192, ""t"": 256, ""ry"": 64}",0.001022374999593,0.0040910840034484,0.0,3.0665993108414114e-05,0.0067357079969951,1.5673217887423324e-30,100.0,0.9999999999999972
4ce3bc04,2026-09-22T00:01:31.104544,NEU-DET,pitted_surface,pitted_surface_212.jpg,4x4,4,4,8,NEQR,1024,statevector,12,4,8,124,84,56,"{""h"": 4, ""x"": 64, ""mcx"": 56}",0.0007540420047007,0.0009047089988598,0.0,0.0002472909982316,0.0023219590075314,0.0,100.0,1.0
9a73c355,2026-09-22T00:01:31.107258,NEU-DET,pitted_surface,pitted_surface_213.jpg,4x4,4,4,8,FRQI,1024,statevector,5,4,1,1092,705,384,"{""h"": 132, ""x"": 64, ""cx"": 384, ""tdg"": 192, ""t"": 256, ""ry"": 64}",0.0009974589920602,0.0041279590077465,0.0,3.3541000448167324e-05,0.0067437910038279,1.2718841352733306e-30,100.0,0.999999999999972
e0282717,2026-09-22T00:01:31.114018,NEU-DET,pitted_surface,pitted_surface_213.jpg,4x4,4,4,8,NEQR,1024,statevector,12,4,8,128,88,60,"{""h"": 4, ""x"": 64, ""mcx"": 60}",0.0008512920030625,0.0010174170020036,0.0,0.0002436250069877,0.0025574580067768,0.0,100.0,1.0
bf7eef7b,2026-09-22T00:01:31.116983,NEU-DET,pitted_surface,pitted_surface_214.jpg,4x4,4,4,8,FRQI,1024,statevector,5,4,1,1092,705,384,"{""h"": 132, ""x"": 64, ""cx"": 384, ""tdg"": 192, ""t"": 256, ""ry"": 64}",0.000976166993496,0.0041177079983754,0.0,2.8750000637955964e-05,0.0066965000005438,8.936314941956774e-31,100.0,1.0000000000000044
f5de97a1,2026-09-22T00:01:31.123694,NEU-DET,pitted_surface,pitted_surface_214.jpg,4x4,4,4,8,NEQR,1024,statevector,12,4,8,135,95,67,"{""h"": 4, ""x"": 64, ""mcx"": 67}",0.0010372500109951,0.0009703329997137,0.0,0.0002512500068405,0.0029544169956352,0.0,100.0,1.0
b9c39221,2026-09-22T00:01:31.127199,NEU-DET,pitted_surface,pitted_surface_215.jpg,4x4,4,4,8,FRQI,1024,statevector,5,4,1,1092,705,384,"{""h"": 132, ""x"": 64, ""cx"": 384, ""tdg"": 192, ""t"": 256, ""ry"": 64}",0.0012405830057105,0.004314791993238,0.0,3.3125004847534e-05,0.0077028330124448,1.0041798730035048e-30,100.0,1.0000000000000009
e3422bae,2026-09-22T00:01:31.134923,NEU-DET,pitted_surface,pitted_surface_215.jpg,4x4,4,4,8,NEQR,1024,statevector,12,4,8,139,99,71,"{""h"": 4, ""x"": 64, ""mcx"": 71}",0.0009449579956708,0.0010400829924037,0.0,0.0002590830117696,0.0027328330033924,0.0,100.0,1.0
e61173d3,2026-09-22T00:01:31.138051,NEU-DET,pitted_surface,pitted_surface_216.jpg,4x4,4,4,8,FRQI,1024,statevector,5,4,1,1092,705,384,"{""h"": 132, ""x"": 64, ""cx"": 384, ""tdg"": 192, ""t"": 256, ""ry"": 64}",0.0010697499965317,0.0047959999938029,0.0,3.487500362098217e-05,0.0075587089959299,1.5582699180037124e-30,100.0,0.9999999999999964
cb440a19,2026-09-22T00:01:31.145629,NEU-DET,pitted_surface,pitted_surface_216.jpg,4x4,4,4,8,NEQR,1024,statevector,12,4,8,133,93,65,"{""h"": 4, ""x"": 64, ""mcx"": 65}",0.0008895840001059,0.0009785000002011,0.0,0.0002562500012572,0.0025862080074148,0.0,100.0,1.0
01513a19,2026-09-22T00:01:31.148587,NEU-DET,pitted_surface,pitted_surface_217.jpg,4x4,4,4,8,FRQI,1024,statevector,5,4,1,1092,705,384,"{""h"": 132, ""x"": 64, ""cx"": 384, ""tdg"": 192, ""t"": 256, ""ry"": 64}",0.0010771250090328,0.0045251660048961,0.0,3.387501055840403e-05,0.0072888750000856,2.271417702286001e-30,100.0,1.0000000000000016
12662269,2026-09-22T00:01:31.155896,NEU-DET,pitted_surface,pitted_surface_217.jpg,4x4,4,4,8,NEQR,1024,statevector,12,4,8,121,81,53,"{""h"": 4, ""x"": 64, ""mcx"": 53}",0.0008110409980872,0.0009373750071972,0.0,0.0002529160119593,0.0024446250026812,0.0,100.0,1.0
0178fa8f,2026-09-22T00:01:31.158821,NEU-DET,pitted_surface,pitted_surface_218.jpg,4x4,4,4,8,FRQI,1024,statevector,5,4,1,1092,705,384,"{""h"": 132, ""x"": 64, ""cx"": 384, ""tdg"": 192, ""t"": 256, ""ry"": 64}",0.0011028339940821,0.0044056250044377,0.0,3.325000579934567e-05,0.0072247500065714,2.215156473785589e-30,100.0,0.9999999999999978
f8da76b5,2026-09-22T00:01:31.166064,NEU-DET,pitted_surface,pitted_surface_218.jpg,4x4,4,4,8,NEQR,1024,statevector,12,4,8,132,92,64,"{""h"": 4, ""x"": 64, ""mcx"": 64}",0.000938249999308,0.0009909580112434,0.0,0.0002553340018494,0.0026874169998336,0.0,100.0,1.0
8a16860d,2026-09-22T00:01:31.169132,NEU-DET,pitted_surface,pitted_surface_219.jpg,4x4,4,4,8,FRQI,1024,statevector,5,4,1,1092,705,384,"{""h"": 132, ""x"": 64, ""cx"": 384, ""tdg"": 192, ""t"": 256, ""ry"": 64}",0.0010173750051762,0.0044848329998785,0.0,3.333300992380828e-05,0.0071955839957809,2.6225026940856415e-30,100.0,0.999999999999996
ad03716c,2026-09-22T00:01:31.176347,NEU-DET,pitted_surface,pitted_surface_219.jpg,4x4,4,4,8,NEQR,1024,statevector,12,4,8,126,86,58,"{""h"": 4, ""x"": 64, ""mcx"": 58}",0.0008176249975804,0.000966416002484,0.0,0.0002588749921415,0.0025486670056125,0.0,100.0,1.0
b239b816,2026-09-22T00:01:31.179366,NEU-DET,pitted_surface,pitted_surface_22.jpg,4x4,4,4,8,FRQI,1024,statevector,5,4,1,1092,705,384,"{""h"": 132, ""x"": 64, ""cx"": 384, ""tdg"": 192, ""t"": 256, ""ry"": 64}",0.0010111250012414,0.0043839160061907,0.0,3.316700167488307e-05,0.0070866669993847,9.845353875707551e-31,100.0,1.0000000000000226
95fefc54,2026-09-22T00:01:31.186471,NEU-DET,pitted_surface,pitted_surface_22.jpg,4x4,4,4,8,NEQR,1024,statevector,12,4,8,140,100,72,"{""h"": 4, ""x"": 64, ""mcx"": 72}",0.0010230419866275,0.0011137500114273,0.0,0.0002564579917816,0.0028882079932373,0.0,100.0,1.0
2aff9ae5,2026-09-22T00:01:31.189829,NEU-DET,pitted_surface,pitted_surface_220.jpg,4x4,4,4,8,FRQI,1024,statevector,5,4,1,1092,705,384,"{""h"": 132, ""x"": 64, ""cx"": 384, ""tdg"": 192, ""t"": 256, ""ry"": 64}",0.0011836250050691,0.0043968329991912,0.0,3.204098902642727e-05,0.0072870829899329,1.6131589214187488e-30,100.0,1.00000000000001
5c8bb3ea,2026-09-22T00:01:31.197132,NEU-DET,pitted_surface,pitted_surface_220.jpg,4x4,4,4,8,NEQR,1024,statevector,12,4,8,142,102,74,"{""h"": 4, ""x"": 64, ""mcx"": 74}",0.0009760829998413,0.0010474589944351,0.0,0.0002508750039851,0.0027508339990163,0.0,100.0,1.0
de4ae074,2026-09-22T00:01:31.200367,NEU-DET,pitted_surface,pitted_surface_221.jpg,4x4,4,4,8,FRQI,1024,statevector,5,4,1,1092,705,384,"{""h"": 132, ""x"": 64, ""cx"": 384, ""tdg"": 192, ""t"": 256, ""ry"": 64}",0.001108334006858,0.0043797090038424,0.0,3.0499999411404133e-05,0.0071731250063749,1.6477775121691093e-30,100.0,0.9999999999999992
80173128,2026-09-22T00:01:31.207559,NEU-DET,pitted_surface,pitted_surface_221.jpg,4x4,4,4,8,NEQR,1024,statevector,12,4,8,136,96,68,"{""h"": 4, ""x"": 64, ""mcx"": 68}",0.0009720840025693,0.0010885420051636,0.0,0.0002529160119593,0.0027927920018555,0.0,100.0,1.0
37725ab1,2026-09-22T00:01:31.210764,NEU-DET,pitted_surface,pitted_surface_222.jpg,4x4,4,4,8,FRQI,1024,statevector,5,4,1,1092,705,384,"{""h"": 132, ""x"": 64, ""cx"": 384, ""tdg"": 192, ""t"": 256, ""ry"": 64}",0.0011000420054187,0.0046462919999612,0.0,3.370900230947882e-05,0.0074420830060262,1.670888671501756e-30,100.0,0.9999999999999992
1f1d67b9,2026-09-22T00:01:31.218227,NEU-DET,pitted_surface,pitted_surface_222.jpg,4x4,4,4,8,NEQR,1024,statevector,12,4,8,135,95,67,"{""h"": 4, ""x"": 64, ""mcx"": 67}",0.0009176669991575,0.0010369169904151,0.0,0.0002501669951016,0.0026740830071503,0.0,100.0,1.0
06292e4f,2026-09-22T00:01:31.221302,NEU-DET,pitted_surface,pitted_surface_223.jpg,4x4,4,4,8,FRQI,1024,statevector,5,4,1,1092,705,384,"{""h"": 132, ""x"": 64, ""cx"": 384, ""tdg"": 192, ""t"": 256, ""ry"": 64}",0.0010562079987721,0.0046266249992186,0.0,3.275000199209899e-05,0.0073811659967759,2.0379227706533536e-30,100.0,0.9999999999999972
4282645d,2026-09-22T00:01:31.228704,NEU-DET,pitted_surface,pitted_surface_223.jpg,4x4,4,4,8,NEQR,1024,statevector,12,4,8,138,98,70,"{""h"": 4, ""x"": 64, ""mcx"": 70}",0.0009647080005379,0.0010853750136448,0.0,0.0002587079943623,0.0028789170028176,0.0,100.0,1.0
e0bb2e4e,2026-09-22T00:01:31.232049,NEU-DET,pitted_surface,pitted_surface_224.jpg,4x4,4,4,8,FRQI,1024,statevector,5,4,1,1092,705,384,"{""h"": 132, ""x"": 64, ""cx"": 384, ""tdg"": 192, ""t"": 256, ""ry"": 64}",0.0010813749977387,0.0043742920097429,0.0,3.329200262669474e-05,0.0071983750094659,1.938544785522972e-30,100.0,1.0000000000000029
caba5b10,2026-09-22T00:01:31.239267,NEU-DET,pitted_surface,pitted_surface_224.jpg,4x4,4,4,8,NEQR,1024,statevector,12,4,8,128,88,60,"{""h"": 4, ""x"": 64, ""mcx"": 60}",0.0009538750018691,0.0010552079911576,0.0,0.0002567500050645,0.0027350830059731,0.0,100.0,1.0
f7105648,2026-09-22T00:01:31.242425,NEU-DET,pitted_surface,pitted_surface_225.jpg,4x4,4,4,8,FRQI,1024,statevector,5,4,1,1092,705,384,"{""h"": 132, ""x"": 64, ""cx"": 384, ""tdg"": 192, ""t"": 256, ""ry"": 64}",0.001043458993081,0.0044677919941022,0.0,3.1207993743009865e-05,0.007204665991594,1.7475888315369778e-30,100.0,1.000000000000013
8b995d08,2026-09-22T00:01:31.249647,NEU-DET,pitted_surface,pitted_surface_225.jpg,4x4,4,4,8,NEQR,1024,statevector,12,4,8,141,101,73,"{""h"": 4, ""x"": 64, ""mcx"": 73}",0.0010311660007573,0.0010646250011632,0.0,0.0002512500068405,0.002997082992806,0.0,100.0,1.0
d9c14b55,2026-09-22T00:01:31.253064,NEU-DET,pitted_surface,pitted_surface_226.jpg,4x4,4,4,8,FRQI,1024,statevector,5,4,1,1092,705,384,"{""h"": 132, ""x"": 64, ""cx"": 384, ""tdg"": 192, ""t"": 256, ""ry"": 64}",0.0010459170007379,0.0044315409904811,0.0,3.099998866673559e-05,0.0072050419985316,1.9122558417820865e-30,100.0,0.9999999999999856
a5558a5d,2026-09-22T00:01:31.260290,NEU-DET,pitted_surface,pitted_surface_226.jpg,4x4,4,4,8,NEQR,1024,statevector,12,4,8,128,88,60,"{""h"": 4, ""x"": 64, ""mcx"": 60}",0.0008357079932466,0.0011232079996261,0.0,0.0002497079985914,0.0026877079944824,0.0,100.0,1.0
722ba7a6,2026-09-22T00:01:31.263365,NEU-DET,pitted_surface,pitted_surface_227.jpg,4x4,4,4,8,FRQI,1024,statevector,5,4,1,1092,705,384,"{""h"": 132, ""x"": 64, ""cx"": 384, ""tdg"": 192, ""t"": 256, ""ry"": 64}",0.0010566669952822,0.0045364999969024,0.0,3.387501055840403e-05,0.0073268749983981,2.4654310700587103e-30,100.0,1.0000000000000078
abfe1e46,2026-09-22T00:01:31.270723,NEU-DET,pitted_surface,pitted_surface_227.jpg,4x4,4,4,8,NEQR,1024,statevector,12,4,8,123,83,55,"{""h"": 4, ""x"": 64, ""mcx"": 55}",0.000792167003965,0.0009581250051269,0.0,0.0002574170066509,0.00247516699892,0.0,100.0,1.0
1ef1300c,2026-09-22T00:01:31.273771,NEU-DET,pitted_surface,pitted_surface_228.jpg,4x4,4,4,8,FRQI,1024,statevector,5,4,1,1092,705,384,"{""h"": 132, ""x"": 64, ""cx"": 384, ""tdg"": 192, ""t"": 256, ""ry"": 64}",0.001220791004016,0.0043842080049216,0.0,3.2665993785485625e-05,0.0073287909908685,1.3129064430887789e-30,100.0,1.0000000000000024
74e96af4,2026-09-22T00:01:31.281118,NEU-DET,pitted_surface,pitted_surface_228.jpg,4x4,4,4,8,NEQR,1024,statevector,12,4,8,140,100,72,"{""h"": 4, ""x"": 64, ""mcx"": 72}",0.0009795000078156,0.0010386659996584,0.0,0.0002569999924162,0.0027754999900935,0.0,100.0,1.0
cf52600b,2026-09-22T00:01:31.284394,NEU-DET,pitted_surface,pitted_surface_229.jpg,4x4,4,4,8,FRQI,1024,statevector,5,4,1,1092,705,384,"{""h"": 132, ""x"": 64, ""cx"": 384, ""tdg"": 192, ""t"": 256, ""ry"": 64}",0.001217415992869,0.0045839579979656,0.0,3.762501000892371e-05,0.0075994159997208,1.428269646757574e-30,100.0,0.9999999999999956
64417f49,2026-09-22T00:01:31.292020,NEU-DET,pitted_surface,pitted_surface_229.jpg,4x4,4,4,8,NEQR,1024,statevector,12,4,8,137,97,69,"{""h"": 4, ""x"": 64, ""mcx"": 69}",0.0009469159995205,0.0011694999993778,0.0,0.0002584589965408,0.00309145799838,0.0,100.0,1.0
254b92af,2026-09-22T00:01:31.295795,NEU-DET,pitted_surface,pitted_surface_23.jpg,4x4,4,4,8,FRQI,1024,statevector,5,4,1,1092,705,384,"{""h"": 132, ""x"": 64, ""cx"": 384, ""tdg"": 192, ""t"": 256, ""ry"": 64}",0.0011747919925255,0.0044007919932482,0.0,3.2083000405691564e-05,0.0073055420070886,8.797647985960893e-31,100.0,0.9999999999998256
ce32c0cd,2026-09-22T00:01:31.303121,NEU-DET,pitted_surface,pitted_surface_23.jpg,4x4,4,4,8,NEQR,1024,statevector,12,4,8,152,112,84,"{""h"": 4, ""x"": 64, ""mcx"": 84}",0.0011735839943867,0.0011097920069005,0.0,0.0002486669982317,0.0030498749983962,0.0,100.0,1.0
b9fb675f,2026-09-22T00:01:31.306718,NEU-DET,pitted_surface,pitted_surface_230.jpg,4x4,4,4,8,FRQI,1024,statevector,5,4,1,1092,705,384,"{""h"": 132, ""x"": 64, ""cx"": 384, ""tdg"": 192, ""t"": 256, ""ry"": 64}",0.0010002499911934,0.0042530840000836,0.0,3.2208990887738764e-05,0.0069177910045254,9.714390639489218e-31,100.0,1.0000000000000016
6f0e8c4e,2026-09-22T00:01:31.313656,NEU-DET,pitted_surface,pitted_surface_230.jpg,4x4,4,4,8,NEQR,1024,statevector,12,4,8,162,122,94,"{""h"": 4, ""x"": 64, ""mcx"": 94}",0.0012859170092269,0.0011616249976214,0.0,0.0002437089860904,0.0032620410056551,0.0,100.0,1.0
47a9e727,2026-09-22T00:01:31.317332,NEU-DET,pitted_surface,pitted_surface_231.jpg,4x4,4,4,8,FRQI,1024,statevector,5,4,1,1092,705,384,"{""h"": 132, ""x"": 64, ""cx"": 384, ""tdg"": 192, ""t"": 256, ""ry"": 64}",0.0010050420096376,0.0041688340133987,0.0,3.2208001357503235e-05,0.0068576670018956,1.3281212896494378e-30,100.0,0.9999999999999912
62b43d13,2026-09-22T00:01:31.324211,NEU-DET,pitted_surface,pitted_surface_231.jpg,4x4,4,4,8,NEQR,1024,statevector,12,4,8,148,108,80,"{""h"": 4, ""x"": 64, ""mcx"": 80}",0.0011654999980237,0.0010641669941833,0.0,0.0002439580130157,0.0030373750050785,0.0,100.0,1.0
f593b932,2026-09-22T00:01:31.327646,NEU-DET,pitted_surface,pitted_surface_232.jpg,4x4,4,4,8,FRQI,1024,statevector,5,4,1,1092,705,384,"{""h"": 132, ""x"": 64, ""cx"": 384, ""tdg"": 192, ""t"": 256, ""ry"": 64}",0.0011223749897908,0.0041931250016205,0.0,3.13749915221706e-05,0.0069212919916026,1.1270542034554104e-30,100.0,0.9999999999999828
fd80eacf,2026-09-22T00:01:31.334586,NEU-DET,pitted_surface,pitted_surface_232.jpg,4x4,4,4,8,NEQR,1024,statevector,12,4,8,145,105,77,"{""h"": 4, ""x"": 64, ""mcx"": 77}",0.0130467919952934,0.0014194999967003,0.0,0.0002472919877618,0.0152679159946274,0.0,100.0,1.0
45103565,2026-09-22T00:01:31.350386,NEU-DET,pitted_surface,pitted_surface_233.jpg,4x4,4,4,8,FRQI,1024,statevector,5,4,1,1092,705,384,"{""h"": 132, ""x"": 64, ""cx"": 384, ""tdg"": 192, ""t"": 256, ""ry"": 64}",0.0010806659993249,0.0042638329905457,0.0,3.691700112540275e-05,0.0070154999993974,9.437056727497456e-31,100.0,0.9999999999999982
3f2b97e4,2026-09-22T00:01:31.357422,NEU-DET,pitted_surface,pitted_surface_233.jpg,4x4,4,4,8,NEQR,1024,statevector,12,4,8,157,117,89,"{""h"": 4, ""x"": 64, ""mcx"": 89}",0.0011932500055991,0.0010973339958582,0.0,0.0002393339964328,0.0031041250040289,0.0,100.0,1.0
5ee8387a,2026-09-22T00:01:31.361082,NEU-DET,pitted_surface,pitted_surface_234.jpg,4x4,4,4,8,FRQI,1024,statevector,5,4,1,1092,705,384,"{""h"": 132, ""x"": 64, ""cx"": 384, ""tdg"": 192, ""t"": 256, ""ry"": 64}",0.0012253330060048,0.0041642080032033,0.0,3.22499981848523e-05,0.007023250000202,1.727173974126473e-30,100.0,0.9999999999999986
b3d56714,2026-09-22T00:01:31.368132,NEU-DET,pitted_surface,pitted_surface_234.jpg,4x4,4,4,8,NEQR,1024,statevector,12,4,8,142,102,74,"{""h"": 4, ""x"": 64, ""mcx"": 74}",0.0010250409977743,0.0010867079981835,0.0,0.0002711249981075,0.0029129579925211,0.0,100.0,1.0
b1110fcc,2026-09-22T00:01:31.371560,NEU-DET,pitted_surface,pitted_surface_235.jpg,4x4,4,4,8,FRQI,1024,statevector,5,4,1,1092,705,384,"{""h"": 132, ""x"": 64, ""cx"": 384, ""tdg"": 192, ""t"": 256, ""ry"": 64}",0.0010562090028543,0.004287125004339,0.0,3.2500000088475645e-05,0.0072792910068528,2.5742942601651988e-30,100.0,0.9999999999999982
4c88a65c,2026-09-22T00:01:31.378860,NEU-DET,pitted_surface,pitted_surface_235.jpg,4x4,4,4,8,NEQR,1024,statevector,12,4,8,121,81,53,"{""h"": 4, ""x"": 64, ""mcx"": 53}",0.0008669579983688,0.0008894589991541,0.0,0.0002505840093363,0.0024430000048596,0.0,100.0,1.0
832862ca,2026-09-22T00:01:31.381778,NEU-DET,pitted_surface,pitted_surface_236.jpg,4x4,4,4,8,FRQI,1024,statevector,5,4,1,1092,705,384,"{""h"": 132, ""x"": 64, ""cx"": 384, ""tdg"": 192, ""t"": 256, ""ry"": 64}",0.0010152089962502,0.0041445410024607,0.0,3.0417009838856757e-05,0.006790750005166,1.0972022893174084e-30,100.0,1.0000000000000062
e5db743e,2026-09-22T00:01:31.388587,NEU-DET,pitted_surface,pitted_surface_236.jpg,4x4,4,4,8,NEQR,1024,statevector,12,4,8,139,99,71,"{""h"": 4, ""x"": 64, ""mcx"": 71}",0.0009010420035338,0.0010435000003781,0.0,0.0002597909915493,0.0027704160020221,0.0,100.0,1.0
88648873,2026-09-22T00:01:31.391849,NEU-DET,pitted_surface,pitted_surface_237.jpg,4x4,4,4,8,FRQI,1024,statevector,5,4,1,1092,705,384,"{""h"": 132, ""x"": 64, ""cx"": 384, ""tdg"": 192, ""t"": 256, ""ry"": 64}",0.0009939580049831,0.0041830410045804,0.0,3.187499532941729e-05,0.0068159590009599,1.586388495191766e-30,100.0,0.9999999999999928
7755682d,2026-09-22T00:01:31.398682,NEU-DET,pitted_surface,pitted_surface_237.jpg,4x4,4,4,8,NEQR,1024,statevector,12,4,8,143,103,75,"{""h"": 4, ""x"": 64, ""mcx"": 75}",0.000980333003099,0.0010761250014184,0.0,0.0002552500081947,0.0028761659923475,0.0,100.0,1.0
8e42829d,2026-09-22T00:01:31.401971,NEU-DET,pitted_surface,pitted_surface_238.jpg,4x4,4,4,8,FRQI,1024,statevector,5,4,1,1092,705,384,"{""h"": 132, ""x"": 64, ""cx"": 384, ""tdg"": 192, ""t"": 256, ""ry"": 64}",0.0010088330018334,0.004290332988603,0.0,3.3249991247430444e-05,0.0069380839995574,7.0354220868465734e-31,100.0,1.0000000000000018
1a8585b3,2026-09-22T00:01:31.408929,NEU-DET,pitted_surface,pitted_surface_238.jpg,4x4,4,4,8,NEQR,1024,statevector,12,4,8,134,94,66,"{""h"": 4, ""x"": 64, ""mcx"": 66}",0.0009918330033542,0.0010055000020656,0.0,0.0002417089999653,0.0027375830104574,0.0,100.0,1.0
d00d60b8,2026-09-22T00:01:31.412088,NEU-DET,pitted_surface,pitted_surface_239.jpg,4x4,4,4,8,FRQI,1024,statevector,5,4,1,1092,705,384,"{""h"": 132, ""x"": 64, ""cx"": 384, ""tdg"": 192, ""t"": 256, ""ry"": 64}",0.0012506250059232,0.0041510000010021,0.0,3.058300353586674e-05,0.0070345830026781,8.705203348630306e-31,100.0,0.999999999999992
7b6b1616,2026-09-22T00:01:31.419144,NEU-DET,pitted_surface,pitted_surface_239.jpg,4x4,4,4,8,NEQR,1024,statevector,12,4,8,134,94,66,"{""h"": 4, ""x"": 64, ""mcx"": 66}",0.0008685829961905,0.0009664999961387,0.0,0.0002454159985063,0.0025187080027535,0.0,100.0,1.0
9b35ce9d,2026-09-22T00:01:31.422235,NEU-DET,pitted_surface,pitted_surface_24.jpg,4x4,4,4,8,FRQI,1024,statevector,5,4,1,1092,705,384,"{""h"": 132, ""x"": 64, ""cx"": 384, ""tdg"": 192, ""t"": 256, ""ry"": 64}",0.0010486250102985,0.0041070830047829,0.0,3.562499477993697e-05,0.0067760420060949,1.5299587478212202e-30,100.0,0.9999999999999224
78c2ee21,2026-09-22T00:01:31.429028,NEU-DET,pitted_surface,pitted_surface_24.jpg,4x4,4,4,8,NEQR,1024,statevector,12,4,8,141,101,73,"{""h"": 4, ""x"": 64, ""mcx"": 73}",0.0009167920070467,0.0010107080015586,0.0,0.0002403750113444,0.0026506659924052,0.0,100.0,1.0
e0c9a163,2026-09-22T00:01:31.432147,NEU-DET,pitted_surface,pitted_surface_240.jpg,4x4,4,4,8,FRQI,1024,statevector,5,4,1,1092,705,384,"{""h"": 132, ""x"": 64, ""cx"": 384, ""tdg"": 192, ""t"": 256, ""ry"": 64}",0.000998832998448,0.0042877499945461,0.0,3.154099977109581e-05,0.0069199169956846,8.96712982106697e-31,100.0,0.9999999999999905
cb5fd753,2026-09-22T00:01:31.439089,NEU-DET,pitted_surface,pitted_surface_240.jpg,4x4,4,4,8,NEQR,1024,statevector,12,4,8,144,104,76,"{""h"": 4, ""x"": 64, ""mcx"": 76}",0.0009600839985068,0.0010562919924268,0.0,0.0002566250041127,0.0027629999967757,0.0,100.0,1.0
620b22a3,2026-09-22T00:01:31.442426,NEU-DET,pitted_surface,pitted_surface_25.jpg,4x4,4,4,8,FRQI,1024,statevector,5,4,1,1092,705,384,"{""h"": 132, ""x"": 64, ""cx"": 384, ""tdg"": 192, ""t"": 256, ""ry"": 64}",0.0009885000035865,0.0044447079999372,0.0,3.216600453015417e-05,0.0070767919969512,1.4852771731114365e-30,100.0,1.000000000000015
70e29e01,2026-09-22T00:01:31.449525,NEU-DET,pitted_surface,pitted_surface_25.jpg,4x4,4,4,8,NEQR,1024,statevector,12,4,8,142,102,74,"{""h"": 4, ""x"": 64, ""mcx"": 74}",0.0010280409915139,0.001093333994504,0.0,0.0002454170025885,0.0028531659918371,0.0,100.0,1.0
e063b818,2026-09-22T00:01:31.452884,NEU-DET,pitted_surface,pitted_surface_26.jpg,4x4,4,4,8,FRQI,1024,statevector,5,4,1,1092,705,384,"{""h"": 132, ""x"": 64, ""cx"": 384, ""tdg"": 192, ""t"": 256, ""ry"": 64}",0.0009907909989124,0.00429370799975,0.0,3.308399755042046e-05,0.0069139999977778,9.899279914150392e-31,100.0,0.9999999999999958
26ccd66e,2026-09-22T00:01:31.459822,NEU-DET,pitted_surface,pitted_surface_26.jpg,4x4,4,4,8,NEQR,1024,statevector,12,4,8,134,94,66,"{""h"": 4, ""x"": 64, ""mcx"": 66}",0.0010337910061934,0.0009735409985296,0.0,0.0002392500027781,0.0027492499939398,0.0,100.0,1.0
041d4bc3,2026-09-22T00:01:31.463022,NEU-DET,pitted_surface,pitted_surface_27.jpg,4x4,4,4,8,FRQI,1024,statevector,5,4,1,1092,705,384,"{""h"": 132, ""x"": 64, ""cx"": 384, ""tdg"": 192, ""t"": 256, ""ry"": 64}",0.001022708005621,0.0041646659956313,0.0,3.0208000680431724e-05,0.0068274160003056,7.118237074455224e-31,100.0,1.0000000000000309
5fceaf3f,2026-09-22T00:01:31.469870,NEU-DET,pitted_surface,pitted_surface_27.jpg,4x4,4,4,8,NEQR,1024,statevector,12,4,8,134,94,66,"{""h"": 4, ""x"": 64, ""mcx"": 66}",0.0009028329950524,0.0010571669990895,0.0,0.0002534579980419,0.0027466660103527,0.0,100.0,1.0
9e487b42,2026-09-22T00:01:31.473080,NEU-DET,pitted_surface,pitted_surface_28.jpg,4x4,4,4,8,FRQI,1024,statevector,5,4,1,1092,705,384,"{""h"": 132, ""x"": 64, ""cx"": 384, ""tdg"": 192, ""t"": 256, ""ry"": 64}",0.001100708002923,0.0042192079999949,0.0,3.183400258421898e-05,0.0070641670026816,1.512625378321735e-30,100.0,0.9999999999999944
db01c4e4,2026-09-22T00:01:31.480166,NEU-DET,pitted_surface,pitted_surface_28.jpg,4x4,4,4,8,NEQR,1024,statevector,12,4,8,123,83,55,"{""h"": 4, ""x"": 64, ""mcx"": 55}",0.0007640830008313,0.0008946250018198,0.0,0.0002555829996708,0.0023593750083819,0.0,100.0,1.0
6413963c,2026-09-22T00:01:31.482985,NEU-DET,pitted_surface,pitted_surface_29.jpg,4x4,4,4,8,FRQI,1024,statevector,5,4,1,1092,705,384,"{""h"": 132, ""x"": 64, ""cx"": 384, ""tdg"": 192, ""t"": 256, ""ry"": 64}",0.0011117089889012,0.0041787920054048,0.0,3.112498961854726e-05,0.0069028750003781,1.2587878116514974e-30,100.0,0.9999999999999843
fe3f2658,2026-09-22T00:01:31.489907,NEU-DET,pitted_surface,pitted_surface_29.jpg,4x4,4,4,8,NEQR,1024,statevector,12,4,8,132,92,64,"{""h"": 4, ""x"": 64, ""mcx"": 64}",0.0008410000009462,0.0010221249976893,0.0,0.0002390410081716,0.0025467499945079,0.0,100.0,1.0
199a4b71,2026-09-22T00:01:31.492950,NEU-DET,pitted_surface,pitted_surface_3.jpg,4x4,4,4,8,FRQI,1024,statevector,5,4,1,1092,705,384,"{""h"": 132, ""x"": 64, ""cx"": 384, ""tdg"": 192, ""t"": 256, ""ry"": 64}",0.0011217909923288,0.0042014580103568,0.0,3.1208008294925094e-05,0.006930542003829,2.2165527729952697e-30,100.0,0.9999999999999964
31df5be4,2026-09-22T00:01:31.499905,NEU-DET,pitted_surface,pitted_surface_3.jpg,4x4,4,4,8,NEQR,1024,statevector,12,4,8,145,105,77,"{""h"": 4, ""x"": 64, ""mcx"": 77}",0.0010999999940395,0.0010369590017944,0.0,0.0002402500103926,0.0028932909917784,0.0,100.0,1.0
0ccdf0f2,2026-09-22T00:01:31.503290,NEU-DET,pitted_surface,pitted_surface_30.jpg,4x4,4,4,8,FRQI,1024,statevector,5,4,1,1092,705,384,"{""h"": 132, ""x"": 64, ""cx"": 384, ""tdg"": 192, ""t"": 256, ""ry"": 64}",0.0010047910036519,0.0041734580008778,0.0,3.0625000363215804e-05,0.0067974580015288,9.891576194372843e-31,100.0,1.0000000000000109
b53599e7,2026-09-22T00:01:31.510105,NEU-DET,pitted_surface,pitted_surface_30.jpg,4x4,4,4,8,NEQR,1024,statevector,12,4,8,148,108,80,"{""h"": 4, ""x"": 64, ""mcx"": 80}",0.0010768339998321,0.0011608750064624,0.0,0.0002397920034127,0.0029856250039301,0.0,100.0,1.0
b65d0f0f,2026-09-22T00:01:31.513629,NEU-DET,pitted_surface,pitted_surface_31.jpg,4x4,4,4,8,FRQI,1024,statevector,5,4,1,1092,705,384,"{""h"": 132, ""x"": 64, ""cx"": 384, ""tdg"": 192, ""t"": 256, ""ry"": 64}",0.001010749998386,0.0045088750048307,0.0,3.458300489000976e-05,0.0071752920048311,1.5153216802438772e-30,100.0,0.9999999999999956
d7260613,2026-09-22T00:01:31.520835,NEU-DET,pitted_surface,pitted_surface_31.jpg,4x4,4,4,8,NEQR,1024,statevector,12,4,8,153,113,85,"{""h"": 4, ""x"": 64, ""mcx"": 85}",0.0011907090083695,0.0011667499929899,0.0,0.0002431250031804,0.0032146250014193,0.0,100.0,1.0
3023642b,2026-09-22T00:01:31.524571,NEU-DET,pitted_surface,pitted_surface_32.jpg,4x4,4,4,8,FRQI,1024,statevector,5,4,1,1092,705,384,"{""h"": 132, ""x"": 64, ""cx"": 384, ""tdg"": 192, ""t"": 256, ""ry"": 64}",0.00112058299419,0.0042418749944772,0.0,3.0458002584055063e-05,0.0069839589996263,1.3034693863612812e-30,100.0,1.0000000000001823
3f6e7294,2026-09-22T00:01:31.531573,NEU-DET,pitted_surface,pitted_surface_32.jpg,4x4,4,4,8,NEQR,1024,statevector,12,4,8,149,109,81,"{""h"": 4, ""x"": 64, ""mcx"": 81}",0.0010769159998744,0.0010641249973559,0.0,0.0002490830083843,0.0028854999982286,0.0,100.0,1.0
d581883d,2026-09-22T00:01:31.535151,NEU-DET,pitted_surface,pitted_surface_33.jpg,4x4,4,4,8,FRQI,1024,statevector,5,4,1,1092,705,384,"{""h"": 132, ""x"": 64, ""cx"": 384, ""tdg"": 192, ""t"": 256, ""ry"": 64}",0.0010257079993607,0.0042684169893618,0.0,3.037499845959246e-05,0.0069276249996619,1.1193504836778617e-30,100.0,0.9999999999999916
970cb2d2,2026-09-22T00:01:31.542099,NEU-DET,pitted_surface,pitted_surface_33.jpg,4x4,4,4,8,NEQR,1024,statevector,12,4,8,139,99,71,"{""h"": 4, ""x"": 64, ""mcx"": 71}",0.0009157080057775,0.0010623749985825,0.0,0.0002565000031609,0.0028775409882655,0.0,100.0,1.0
361a8e5c,2026-09-22T00:01:31.545498,NEU-DET,pitted_surface,pitted_surface_34.jpg,4x4,4,4,8,FRQI,1024,statevector,5,4,1,1092,705,384,"{""h"": 132, ""x"": 64, ""cx"": 384, ""tdg"": 192, ""t"": 256, ""ry"": 64}",0.001002958000754,0.0041681669972604,0.0,2.8916008886881173e-05,0.006811250001192,1.0453947738133916e-30,100.0,0.9999999999999905
83b51001,2026-09-22T00:01:31.552325,NEU-DET,pitted_surface,pitted_surface_34.jpg,4x4,4,4,8,NEQR,1024,statevector,12,4,8,139,99,71,"{""h"": 4, ""x"": 64, ""mcx"": 71}",0.0008944170112954,0.0010176659998251,0.0,0.0002455829962855,0.0026583329890854,0.0,100.0,1.0
9f301871,2026-09-22T00:01:31.555408,NEU-DET,pitted_surface,pitted_surface_35.jpg,4x4,4,4,8,FRQI,1024,statevector,5,4,1,1092,705,384,"{""h"": 132, ""x"": 64, ""cx"": 384, ""tdg"": 192, ""t"": 256, ""ry"": 64}",0.001005250000162,0.0041690419893711,0.0,3.137500607408583e-05,0.0067813750065397,1.4024621855027851e-30,100.0,1.0000000000000044
c666089c,2026-09-22T00:01:31.562212,NEU-DET,pitted_surface,pitted_surface_35.jpg,4x4,4,4,8,NEQR,1024,statevector,12,4,8,128,88,60,"{""h"": 4, ""x"": 64, ""mcx"": 60}",0.0008092909993138,0.0009149170073214,0.0,0.0002528750046622,0.0024625000078231,0.0,100.0,1.0
a30f163a,2026-09-22T00:01:31.565128,NEU-DET,pitted_surface,pitted_surface_36.jpg,4x4,4,4,8,FRQI,1024,statevector,5,4,1,1092,705,384,"{""h"": 132, ""x"": 64, ""cx"": 384, ""tdg"": 192, ""t"": 256, ""ry"": 64}",0.001109874996473,0.0041347919905092,0.0,2.97920050797984e-05,0.0068929580011172,1.2626396715402718e-30,100.0,0.9999999999999843
c131fb51,2026-09-22T00:01:31.572038,NEU-DET,pitted_surface,pitted_surface_36.jpg,4x4,4,4,8,NEQR,1024,statevector,12,4,8,134,94,66,"{""h"": 4, ""x"": 64, ""mcx"": 66}",0.0009235409961547,0.0009761249966686,0.0,0.0002392919996054,0.0026203750021522,0.0,100.0,1.0
157783e0,2026-09-22T00:01:31.575210,NEU-DET,pitted_surface,pitted_surface_37.jpg,4x4,4,4,8,FRQI,1024,statevector,5,4,1,1092,705,384,"{""h"": 132, ""x"": 64, ""cx"": 384, ""tdg"": 192, ""t"": 256, ""ry"": 64}",0.0010755409894045,0.0041692910017445,0.0,2.97920050797984e-05,0.0068718750117113,1.1755876380539688e-30,100.0,0.9999999999999968
d3e33a83,2026-09-22T00:01:31.582102,NEU-DET,pitted_surface,pitted_surface_37.jpg,4x4,4,4,8,NEQR,1024,statevector,12,4,8,140,100,72,"{""h"": 4, ""x"": 64, ""mcx"": 72}",0.0009126660006586,0.0010190000029979,0.0,0.0002535000094212,0.0026506669964874,0.0,100.0,1.0
edbb612d,2026-09-22T00:01:31.585174,NEU-DET,pitted_surface,pitted_surface_38.jpg,4x4,4,4,8,FRQI,1024,statevector,5,4,1,1092,705,384,"{""h"": 132, ""x"": 64, ""cx"": 384, ""tdg"": 192, ""t"": 256, ""ry"": 64}",0.0010190409957431,0.0042903749999823,0.0,3.008400381077081e-05,0.0069279170129448,1.1131875078558223e-30,100.0,0.999999999999921
990d4ac7,2026-09-22T00:01:31.592119,NEU-DET,pitted_surface,pitted_surface_38.jpg,4x4,4,4,8,NEQR,1024,statevector,12,4,8,144,104,76,"{""h"": 4, ""x"": 64, ""mcx"": 76}",0.0010342500027036,0.001069666002877,0.0,0.0002371659938944,0.002796708009555,0.0,100.0,1.0
8c3d4d43,2026-09-22T00:01:31.595436,NEU-DET,pitted_surface,pitted_surface_39.jpg,4x4,4,4,8,FRQI,1024,statevector,5,4,1,1092,705,384,"{""h"": 132, ""x"": 64, ""cx"": 384, ""tdg"": 192, ""t"": 256, ""ry"": 64}",0.0009765419963514,0.0045399579976219,0.0,3.1625007977709174e-05,0.0071392079989891,1.3789658401812609e-30,100.0,1.0000000000000235
a4ea3ebd,2026-09-22T00:01:31.602595,NEU-DET,pitted_surface,pitted_surface_39.jpg,4x4,4,4,8,NEQR,1024,statevector,12,4,8,149,109,81,"{""h"": 4, ""x"": 64, ""mcx"": 81}",0.0010878749890252,0.0010267500038025,0.0,0.0002388749999227,0.0028347500046947,0.0,100.0,1.0
8d7f72a1,2026-09-22T00:01:31.605878,NEU-DET,pitted_surface,pitted_surface_4.jpg,4x4,4,4,8,FRQI,1024,statevector,5,4,1,1092,705,384,"{""h"": 132, ""x"": 64, ""cx"": 384, ""tdg"": 192, ""t"": 256, ""ry"": 64}",0.0011003340041497,0.004187250000541,0.0,3.199999628122896e-05,0.0069778749893885,1.8675742670723023e-30,100.0,1.0000000000000009
e5f968ad,2026-09-22T00:01:31.612877,NEU-DET,pitted_surface,pitted_surface_4.jpg,4x4,4,4,8,NEQR,1024,statevector,12,4,8,134,94,66,"{""h"": 4, ""x"": 64, ""mcx"": 66}",0.0008717919990886,0.0009678750066086,0.0,0.0002412910107523,0.0025799170107347,0.0,100.0,1.0
b7f1d989,2026-09-22T00:01:31.616037,NEU-DET,pitted_surface,pitted_surface_40.jpg,4x4,4,4,8,FRQI,1024,statevector,5,4,1,1092,705,384,"{""h"": 132, ""x"": 64, ""cx"": 384, ""tdg"": 192, ""t"": 256, ""ry"": 64}",0.0009957500005839,0.0041398750036023,0.0,3.0000010156072676e-05,0.0067281660012668,1.1047134161005185e-30,100.0,1.0000000000000175
8c7e270e,2026-09-22T00:01:31.622782,NEU-DET,pitted_surface,pitted_surface_40.jpg,4x4,4,4,8,NEQR,1024,statevector,12,4,8,144,104,76,"{""h"": 4, ""x"": 64, ""mcx"": 76}",0.0010949999996228,0.0010119999933522,0.0,0.0002426659921184,0.0029328749951673,0.0,100.0,1.0
58568afe,2026-09-22T00:01:31.626135,NEU-DET,pitted_surface,pitted_surface_41.jpg,4x4,4,4,8,FRQI,1024,statevector,5,4,1,1092,705,384,"{""h"": 132, ""x"": 64, ""cx"": 384, ""tdg"": 192, ""t"": 256, ""ry"": 64}",0.0009810419869609,0.0042159169970545,0.0,2.9333998099900785e-05,0.0068059170007472,8.466388035526289e-31,100.0,1.000000000000016
0c224853,2026-09-22T00:01:31.632955,NEU-DET,pitted_surface,pitted_surface_41.jpg,4x4,4,4,8,NEQR,1024,statevector,12,4,8,137,97,69,"{""h"": 4, ""x"": 64, ""mcx"": 69}",0.0009049579966813,0.0009911249944707,0.0,0.0002359579957555,0.002569875010522,0.0,100.0,1.0
b4c6ac1e,2026-09-22T00:01:31.635977,NEU-DET,pitted_surface,pitted_surface_42.jpg,4x4,4,4,8,FRQI,1024,statevector,5,4,1,1092,705,384,"{""h"": 132, ""x"": 64, ""cx"": 384, ""tdg"": 192, ""t"": 256, ""ry"": 64}",0.0010225839941995,0.0042433750058989,0.0,3.0333001632243395e-05,0.0068549590068869,1.6936627930941352e-30,100.0,1.0000000000000018
4d09cfc5,2026-09-22T00:01:31.642850,NEU-DET,pitted_surface,pitted_surface_42.jpg,4x4,4,4,8,NEQR,1024,statevector,12,4,8,133,93,65,"{""h"": 4, ""x"": 64, ""mcx"": 65}",0.0008399170037591,0.000929374989937,0.0,0.0002406249986961,0.0024494999961461,0.0,100.0,1.0
6930ffbc,2026-09-22T00:01:31.645670,NEU-DET,pitted_surface,pitted_surface_43.jpg,4x4,4,4,8,FRQI,1024,statevector,5,4,1,1092,705,384,"{""h"": 132, ""x"": 64, ""cx"": 384, ""tdg"": 192, ""t"": 256, ""ry"": 64}",0.0010279999987687,0.0041785420035012,0.0,2.9000002541579303e-05,0.0067903329909313,1.4604326768288411e-30,100.0,0.9999999999999926
65c41112,2026-09-22T00:01:31.652479,NEU-DET,pitted_surface,pitted_surface_43.jpg,4x4,4,4,8,NEQR,1024,statevector,12,4,8,136,96,68,"{""h"": 4, ""x"": 64, ""mcx"": 68}",0.0008668750087963,0.0009503749897703,0.0,0.0002419999946141,0.0025569580029696,0.0,100.0,1.0
acf171e7,2026-09-22T00:01:31.655425,NEU-DET,pitted_surface,pitted_surface_44.jpg,4x4,4,4,8,FRQI,1024,statevector,5,4,1,1092,705,384,"{""h"": 132, ""x"": 64, ""cx"": 384, ""tdg"": 192, ""t"": 256, ""ry"": 64}",0.0009922079916577,0.0042333330056862,0.0,3.512500552460551e-05,0.0068611250026151,1.5158994592271932e-30,100.0,1.000000000000003
bb84ac8f,2026-09-22T00:01:31.662307,NEU-DET,pitted_surface,pitted_surface_44.jpg,4x4,4,4,8,NEQR,1024,statevector,12,4,8,141,101,73,"{""h"": 4, ""x"": 64, ""mcx"": 73}",0.0009429580095456,0.0010013340070145,0.0,0.000234791994444,0.0026634999958332,0.0,100.0,1.0
5fa06d26,2026-09-22T00:01:31.665380,NEU-DET,pitted_surface,pitted_surface_45.jpg,4x4,4,4,8,FRQI,1024,statevector,5,4,1,1092,705,384,"{""h"": 132, ""x"": 64, ""cx"": 384, ""tdg"": 192, ""t"": 256, ""ry"": 64}",0.0010141670063603,0.0041564160055713,0.0,3.21669940603897e-05,0.0067952919926028,1.3379435323658127e-30,100.0,0.99999999999999
0b2f160b,2026-09-22T00:01:31.672192,NEU-DET,pitted_surface,pitted_surface_45.jpg,4x4,4,4,8,NEQR,1024,statevector,12,4,8,138,98,70,"{""h"": 4, ""x"": 64, ""mcx"": 70}",0.0010728330089477,0.00101612501021,0.0,0.0002463749988237,0.0028275829972699,0.0,100.0,1.0
e5e72d29,2026-09-22T00:01:31.675487,NEU-DET,pitted_surface,pitted_surface_46.jpg,4x4,4,4,8,FRQI,1024,statevector,5,4,1,1092,705,384,"{""h"": 132, ""x"": 64, ""cx"": 384, ""tdg"": 192, ""t"": 256, ""ry"": 64}",0.0010829999955603,0.0041756670107133,0.0,0.000165665987879,0.0070522089954465,1.3833954790533517e-30,100.0,1.0000000000000069
24a7e31a,2026-09-22T00:01:31.682557,NEU-DET,pitted_surface,pitted_surface_46.jpg,4x4,4,4,8,NEQR,1024,statevector,12,4,8,125,85,57,"{""h"": 4, ""x"": 64, ""mcx"": 57}",0.0008300830086227,0.0009121250041062,0.0,0.0002385419938946,0.002638540987391,0.0,100.0,1.0
3ea4d3d6,2026-09-22T00:01:31.685632,NEU-DET,pitted_surface,pitted_surface_47.jpg,4x4,4,4,8,FRQI,1024,statevector,5,4,1,1092,705,384,"{""h"": 132, ""x"": 64, ""cx"": 384, ""tdg"": 192, ""t"": 256, ""ry"": 64}",0.0009860829886747,0.0042449169995961,0.0,3.174999437760562e-05,0.0068446669902186,1.5534550931427444e-30,100.0,1.0000000000000002
d421350f,2026-09-22T00:01:31.692492,NEU-DET,pitted_surface,pitted_surface_47.jpg,4x4,4,4,8,NEQR,1024,statevector,12,4,8,129,89,61,"{""h"": 4, ""x"": 64, ""mcx"": 61}",0.0007935000030556,0.0009591250127414,0.0,0.0002444999990984,0.0024180409964174,0.0,100.0,1.0
8b02c96f,2026-09-22T00:01:31.695333,NEU-DET,pitted_surface,pitted_surface_48.jpg,4x4,4,4,8,FRQI,1024,statevector,5,4,1,1092,705,384,"{""h"": 132, ""x"": 64, ""cx"": 384, ""tdg"": 192, ""t"": 256, ""ry"": 64}",0.0014047080039745,0.0048067919997265,0.0,3.6124998587183654e-05,0.0086952920100884,1.0738985369903229e-30,100.0,1.0000000000000095
668aee20,2026-09-22T00:01:31.704051,NEU-DET,pitted_surface,pitted_surface_48.jpg,4x4,4,4,8,NEQR,1024,statevector,12,4,8,147,107,79,"{""h"": 4, ""x"": 64, ""mcx"": 79}",0.0010567910067038,0.0011079999967478,0.0,0.000256041996181,0.0029497079958673,0.0,100.0,1.0
c51f74ae,2026-09-22T00:01:31.707489,NEU-DET,pitted_surface,pitted_surface_49.jpg,4x4,4,4,8,FRQI,1024,statevector,5,4,1,1092,705,384,"{""h"": 132, ""x"": 64, ""cx"": 384, ""tdg"": 192, ""t"": 256, ""ry"": 64}",0.0012514160043792,0.0043920000025536,0.0,3.11659969156608e-05,0.0073328340076841,1.1378394111439791e-30,100.0,1.0000000000000022
fb68a8c7,2026-09-22T00:01:31.714840,NEU-DET,pitted_surface,pitted_surface_49.jpg,4x4,4,4,8,NEQR,1024,statevector,12,4,8,131,91,63,"{""h"": 4, ""x"": 64, ""mcx"": 63}",0.000874459001352,0.0009812500065891,0.0,0.0002546659961808,0.0025587500131223,0.0,100.0,1.0
541e4a70,2026-09-22T00:01:31.717866,NEU-DET,pitted_surface,pitted_surface_5.jpg,4x4,4,4,8,FRQI,1024,statevector,5,4,1,1092,705,384,"{""h"": 132, ""x"": 64, ""cx"": 384, ""tdg"": 192, ""t"": 256, ""ry"": 64}",0.0011152920051245,0.004497750007431,0.0,3.420798748265952e-05,0.0073270840075565,1.2524322428350197e-30,100.0,1.0000000000000036
cf9c10ed,2026-09-22T00:01:31.725218,NEU-DET,pitted_surface,pitted_surface_5.jpg,4x4,4,4,8,NEQR,1024,statevector,12,4,8,139,99,71,"{""h"": 4, ""x"": 64, ""mcx"": 71}",0.0010235000081593,0.0010645410075085,0.0,0.0002457499940646,0.0028192919999128,0.0,100.0,1.0
c61dd164,2026-09-22T00:01:31.728462,NEU-DET,pitted_surface,pitted_surface_50.jpg,4x4,4,4,8,FRQI,1024,statevector,5,4,1,1092,705,384,"{""h"": 132, ""x"": 64, ""cx"": 384, ""tdg"": 192, ""t"": 256, ""ry"": 64}",0.0010085829999297,0.0042554999963613,0.0,3.012499655596912e-05,0.0068952919973526,1.0623429573239991e-30,100.0,0.9999999999999934
5b4e975d,2026-09-22T00:01:31.735373,NEU-DET,pitted_surface,pitted_surface_50.jpg,4x4,4,4,8,NEQR,1024,statevector,12,4,8,135,95,67,"{""h"": 4, ""x"": 64, ""mcx"": 67}",0.0009367080056108,0.0009366250014863,0.0,0.0002459170063957,0.002586708011222,0.0,100.0,1.0
7ef6e43b,2026-09-22T00:01:31.738374,NEU-DET,pitted_surface,pitted_surface_51.jpg,4x4,4,4,8,FRQI,1024,statevector,5,4,1,1092,705,384,"{""h"": 132, ""x"": 64, ""cx"": 384, ""tdg"": 192, ""t"": 256, ""ry"": 64}",0.0011072500055888,0.0042596669954946,0.0,3.2041993108578026e-05,0.0070173330022953,8.343128519085506e-31,100.0,0.9999999999999464
2837eaad,2026-09-22T00:01:31.745412,NEU-DET,pitted_surface,pitted_surface_51.jpg,4x4,4,4,8,NEQR,1024,statevector,12,4,8,153,113,85,"{""h"": 4, ""x"": 64, ""mcx"": 85}",0.0011308749963063,0.0010980410006595,0.0,0.0002499999973224,0.0029772499983664,0.0,100.0,1.0
36013ed0,2026-09-22T00:01:31.748889,NEU-DET,pitted_surface,pitted_surface_52.jpg,4x4,4,4,8,FRQI,1024,statevector,5,4,1,1092,705,384,"{""h"": 132, ""x"": 64, ""cx"": 384, ""tdg"": 192, ""t"": 256, ""ry"": 64}",0.0010318749991711,0.0041700419969856,0.0,2.8667011065408587e-05,0.006804832999478,9.860761315262648e-31,100.0,1.0000000000000664
9c1e9c61,2026-09-22T00:01:31.755709,NEU-DET,pitted_surface,pitted_surface_52.jpg,4x4,4,4,8,NEQR,1024,statevector,12,4,8,155,115,87,"{""h"": 4, ""x"": 64, ""mcx"": 87}",0.0010587919969111,0.0010861250048037,0.0,0.0002398750075371,0.0029511669999919,0.0,100.0,1.0
dcaa307c,2026-09-22T00:01:31.759038,NEU-DET,pitted_surface,pitted_surface_53.jpg,4x4,4,4,8,FRQI,1024,statevector,5,4,1,1092,705,384,"{""h"": 132, ""x"": 64, ""cx"": 384, ""tdg"": 192, ""t"": 256, ""ry"": 64}",0.0010093330056406,0.0044024170056218,0.0,7.512500451412052e-05,0.0070851670025149,1.2626396715402718e-30,100.0,0.9999999999999772
6d9e96b9,2026-09-22T00:01:31.766144,NEU-DET,pitted_surface,pitted_surface_53.jpg,4x4,4,4,8,NEQR,1024,statevector,12,4,8,147,107,79,"{""h"": 4, ""x"": 64, ""mcx"": 79}",0.0010284999880241,0.0010317499982193,0.0,0.0002436249924357,0.0029089999879943,0.0,100.0,1.0
7d66fb58,2026-09-22T00:01:31.769525,NEU-DET,pitted_surface,pitted_surface_54.jpg,4x4,4,4,8,FRQI,1024,statevector,5,4,1,1092,705,384,"{""h"": 132, ""x"": 64, ""cx"": 384, ""tdg"": 192, ""t"": 256, ""ry"": 64}",0.0009911249944707,0.0042612079996615,0.0,2.924998989328742e-05,0.0068553329911082,1.4521511780679758e-30,100.0,1.0000000000000036
5f255dde,2026-09-22T00:01:31.776399,NEU-DET,pitted_surface,pitted_surface_54.jpg,4x4,4,4,8,NEQR,1024,statevector,12,4,8,130,90,62,"{""h"": 4, ""x"": 64, ""mcx"": 62}",0.0008249579987023,0.0010074580059153,0.0,0.0002424160047667,0.0025106250104727,0.0,100.0,1.0
13e4322b,2026-09-22T00:01:31.779423,NEU-DET,pitted_surface,pitted_surface_55.jpg,4x4,4,4,8,FRQI,1024,statevector,5,4,1,1092,705,384,"{""h"": 132, ""x"": 64, ""cx"": 384, ""tdg"": 192, ""t"": 256, ""ry"": 64}",0.0009831250063143,0.0041646250028861,0.0,3.0750001315027475e-05,0.0067406669986667,1.0554096095242052e-30,100.0,1.0000000000000016
0bad8193,2026-09-22T00:01:31.786183,NEU-DET,pitted_surface,pitted_surface_55.jpg,4x4,4,4,8,NEQR,1024,statevector,12,4,8,146,106,78,"{""h"": 4, ""x"": 64, ""mcx"": 78}",0.0009828339971136,0.0010663749999366,0.0,0.0002406249986961,0.0027766669954871,0.0,100.0,1.0
8c40bcc5,2026-09-22T00:01:31.789512,NEU-DET,pitted_surface,pitted_surface_56.jpg,4x4,4,4,8,FRQI,1024,statevector,5,4,1,1092,705,384,"{""h"": 132, ""x"": 64, ""cx"": 384, ""tdg"": 192, ""t"": 256, ""ry"": 64}",0.0010279580019414,0.0041172079945681,0.0,2.895799116231501e-05,0.0067943339963676,1.4860475450891912e-30,100.0,1.0000000000000733
5b18a0a4,2026-09-22T00:01:31.796324,NEU-DET,pitted_surface,pitted_surface_56.jpg,4x4,4,4,8,NEQR,1024,statevector,12,4,8,159,119,91,"{""h"": 4, ""x"": 64, ""mcx"": 91}",0.0011053750058636,0.0010900420020334,0.0,0.0002397089992882,0.0030561659950762,0.0,100.0,1.0
da121d43,2026-09-22T00:01:31.799950,NEU-DET,pitted_surface,pitted_surface_57.jpg,4x4,4,4,8,FRQI,1024,statevector,5,4,1,1092,705,384,"{""h"": 132, ""x"": 64, ""cx"": 384, ""tdg"": 192, ""t"": 256, ""ry"": 64}",0.0013051249989075,0.0041869590058922,0.0,3.100000321865082e-05,0.0071207919972948,1.2349062803410956e-30,100.0,0.9999999999996596
34943d9f,2026-09-22T00:01:31.807089,NEU-DET,pitted_surface,pitted_surface_57.jpg,4x4,4,4,8,NEQR,1024,statevector,12,4,8,156,116,88,"{""h"": 4, ""x"": 64, ""mcx"": 88}",0.0011352500005159,0.0010821249888977,0.0,0.0002387500135228,0.0030077080009505,0.0,100.0,1.0
5351f057,2026-09-22T00:01:31.810509,NEU-DET,pitted_surface,pitted_surface_58.jpg,4x4,4,4,8,FRQI,1024,statevector,5,4,1,1092,705,384,"{""h"": 132, ""x"": 64, ""cx"": 384, ""tdg"": 192, ""t"": 256, ""ry"": 64}",0.0010207079903921,0.0042023330024676,0.0,3.187500988133252e-05,0.0068422089971136,1.0769800249013425e-30,100.0,0.9999999999999964
320d9e28,2026-09-22T00:01:31.817381,NEU-DET,pitted_surface,pitted_surface_58.jpg,4x4,4,4,8,NEQR,1024,statevector,12,4,8,139,99,71,"{""h"": 4, ""x"": 64, ""mcx"": 71}",0.0009485420014243,0.001004792007734,0.0,0.0002402079990133,0.0026981250121025,0.0,100.0,1.0
6ded07a7,2026-09-22T00:01:31.820661,NEU-DET,pitted_surface,pitted_surface_59.jpg,4x4,4,4,8,FRQI,1024,statevector,5,4,1,1092,705,384,"{""h"": 132, ""x"": 64, ""cx"": 384, ""tdg"": 192, ""t"": 256, ""ry"": 64}",0.0011184169998159,0.0042019579996122,0.0,2.9750008252449337e-05,0.0069140000123297,1.0299873342582936e-30,100.0,1.000000000000017
7a5f2fc4,2026-09-22T00:01:31.827596,NEU-DET,pitted_surface,pitted_surface_59.jpg,4x4,4,4,8,NEQR,1024,statevector,12,4,8,141,101,73,"{""h"": 4, ""x"": 64, ""mcx"": 73}",0.0013190000026952,0.0012791250046575,0.0,0.0003182910004397,0.0036145420017419,0.0,100.0,1.0
5fd54b3a,2026-09-22T00:01:31.831927,NEU-DET,pitted_surface,pitted_surface_6.jpg,4x4,4,4,8,FRQI,1024,statevector,5,4,1,1092,705,384,"{""h"": 132, ""x"": 64, ""cx"": 384, ""tdg"": 192, ""t"": 256, ""ry"": 64}",0.0017850000003818,0.0042962089937645,0.0,3.5124990972690284e-05,0.0078624589950777,1.0869948606121561e-30,100.0,1.000000000000004
ba28414c,2026-09-22T00:01:31.839814,NEU-DET,pitted_surface,pitted_surface_6.jpg,4x4,4,4,8,NEQR,1024,statevector,12,4,8,136,96,68,"{""h"": 4, ""x"": 64, ""mcx"": 68}",0.0009950420062523,0.0010539170034462,0.0,0.0002767499972833,0.0028666669968515,0.0,100.0,1.0
a533e590,2026-09-22T00:01:31.843232,NEU-DET,pitted_surface,pitted_surface_60.jpg,4x4,4,4,8,FRQI,1024,statevector,5,4,1,1092,705,384,"{""h"": 132, ""x"": 64, ""cx"": 384, ""tdg"": 192, ""t"": 256, ""ry"": 64}",0.0010252920037601,0.0043385419994592,0.0,3.333300992380828e-05,0.0070169579994399,1.2634100435180269e-30,100.0,0.9999999999999564
5d099a8a,2026-09-22T00:01:31.850273,NEU-DET,pitted_surface,pitted_surface_60.jpg,4x4,4,4,8,NEQR,1024,statevector,12,4,8,157,117,89,"{""h"": 4, ""x"": 64, ""mcx"": 89}",0.0012698329956037,0.0011170420038979,0.0,0.000250833996688,0.0031777910044183,0.0,100.0,1.0
3a9344dd,2026-09-22T00:01:31.854007,NEU-DET,pitted_surface,pitted_surface_61.jpg,4x4,4,4,8,FRQI,1024,statevector,5,4,1,1092,705,384,"{""h"": 132, ""x"": 64, ""cx"": 384, ""tdg"": 192, ""t"": 256, ""ry"": 64}",0.0010567079880274,0.0046261249954113,0.0,4.416600859258324e-05,0.0074416659917915,1.063883701279509e-30,100.0,0.9999999999999724
853ddca0,2026-09-22T00:01:31.861477,NEU-DET,pitted_surface,pitted_surface_61.jpg,4x4,4,4,8,NEQR,1024,statevector,12,4,8,148,108,80,"{""h"": 4, ""x"": 64, ""mcx"": 80}",0.0011309999972581,0.0011096670059487,0.0,0.0002434170019114,0.0030030420020921,0.0,100.0,1.0
2b060158,2026-09-22T00:01:31.864897,NEU-DET,pitted_surface,pitted_surface_62.jpg,4x4,4,4,8,FRQI,1024,statevector,5,4,1,1092,705,384,"{""h"": 132, ""x"": 64, ""cx"": 384, ""tdg"": 192, ""t"": 256, ""ry"": 64}",0.0010299580026185,0.0043133330036653,0.0,3.20410035783425e-05,0.0069942499976605,9.202093274282213e-31,100.0,0.9999999999999972
8d9f44b4,2026-09-22T00:01:31.871908,NEU-DET,pitted_surface,pitted_surface_62.jpg,4x4,4,4,8,NEQR,1024,statevector,12,4,8,135,95,67,"{""h"": 4, ""x"": 64, ""mcx"": 67}",0.0008757920004427,0.001090000005206,0.0,0.0003386250027688,0.0029641669971169,0.0,100.0,1.0
eb9df093,2026-09-22T00:01:31.875393,NEU-DET,pitted_surface,pitted_surface_63.jpg,4x4,4,4,8,FRQI,1024,statevector,5,4,1,1092,705,384,"{""h"": 132, ""x"": 64, ""cx"": 384, ""tdg"": 192, ""t"": 256, ""ry"": 64}",0.0010470419947523,0.0042305000097258,0.0,3.925000783056021e-05,0.0069450839946512,1.2252766306191594e-30,100.0,0.9999999999999938
52c1186c,2026-09-22T00:01:31.882361,NEU-DET,pitted_surface,pitted_surface_63.jpg,4x4,4,4,8,NEQR,1024,statevector,12,4,8,137,97,69,"{""h"": 4, ""x"": 64, ""mcx"": 69}",0.0009406669996678,0.0035452910087769,0.0,0.0005446249997476,0.0058079579903278,0.0,100.0,1.0
5df31d8f,2026-09-22T00:01:31.889089,NEU-DET,pitted_surface,pitted_surface_64.jpg,4x4,4,4,8,FRQI,1024,statevector,5,4,1,1092,705,384,"{""h"": 132, ""x"": 64, ""cx"": 384, ""tdg"": 192, ""t"": 256, ""ry"": 64}",0.0018264159880345,0.0119429580081487,0.0,7.900000491645187e-05,0.018263082994963,1.3381361253602516e-30,100.0,0.9999999999999856
f327cf50,2026-09-22T00:01:31.907403,NEU-DET,pitted_surface,pitted_surface_64.jpg,4x4,4,4,8,NEQR,1024,statevector,12,4,8,148,108,80,"{""h"": 4, ""x"": 64, ""mcx"": 80}",0.0030377910006791,0.0026642920129233,0.0,0.0006442909943871,0.0077262919949134,0.0,100.0,1.0
a9c228cb,2026-09-22T00:01:31.915893,NEU-DET,pitted_surface,pitted_surface_65.jpg,4x4,4,4,8,FRQI,1024,statevector,5,4,1,1092,705,384,"{""h"": 132, ""x"": 64, ""cx"": 384, ""tdg"": 192, ""t"": 256, ""ry"": 64}",0.001142458000686,0.0086200420046225,0.0,7.470800483133644e-05,0.0119820830004755,9.598834842825983e-31,100.0,1.0000000000000018
cf6ec3f0,2026-09-22T00:01:31.927931,NEU-DET,pitted_surface,pitted_surface_65.jpg,4x4,4,4,8,NEQR,1024,statevector,12,4,8,139,99,71,"{""h"": 4, ""x"": 64, ""mcx"": 71}",0.0016904579970287,0.0011408339923946,0.0,0.0002553749945946,0.0037863339966861,0.0,100.0,1.0
d774117d,2026-09-22T00:01:31.932262,NEU-DET,pitted_surface,pitted_surface_66.jpg,4x4,4,4,8,FRQI,1024,statevector,5,4,1,1092,705,384,"{""h"": 132, ""x"": 64, ""cx"": 384, ""tdg"": 192, ""t"": 256, ""ry"": 64}",0.0012749590096063,0.0043867500062333,0.0,3.629201091825962e-05,0.0074802080052904,1.45003265512915e-30,100.0,0.999999999999997
d533fac6,2026-09-22T00:01:31.939764,NEU-DET,pitted_surface,pitted_surface_66.jpg,4x4,4,4,8,NEQR,1024,statevector,12,4,8,136,96,68,"{""h"": 4, ""x"": 64, ""mcx"": 68}",0.0009257499914383,0.0012141249899286,0.0,0.0002562919980846,0.0028942500066477,0.0,100.0,1.0
ddea8d25,2026-09-22T00:01:31.943159,NEU-DET,pitted_surface,pitted_surface_67.jpg,4x4,4,4,8,FRQI,1024,statevector,5,4,1,1092,705,384,"{""h"": 132, ""x"": 64, ""cx"": 384, ""tdg"": 192, ""t"": 256, ""ry"": 64}",0.0011057920055463,0.0042239999893354,0.0,3.1791001674719155e-05,0.0069749999966006,9.554538454105075e-31,100.0,1.000000000000001
d800b2a9,2026-09-22T00:01:31.950153,NEU-DET,pitted_surface,pitted_surface_67.jpg,4x4,4,4,8,NEQR,1024,statevector,12,4,8,128,88,60,"{""h"": 4, ""x"": 64, ""mcx"": 60}",0.0008468750020256,0.0009333329944638,0.0,0.0002437500079395,0.0024676249886397,0.0,100.0,1.0
fe7f7c3b,2026-09-22T00:01:31.953115,NEU-DET,pitted_surface,pitted_surface_68.jpg,4x4,4,4,8,FRQI,1024,statevector,5,4,1,1092,705,384,"{""h"": 132, ""x"": 64, ""cx"": 384, ""tdg"": 192, ""t"": 256, ""ry"": 64}",0.001012416993035,0.0043047079961979,0.0,3.195799945387989e-05,0.0069361250061774,1.3279286966549993e-30,100.0,0.9999999999999944
bfa9e58a,2026-09-22T00:01:31.960074,NEU-DET,pitted_surface,pitted_surface_68.jpg,4x4,4,4,8,NEQR,1024,statevector,12,4,8,136,96,68,"{""h"": 4, ""x"": 64, ""mcx"": 68}",0.000991041000816,0.0009884579922072,0.0,0.0002394159964751,0.0027651659911498,0.0,100.0,1.0
12aa8029,2026-09-22T00:01:31.963266,NEU-DET,pitted_surface,pitted_surface_69.jpg,4x4,4,4,8,FRQI,1024,statevector,5,4,1,1092,705,384,"{""h"": 132, ""x"": 64, ""cx"": 384, ""tdg"": 192, ""t"": 256, ""ry"": 64}",0.0011714169959304,0.0042311249999329,0.0,3.2459007343277335e-05,0.0070512090023839,1.4769956743505712e-30,100.0,0.999999999999998
e179b392,2026-09-22T00:01:31.970337,NEU-DET,pitted_surface,pitted_surface_69.jpg,4x4,4,4,8,NEQR,1024,statevector,12,4,8,134,94,66,"{""h"": 4, ""x"": 64, ""mcx"": 66}",0.0009457910055061,0.0010313749953638,0.0,0.0002410839952062,0.0026692919927882,0.0,100.0,1.0
43c06970,2026-09-22T00:01:31.973419,NEU-DET,pitted_surface,pitted_surface_7.jpg,4x4,4,4,8,FRQI,1024,statevector,5,4,1,1092,705,384,"{""h"": 132, ""x"": 64, ""cx"": 384, ""tdg"": 192, ""t"": 256, ""ry"": 64}",0.0009811670024646,0.0041767500079004,0.0,3.137500607408583e-05,0.0069222919992171,1.1031726721450089e-30,100.0,0.9999999999999992
a48143b1,2026-09-22T00:01:31.980360,NEU-DET,pitted_surface,pitted_surface_7.jpg,4x4,4,4,8,NEQR,1024,statevector,12,4,8,145,105,77,"{""h"": 4, ""x"": 64, ""mcx"": 77}",0.0009890420042211,0.0010445420048199,0.0,0.0002379170036874,0.0028373340028338,0.0,100.0,1.0
d279b4ca,2026-09-22T00:01:31.983745,NEU-DET,pitted_surface,pitted_surface_70.jpg,4x4,4,4,8,FRQI,1024,statevector,5,4,1,1092,705,384,"{""h"": 132, ""x"": 64, ""cx"": 384, ""tdg"": 192, ""t"": 256, ""ry"": 64}",0.0010283339943271,0.004075125005329,0.0,3.1624993425793946e-05,0.006710750007187,1.5004920196720956e-30,100.0,1.000000000000005
43572c8f,2026-09-22T00:01:31.990481,NEU-DET,pitted_surface,pitted_surface_70.jpg,4x4,4,4,8,NEQR,1024,statevector,12,4,8,132,92,64,"{""h"": 4, ""x"": 64, ""mcx"": 64}",0.0009155829902738,0.001141374988947,0.0,0.0002424999984214,0.0029686249908991,0.0,100.0,1.0
21ae8ced,2026-09-22T00:01:31.993944,NEU-DET,pitted_surface,pitted_surface_71.jpg,4x4,4,4,8,FRQI,1024,statevector,5,4,1,1092,705,384,"{""h"": 132, ""x"": 64, ""cx"": 384, ""tdg"": 192, ""t"": 256, ""ry"": 64}",0.0010414580028736,0.0042864999995799,0.0,3.416700928937644e-05,0.0070444589946419,1.2637952295069042e-30,100.0,1.0000000000000016
3e933f32,2026-09-22T00:01:32.001015,NEU-DET,pitted_surface,pitted_surface_71.jpg,4x4,4,4,8,NEQR,1024,statevector,12,4,8,130,90,62,"{""h"": 4, ""x"": 64, ""mcx"": 62}",0.0009001660073408,0.0009813340002438,0.0,0.0002465419966029,0.0026643750024959,0.0,100.0,1.0
f0926105,2026-09-22T00:01:32.004168,NEU-DET,pitted_surface,pitted_surface_72.jpg,4x4,4,4,8,FRQI,1024,statevector,5,4,1,1092,705,384,"{""h"": 132, ""x"": 64, ""cx"": 384, ""tdg"": 192, ""t"": 256, ""ry"": 64}",0.0010872909915633,0.0044200419943081,0.0,3.275000199209899e-05,0.007133083010558,9.55261252416069e-31,100.0,1.000000000000007
1223f898,2026-09-22T00:01:32.011323,NEU-DET,pitted_surface,pitted_surface_72.jpg,4x4,4,4,8,NEQR,1024,statevector,12,4,8,144,104,76,"{""h"": 4, ""x"": 64, ""mcx"": 76}",0.0009739999950397,0.0010392499971203,0.0,0.0002440829994156,0.0027454580122139,0.0,100.0,1.0
1a23260d,2026-09-22T00:01:32.014577,NEU-DET,pitted_surface,pitted_surface_73.jpg,4x4,4,4,8,FRQI,1024,statevector,5,4,1,1092,705,384,"{""h"": 132, ""x"": 64, ""cx"": 384, ""tdg"": 192, ""t"": 256, ""ry"": 64}",0.0011257500009378,0.0044739169970853,0.0,3.275000199209899e-05,0.0072342920029768,1.1108763919225576e-30,100.0,0.99999999999999
d6e3bd73,2026-09-22T00:01:32.021833,NEU-DET,pitted_surface,pitted_surface_73.jpg,4x4,4,4,8,NEQR,1024,statevector,12,4,8,138,98,70,"{""h"": 4, ""x"": 64, ""mcx"": 70}",0.0010116250050486,0.0010470000124769,0.0,0.0002424999984214,0.0028036250005243,0.0,100.0,1.0
1e2ddd0e,2026-09-22T00:01:32.025202,NEU-DET,pitted_surface,pitted_surface_74.jpg,4x4,4,4,8,FRQI,1024,statevector,5,4,1,1092,705,384,"{""h"": 132, ""x"": 64, ""cx"": 384, ""tdg"": 192, ""t"": 256, ""ry"": 64}",0.0011538749968167,0.0042675419972511,0.0,3.295800706837326e-05,0.0071153340104501,1.731411020004125e-30,100.0,0.9999999999999932
7ee47c22,2026-09-22T00:01:32.032343,NEU-DET,pitted_surface,pitted_surface_74.jpg,4x4,4,4,8,NEQR,1024,statevector,12,4,8,134,94,66,"{""h"": 4, ""x"": 64, ""mcx"": 66}",0.0011375419999239,0.0009615420131012,0.0,0.0002424170088488,0.0028555419994518,0.0,100.0,1.0
2ca15f42,2026-09-22T00:01:32.035663,NEU-DET,pitted_surface,pitted_surface_75.jpg,4x4,4,4,8,FRQI,1024,statevector,5,4,1,1092,705,384,"{""h"": 132, ""x"": 64, ""cx"": 384, ""tdg"": 192, ""t"": 256, ""ry"": 64}",0.0009976250003091,0.0042859999957727,0.0,3.22920095641166e-05,0.0068885410000802,5.361788965174065e-31,100.0,1.0000000000000169
fa03d427,2026-09-22T00:01:32.042576,NEU-DET,pitted_surface,pitted_surface_75.jpg,4x4,4,4,8,NEQR,1024,statevector,12,4,8,146,106,78,"{""h"": 4, ""x"": 64, ""mcx"": 78}",0.0010811669926624,0.0010457079915795,0.0,0.0002456660004099,0.002909125003498,0.0,100.0,1.0
1545e6a2,2026-09-22T00:01:32.045931,NEU-DET,pitted_surface,pitted_surface_76.jpg,4x4,4,4,8,FRQI,1024,statevector,5,4,1,1092,705,384,"{""h"": 132, ""x"": 64, ""cx"": 384, ""tdg"": 192, ""t"": 256, ""ry"": 64}",0.001004332996672,0.004493000000366,0.0,3.154200385324657e-05,0.0071032080013537,1.3181064539386242e-30,100.0,1.0000000000000082
bdb0ece3,2026-09-22T00:01:32.053056,NEU-DET,pitted_surface,pitted_surface_76.jpg,4x4,4,4,8,NEQR,1024,statevector,12,4,8,155,115,87,"{""h"": 4, ""x"": 64, ""mcx"": 87}",0.0010904170048888,0.0011424999975133,0.0,0.0002540410059737,0.0030954999965615,0.0,100.0,1.0
c762042d,2026-09-22T00:01:32.056665,NEU-DET,pitted_surface,pitted_surface_77.jpg,4x4,4,4,8,FRQI,1024,statevector,5,4,1,1092,705,384,"{""h"": 132, ""x"": 64, ""cx"": 384, ""tdg"": 192, ""t"": 256, ""ry"": 64}",0.0010210000036749,0.0041717499989317,0.0,3.11659969156608e-05,0.0067840409901691,7.241496590896007e-31,100.0,1.0000000000000815
4416f9b8,2026-09-22T00:01:32.063470,NEU-DET,pitted_surface,pitted_surface_77.jpg,4x4,4,4,8,NEQR,1024,statevector,12,4,8,144,104,76,"{""h"": 4, ""x"": 64, ""mcx"": 76}",0.0009948329970939,0.001029415987432,0.0,0.000240000008489,0.0028139159985585,0.0,100.0,1.0
53bea6c1,2026-09-22T00:01:32.066722,NEU-DET,pitted_surface,pitted_surface_78.jpg,4x4,4,4,8,FRQI,1024,statevector,5,4,1,1092,705,384,"{""h"": 132, ""x"": 64, ""cx"": 384, ""tdg"": 192, ""t"": 256, ""ry"": 64}",0.0010286250035278,0.0050111669988837,0.0,3.575001028366387e-05,0.0076864580041728,1.0292169622805388e-30,100.0,1.0000000000001896
f929dafd,2026-09-22T00:01:32.074444,NEU-DET,pitted_surface,pitted_surface_78.jpg,4x4,4,4,8,NEQR,1024,statevector,12,4,8,149,109,81,"{""h"": 4, ""x"": 64, ""mcx"": 81}",0.00178579200292,0.0012818329996662,0.0,0.0002584169997135,0.0040690419991733,0.0,100.0,1.0
eb19e67c,2026-09-22T00:01:32.079003,NEU-DET,pitted_surface,pitted_surface_79.jpg,4x4,4,4,8,FRQI,1024,statevector,5,4,1,1092,705,384,"{""h"": 132, ""x"": 64, ""cx"": 384, ""tdg"": 192, ""t"": 256, ""ry"": 64}",0.0010408749949419,0.0042417920049047,0.0,3.15000070258975e-05,0.0069215830008033,9.999428271258529e-31,100.0,0.9999999999998632
198c9276,2026-09-22T00:01:32.085943,NEU-DET,pitted_surface,pitted_surface_79.jpg,4x4,4,4,8,NEQR,1024,statevector,12,4,8,157,117,89,"{""h"": 4, ""x"": 64, ""mcx"": 89}",0.0011035419884137,0.0010936250037048,0.0,0.0002480830007698,0.0030087500053923,0.0,100.0,1.0
8f25ebf1,2026-09-22T00:01:32.089383,NEU-DET,pitted_surface,pitted_surface_8.jpg,4x4,4,4,8,FRQI,1024,statevector,5,4,1,1092,705,384,"{""h"": 132, ""x"": 64, ""cx"": 384, ""tdg"": 192, ""t"": 256, ""ry"": 64}",0.0010022920032497,0.0041728749929461,0.0,3.0333001632243395e-05,0.0069507919979514,1.0484762617244112e-30,100.0,1.0000000000000149
20d43a9b,2026-09-22T00:01:32.096354,NEU-DET,pitted_surface,pitted_surface_8.jpg,4x4,4,4,8,NEQR,1024,statevector,12,4,8,139,99,71,"{""h"": 4, ""x"": 64, ""mcx"": 71}",0.0009555419965181,0.0010244999866699,0.0,0.0002418749936623,0.0027427500026533,0.0,100.0,1.0
2839c6b4,2026-09-22T00:01:32.099573,NEU-DET,pitted_surface,pitted_surface_80.jpg,4x4,4,4,8,FRQI,1024,statevector,5,4,1,1092,705,384,"{""h"": 132, ""x"": 64, ""cx"": 384, ""tdg"": 192, ""t"": 256, ""ry"": 64}",0.0013029169931542,0.0042695000011008,0.0,3.445800393819809e-05,0.0072354589938186,1.0168910106364604e-30,100.0,0.9999999999999688
b6289a8c,2026-09-22T00:01:32.106832,NEU-DET,pitted_surface,pitted_surface_80.jpg,4x4,4,4,8,NEQR,1024,statevector,12,4,8,138,98,70,"{""h"": 4, ""x"": 64, ""mcx"": 70}",0.0012796669907402,0.0011223750043427,0.0,0.0002436250069877,0.0032996660011122,0.0,100.0,1.0
547001b6,2026-09-22T00:01:32.110643,NEU-DET,pitted_surface,pitted_surface_81.jpg,4x4,4,4,8,FRQI,1024,statevector,5,4,1,1092,705,384,"{""h"": 132, ""x"": 64, ""cx"": 384, ""tdg"": 192, ""t"": 256, ""ry"": 64}",0.0011215830018045,0.0042471659980947,0.0,3.3625008654780686e-05,0.0070942500024102,1.780907419574877e-30,100.0,0.9999999999999992
fcec361c,2026-09-22T00:01:32.117762,NEU-DET,pitted_surface,pitted_surface_81.jpg,4x4,4,4,8,NEQR,1024,statevector,12,4,8,118,78,50,"{""h"": 4, ""x"": 64, ""mcx"": 50}",0.0008211659878725,0.0014775830059079,0.0,0.0003646660043159,0.0032486670097569,0.0,100.0,1.0
4f7661d6,2026-09-22T00:01:32.121602,NEU-DET,pitted_surface,pitted_surface_82.jpg,4x4,4,4,8,FRQI,1024,statevector,5,4,1,1092,705,384,"{""h"": 132, ""x"": 64, ""cx"": 384, ""tdg"": 192, ""t"": 256, ""ry"": 64}",0.0015959169977577,0.0045638329902431,0.0,3.850000211969018e-05,0.0080985830136341,1.1827135788482015e-30,100.0,1.00000000000001
ea1340f3,2026-09-22T00:01:32.129729,NEU-DET,pitted_surface,pitted_surface_82.jpg,4x4,4,4,8,NEQR,1024,statevector,12,4,8,130,90,62,"{""h"": 4, ""x"": 64, ""mcx"": 62}",0.0010278339905198,0.0010526249971007,0.0,0.0002605420013424,0.0028633750043809,0.0,100.0,1.0
986a7ee5,2026-09-22T00:01:32.133152,NEU-DET,pitted_surface,pitted_surface_83.jpg,4x4,4,4,8,FRQI,1024,statevector,5,4,1,1092,705,384,"{""h"": 132, ""x"": 64, ""cx"": 384, ""tdg"": 192, ""t"": 256, ""ry"": 64}",0.0010520829964661,0.0044050829892512,0.0,3.729200398083776e-05,0.0071834580012364,1.2880619468061832e-30,100.0,0.9999999999999928
9976e320,2026-09-22T00:01:32.140354,NEU-DET,pitted_surface,pitted_surface_83.jpg,4x4,4,4,8,NEQR,1024,statevector,12,4,8,137,97,69,"{""h"": 4, ""x"": 64, ""mcx"": 69}",0.0009797500097192,0.0012024589959764,0.0,0.0003110000106971,0.0031499999895459,0.0,100.0,1.0
7bfef070,2026-09-22T00:01:32.143990,NEU-DET,pitted_surface,pitted_surface_84.jpg,4x4,4,4,8,FRQI,1024,statevector,5,4,1,1092,705,384,"{""h"": 132, ""x"": 64, ""cx"": 384, ""tdg"": 192, ""t"": 256, ""ry"": 64}",0.0010717080003814,0.0044634999940171,0.0,3.4666998544707894e-05,0.0072758339956635,1.1794394979427432e-30,100.0,0.999999999999998
580a82ed,2026-09-22T00:01:32.151290,NEU-DET,pitted_surface,pitted_surface_84.jpg,4x4,4,4,8,NEQR,1024,statevector,12,4,8,146,106,78,"{""h"": 4, ""x"": 64, ""mcx"": 78}",0.0010573749896138,0.0010885420051636,0.0,0.0002784999960567,0.0029930000018794,0.0,100.0,1.0
1fbce61f,2026-09-22T00:01:32.154729,NEU-DET,pitted_surface,pitted_surface_85.jpg,4x4,4,4,8,FRQI,1024,statevector,5,4,1,1092,705,384,"{""h"": 132, ""x"": 64, ""cx"": 384, ""tdg"": 192, ""t"": 256, ""ry"": 64}",0.0010210420005023,0.0046911249955883,0.0,3.270900924690068e-05,0.007388833008008,1.3735732363369766e-30,100.0,1.0000000000000016
bf1a1de1,2026-09-22T00:01:32.162136,NEU-DET,pitted_surface,pitted_surface_85.jpg,4x4,4,4,8,NEQR,1024,statevector,12,4,8,134,94,66,"{""h"": 4, ""x"": 64, ""mcx"": 66}",0.0009055830014403,0.0010342910100007,0.0,0.0002583750028861,0.0026759169995784,0.0,100.0,1.0
02700b73,2026-09-22T00:01:32.165208,NEU-DET,pitted_surface,pitted_surface_86.jpg,4x4,4,4,8,FRQI,1024,statevector,5,4,1,1092,705,384,"{""h"": 132, ""x"": 64, ""cx"": 384, ""tdg"": 192, ""t"": 256, ""ry"": 64}",0.0011775000020861,0.0042496249952819,0.0,3.362499410286546e-05,0.0070589169918093,1.191380263597944e-30,100.0,1.0000000000000016
52cd6e0e,2026-09-22T00:01:32.172286,NEU-DET,pitted_surface,pitted_surface_86.jpg,4x4,4,4,8,NEQR,1024,statevector,12,4,8,131,91,63,"{""h"": 4, ""x"": 64, ""mcx"": 63}",0.0008424580009886,0.0009588329994585,0.0,0.0002536249958211,0.0025474579888395,0.0,100.0,1.0
73cb8043,2026-09-22T00:01:32.175237,NEU-DET,pitted_surface,pitted_surface_87.jpg,4x4,4,4,8,FRQI,1024,statevector,5,4,1,1092,705,384,"{""h"": 132, ""x"": 64, ""cx"": 384, ""tdg"": 192, ""t"": 256, ""ry"": 64}",0.0011085419973824,0.0042593340040184,0.0,3.066699719056487e-05,0.0070939589932095,1.8246260293124672e-30,100.0,1.000000000000001
4a2526ef,2026-09-22T00:01:32.182346,NEU-DET,pitted_surface,pitted_surface_87.jpg,4x4,4,4,8,NEQR,1024,statevector,12,4,8,134,94,66,"{""h"": 4, ""x"": 64, ""mcx"": 66}",0.0008591669902671,0.0009868750057648,0.0,0.0002445830032229,0.0025451669935137,0.0,100.0,1.0
ed46ce1b,2026-09-22T00:01:32.185405,NEU-DET,pitted_surface,pitted_surface_88.jpg,4x4,4,4,8,FRQI,1024,statevector,5,4,1,1092,705,384,"{""h"": 132, ""x"": 64, ""cx"": 384, ""tdg"": 192, ""t"": 256, ""ry"": 64}",0.001028500002576,0.0043637909984681,0.0,3.1666000722907484e-05,0.0073206660017604,1.656877531156339e-30,100.0,0.9999999999999984
70c63800,2026-09-22T00:01:32.192747,NEU-DET,pitted_surface,pitted_surface_88.jpg,4x4,4,4,8,NEQR,1024,statevector,12,4,8,130,90,62,"{""h"": 4, ""x"": 64, ""mcx"": 62}",0.0008345419919351,0.0009749169985298,0.0,0.0002520420093787,0.0025260000111302,0.0,100.0,1.0
466b89f4,2026-09-22T00:01:32.195718,NEU-DET,pitted_surface,pitted_surface_89.jpg,4x4,4,4,8,FRQI,1024,statevector,5,4,1,1092,705,384,"{""h"": 132, ""x"": 64, ""cx"": 384, ""tdg"": 192, ""t"": 256, ""ry"": 64}",0.0010175829957006,0.0042172090034,0.0,3.174999437760562e-05,0.0068408749939408,1.7685814679307987e-30,100.0,1.0000000000000036
daaab6b0,2026-09-22T00:01:32.202578,NEU-DET,pitted_surface,pitted_surface_89.jpg,4x4,4,4,8,NEQR,1024,statevector,12,4,8,133,93,65,"{""h"": 4, ""x"": 64, ""mcx"": 65}",0.0009344999998575,0.00096287499764,0.0,0.0002510829945094,0.0025919579929905,0.0,100.0,1.0
1a00bfe5,2026-09-22T00:01:32.205560,NEU-DET,pitted_surface,pitted_surface_9.jpg,4x4,4,4,8,FRQI,1024,statevector,5,4,1,1092,705,384,"{""h"": 132, ""x"": 64, ""cx"": 384, ""tdg"": 192, ""t"": 256, ""ry"": 64}",0.0009638339979574,0.0042522079893387,0.0,3.1791001674719155e-05,0.0068109580024611,1.7570258882644753e-30,100.0,0.9999999999999986
9851eeb3,2026-09-22T00:01:32.212395,NEU-DET,pitted_surface,pitted_surface_9.jpg,4x4,4,4,8,NEQR,1024,statevector,12,4,8,133,93,65,"{""h"": 4, ""x"": 64, ""mcx"": 65}",0.0008804160024737,0.0009632080036681,0.0,0.0002541660069255,0.0026149579935008,0.0,100.0,1.0
e523c8a4,2026-09-22T00:01:32.215445,NEU-DET,pitted_surface,pitted_surface_90.jpg,4x4,4,4,8,FRQI,1024,statevector,5,4,1,1092,705,384,"{""h"": 132, ""x"": 64, ""cx"": 384, ""tdg"": 192, ""t"": 256, ""ry"": 64}",0.0009830409981077,0.0041682499868329,0.0,3.054099215660244e-05,0.0067343749979045,1.1557505596267802e-30,100.0,0.9999999999999992
ba0dda98,2026-09-22T00:01:32.222198,NEU-DET,pitted_surface,pitted_surface_90.jpg,4x4,4,4,8,NEQR,1024,statevector,12,4,8,132,92,64,"{""h"": 4, ""x"": 64, ""mcx"": 64}",0.0008784999954514,0.0009193329897243,0.0,0.0002596670092316,0.0025301669957116,0.0,100.0,1.0
73cd12f3,2026-09-22T00:01:32.225221,NEU-DET,pitted_surface,pitted_surface_91.jpg,4x4,4,4,8,FRQI,1024,statevector,5,4,1,1092,705,384,"{""h"": 132, ""x"": 64, ""cx"": 384, ""tdg"": 192, ""t"": 256, ""ry"": 64}",0.0010583340044831,0.0041514589975122,0.0,3.470800584182143e-05,0.0068166669952915,1.7117665345713752e-30,100.0,0.9999999999999784
c1ac9e04,2026-09-22T00:01:32.232060,NEU-DET,pitted_surface,pitted_surface_91.jpg,4x4,4,4,8,NEQR,1024,statevector,12,4,8,132,92,64,"{""h"": 4, ""x"": 64, ""mcx"": 64}",0.0008567500044591,0.0009376669913763,0.0,0.0002519999979995,0.0025487920065643,0.0,100.0,1.0
08259236,2026-09-22T00:01:32.235019,NEU-DET,pitted_surface,pitted_surface_92.jpg,4x4,4,4,8,FRQI,1024,statevector,5,4,1,1092,705,384,"{""h"": 132, ""x"": 64, ""cx"": 384, ""tdg"": 192, ""t"": 256, ""ry"": 64}",0.0011529580078786,0.0043097079906146,0.0,3.633399319369346e-05,0.007068083010381,8.227572722422272e-31,100.0,0.9999999999999925
ec3b33ff,2026-09-22T00:01:32.242110,NEU-DET,pitted_surface,pitted_surface_92.jpg,4x4,4,4,8,NEQR,1024,statevector,12,4,8,151,111,83,"{""h"": 4, ""x"": 64, ""mcx"": 83}",0.0010782919998746,0.0010862089984584,0.0,0.000250249999226,0.0029709999944316,0.0,100.0,1.0
02da3180,2026-09-22T00:01:32.245519,NEU-DET,pitted_surface,pitted_surface_93.jpg,4x4,4,4,8,FRQI,1024,statevector,5,4,1,1092,705,384,"{""h"": 132, ""x"": 64, ""cx"": 384, ""tdg"": 192, ""t"": 256, ""ry"": 64}",0.0010551250015851,0.0042238750029355,0.0,2.9834001907147467e-05,0.0068576250050682,1.3805065841367708e-30,100.0,1.0000000000000178
ce2e4a85,2026-09-22T00:01:32.252397,NEU-DET,pitted_surface,pitted_surface_93.jpg,4x4,4,4,8,NEQR,1024,statevector,12,4,8,146,106,78,"{""h"": 4, ""x"": 64, ""mcx"": 78}",0.0009655000030761,0.001044249991537,0.0,0.000254209007835,0.0027363339904695,0.0,100.0,1.0
86a5848f,2026-09-22T00:01:32.255544,NEU-DET,pitted_surface,pitted_surface_94.jpg,4x4,4,4,8,FRQI,1024,statevector,5,4,1,1092,705,384,"{""h"": 132, ""x"": 64, ""cx"": 384, ""tdg"": 192, ""t"": 256, ""ry"": 64}",0.0010014160070568,0.0043345000012777,0.0,3.1332994694821537e-05,0.0069561249983962,8.081202046648842e-31,100.0,0.9999999999999948
68ad3628,2026-09-22T00:01:32.262524,NEU-DET,pitted_surface,pitted_surface_94.jpg,4x4,4,4,8,NEQR,1024,statevector,12,4,8,144,104,76,"{""h"": 4, ""x"": 64, ""mcx"": 76}",0.0012940000015078,0.0010660000116331,0.0,0.0002470830077072,0.0031326249882113,0.0,100.0,1.0
54d0e34c,2026-09-22T00:01:32.266233,NEU-DET,pitted_surface,pitted_surface_95.jpg,4x4,4,4,8,FRQI,1024,statevector,5,4,1,1092,705,384,"{""h"": 132, ""x"": 64, ""cx"": 384, ""tdg"": 192, ""t"": 256, ""ry"": 64}",0.001076667002053,0.0041682500013848,0.0,3.266699786763638e-05,0.0068662499979836,7.14134823378787e-31,100.0,1.0000000000000313
7d239740,2026-09-22T00:01:32.273118,NEU-DET,pitted_surface,pitted_surface_95.jpg,4x4,4,4,8,NEQR,1024,statevector,12,4,8,146,106,78,"{""h"": 4, ""x"": 64, ""mcx"": 78}",0.0010857500019483,0.0011289579997537,0.0,0.0002422079996904,0.0029480419907486,0.0,100.0,1.0
d1b48bfc,2026-09-22T00:01:32.276514,NEU-DET,pitted_surface,pitted_surface_96.jpg,4x4,4,4,8,FRQI,1024,statevector,5,4,1,1092,705,384,"{""h"": 132, ""x"": 64, ""cx"": 384, ""tdg"": 192, ""t"": 256, ""ry"": 64}",0.0010229580075247,0.004217666995828,0.0,3.1458999728783965e-05,0.0068601660022977,9.521797645050494e-31,100.0,1.0000000000000278
4019706f,2026-09-22T00:01:32.283391,NEU-DET,pitted_surface,pitted_surface_96.jpg,4x4,4,4,8,NEQR,1024,statevector,12,4,8,145,105,77,"{""h"": 4, ""x"": 64, ""mcx"": 77}",0.0010960000072373,0.0010488749976502,0.0,0.0002390419977018,0.0028541659994516,0.0,100.0,1.0
b63ba593,2026-09-22T00:01:32.286633,NEU-DET,pitted_surface,pitted_surface_97.jpg,4x4,4,4,8,FRQI,1024,statevector,5,4,1,1092,705,384,"{""h"": 132, ""x"": 64, ""cx"": 384, ""tdg"": 192, ""t"": 256, ""ry"": 64}",0.0009797909879125,0.0041973749903263,0.0,3.141599881928414e-05,0.0067905829928349,1.7631888640865144e-30,100.0,1.000000000000006
24cabbb8,2026-09-22T00:01:32.293445,NEU-DET,pitted_surface,pitted_surface_97.jpg,4x4,4,4,8,NEQR,1024,statevector,12,4,8,135,95,67,"{""h"": 4, ""x"": 64, ""mcx"": 67}",0.0009402919968124,0.0009715000051073,0.0,0.0002662909973878,0.0028165420080767,0.0,100.0,1.0
15848c3b,2026-09-22T00:01:32.296726,NEU-DET,pitted_surface,pitted_surface_98.jpg,4x4,4,4,8,FRQI,1024,statevector,5,4,1,1092,705,384,"{""h"": 132, ""x"": 64, ""cx"": 384, ""tdg"": 192, ""t"": 256, ""ry"": 64}",0.001097040993045,0.0042071669886354,0.0,3.100000321865082e-05,0.0069227079948177,6.63290272846964e-31,100.0,1.0000000000000386
45f2cdef,2026-09-22T00:01:32.303666,NEU-DET,pitted_surface,pitted_surface_98.jpg,4x4,4,4,8,NEQR,1024,statevector,12,4,8,153,113,85,"{""h"": 4, ""x"": 64, ""mcx"": 85}",0.0010568750003585,0.0010963749955408,0.0,0.0002401249948889,0.0029349579999689,0.0,100.0,1.0
5d1ee0c3,2026-09-22T00:01:32.307118,NEU-DET,pitted_surface,pitted_surface_99.jpg,4x4,4,4,8,FRQI,1024,statevector,5,4,1,1092,705,384,"{""h"": 132, ""x"": 64, ""cx"": 384, ""tdg"": 192, ""t"": 256, ""ry"": 64}",0.0010191249893978,0.004138749995036,0.0,3.05419962387532e-05,0.0067703340027946,1.477766046328326e-30,100.0,0.9999999999999858
feb79c9d,2026-09-22T00:01:32.313909,NEU-DET,pitted_surface,pitted_surface_99.jpg,4x4,4,4,8,NEQR,1024,statevector,12,4,8,124,84,56,"{""h"": 4, ""x"": 64, ""mcx"": 56}",0.0008637499995529,0.0008885410061338,0.0,0.0002396670024609,0.0024057080008788,0.0,100.0,1.0
cdf1ae3c,2026-09-22T00:01:32.317213,NEU-DET,rolled-in_scale,rolled-in_scale_1.jpg,4x4,4,4,8,FRQI,1024,statevector,5,4,1,1092,705,384,"{""h"": 132, ""x"": 64, ""cx"": 384, ""tdg"": 192, ""t"": 256, ""ry"": 64}",0.0010089999996125,0.0041578340023988,0.0,3.1207993743009865e-05,0.0068148339923936,1.307899025233372e-30,100.0,0.9999999999999988
be3b4dad,2026-09-22T00:01:32.324049,NEU-DET,rolled-in_scale,rolled-in_scale_1.jpg,4x4,4,4,8,NEQR,1024,statevector,12,4,8,129,89,61,"{""h"": 4, ""x"": 64, ""mcx"": 61}",0.000991500011878,0.0009624169906601,0.0,0.0002430000022286,0.0027122920000692,0.0,100.0,1.0
0de3ea16,2026-09-22T00:01:32.327194,NEU-DET,rolled-in_scale,rolled-in_scale_10.jpg,4x4,4,4,8,FRQI,1024,statevector,5,4,1,1092,705,384,"{""h"": 132, ""x"": 64, ""cx"": 384, ""tdg"": 192, ""t"": 256, ""ry"": 64}",0.0010426249937154,0.0042654999997466,0.0,3.037499845959246e-05,0.0068967090046498,1.8269371452457323e-30,100.0,0.9999999999999832
a8d7f45d,2026-09-22T00:01:32.334109,NEU-DET,rolled-in_scale,rolled-in_scale_10.jpg,4x4,4,4,8,NEQR,1024,statevector,12,4,8,136,96,68,"{""h"": 4, ""x"": 64, ""mcx"": 68}",0.0009023750026244,0.0009807500027818,0.0,0.0002495410008123,0.0026065410056617,0.0,100.0,1.0
fa4cd957,2026-09-22T00:01:32.337264,NEU-DET,rolled-in_scale,rolled-in_scale_100.jpg,4x4,4,4,8,FRQI,1024,statevector,5,4,1,1092,705,384,"{""h"": 132, ""x"": 64, ""cx"": 384, ""tdg"": 192, ""t"": 256, ""ry"": 64}",0.001079124995158,0.0049948749947361,0.0,3.283299156464636e-05,0.0077113750012358,1.8569816523781728e-30,100.0,1.0000000000000169
871d65fd,2026-09-22T00:01:32.345000,NEU-DET,rolled-in_scale,rolled-in_scale_100.jpg,4x4,4,4,8,NEQR,1024,statevector,12,4,8,131,91,63,"{""h"": 4, ""x"": 64, ""mcx"": 63}",0.0009299170051235,0.0009969999955501,0.0,0.0002384580002399,0.0026900419907178,0.0,100.0,1.0
77fe86fb,2026-09-22T00:01:32.348274,NEU-DET,rolled-in_scale,rolled-in_scale_101.jpg,4x4,4,4,8,FRQI,1024,statevector,5,4,1,1092,705,384,"{""h"": 132, ""x"": 64, ""cx"": 384, ""tdg"": 192, ""t"": 256, ""ry"": 64}",0.001028500002576,0.0044847499957541,0.0,3.3791002351790667e-05,0.0071784580068197,1.5201365051048453e-30,100.0,1.0000000000000009
26f903ec,2026-09-22T00:01:32.355477,NEU-DET,rolled-in_scale,rolled-in_scale_101.jpg,4x4,4,4,8,NEQR,1024,statevector,12,4,8,138,98,70,"{""h"": 4, ""x"": 64, ""mcx"": 70}",0.0010155409981962,0.001065375006874,0.0,0.0002583750028861,0.0028302090067882,0.0,100.0,1.0
ea199ec2,2026-09-22T00:01:32.358839,NEU-DET,rolled-in_scale,rolled-in_scale_102.jpg,4x4,4,4,8,FRQI,1024,statevector,5,4,1,1092,705,384,"{""h"": 132, ""x"": 64, ""cx"": 384, ""tdg"": 192, ""t"": 256, ""ry"": 64}",0.0010332079982617,0.0041959999944083,0.0,3.391699283383787e-05,0.0068800419976469,1.4690993615785837e-30,100.0,1.0000000000000002
18ab026d,2026-09-22T00:01:32.365745,NEU-DET,rolled-in_scale,rolled-in_scale_102.jpg,4x4,4,4,8,NEQR,1024,statevector,12,4,8,136,96,68,"{""h"": 4, ""x"": 64, ""mcx"": 68}",0.0009017919946927,0.0010034160077339,0.0,0.0002425839920761,0.0028469590033637,0.0,100.0,1.0
0b538142,2026-09-22T00:01:32.369147,NEU-DET,rolled-in_scale,rolled-in_scale_103.jpg,4x4,4,4,8,FRQI,1024,statevector,5,4,1,1092,705,384,"{""h"": 132, ""x"": 64, ""cx"": 384, ""tdg"": 192, ""t"": 256, ""ry"": 64}",0.0010184160055359,0.0042816249915631,0.0,3.237499913666397e-05,0.0069000829971628,1.4242251938743611e-30,100.0,0.999999999999984
b1a8d7e6,2026-09-22T00:01:32.376070,NEU-DET,rolled-in_scale,rolled-in_scale_103.jpg,4x4,4,4,8,NEQR,1024,statevector,12,4,8,130,90,62,"{""h"": 4, ""x"": 64, ""mcx"": 62}",0.0008778330084169,0.000999750001938,0.0,0.0002400420053163,0.002578416999313,0.0,100.0,1.0
4a46ac45,2026-09-22T00:01:32.379070,NEU-DET,rolled-in_scale,rolled-in_scale_104.jpg,4x4,4,4,8,FRQI,1024,statevector,5,4,1,1092,705,384,"{""h"": 132, ""x"": 64, ""cx"": 384, ""tdg"": 192, ""t"": 256, ""ry"": 64}",0.0010155420022783,0.0041589169995859,0.0,3.112500417046249e-05,0.0067579159949673,1.8712335339666384e-30,100.0,0.9999999999999852
b1f41fab,2026-09-22T00:01:32.385849,NEU-DET,rolled-in_scale,rolled-in_scale_104.jpg,4x4,4,4,8,NEQR,1024,statevector,12,4,8,127,87,59,"{""h"": 4, ""x"": 64, ""mcx"": 59}",0.0007902079960331,0.000973750007688,0.0,0.0002368749992456,0.0024579999881098,0.0,100.0,1.0
b4d17f2e,2026-09-22T00:01:32.388754,NEU-DET,rolled-in_scale,rolled-in_scale_105.jpg,4x4,4,4,8,FRQI,1024,statevector,5,4,1,1092,705,384,"{""h"": 132, ""x"": 64, ""cx"": 384, ""tdg"": 192, ""t"": 256, ""ry"": 64}",0.0010584170086076,0.0042666250083129,0.0,3.087500226683915e-05,0.0069042499962961,1.7127294995435692e-30,100.0,1.0000000000000069
c842df66,2026-09-22T00:01:32.395681,NEU-DET,rolled-in_scale,rolled-in_scale_105.jpg,4x4,4,4,8,NEQR,1024,statevector,12,4,8,140,100,72,"{""h"": 4, ""x"": 64, ""mcx"": 72}",0.0009434160019736,0.0010119170037796,0.0,0.0002369589929003,0.0026535840006545,0.0,100.0,1.0
197e4bf4,2026-09-22T00:01:32.398766,NEU-DET,rolled-in_scale,rolled-in_scale_106.jpg,4x4,4,4,8,FRQI,1024,statevector,5,4,1,1092,705,384,"{""h"": 132, ""x"": 64, ""cx"": 384, ""tdg"": 192, ""t"": 256, ""ry"": 64}",0.0010136249911738,0.0041895000031217,0.0,3.170898708049208e-05,0.0068390420055948,1.5218698420547938e-30,100.0,0.999999999999989
d4f918c1,2026-09-22T00:01:32.405625,NEU-DET,rolled-in_scale,rolled-in_scale_106.jpg,4x4,4,4,8,NEQR,1024,statevector,12,4,8,139,99,71,"{""h"": 4, ""x"": 64, ""mcx"": 71}",0.0009267089917557,0.0010575829946901,0.0,0.0002795839973259,0.0027316250052535,0.0,100.0,1.0
b068bc75,2026-09-22T00:01:32.408801,NEU-DET,rolled-in_scale,rolled-in_scale_107.jpg,4x4,4,4,8,FRQI,1024,statevector,5,4,1,1092,705,384,"{""h"": 132, ""x"": 64, ""cx"": 384, ""tdg"": 192, ""t"": 256, ""ry"": 64}",0.0010368340008426,0.0041975829954026,0.0,2.966700412798673e-05,0.0068679999967571,1.4350104015629294e-30,100.0,0.9999999999999852
21e5621c,2026-09-22T00:01:32.415687,NEU-DET,rolled-in_scale,rolled-in_scale_107.jpg,4x4,4,4,8,NEQR,1024,statevector,12,4,8,138,98,70,"{""h"": 4, ""x"": 64, ""mcx"": 70}",0.0009914169932017,0.001072707993444,0.0,0.0002397500065853,0.0027562500035855,0.0,100.0,1.0
bd1be3f4,2026-09-22T00:01:32.418889,NEU-DET,rolled-in_scale,rolled-in_scale_108.jpg,4x4,4,4,8,FRQI,1024,statevector,5,4,1,1092,705,384,"{""h"": 132, ""x"": 64, ""cx"": 384, ""tdg"": 192, ""t"": 256, ""ry"": 64}",0.0009802919958019,0.0042427919979672,0.0,3.087498771492392e-05,0.0068310420028865,1.6453219514900156e-30,100.0,0.9999999999999728
bad72159,2026-09-22T00:01:32.425743,NEU-DET,rolled-in_scale,rolled-in_scale_108.jpg,4x4,4,4,8,NEQR,1024,statevector,12,4,8,148,108,80,"{""h"": 4, ""x"": 64, ""mcx"": 80}",0.0010324580071028,0.0010536249901633,0.0,0.0002530830097384,0.002893374999985,0.0,100.0,1.0
adbee743,2026-09-22T00:01:32.429132,NEU-DET,rolled-in_scale,rolled-in_scale_109.jpg,4x4,4,4,8,FRQI,1024,statevector,5,4,1,1092,705,384,"{""h"": 132, ""x"": 64, ""cx"": 384, ""tdg"": 192, ""t"": 256, ""ry"": 64}",0.0011178750137332,0.0042014159989776,0.0,3.462500171735883e-05,0.0072165840101661,1.3473805890933102e-30,100.0,1.0000000000000095
6f741300,2026-09-22T00:01:32.436376,NEU-DET,rolled-in_scale,rolled-in_scale_109.jpg,4x4,4,4,8,NEQR,1024,statevector,12,4,8,137,97,69,"{""h"": 4, ""x"": 64, ""mcx"": 69}",0.0008997499971883,0.0010570000013103,0.0,0.0002340829960303,0.0027803339908132,0.0,100.0,1.0
ae5f01b2,2026-09-22T00:01:32.439761,NEU-DET,rolled-in_scale,rolled-in_scale_11.jpg,4x4,4,4,8,FRQI,1024,statevector,5,4,1,1092,705,384,"{""h"": 132, ""x"": 64, ""cx"": 384, ""tdg"": 192, ""t"": 256, ""ry"": 64}",0.0010541670053498,0.0042140830046264,0.0,3.29999893438071e-05,0.0069938329979777,9.860761315262648e-31,100.0,0.9999999999999984
f2a49cff,2026-09-22T00:01:32.446777,NEU-DET,rolled-in_scale,rolled-in_scale_11.jpg,4x4,4,4,8,NEQR,1024,statevector,12,4,8,132,92,64,"{""h"": 4, ""x"": 64, ""mcx"": 64}",0.0008587079937569,0.0010351250093663,0.0,0.0002444590063532,0.00263287499547,0.0,100.0,1.0
b118d0e8,2026-09-22T00:01:32.449865,NEU-DET,rolled-in_scale,rolled-in_scale_110.jpg,4x4,4,4,8,FRQI,1024,statevector,5,4,1,1092,705,384,"{""h"": 132, ""x"": 64, ""cx"": 384, ""tdg"": 192, ""t"": 256, ""ry"": 64}",0.0010543749958742,0.0041642089927336,0.0,3.095800639130175e-05,0.0068262499989941,1.8758557658331677e-30,100.0,0.9999999999999988
a0faff6e,2026-09-22T00:01:32.456710,NEU-DET,rolled-in_scale,rolled-in_scale_110.jpg,4x4,4,4,8,NEQR,1024,statevector,12,4,8,140,100,72,"{""h"": 4, ""x"": 64, ""mcx"": 72}",0.0009366669983137,0.0009973330015782,0.0,0.0002409589942544,0.0026801250060088,0.0,100.0,1.0
7acbea5b,2026-09-22T00:01:32.459907,NEU-DET,rolled-in_scale,rolled-in_scale_111.jpg,4x4,4,4,8,FRQI,1024,statevector,5,4,1,1092,705,384,"{""h"": 132, ""x"": 64, ""cx"": 384, ""tdg"": 192, ""t"": 256, ""ry"": 64}",0.0010584170086076,0.004155417002039,0.0,3.066699719056487e-05,0.006821957998909,1.8629520352057732e-30,100.0,0.999999999999983
eef60836,2026-09-22T00:01:32.466748,NEU-DET,rolled-in_scale,rolled-in_scale_111.jpg,4x4,4,4,8,NEQR,1024,statevector,12,4,8,138,98,70,"{""h"": 4, ""x"": 64, ""mcx"": 70}",0.0009233330056304,0.0009817919926717,0.0,0.0002369170106248,0.002620957995532,0.0,100.0,1.0
17441a18,2026-09-22T00:01:32.469783,NEU-DET,rolled-in_scale,rolled-in_scale_112.jpg,4x4,4,4,8,FRQI,1024,statevector,5,4,1,1092,705,384,"{""h"": 132, ""x"": 64, ""cx"": 384, ""tdg"": 192, ""t"": 256, ""ry"": 64}",0.0009787500021047,0.0042937910038745,0.0,3.237499913666397e-05,0.006883290989208,1.195617309475596e-30,100.0,1.0000000000000075
0732f894,2026-09-22T00:01:32.476693,NEU-DET,rolled-in_scale,rolled-in_scale_112.jpg,4x4,4,4,8,NEQR,1024,statevector,12,4,8,143,103,75,"{""h"": 4, ""x"": 64, ""mcx"": 75}",0.0009906250052154,0.0010716669930843,0.0,0.0002367919951211,0.002811083002598,0.0,100.0,1.0
644f7a59,2026-09-22T00:01:32.479984,NEU-DET,rolled-in_scale,rolled-in_scale_113.jpg,4x4,4,4,8,FRQI,1024,statevector,5,4,1,1092,705,384,"{""h"": 132, ""x"": 64, ""cx"": 384, ""tdg"": 192, ""t"": 256, ""ry"": 64}",0.001028334008879,0.0041634169901954,0.0,3.129099786747247e-05,0.0067833750072168,1.5318846777656074e-30,100.0,1.0000000000000298
14ffeed7,2026-09-22T00:01:32.486787,NEU-DET,rolled-in_scale,rolled-in_scale_113.jpg,4x4,4,4,8,NEQR,1024,statevector,12,4,8,147,107,79,"{""h"": 4, ""x"": 64, ""mcx"": 79}",0.0010672920034267,0.0010441670019645,0.0,0.0002359170030103,0.0028535410092445,0.0,100.0,1.0
dad0d785,2026-09-22T00:01:32.490157,NEU-DET,rolled-in_scale,rolled-in_scale_114.jpg,4x4,4,4,8,FRQI,1024,statevector,5,4,1,1092,705,384,"{""h"": 132, ""x"": 64, ""cx"": 384, ""tdg"": 192, ""t"": 256, ""ry"": 64}",0.0016157499921973,0.0050427499954821,0.0,3.454201214481145e-05,0.0089713750057853,1.5869662741750823e-30,100.0,1.0000000000000016
019c9ace,2026-09-22T00:01:32.499150,NEU-DET,rolled-in_scale,rolled-in_scale_114.jpg,4x4,4,4,8,NEQR,1024,statevector,12,4,8,144,104,76,"{""h"": 4, ""x"": 64, ""mcx"": 76}",0.0013356670096982,0.0011203339963685,0.0,0.0002511249913368,0.0032427499972982,0.0,100.0,1.0
ff0eeb68,2026-09-22T00:01:32.502873,NEU-DET,rolled-in_scale,rolled-in_scale_115.jpg,4x4,4,4,8,FRQI,1024,statevector,5,4,1,1092,705,384,"{""h"": 132, ""x"": 64, ""cx"": 384, ""tdg"": 192, ""t"": 256, ""ry"": 64}",0.0010527080012252,0.0046548329992219,0.0,3.47500026691705e-05,0.0074206660065101,1.4122844282191599e-30,100.0,0.9999999999999932
918eafbb,2026-09-22T00:01:32.510317,NEU-DET,rolled-in_scale,rolled-in_scale_115.jpg,4x4,4,4,8,NEQR,1024,statevector,12,4,8,148,108,80,"{""h"": 4, ""x"": 64, ""mcx"": 80}",0.0013054580049356,0.0011140840069856,0.0,0.0002538330008974,0.0033263329969486,0.0,100.0,1.0
e9e899c7,2026-09-22T00:01:32.514102,NEU-DET,rolled-in_scale,rolled-in_scale_116.jpg,4x4,4,4,8,FRQI,1024,statevector,5,4,1,1092,705,384,"{""h"": 132, ""x"": 64, ""cx"": 384, ""tdg"": 192, ""t"": 256, ""ry"": 64}",0.0010631670011207,0.0043402909941505,0.0,3.183400258421898e-05,0.0071320830029435,1.5652032658035066e-30,100.0,1.000000000000018
0cd82ea5,2026-09-22T00:01:32.521253,NEU-DET,rolled-in_scale,rolled-in_scale_116.jpg,4x4,4,4,8,NEQR,1024,statevector,12,4,8,141,101,73,"{""h"": 4, ""x"": 64, ""mcx"": 73}",0.0009672090091044,0.0010393749980721,0.0,0.0002670420071808,0.0028268330061109,0.0,100.0,1.0
13be68b9,2026-09-22T00:01:32.524667,NEU-DET,rolled-in_scale,rolled-in_scale_117.jpg,4x4,4,4,8,FRQI,1024,statevector,5,4,1,1092,705,384,"{""h"": 132, ""x"": 64, ""cx"": 384, ""tdg"": 192, ""t"": 256, ""ry"": 64}",0.0011792500008596,0.0043183750094613,0.0,3.4083001082763076e-05,0.0071531670109834,1.6044922366690062e-30,100.0,0.9999999999999944
2e913e48,2026-09-22T00:01:32.531840,NEU-DET,rolled-in_scale,rolled-in_scale_117.jpg,4x4,4,4,8,NEQR,1024,statevector,12,4,8,141,101,73,"{""h"": 4, ""x"": 64, ""mcx"": 73}",0.0009556669974699,0.0011585419997572,0.0,0.0002673330018296,0.0029171249916544,0.0,100.0,1.0
24b880ee,2026-09-22T00:01:32.535226,NEU-DET,rolled-in_scale,rolled-in_scale_118.jpg,4x4,4,4,8,FRQI,1024,statevector,5,4,1,1092,705,384,"{""h"": 132, ""x"": 64, ""cx"": 384, ""tdg"": 192, ""t"": 256, ""ry"": 64}",0.0010267079924233,0.0043179999920539,0.0,3.2500000088475645e-05,0.0070236669998848,1.826359366262416e-30,100.0,1.0000000000000069
0eb0d8c7,2026-09-22T00:01:32.542270,NEU-DET,rolled-in_scale,rolled-in_scale_118.jpg,4x4,4,4,8,NEQR,1024,statevector,12,4,8,135,95,67,"{""h"": 4, ""x"": 64, ""mcx"": 67}",0.0009242920059477,0.0010046670067822,0.0,0.0002537499967729,0.0026736669969977,0.0,100.0,1.0
d7c8f6f9,2026-09-22T00:01:32.545478,NEU-DET,rolled-in_scale,rolled-in_scale_119.jpg,4x4,4,4,8,FRQI,1024,statevector,5,4,1,1092,705,384,"{""h"": 132, ""x"": 64, ""cx"": 384, ""tdg"": 192, ""t"": 256, ""ry"": 64}",0.0010637919913278,0.0041628339968156,0.0,3.129200194962323e-05,0.0068419169983826,1.7163887664379046e-30,100.0,1.0000000000000169
3dd6d27f,2026-09-22T00:01:32.552338,NEU-DET,rolled-in_scale,rolled-in_scale_119.jpg,4x4,4,4,8,NEQR,1024,statevector,12,4,8,129,89,61,"{""h"": 4, ""x"": 64, ""mcx"": 61}",0.0008141250000335,0.0009248330025002,0.0,0.0002537090040277,0.0024495410034433,0.0,100.0,1.0
916ac627,2026-09-22T00:01:32.555330,NEU-DET,rolled-in_scale,rolled-in_scale_12.jpg,4x4,4,4,8,FRQI,1024,statevector,5,4,1,1092,705,384,"{""h"": 132, ""x"": 64, ""cx"": 384, ""tdg"": 192, ""t"": 256, ""ry"": 64}",0.0010729159985203,0.0042179169977316,0.0,2.950000634882599e-05,0.0068708749895449,1.2256618166080367e-30,100.0,0.9999999999999926
670d70af,2026-09-22T00:01:32.562218,NEU-DET,rolled-in_scale,rolled-in_scale_12.jpg,4x4,4,4,8,NEQR,1024,statevector,12,4,8,126,86,58,"{""h"": 4, ""x"": 64, ""mcx"": 58}",0.0007867500098655,0.0009135410073213,0.0,0.0002581669978098,0.0023876670020399,0.0,100.0,1.0
c0530ee8,2026-09-22T00:01:32.565173,NEU-DET,rolled-in_scale,rolled-in_scale_120.jpg,4x4,4,4,8,FRQI,1024,statevector,5,4,1,1092,705,384,"{""h"": 132, ""x"": 64, ""cx"": 384, ""tdg"": 192, ""t"": 256, ""ry"": 64}",0.0011697500012814,0.0041770829993765,0.0,3.0625000363215804e-05,0.0069338340108515,1.6462849164622092e-30,100.0,0.99999999999999
93611579,2026-09-22T00:01:32.572126,NEU-DET,rolled-in_scale,rolled-in_scale_120.jpg,4x4,4,4,8,NEQR,1024,statevector,12,4,8,128,88,60,"{""h"": 4, ""x"": 64, ""mcx"": 60}",0.0008685420034453,0.0009250419971067,0.0,0.0002512920036679,0.0024620420008432,0.0,100.0,1.0
575b43fb,2026-09-22T00:01:32.575113,NEU-DET,rolled-in_scale,rolled-in_scale_121.jpg,4x4,4,4,8,FRQI,1024,statevector,5,4,1,1092,705,384,"{""h"": 132, ""x"": 64, ""cx"": 384, ""tdg"": 192, ""t"": 256, ""ry"": 64}",0.0011262079933658,0.0042027499875985,0.0,3.058300353586674e-05,0.0069306659861467,1.4633215717454218e-30,100.0,0.99999999999999
44fecc08,2026-09-22T00:01:32.582062,NEU-DET,rolled-in_scale,rolled-in_scale_121.jpg,4x4,4,4,8,NEQR,1024,statevector,12,4,8,130,90,62,"{""h"": 4, ""x"": 64, ""mcx"": 62}",0.0008720000041648,0.0009177909960271,0.0,0.0002464159915689,0.0025679160025902,0.0,100.0,1.0
e978b8dd,2026-09-22T00:01:32.585179,NEU-DET,rolled-in_scale,rolled-in_scale_122.jpg,4x4,4,4,8,FRQI,1024,statevector,5,4,1,1092,705,384,"{""h"": 132, ""x"": 64, ""cx"": 384, ""tdg"": 192, ""t"": 256, ""ry"": 64}",0.0011696660076268,0.0045240829931572,0.0,3.745799767784774e-05,0.0074129999993601,1.1958099024700347e-30,100.0,1.0000000000000453
4efc2fb2,2026-09-22T00:01:32.592646,NEU-DET,rolled-in_scale,rolled-in_scale_122.jpg,4x4,4,4,8,NEQR,1024,statevector,12,4,8,135,95,67,"{""h"": 4, ""x"": 64, ""mcx"": 67}",0.0009520000021439,0.0011006249987985,0.0,0.0002423749974695,0.0027905419992748,0.0,100.0,1.0
dd511009,2026-09-22T00:01:32.596026,NEU-DET,rolled-in_scale,rolled-in_scale_123.jpg,4x4,4,4,8,FRQI,1024,statevector,5,4,1,1092,705,384,"{""h"": 132, ""x"": 64, ""cx"": 384, ""tdg"": 192, ""t"": 256, ""ry"": 64}",0.0012641670036828,0.0042467080056667,0.0,3.0665993108414114e-05,0.0071164159890031,1.5867736811806436e-30,100.0,0.9999999999999818
70b7df84,2026-09-22T00:01:32.603163,NEU-DET,rolled-in_scale,rolled-in_scale_123.jpg,4x4,4,4,8,NEQR,1024,statevector,12,4,8,127,87,59,"{""h"": 4, ""x"": 64, ""mcx"": 59}",0.0008673749980516,0.000920499995118,0.0,0.0002398330107098,0.0024772500037215,0.0,100.0,1.0
a028a261,2026-09-22T00:01:32.606201,NEU-DET,rolled-in_scale,rolled-in_scale_124.jpg,4x4,4,4,8,FRQI,1024,statevector,5,4,1,1092,705,384,"{""h"": 132, ""x"": 64, ""cx"": 384, ""tdg"": 192, ""t"": 256, ""ry"": 64}",0.0011031659960281,0.0042166670027654,0.0,3.2334006391465664e-05,0.006940958002815,2.232345398539245e-30,100.0,1.000000000000022
79baaadf,2026-09-22T00:01:32.613163,NEU-DET,rolled-in_scale,rolled-in_scale_124.jpg,4x4,4,4,8,NEQR,1024,statevector,12,4,8,134,94,66,"{""h"": 4, ""x"": 64, ""mcx"": 66}",0.0008769999985815,0.0009871250076685,0.0,0.0002527089964132,0.0025782500015338,0.0,100.0,1.0
c5fb4978,2026-09-22T00:01:32.616187,NEU-DET,rolled-in_scale,rolled-in_scale_125.jpg,4x4,4,4,8,FRQI,1024,statevector,5,4,1,1092,705,384,"{""h"": 132, ""x"": 64, ""cx"": 384, ""tdg"": 192, ""t"": 256, ""ry"": 64}",0.001042874995619,0.0041747080103959,0.0,3.14170029014349e-05,0.0068565420078812,1.6197070832296654e-30,100.0,0.9999999999999862
e4c90e1b,2026-09-22T00:01:32.623064,NEU-DET,rolled-in_scale,rolled-in_scale_125.jpg,4x4,4,4,8,NEQR,1024,statevector,12,4,8,137,97,69,"{""h"": 4, ""x"": 64, ""mcx"": 69}",0.0009820839914027,0.001119042004575,0.0,0.0002537920081522,0.0028230409952811,0.0,100.0,1.0
40a55d02,2026-09-22T00:01:32.626519,NEU-DET,rolled-in_scale,rolled-in_scale_126.jpg,4x4,4,4,8,FRQI,1024,statevector,5,4,1,1092,705,384,"{""h"": 132, ""x"": 64, ""cx"": 384, ""tdg"": 192, ""t"": 256, ""ry"": 64}",0.0009934999980032,0.0042066669993801,0.0,2.966700412798673e-05,0.0068227910087443,1.76838887493636e-30,100.0,0.99999999999998
2213756c,2026-09-22T00:01:32.633358,NEU-DET,rolled-in_scale,rolled-in_scale_126.jpg,4x4,4,4,8,NEQR,1024,statevector,12,4,8,126,86,58,"{""h"": 4, ""x"": 64, ""mcx"": 58}",0.000780707996455,0.0009481659944867,0.0,0.0002378330100327,0.002606583002489,0.0,100.0,1.0
a29f8f01,2026-09-22T00:01:32.636467,NEU-DET,rolled-in_scale,rolled-in_scale_127.jpg,4x4,4,4,8,FRQI,1024,statevector,5,4,1,1092,705,384,"{""h"": 132, ""x"": 64, ""cx"": 384, ""tdg"": 192, ""t"": 256, ""ry"": 64}",0.0009785000002011,0.0049231669981963,0.0,3.254199691582471e-05,0.0074985419923905,1.242995186107522e-30,100.0,0.999999999999986
2dcb581c,2026-09-22T00:01:32.643991,NEU-DET,rolled-in_scale,rolled-in_scale_127.jpg,4x4,4,4,8,NEQR,1024,statevector,12,4,8,123,83,55,"{""h"": 4, ""x"": 64, ""mcx"": 55}",0.0008037920051719,0.0008976249955594,0.0,0.0002383750106673,0.0023793339933035,0.0,100.0,1.0
7016bb27,2026-09-22T00:01:32.646920,NEU-DET,rolled-in_scale,rolled-in_scale_128.jpg,4x4,4,4,8,FRQI,1024,statevector,5,4,1,1092,705,384,"{""h"": 132, ""x"": 64, ""cx"": 384, ""tdg"": 192, ""t"": 256, ""ry"": 64}",0.0011075840011471,0.0042268749966751,0.0,3.574999573174864e-05,0.0070421659911517,1.2173803178471718e-30,100.0,0.999999999999999
74f213f7,2026-09-22T00:01:32.653986,NEU-DET,rolled-in_scale,rolled-in_scale_128.jpg,4x4,4,4,8,NEQR,1024,statevector,12,4,8,142,102,74,"{""h"": 4, ""x"": 64, ""mcx"": 74}",0.0010167920117964,0.0010542090021772,0.0,0.0002536659885663,0.0028451250109355,0.0,100.0,1.0
ee6d92d4,2026-09-22T00:01:32.657405,NEU-DET,rolled-in_scale,rolled-in_scale_129.jpg,4x4,4,4,8,FRQI,1024,statevector,5,4,1,1092,705,384,"{""h"": 132, ""x"": 64, ""cx"": 384, ""tdg"": 192, ""t"": 256, ""ry"": 64}",0.0011994579981546,0.0042296250030631,0.0,3.208400448784232e-05,0.007088250000379,1.2790100760675632e-30,100.0,1.0000000000000475
ed0e4cda,2026-09-22T00:01:32.664515,NEU-DET,rolled-in_scale,rolled-in_scale_129.jpg,4x4,4,4,8,NEQR,1024,statevector,12,4,8,126,86,58,"{""h"": 4, ""x"": 64, ""mcx"": 58}",0.0011081249976996,0.0009130830003414,0.0,0.0002403329999651,0.0027635410078801,0.0,100.0,1.0
b26361c7,2026-09-22T00:01:32.667851,NEU-DET,rolled-in_scale,rolled-in_scale_13.jpg,4x4,4,4,8,FRQI,1024,statevector,5,4,1,1092,705,384,"{""h"": 132, ""x"": 64, ""cx"": 384, ""tdg"": 192, ""t"": 256, ""ry"": 64}",0.0010870409896597,0.0042006669973488,0.0,3.658300556708127e-05,0.0069118340034037,1.3627880286484081e-30,100.0,1.000000000000011
5f9d408c,2026-09-22T00:01:32.674780,NEU-DET,rolled-in_scale,rolled-in_scale_13.jpg,4x4,4,4,8,NEQR,1024,statevector,12,4,8,134,94,66,"{""h"": 4, ""x"": 64, ""mcx"": 66}",0.0010696249955799,0.0010103749955305,0.0,0.0002363750099902,0.0027877499960595,0.0,100.0,1.0
7a416fa0,2026-09-22T00:01:32.678092,NEU-DET,rolled-in_scale,rolled-in_scale_130.jpg,4x4,4,4,8,FRQI,1024,statevector,5,4,1,1092,705,384,"{""h"": 132, ""x"": 64, ""cx"": 384, ""tdg"": 192, ""t"": 256, ""ry"": 64}",0.0010759169963421,0.0041437080071773,0.0,3.270800516474992e-05,0.0068476249871309,9.639279371658115e-31,100.0,0.9999999999999856
8581cdb8,2026-09-22T00:01:32.684963,NEU-DET,rolled-in_scale,rolled-in_scale_130.jpg,4x4,4,4,8,NEQR,1024,statevector,12,4,8,128,88,60,"{""h"": 4, ""x"": 64, ""mcx"": 60}",0.0008187909988919,0.0009574160067131,0.0,0.0002362499944865,0.0025783750024857,0.0,100.0,1.0
c71c0b02,2026-09-22T00:01:32.688141,NEU-DET,rolled-in_scale,rolled-in_scale_131.jpg,4x4,4,4,8,FRQI,1024,statevector,5,4,1,1092,705,384,"{""h"": 132, ""x"": 64, ""cx"": 384, ""tdg"": 192, ""t"": 256, ""ry"": 64}",0.0010247089958284,0.0049888329958776,0.0,3.56250093318522e-05,0.0076552499958779,1.6385811966846603e-30,100.0,1.000000000000011
7e6194a1,2026-09-22T00:01:32.695825,NEU-DET,rolled-in_scale,rolled-in_scale_131.jpg,4x4,4,4,8,NEQR,1024,statevector,12,4,8,131,91,63,"{""h"": 4, ""x"": 64, ""mcx"": 63}",0.0009027499909279,0.0010361250024288,0.0,0.0002358329948037,0.0027290830039419,0.0,100.0,1.0
aa57b1d4,2026-09-22T00:01:32.699118,NEU-DET,rolled-in_scale,rolled-in_scale_132.jpg,4x4,4,4,8,FRQI,1024,statevector,5,4,1,1092,705,384,"{""h"": 132, ""x"": 64, ""cx"": 384, ""tdg"": 192, ""t"": 256, ""ry"": 64}",0.0012434590025804,0.0042134159884881,0.0,3.3917007385753095e-05,0.0071106249961303,1.3213805348440823e-30,100.0,0.9999999999999692
b0a41fe7,2026-09-22T00:01:32.706254,NEU-DET,rolled-in_scale,rolled-in_scale_132.jpg,4x4,4,4,8,NEQR,1024,statevector,12,4,8,140,100,72,"{""h"": 4, ""x"": 64, ""mcx"": 72}",0.0009551659895805,0.0010041249915957,0.0,0.0002397079952061,0.0027146249922225,0.0,100.0,1.0
f2c3c19d,2026-09-22T00:01:32.709534,NEU-DET,rolled-in_scale,rolled-in_scale_133.jpg,4x4,4,4,8,FRQI,1024,statevector,5,4,1,1092,705,384,"{""h"": 132, ""x"": 64, ""cx"": 384, ""tdg"": 192, ""t"": 256, ""ry"": 64}",0.001077166001778,0.0042298329935874,0.0,3.1917006708681583e-05,0.0069162079889792,1.3772325032313124e-30,100.0,1.0000000000000098
41d34eb6,2026-09-22T00:01:32.716472,NEU-DET,rolled-in_scale,rolled-in_scale_133.jpg,4x4,4,4,8,NEQR,1024,statevector,12,4,8,131,91,63,"{""h"": 4, ""x"": 64, ""mcx"": 63}",0.0008428329892922,0.0009795000078156,0.0,0.0002440840034978,0.0025145410036202,0.0,100.0,1.0
2b474a6a,2026-09-22T00:01:32.719553,NEU-DET,rolled-in_scale,rolled-in_scale_134.jpg,4x4,4,4,8,FRQI,1024,statevector,5,4,1,1092,705,384,"{""h"": 132, ""x"": 64, ""cx"": 384, ""tdg"": 192, ""t"": 256, ""ry"": 64}",0.0010509579878998,0.0042990830115741,0.0,3.254201146773994e-05,0.0069622500013792,1.337173160388058e-30,100.0,0.9999999999999782
aaf6d41d,2026-09-22T00:01:32.726537,NEU-DET,rolled-in_scale,rolled-in_scale_134.jpg,4x4,4,4,8,NEQR,1024,statevector,12,4,8,137,97,69,"{""h"": 4, ""x"": 64, ""mcx"": 69}",0.0010084999958053,0.0010394580021966,0.0,0.0002559580025263,0.0028525829984573,0.0,100.0,1.0
04a8a550,2026-09-22T00:01:32.729985,NEU-DET,rolled-in_scale,rolled-in_scale_135.jpg,4x4,4,4,8,FRQI,1024,statevector,5,4,1,1092,705,384,"{""h"": 132, ""x"": 64, ""cx"": 384, ""tdg"": 192, ""t"": 256, ""ry"": 64}",0.0010380829917266,0.0042191249958705,0.0,3.2042007660493255e-05,0.0069162919971859,1.4575437819122601e-30,100.0,1.000000000000017
9bafe76b,2026-09-22T00:01:32.736924,NEU-DET,rolled-in_scale,rolled-in_scale_135.jpg,4x4,4,4,8,NEQR,1024,statevector,12,4,8,132,92,64,"{""h"": 4, ""x"": 64, ""mcx"": 64}",0.0010397500009275,0.0009898749995045,0.0,0.0002625829947646,0.0027771249879151,0.0,100.0,1.0
ab34968c,2026-09-22T00:01:32.740245,NEU-DET,rolled-in_scale,rolled-in_scale_136.jpg,4x4,4,4,8,FRQI,1024,statevector,5,4,1,1092,705,384,"{""h"": 132, ""x"": 64, ""cx"": 384, ""tdg"": 192, ""t"": 256, ""ry"": 64}",0.0010302500013494,0.0042232080013491,0.0,3.174999437760562e-05,0.0069506660074694,1.8398408758731264e-30,100.0,1.0000000000000389
0ab0d764,2026-09-22T00:01:32.747223,NEU-DET,rolled-in_scale,rolled-in_scale_136.jpg,4x4,4,4,8,NEQR,1024,statevector,12,4,8,129,89,61,"{""h"": 4, ""x"": 64, ""mcx"": 61}",0.0008343340014107,0.0009794170036911,0.0,0.0002585000038379,0.0025750000058906,0.0,100.0,1.0
4af76681,2026-09-22T00:01:32.750670,NEU-DET,rolled-in_scale,rolled-in_scale_137.jpg,4x4,4,4,8,FRQI,1024,statevector,5,4,1,1092,705,384,"{""h"": 132, ""x"": 64, ""cx"": 384, ""tdg"": 192, ""t"": 256, ""ry"": 64}",0.0011072920024162,0.0043278329976601,0.0,3.6249999538995326e-05,0.0071348750061588,1.658996054095165e-30,100.0,0.9999999999999728
3f91661a,2026-09-22T00:01:32.757823,NEU-DET,rolled-in_scale,rolled-in_scale_137.jpg,4x4,4,4,8,NEQR,1024,statevector,12,4,8,136,96,68,"{""h"": 4, ""x"": 64, ""mcx"": 68}",0.0011132920044474,0.0010909580014413,0.0,0.0002792090090224,0.0029558750102296,0.0,100.0,1.0
669ad994,2026-09-22T00:01:32.761379,NEU-DET,rolled-in_scale,rolled-in_scale_138.jpg,4x4,4,4,8,FRQI,1024,statevector,5,4,1,1092,705,384,"{""h"": 132, ""x"": 64, ""cx"": 384, ""tdg"": 192, ""t"": 256, ""ry"": 64}",0.0010268750047544,0.0043317079980624,0.0,3.2584008295089006e-05,0.0069972499914001,1.50280313560536e-30,100.0,0.9999999999999926
900503b2,2026-09-22T00:01:32.768399,NEU-DET,rolled-in_scale,rolled-in_scale_138.jpg,4x4,4,4,8,NEQR,1024,statevector,12,4,8,126,86,58,"{""h"": 4, ""x"": 64, ""mcx"": 58}",0.0008767079998506,0.0009134169958997,0.0,0.0002376250049564,0.0025225420104106,0.0,100.0,1.0
73e142cb,2026-09-22T00:01:32.771457,NEU-DET,rolled-in_scale,rolled-in_scale_139.jpg,4x4,4,4,8,FRQI,1024,statevector,5,4,1,1092,705,384,"{""h"": 132, ""x"": 64, ""cx"": 384, ""tdg"": 192, ""t"": 256, ""ry"": 64}",0.0012257500056875,0.0043500829924596,0.0,3.3249991247430444e-05,0.0072357919998466,1.5661662307757002e-30,100.0,0.9999999999999976
818263d9,2026-09-22T00:01:32.778718,NEU-DET,rolled-in_scale,rolled-in_scale_139.jpg,4x4,4,4,8,NEQR,1024,statevector,12,4,8,121,81,53,"{""h"": 4, ""x"": 64, ""mcx"": 53}",0.0007395410066237,0.0008968750044004,0.0,0.0002386670093983,0.0023139580007409,0.0,100.0,1.0
b7996a81,2026-09-22T00:01:32.781500,NEU-DET,rolled-in_scale,rolled-in_scale_14.jpg,4x4,4,4,8,FRQI,1024,statevector,5,4,1,1092,705,384,"{""h"": 132, ""x"": 64, ""cx"": 384, ""tdg"": 192, ""t"": 256, ""ry"": 64}",0.0011795419995905,0.0043204579997109,0.0,3.6541998269967735e-05,0.007161375004216,1.8446557007340945e-30,100.0,0.9999999999999792
3971e46e,2026-09-22T00:01:32.788688,NEU-DET,rolled-in_scale,rolled-in_scale_14.jpg,4x4,4,4,8,NEQR,1024,statevector,12,4,8,131,91,63,"{""h"": 4, ""x"": 64, ""mcx"": 63}",0.0009636250033508,0.0011660840100375,0.0,0.0002633749973028,0.0029146669985493,0.0,100.0,1.0
6318c0c4,2026-09-22T00:01:32.792282,NEU-DET,rolled-in_scale,rolled-in_scale_140.jpg,4x4,4,4,8,FRQI,1024,statevector,5,4,1,1092,705,384,"{""h"": 132, ""x"": 64, ""cx"": 384, ""tdg"": 192, ""t"": 256, ""ry"": 64}",0.0010564160038484,0.0042542080045677,0.0,3.4832992241717875e-05,0.0069664579932577,1.382432514081158e-30,100.0,1.0000000000000293
c0a2f492,2026-09-22T00:01:32.799270,NEU-DET,rolled-in_scale,rolled-in_scale_140.jpg,4x4,4,4,8,NEQR,1024,statevector,12,4,8,124,84,56,"{""h"": 4, ""x"": 64, ""mcx"": 56}",0.000788957986515,0.0009333750058431,0.0,0.0003075420099776,0.0025472080014878,0.0,100.0,1.0
ced684a6,2026-09-22T00:01:32.802373,NEU-DET,rolled-in_scale,rolled-in_scale_141.jpg,4x4,4,4,8,FRQI,1024,statevector,5,4,1,1092,705,384,"{""h"": 132, ""x"": 64, ""cx"": 384, ""tdg"": 192, ""t"": 256, ""ry"": 64}",0.0010280830028932,0.0043160839995834,0.0,3.445800393819809e-05,0.0069492920010816,1.4136325791802313e-30,100.0,1.0000000000000662
e3cdb70c,2026-09-22T00:01:32.809343,NEU-DET,rolled-in_scale,rolled-in_scale_141.jpg,4x4,4,4,8,NEQR,1024,statevector,12,4,8,119,79,51,"{""h"": 4, ""x"": 64, ""mcx"": 51}",0.0007373749976977,0.0008975420059869,0.0,0.0002511249913368,0.0023194579989649,0.0,100.0,1.0
40a23e49,2026-09-22T00:01:32.812283,NEU-DET,rolled-in_scale,rolled-in_scale_142.jpg,4x4,4,4,8,FRQI,1024,statevector,5,4,1,1092,705,384,"{""h"": 132, ""x"": 64, ""cx"": 384, ""tdg"": 192, ""t"": 256, ""ry"": 64}",0.0011232919932808,0.0046042920002946,0.0,3.4832992241717875e-05,0.0073954580002464,1.2295136764968114e-30,100.0,1.000000000000012
1aad5c41,2026-09-22T00:01:32.819705,NEU-DET,rolled-in_scale,rolled-in_scale_142.jpg,4x4,4,4,8,NEQR,1024,statevector,12,4,8,122,82,54,"{""h"": 4, ""x"": 64, ""mcx"": 54}",0.0007978329958859,0.0009226250112988,0.0,0.0002414580085314,0.0024245000095106,0.0,100.0,1.0
5ad2dbc0,2026-09-22T00:01:32.822767,NEU-DET,rolled-in_scale,rolled-in_scale_143.jpg,4x4,4,4,8,FRQI,1024,statevector,5,4,1,1092,705,384,"{""h"": 132, ""x"": 64, ""cx"": 384, ""tdg"": 192, ""t"": 256, ""ry"": 64}",0.0011089589970652,0.0042991670052288,0.0,3.441699664108455e-05,0.0071162919921334,1.2379877682521152e-30,100.0,0.9999999999999892
0b61e433,2026-09-22T00:01:32.829906,NEU-DET,rolled-in_scale,rolled-in_scale_143.jpg,4x4,4,4,8,NEQR,1024,statevector,12,4,8,110,70,42,"{""h"": 4, ""x"": 64, ""mcx"": 42}",0.0007265829917741,0.0008285410003736,0.0,0.0002432920009596,0.0022430409881053,0.0,100.0,1.0
fd6fd698,2026-09-22T00:01:32.832699,NEU-DET,rolled-in_scale,rolled-in_scale_144.jpg,4x4,4,4,8,FRQI,1024,statevector,5,4,1,1092,705,384,"{""h"": 132, ""x"": 64, ""cx"": 384, ""tdg"": 192, ""t"": 256, ""ry"": 64}",0.001054499996826,0.004619500003173,0.0,3.529099922161549e-05,0.0073849170003086,1.2119877140028875e-30,100.0,0.9999999999999816
c7bee4fa,2026-09-22T00:01:32.840108,NEU-DET,rolled-in_scale,rolled-in_scale_144.jpg,4x4,4,4,8,NEQR,1024,statevector,12,4,8,119,79,51,"{""h"": 4, ""x"": 64, ""mcx"": 51}",0.0008850410085869,0.0009259580110665,0.0,0.0002391250018263,0.0027319159999024,0.0,100.0,1.0
cec9f287,2026-09-22T00:01:32.843534,NEU-DET,rolled-in_scale,rolled-in_scale_145.jpg,4x4,4,4,8,FRQI,1024,statevector,5,4,1,1092,705,384,"{""h"": 132, ""x"": 64, ""cx"": 384, ""tdg"": 192, ""t"": 256, ""ry"": 64}",0.0010542500094743,0.0050097089988412,0.0,3.762501000892371e-05,0.0078043750108918,1.7165813594323433e-30,100.0,1.0000000000000422
2083b750,2026-09-22T00:01:32.851371,NEU-DET,rolled-in_scale,rolled-in_scale_145.jpg,4x4,4,4,8,NEQR,1024,statevector,12,4,8,149,109,81,"{""h"": 4, ""x"": 64, ""mcx"": 81}",0.0011922909907298,0.0013255830126581,0.0,0.000253625010373,0.0034356660034973,0.0,100.0,1.0
6034fbdd,2026-09-22T00:01:32.855432,NEU-DET,rolled-in_scale,rolled-in_scale_146.jpg,4x4,4,4,8,FRQI,1024,statevector,5,4,1,1092,705,384,"{""h"": 132, ""x"": 64, ""cx"": 384, ""tdg"": 192, ""t"": 256, ""ry"": 64}",0.001270624998142,0.004975916002877,0.0,3.662498784251511e-05,0.0084565419965656,1.6098848405132904e-30,100.0,0.9999999999999912
cb55aa79,2026-09-22T00:01:32.863914,NEU-DET,rolled-in_scale,rolled-in_scale_146.jpg,4x4,4,4,8,NEQR,1024,statevector,12,4,8,132,92,64,"{""h"": 4, ""x"": 64, ""mcx"": 64}",0.0009985840006265,0.0010684589942684,0.0,0.0002552499936427,0.0028181249945191,0.0,100.0,1.0
f5e742ed,2026-09-22T00:01:32.867293,NEU-DET,rolled-in_scale,rolled-in_scale_147.jpg,4x4,4,4,8,FRQI,1024,statevector,5,4,1,1092,705,384,"{""h"": 132, ""x"": 64, ""cx"": 384, ""tdg"": 192, ""t"": 256, ""ry"": 64}",0.0011161250004079,0.0044519579969346,0.0,3.283399564679712e-05,0.0072269999946001,1.751633284420191e-30,100.0,1.000000000000006
962ecab7,2026-09-22T00:01:32.874543,NEU-DET,rolled-in_scale,rolled-in_scale_147.jpg,4x4,4,4,8,NEQR,1024,statevector,12,4,8,128,88,60,"{""h"": 4, ""x"": 64, ""mcx"": 60}",0.0009238329948857,0.0011309580004308,0.0,0.0003027499915333,0.0029228750063339,0.0,100.0,1.0
8e00b238,2026-09-22T00:01:32.878343,NEU-DET,rolled-in_scale,rolled-in_scale_148.jpg,4x4,4,4,8,FRQI,1024,statevector,5,4,1,1092,705,384,"{""h"": 132, ""x"": 64, ""cx"": 384, ""tdg"": 192, ""t"": 256, ""ry"": 64}",0.0014907080039847,0.0044516250054584,0.0,3.6666999221779406e-05,0.0076292500016279,1.3192620119052566e-30,100.0,0.9999999999999885
c9f41cbd,2026-09-22T00:01:32.885998,NEU-DET,rolled-in_scale,rolled-in_scale_148.jpg,4x4,4,4,8,NEQR,1024,statevector,12,4,8,126,86,58,"{""h"": 4, ""x"": 64, ""mcx"": 58}",0.0009179579938063,0.0009903750033117,0.0,0.0002553340018494,0.0026413750019855,0.0,100.0,1.0
f48a08f3,2026-09-22T00:01:32.889272,NEU-DET,rolled-in_scale,rolled-in_scale_149.jpg,4x4,4,4,8,FRQI,1024,statevector,5,4,1,1092,705,384,"{""h"": 132, ""x"": 64, ""cx"": 384, ""tdg"": 192, ""t"": 256, ""ry"": 64}",0.0010168749868171,0.0043380830029491,0.0,3.5792007111012936e-05,0.0070817910018377,1.2585952186570586e-30,100.0,1.000000000000014
95fb2361,2026-09-22T00:01:32.896375,NEU-DET,rolled-in_scale,rolled-in_scale_149.jpg,4x4,4,4,8,NEQR,1024,statevector,12,4,8,144,104,76,"{""h"": 4, ""x"": 64, ""mcx"": 76}",0.0010555000044405,0.0011207080096937,0.0,0.0002490829938324,0.0030745410040253,0.0,100.0,1.0
96247209,2026-09-22T00:01:32.899969,NEU-DET,rolled-in_scale,rolled-in_scale_15.jpg,4x4,4,4,8,FRQI,1024,statevector,5,4,1,1092,705,384,"{""h"": 132, ""x"": 64, ""cx"": 384, ""tdg"": 192, ""t"": 256, ""ry"": 64}",0.0010400410101283,0.0044396659941412,0.0,3.6958008422516286e-05,0.0071976249892031,1.3835880720477902e-30,100.0,0.9999999999999736
b9ac7f59,2026-09-22T00:01:32.907184,NEU-DET,rolled-in_scale,rolled-in_scale_15.jpg,4x4,4,4,8,NEQR,1024,statevector,12,4,8,118,78,50,"{""h"": 4, ""x"": 64, ""mcx"": 50}",0.0008114170050248,0.0009907919884426,0.0,0.0002732909924816,0.0025032920093508,0.0,100.0,1.0
d9047a21,2026-09-22T00:01:32.910187,NEU-DET,rolled-in_scale,rolled-in_scale_150.jpg,4x4,4,4,8,FRQI,1024,statevector,5,4,1,1092,705,384,"{""h"": 132, ""x"": 64, ""cx"": 384, ""tdg"": 192, ""t"": 256, ""ry"": 64}",0.00117487499665,0.0044047080009477,0.0,3.166700480505824e-05,0.0072441660013282,1.3893658618809521e-30,100.0,0.9999999999999818
6305e026,2026-09-22T00:01:32.917448,NEU-DET,rolled-in_scale,rolled-in_scale_150.jpg,4x4,4,4,8,NEQR,1024,statevector,12,4,8,128,88,60,"{""h"": 4, ""x"": 64, ""mcx"": 60}",0.001246165993507,0.0009695829940028,0.0,0.0002462080010445,0.0029627079929923,0.0,100.0,1.0
3649b75a,2026-09-22T00:01:32.921022,NEU-DET,rolled-in_scale,rolled-in_scale_151.jpg,4x4,4,4,8,FRQI,1024,statevector,5,4,1,1092,705,384,"{""h"": 132, ""x"": 64, ""cx"": 384, ""tdg"": 192, ""t"": 256, ""ry"": 64}",0.0011597080010687,0.0043442080059321,0.0,3.508299414534122e-05,0.0072149170009652,2.1659008154578854e-30,100.0,1.0000000000000029
f084d6ff,2026-09-22T00:01:32.928259,NEU-DET,rolled-in_scale,rolled-in_scale_151.jpg,4x4,4,4,8,NEQR,1024,statevector,12,4,8,132,92,64,"{""h"": 4, ""x"": 64, ""mcx"": 64}",0.000915291995625,0.0010116659977938,0.0,0.00024429098994,0.0026582920108921,0.0,100.0,1.0
d506963f,2026-09-22T00:01:32.931456,NEU-DET,rolled-in_scale,rolled-in_scale_152.jpg,4x4,4,4,8,FRQI,1024,statevector,5,4,1,1092,705,384,"{""h"": 132, ""x"": 64, ""cx"": 384, ""tdg"": 192, ""t"": 256, ""ry"": 64}",0.0010110000002896,0.0046172080037649,0.0,3.599999763537198e-05,0.0073044169985223,1.9827448777466593e-30,100.0,0.9999999999999906
b02a0c5a,2026-09-22T00:01:32.938784,NEU-DET,rolled-in_scale,rolled-in_scale_152.jpg,4x4,4,4,8,NEQR,1024,statevector,12,4,8,132,92,64,"{""h"": 4, ""x"": 64, ""mcx"": 64}",0.0008695829892531,0.0010084999958053,0.0,0.0002469159953761,0.0026428750134073,0.0,100.0,1.0
45709ff5,2026-09-22T00:01:32.941992,NEU-DET,rolled-in_scale,rolled-in_scale_153.jpg,4x4,4,4,8,FRQI,1024,statevector,5,4,1,1092,705,384,"{""h"": 132, ""x"": 64, ""cx"": 384, ""tdg"": 192, ""t"": 256, ""ry"": 64}",0.0012695409968728,0.0042802499956451,0.0,3.4374999813735485e-05,0.0072428330022376,2.0181819887233845e-30,100.0,1.000000000000006
d6954323,2026-09-22T00:01:32.949258,NEU-DET,rolled-in_scale,rolled-in_scale_153.jpg,4x4,4,4,8,NEQR,1024,statevector,12,4,8,128,88,60,"{""h"": 4, ""x"": 64, ""mcx"": 60}",0.0009225000103469,0.0009378749964525,0.0,0.0002387919957982,0.0025703749997774,0.0,100.0,1.0
5ceea26a,2026-09-22T00:01:32.952402,NEU-DET,rolled-in_scale,rolled-in_scale_154.jpg,4x4,4,4,8,FRQI,1024,statevector,5,4,1,1092,705,384,"{""h"": 132, ""x"": 64, ""cx"": 384, ""tdg"": 192, ""t"": 256, ""ry"": 64}",0.0010074589954456,0.0045203339977888,0.0,3.608399129007012e-05,0.0071608750004088,1.4392474474405814e-30,100.0,1.0000000000000009
ba4ddca9,2026-09-22T00:01:32.959585,NEU-DET,rolled-in_scale,rolled-in_scale_154.jpg,4x4,4,4,8,NEQR,1024,statevector,12,4,8,132,92,64,"{""h"": 4, ""x"": 64, ""mcx"": 64}",0.0009322499972768,0.00096470900462,0.0,0.0002355000033276,0.0027663340006256,0.0,100.0,1.0
45fa0dd8,2026-09-22T00:01:32.962873,NEU-DET,rolled-in_scale,rolled-in_scale_155.jpg,4x4,4,4,8,FRQI,1024,statevector,5,4,1,1092,705,384,"{""h"": 132, ""x"": 64, ""cx"": 384, ""tdg"": 192, ""t"": 256, ""ry"": 64}",0.0009956669964594,0.0041523330000927,0.0,3.404199378564954e-05,0.006774082998163,1.5784921824197785e-30,100.0,0.9999999999999912
d63df081,2026-09-22T00:01:32.969667,NEU-DET,rolled-in_scale,rolled-in_scale_155.jpg,4x4,4,4,8,NEQR,1024,statevector,12,4,8,124,84,56,"{""h"": 4, ""x"": 64, ""mcx"": 56}",0.0007837080047465,0.0008987919864011,0.0,0.0002369160065427,0.0024102500028675,0.0,100.0,1.0
5fbc825b,2026-09-22T00:01:32.972612,NEU-DET,rolled-in_scale,rolled-in_scale_156.jpg,4x4,4,4,8,FRQI,1024,statevector,5,4,1,1092,705,384,"{""h"": 132, ""x"": 64, ""cx"": 384, ""tdg"": 192, ""t"": 256, ""ry"": 64}",0.0010447079985169,0.0042483330034883,0.0,3.237499913666397e-05,0.0070717500057071,9.386982548943388e-31,100.0,0.9999999999999574
ed6e0f8e,2026-09-22T00:01:32.979707,NEU-DET,rolled-in_scale,rolled-in_scale_156.jpg,4x4,4,4,8,NEQR,1024,statevector,12,4,8,127,87,59,"{""h"": 4, ""x"": 64, ""mcx"": 59}",0.000860250002006,0.0009500839951215,0.0,0.0002449159946991,0.0024972500104922,0.0,100.0,1.0
5ca20434,2026-09-22T00:01:32.982871,NEU-DET,rolled-in_scale,rolled-in_scale_157.jpg,4x4,4,4,8,FRQI,1024,statevector,5,4,1,1092,705,384,"{""h"": 132, ""x"": 64, ""cx"": 384, ""tdg"": 192, ""t"": 256, ""ry"": 64}",0.0011868329893331,0.0164387090044328,0.0,3.5792007111012936e-05,0.0192726669920375,1.5288031898545878e-30,100.0,0.9999999999999836
ae114910,2026-09-22T00:01:33.002172,NEU-DET,rolled-in_scale,rolled-in_scale_157.jpg,4x4,4,4,8,NEQR,1024,statevector,12,4,8,124,84,56,"{""h"": 4, ""x"": 64, ""mcx"": 56}",0.0008633750112494,0.0009453340026084,0.0,0.0002404590049991,0.0025770000065676,0.0,100.0,1.0
6182d993,2026-09-22T00:01:33.005292,NEU-DET,rolled-in_scale,rolled-in_scale_158.jpg,4x4,4,4,8,FRQI,1024,statevector,5,4,1,1092,705,384,"{""h"": 132, ""x"": 64, ""cx"": 384, ""tdg"": 192, ""t"": 256, ""ry"": 64}",0.0011638329888228,0.0043113749998155,0.0,3.416699473746121e-05,0.0071992500015767,1.5409365485042274e-30,100.0,0.9999999999999816
bab33580,2026-09-22T00:01:33.012516,NEU-DET,rolled-in_scale,rolled-in_scale_158.jpg,4x4,4,4,8,NEQR,1024,statevector,12,4,8,127,87,59,"{""h"": 4, ""x"": 64, ""mcx"": 59}",0.0008168750064214,0.0009565000073052,0.0,0.0002391669986536,0.0024986249918583,0.0,100.0,1.0
eb4b8a76,2026-09-22T00:01:33.015565,NEU-DET,rolled-in_scale,rolled-in_scale_159.jpg,4x4,4,4,8,FRQI,1024,statevector,5,4,1,1092,705,384,"{""h"": 132, ""x"": 64, ""cx"": 384, ""tdg"": 192, ""t"": 256, ""ry"": 64}",0.0010294590028934,0.0044234170054551,0.0,8.829099533613771e-05,0.0071934160077944,1.08487633767333e-30,100.0,0.9999999999999866
3b7eec41,2026-09-22T00:01:33.022782,NEU-DET,rolled-in_scale,rolled-in_scale_159.jpg,4x4,4,4,8,NEQR,1024,statevector,12,4,8,129,89,61,"{""h"": 4, ""x"": 64, ""mcx"": 61}",0.0009263749961974,0.0011560419952729,0.0,0.0002706250088522,0.0028827499918406,0.0,100.0,1.0
c25ce083,2026-09-22T00:01:33.027268,NEU-DET,rolled-in_scale,rolled-in_scale_16.jpg,4x4,4,4,8,FRQI,1024,statevector,5,4,1,1092,705,384,"{""h"": 132, ""x"": 64, ""cx"": 384, ""tdg"": 192, ""t"": 256, ""ry"": 64}",0.0011594170064199,0.0042015000071842,0.0,3.404199378564954e-05,0.0070481659931829,1.1578690825656062e-30,100.0,0.9999999999999712
ce3f5788,2026-09-22T00:01:33.034342,NEU-DET,rolled-in_scale,rolled-in_scale_16.jpg,4x4,4,4,8,NEQR,1024,statevector,12,4,8,125,85,57,"{""h"": 4, ""x"": 64, ""mcx"": 57}",0.0008029579912545,0.0009297910000896,0.0,0.0002384169929428,0.0025853330007521,0.0,100.0,1.0
9058c858,2026-09-22T00:01:33.037507,NEU-DET,rolled-in_scale,rolled-in_scale_160.jpg,4x4,4,4,8,FRQI,1024,statevector,5,4,1,1092,705,384,"{""h"": 132, ""x"": 64, ""cx"": 384, ""tdg"": 192, ""t"": 256, ""ry"": 64}",0.0010035419982159,0.0044403750071069,0.0,3.4249998861923814e-05,0.0070530840021092,1.2154543879027844e-30,100.0,1.0000000000000222
059b3c8f,2026-09-22T00:01:33.044584,NEU-DET,rolled-in_scale,rolled-in_scale_160.jpg,4x4,4,4,8,NEQR,1024,statevector,12,4,8,133,93,65,"{""h"": 4, ""x"": 64, ""mcx"": 65}",0.0009744589915499,0.0010072919976664,0.0,0.0002401670062681,0.0026935420028166,0.0,100.0,1.0
8b3d90db,2026-09-22T00:01:33.047922,NEU-DET,rolled-in_scale,rolled-in_scale_161.jpg,4x4,4,4,8,FRQI,1024,statevector,5,4,1,1092,705,384,"{""h"": 132, ""x"": 64, ""cx"": 384, ""tdg"": 192, ""t"": 256, ""ry"": 64}",0.0010920830100076,0.0042219169990858,0.0,3.125000512227416e-05,0.0069881660019746,1.3805065841367708e-30,100.0,0.9999999999999388
42c796e1,2026-09-22T00:01:33.054931,NEU-DET,rolled-in_scale,rolled-in_scale_161.jpg,4x4,4,4,8,NEQR,1024,statevector,12,4,8,119,79,51,"{""h"": 4, ""x"": 64, ""mcx"": 51}",0.0007147500000428,0.0008730419940548,0.0,0.0002507919998606,0.0022440419998019,0.0,100.0,1.0
dc1ba29b,2026-09-22T00:01:33.057711,NEU-DET,rolled-in_scale,rolled-in_scale_162.jpg,4x4,4,4,8,FRQI,1024,statevector,5,4,1,1092,705,384,"{""h"": 132, ""x"": 64, ""cx"": 384, ""tdg"": 192, ""t"": 256, ""ry"": 64}",0.0015035830001579,0.0042760409996844,0.0,3.5250006476417184e-05,0.0075015830079792,1.5440180364152472e-30,100.0,1.0000000000000082
c86c590e,2026-09-22T00:01:33.065234,NEU-DET,rolled-in_scale,rolled-in_scale_162.jpg,4x4,4,4,8,NEQR,1024,statevector,12,4,8,113,73,45,"{""h"": 4, ""x"": 64, ""mcx"": 45}",0.0007292500085895,0.0008849580044625,0.0,0.0002474159991834,0.0023094999924069,0.0,100.0,1.0
54d46668,2026-09-22T00:01:33.068127,NEU-DET,rolled-in_scale,rolled-in_scale_163.jpg,4x4,4,4,8,FRQI,1024,statevector,5,4,1,1092,705,384,"{""h"": 132, ""x"": 64, ""cx"": 384, ""tdg"": 192, ""t"": 256, ""ry"": 64}",0.0011513339995872,0.0043333749927114,0.0,4.012499994132668e-05,0.0072247909993166,1.305010130316791e-30,100.0,0.9999999999999808
d878c77f,2026-09-22T00:01:33.075380,NEU-DET,rolled-in_scale,rolled-in_scale_163.jpg,4x4,4,4,8,NEQR,1024,statevector,12,4,8,120,80,52,"{""h"": 4, ""x"": 64, ""mcx"": 52}",0.0009876250114757,0.0011047089938074,0.0,0.0002639589947648,0.0028349999920465,0.0,100.0,1.0
1689c649,2026-09-22T00:01:33.078741,NEU-DET,rolled-in_scale,rolled-in_scale_164.jpg,4x4,4,4,8,FRQI,1024,statevector,5,4,1,1092,705,384,"{""h"": 132, ""x"": 64, ""cx"": 384, ""tdg"": 192, ""t"": 256, ""ry"": 64}",0.0012074580008629,0.0046627080009784,0.0,4.0166996768675745e-05,0.0076645829976769,1.2730396932399627e-30,100.0,0.999999999999968
05e82e77,2026-09-22T00:01:33.086437,NEU-DET,rolled-in_scale,rolled-in_scale_164.jpg,4x4,4,4,8,NEQR,1024,statevector,12,4,8,128,88,60,"{""h"": 4, ""x"": 64, ""mcx"": 60}",0.001153625009465,0.0020027089922223,0.0,0.0005921660049352,0.004727166990051,0.0,100.0,1.0
36af1ce5,2026-09-22T00:01:33.091886,NEU-DET,rolled-in_scale,rolled-in_scale_165.jpg,4x4,4,4,8,FRQI,1024,statevector,5,4,1,1092,705,384,"{""h"": 132, ""x"": 64, ""cx"": 384, ""tdg"": 192, ""t"": 256, ""ry"": 64}",0.0011460840032668,0.0048649580130586,0.0,4.045799141749739e-05,0.0078111670009093,1.5709810556366685e-30,100.0,1.000000000000003
07dbd5cd,2026-09-22T00:01:33.099728,NEU-DET,rolled-in_scale,rolled-in_scale_165.jpg,4x4,4,4,8,NEQR,1024,statevector,12,4,8,127,87,59,"{""h"": 4, ""x"": 64, ""mcx"": 59}",0.0011439999943831,0.0010460420016897,0.0,0.0002589159994386,0.0030118750000838,0.0,100.0,1.0
9ab7d24d,2026-09-22T00:01:33.103306,NEU-DET,rolled-in_scale,rolled-in_scale_166.jpg,4x4,4,4,8,FRQI,1024,statevector,5,4,1,1092,705,384,"{""h"": 132, ""x"": 64, ""cx"": 384, ""tdg"": 192, ""t"": 256, ""ry"": 64}",0.0011354169982951,0.0045528749906225,0.0,3.516599826980382e-05,0.0074054169963346,1.0120761857754924e-30,100.0,0.9999999999999944
8fe88faa,2026-09-22T00:01:33.110733,NEU-DET,rolled-in_scale,rolled-in_scale_166.jpg,4x4,4,4,8,NEQR,1024,statevector,12,4,8,136,96,68,"{""h"": 4, ""x"": 64, ""mcx"": 68}",0.0009501250024186,0.0010550830047577,0.0,0.0002762919903034,0.0027770000015152,0.0,100.0,1.0
3cc13b45,2026-09-22T00:01:33.114043,NEU-DET,rolled-in_scale,rolled-in_scale_167.jpg,4x4,4,4,8,FRQI,1024,statevector,5,4,1,1092,705,384,"{""h"": 132, ""x"": 64, ""cx"": 384, ""tdg"": 192, ""t"": 256, ""ry"": 64}",0.0014941250119591,0.0048269589897245,0.0,3.579199255909771e-05,0.0082505830068839,1.6761368306002114e-30,100.0,0.9999999999999798
55daa7fc,2026-09-22T00:01:33.122320,NEU-DET,rolled-in_scale,rolled-in_scale_167.jpg,4x4,4,4,8,NEQR,1024,statevector,12,4,8,137,97,69,"{""h"": 4, ""x"": 64, ""mcx"": 69}",0.0009805419977055,0.0010388749942649,0.0,0.0002469169994583,0.0028153750026831,0.0,100.0,1.0
84b1cfe7,2026-09-22T00:01:33.125812,NEU-DET,rolled-in_scale,rolled-in_scale_168.jpg,4x4,4,4,8,FRQI,1024,statevector,5,4,1,1092,705,384,"{""h"": 132, ""x"": 64, ""cx"": 384, ""tdg"": 192, ""t"": 256, ""ry"": 64}",0.0011015000054612,0.0048063750000437,0.0,3.866699989885092e-05,0.0076159580057719,1.5985218538414058e-30,100.0,0.9999999999999944
79476c5c,2026-09-22T00:01:33.133461,NEU-DET,rolled-in_scale,rolled-in_scale_168.jpg,4x4,4,4,8,NEQR,1024,statevector,12,4,8,131,91,63,"{""h"": 4, ""x"": 64, ""mcx"": 63}",0.001058333000401,0.0010089580027852,0.0,0.0002435420028632,0.0028230829921085,0.0,100.0,1.0
11bf2f96,2026-09-22T00:01:33.136933,NEU-DET,rolled-in_scale,rolled-in_scale_169.jpg,4x4,4,4,8,FRQI,1024,statevector,5,4,1,1092,705,384,"{""h"": 132, ""x"": 64, ""cx"": 384, ""tdg"": 192, ""t"": 256, ""ry"": 64}",0.0010276250104652,0.00436633398931,0.0,3.3042000723071396e-05,0.0070737909991294,1.0448169948300756e-30,100.0,1.0000000000000369
1f599ba0,2026-09-22T00:01:33.144028,NEU-DET,rolled-in_scale,rolled-in_scale_169.jpg,4x4,4,4,8,NEQR,1024,statevector,12,4,8,129,89,61,"{""h"": 4, ""x"": 64, ""mcx"": 61}",0.0008364590030396,0.0009769169992068,0.0,0.000239666987909,0.0026797079917741,0.0,100.0,1.0
a18099cf,2026-09-22T00:01:33.147235,NEU-DET,rolled-in_scale,rolled-in_scale_17.jpg,4x4,4,4,8,FRQI,1024,statevector,5,4,1,1092,705,384,"{""h"": 132, ""x"": 64, ""cx"": 384, ""tdg"": 192, ""t"": 256, ""ry"": 64}",0.0010522910015424,0.0042150840017711,0.0,3.300000389572233e-05,0.0069236669951351,1.2564766957182328e-30,100.0,1.000000000000005
f91b2916,2026-09-22T00:01:33.154178,NEU-DET,rolled-in_scale,rolled-in_scale_17.jpg,4x4,4,4,8,NEQR,1024,statevector,12,4,8,127,87,59,"{""h"": 4, ""x"": 64, ""mcx"": 59}",0.0008085000008577,0.0009021250007208,0.0,0.0002399579971097,0.0023827499971957,0.0,100.0,1.0
2d9d6853,2026-09-22T00:01:33.157089,NEU-DET,rolled-in_scale,rolled-in_scale_170.jpg,4x4,4,4,8,FRQI,1024,statevector,5,4,1,1092,705,384,"{""h"": 132, ""x"": 64, ""cx"": 384, ""tdg"": 192, ""t"": 256, ""ry"": 64}",0.0012563330092234,0.0043471659882925,0.0,3.22920095641166e-05,0.0072558750107418,1.5261068879324457e-30,100.0,1.0000000000000313
466aabb9,2026-09-22T00:01:33.164363,NEU-DET,rolled-in_scale,rolled-in_scale_170.jpg,4x4,4,4,8,NEQR,1024,statevector,12,4,8,120,80,52,"{""h"": 4, ""x"": 64, ""mcx"": 52}",0.0007350829982897,0.0009113330015679,0.0,0.0002773750020423,0.0024458749976474,0.0,100.0,1.0
31083460,2026-09-22T00:01:33.167339,NEU-DET,rolled-in_scale,rolled-in_scale_171.jpg,4x4,4,4,8,FRQI,1024,statevector,5,4,1,1092,705,384,"{""h"": 132, ""x"": 64, ""cx"": 384, ""tdg"": 192, ""t"": 256, ""ry"": 64}",0.0010808750084834,0.0044957919890293,0.0,3.2790994737297297e-05,0.0072994579968508,9.577649613437724e-31,100.0,0.9999999999999948
bcb36317,2026-09-22T00:01:33.174658,NEU-DET,rolled-in_scale,rolled-in_scale_171.jpg,4x4,4,4,8,NEQR,1024,statevector,12,4,8,125,85,57,"{""h"": 4, ""x"": 64, ""mcx"": 57}",0.0008075830119196,0.0009371249907417,0.0,0.0002518749970477,0.0025333329977001,0.0,100.0,1.0
858e54d5,2026-09-22T00:01:33.177692,NEU-DET,rolled-in_scale,rolled-in_scale_172.jpg,4x4,4,4,8,FRQI,1024,statevector,5,4,1,1092,705,384,"{""h"": 132, ""x"": 64, ""cx"": 384, ""tdg"": 192, ""t"": 256, ""ry"": 64}",0.0010349579970352,0.0044377500016707,0.0,3.38749960064888e-05,0.0071962499932851,2.091367326610099e-30,100.0,1.0000000000000029
aa2c5a3f,2026-09-22T00:01:33.184911,NEU-DET,rolled-in_scale,rolled-in_scale_172.jpg,4x4,4,4,8,NEQR,1024,statevector,12,4,8,126,86,58,"{""h"": 4, ""x"": 64, ""mcx"": 58}",0.0008159170101862,0.0009418749978067,0.0,0.0002697079908102,0.0025403329927939,0.0,100.0,1.0
19ef693e,2026-09-22T00:01:33.188090,NEU-DET,rolled-in_scale,rolled-in_scale_173.jpg,4x4,4,4,8,FRQI,1024,statevector,5,4,1,1092,705,384,"{""h"": 132, ""x"": 64, ""cx"": 384, ""tdg"": 192, ""t"": 256, ""ry"": 64}",0.0010099170031026,0.0043989999976474,0.0,3.3125004847534e-05,0.0071054580039344,1.6389663826735377e-30,100.0,0.999999999999992
b7b293d7,2026-09-22T00:01:33.195213,NEU-DET,rolled-in_scale,rolled-in_scale_173.jpg,4x4,4,4,8,NEQR,1024,statevector,12,4,8,124,84,56,"{""h"": 4, ""x"": 64, ""mcx"": 56}",0.000798458000645,0.0010741250007413,0.0,0.0002802079980028,0.0029247500060591,0.0,100.0,1.0
cdc56f1e,2026-09-22T00:01:33.198794,NEU-DET,rolled-in_scale,rolled-in_scale_174.jpg,4x4,4,4,8,FRQI,1024,statevector,5,4,1,1092,705,384,"{""h"": 132, ""x"": 64, ""cx"": 384, ""tdg"": 192, ""t"": 256, ""ry"": 64}",0.0016923749935813,0.0047863340005278,0.0,3.9417005609720945e-05,0.0082936670078197,1.1522838857268832e-30,100.0,1.000000000000005
900a5b2a,2026-09-22T00:01:33.207113,NEU-DET,rolled-in_scale,rolled-in_scale_174.jpg,4x4,4,4,8,NEQR,1024,statevector,12,4,8,137,97,69,"{""h"": 4, ""x"": 64, ""mcx"": 69}",0.0010279590060235,0.0010423749918118,0.0,0.0002571670047473,0.0029129169997759,0.0,100.0,1.0
885adae1,2026-09-22T00:01:33.210908,NEU-DET,rolled-in_scale,rolled-in_scale_175.jpg,4x4,4,4,8,FRQI,1024,statevector,5,4,1,1092,705,384,"{""h"": 132, ""x"": 64, ""cx"": 384, ""tdg"": 192, ""t"": 256, ""ry"": 64}",0.0013602499966509,0.0043787080066977,0.0,3.404199378564954e-05,0.0075576249946607,1.7527888423868233e-30,100.0,1.0000000000000209
a78a42fc,2026-09-22T00:01:33.218492,NEU-DET,rolled-in_scale,rolled-in_scale_175.jpg,4x4,4,4,8,NEQR,1024,statevector,12,4,8,131,91,63,"{""h"": 4, ""x"": 64, ""mcx"": 63}",0.0008410830050706,0.000985041988315,0.0,0.0002692910056794,0.0025642499967943,0.0,100.0,1.0
aee6bdfb,2026-09-22T00:01:33.221584,NEU-DET,rolled-in_scale,rolled-in_scale_176.jpg,4x4,4,4,8,FRQI,1024,statevector,5,4,1,1092,705,384,"{""h"": 132, ""x"": 64, ""cx"": 384, ""tdg"": 192, ""t"": 256, ""ry"": 64}",0.0010427910019643,0.0043872090027434,0.0,3.1791991204954684e-05,0.007111500002793,1.763381457080953e-30,100.0,1.000000000000018
847c5007,2026-09-22T00:01:33.228716,NEU-DET,rolled-in_scale,rolled-in_scale_176.jpg,4x4,4,4,8,NEQR,1024,statevector,12,4,8,120,80,52,"{""h"": 4, ""x"": 64, ""mcx"": 52}",0.0007131669990485,0.0008974590018624,0.0,0.0002444579877192,0.002298207997228,0.0,100.0,1.0
6a45792c,2026-09-22T00:01:33.231615,NEU-DET,rolled-in_scale,rolled-in_scale_177.jpg,4x4,4,4,8,FRQI,1024,statevector,5,4,1,1092,705,384,"{""h"": 132, ""x"": 64, ""cx"": 384, ""tdg"": 192, ""t"": 256, ""ry"": 64}",0.0010229579929728,0.0041929580038413,0.0,3.0333001632243395e-05,0.0068491249985527,1.7394999257705514e-30,100.0,1.0000000000000364
493848e8,2026-09-22T00:01:33.238480,NEU-DET,rolled-in_scale,rolled-in_scale_177.jpg,4x4,4,4,8,NEQR,1024,statevector,12,4,8,123,83,55,"{""h"": 4, ""x"": 64, ""mcx"": 55}",0.0007426660013152,0.0008625420014141,0.0,0.000242915994022,0.0023156250099418,0.0,100.0,1.0
94a72a3d,2026-09-22T00:01:33.241309,NEU-DET,rolled-in_scale,rolled-in_scale_178.jpg,4x4,4,4,8,FRQI,1024,statevector,5,4,1,1092,705,384,"{""h"": 132, ""x"": 64, ""cx"": 384, ""tdg"": 192, ""t"": 256, ""ry"": 64}",0.0010335830011172,0.0042214580025756,0.0,2.962499274872243e-05,0.0068949580017942,1.3227286858051536e-30,100.0,0.9999999999999902
220e0994,2026-09-22T00:01:33.248218,NEU-DET,rolled-in_scale,rolled-in_scale_178.jpg,4x4,4,4,8,NEQR,1024,statevector,12,4,8,116,76,48,"{""h"": 4, ""x"": 64, ""mcx"": 48}",0.0009598329925211,0.0009117500012507,0.0,0.0002597499988041,0.0025901669869199,0.0,100.0,1.0
0a40a645,2026-09-22T00:01:33.251374,NEU-DET,rolled-in_scale,rolled-in_scale_179.jpg,4x4,4,4,8,FRQI,1024,statevector,5,4,1,1092,705,384,"{""h"": 132, ""x"": 64, ""cx"": 384, ""tdg"": 192, ""t"": 256, ""ry"": 64}",0.0011398329952498,0.0045078750117681,0.0,3.0333001632243395e-05,0.0073576249997131,1.305780502294546e-30,100.0,1.0000000000000313
f4bebeda,2026-09-22T00:01:33.258748,NEU-DET,rolled-in_scale,rolled-in_scale_179.jpg,4x4,4,4,8,NEQR,1024,statevector,12,4,8,121,81,53,"{""h"": 4, ""x"": 64, ""mcx"": 53}",0.0007785420020809,0.0009224590030498,0.0,0.0002553749945946,0.0023987089953152,0.0,100.0,1.0
58208a2c,2026-09-22T00:01:33.261660,NEU-DET,rolled-in_scale,rolled-in_scale_18.jpg,4x4,4,4,8,FRQI,1024,statevector,5,4,1,1092,705,384,"{""h"": 132, ""x"": 64, ""cx"": 384, ""tdg"": 192, ""t"": 256, ""ry"": 64}",0.0013113750028423,0.0044650829950114,0.0,3.483399632386863e-05,0.0074948749970644,1.5253365159546908e-30,100.0,1.0000000000000258
df0a9f28,2026-09-22T00:01:33.269175,NEU-DET,rolled-in_scale,rolled-in_scale_18.jpg,4x4,4,4,8,NEQR,1024,statevector,12,4,8,117,77,49,"{""h"": 4, ""x"": 64, ""mcx"": 49}",0.0008545419987058,0.0008985000022221,0.0,0.0002574579993961,0.0024527919886168,0.0,100.0,1.0
a29ed4c1,2026-09-22T00:01:33.272280,NEU-DET,rolled-in_scale,rolled-in_scale_180.jpg,4x4,4,4,8,FRQI,1024,statevector,5,4,1,1092,705,384,"{""h"": 132, ""x"": 64, ""cx"": 384, ""tdg"": 192, ""t"": 256, ""ry"": 64}",0.0011263749911449,0.0046800409909337,0.0,3.895799454767257e-05,0.0076229169935686,1.4698697335563384e-30,100.0,1.0000000000000149
76203bbf,2026-09-22T00:01:33.279935,NEU-DET,rolled-in_scale,rolled-in_scale_180.jpg,4x4,4,4,8,NEQR,1024,statevector,12,4,8,120,80,52,"{""h"": 4, ""x"": 64, ""mcx"": 52}",0.0008558330009691,0.0009178339969366,0.0,0.0002599169965833,0.0026249169895891,0.0,100.0,1.0
b759a500,2026-09-22T00:01:33.283178,NEU-DET,rolled-in_scale,rolled-in_scale_181.jpg,4x4,4,4,8,FRQI,1024,statevector,5,4,1,1092,705,384,"{""h"": 132, ""x"": 64, ""cx"": 384, ""tdg"": 192, ""t"": 256, ""ry"": 64}",0.0012086250062566,0.0046883339964551,0.0,3.9040998672135174e-05,0.0076398749952204,1.2766989601342986e-30,100.0,1.000000000000024
cc00f819,2026-09-22T00:01:33.290845,NEU-DET,rolled-in_scale,rolled-in_scale_181.jpg,4x4,4,4,8,NEQR,1024,statevector,12,4,8,134,94,66,"{""h"": 4, ""x"": 64, ""mcx"": 66}",0.0010085000103572,0.0012151249975431,0.0,0.0002565830072853,0.0030555839912267,0.0,100.0,1.0
7464ea70,2026-09-22T00:01:33.294511,NEU-DET,rolled-in_scale,rolled-in_scale_182.jpg,4x4,4,4,8,FRQI,1024,statevector,5,4,1,1092,705,384,"{""h"": 132, ""x"": 64, ""cx"": 384, ""tdg"": 192, ""t"": 256, ""ry"": 64}",0.0011850419978145,0.0045494590012822,0.0,3.662500239443034e-05,0.0074702499987324,1.3075138392444944e-30,100.0,0.9999999999999756
de1ab214,2026-09-22T00:01:33.302006,NEU-DET,rolled-in_scale,rolled-in_scale_182.jpg,4x4,4,4,8,NEQR,1024,statevector,12,4,8,125,85,57,"{""h"": 4, ""x"": 64, ""mcx"": 57}",0.0008211250096792,0.0009875839896267,0.0,0.0002547080075601,0.0025273749924963,0.0,100.0,1.0
2069f455,2026-09-22T00:01:33.305076,NEU-DET,rolled-in_scale,rolled-in_scale_183.jpg,4x4,4,4,8,FRQI,1024,statevector,5,4,1,1092,705,384,"{""h"": 132, ""x"": 64, ""cx"": 384, ""tdg"": 192, ""t"": 256, ""ry"": 64}",0.0010585840063868,0.0043587919935816,0.0,3.5959004890173674e-05,0.0071006249927449,1.5201365051048453e-30,100.0,1.0000000000000293
3d30187a,2026-09-22T00:01:33.312202,NEU-DET,rolled-in_scale,rolled-in_scale_183.jpg,4x4,4,4,8,NEQR,1024,statevector,12,4,8,122,82,54,"{""h"": 4, ""x"": 64, ""mcx"": 54}",0.0008092089992715,0.0009255409968318,0.0,0.0002435000060359,0.0025477499875705,0.0,100.0,1.0
3eda78bc,2026-09-22T00:01:33.315351,NEU-DET,rolled-in_scale,rolled-in_scale_184.jpg,4x4,4,4,8,FRQI,1024,statevector,5,4,1,1092,705,384,"{""h"": 132, ""x"": 64, ""cx"": 384, ""tdg"": 192, ""t"": 256, ""ry"": 64}",0.0010504579986445,0.0043139589979546,0.0,3.21669940603897e-05,0.0070635419979225,1.4619734207843507e-30,100.0,1.0000000000000144
04297551,2026-09-22T00:01:33.322435,NEU-DET,rolled-in_scale,rolled-in_scale_184.jpg,4x4,4,4,8,NEQR,1024,statevector,12,4,8,127,87,59,"{""h"": 4, ""x"": 64, ""mcx"": 59}",0.0008058749954216,0.0009458330023335,0.0,0.0002550420031184,0.0025129999994533,0.0,100.0,1.0
992cbb4d,2026-09-22T00:01:33.325468,NEU-DET,rolled-in_scale,rolled-in_scale_185.jpg,4x4,4,4,8,FRQI,1024,statevector,5,4,1,1092,705,384,"{""h"": 132, ""x"": 64, ""cx"": 384, ""tdg"": 192, ""t"": 256, ""ry"": 64}",0.001007833998301,0.0043894169939449,0.0,3.433399251662195e-05,0.0070429579936899,1.7660777590030953e-30,100.0,1.0000000000000089
82cb8285,2026-09-22T00:01:33.332535,NEU-DET,rolled-in_scale,rolled-in_scale_185.jpg,4x4,4,4,8,NEQR,1024,statevector,12,4,8,144,104,76,"{""h"": 4, ""x"": 64, ""mcx"": 76}",0.0012073749967385,0.0010543329990468,0.0,0.0002391250018263,0.0031161660008365,0.0,100.0,1.0
b10d7469,2026-09-22T00:01:33.336204,NEU-DET,rolled-in_scale,rolled-in_scale_186.jpg,4x4,4,4,8,FRQI,1024,statevector,5,4,1,1092,705,384,"{""h"": 132, ""x"": 64, ""cx"": 384, ""tdg"": 192, ""t"": 256, ""ry"": 64}",0.0010329170036129,0.004408291002619,0.0,3.529200330376625e-05,0.0070764999982202,1.3961066166863073e-30,100.0,0.9999999999999912
6bf296bb,2026-09-22T00:01:33.343301,NEU-DET,rolled-in_scale,rolled-in_scale_186.jpg,4x4,4,4,8,NEQR,1024,statevector,12,4,8,140,100,72,"{""h"": 4, ""x"": 64, ""mcx"": 72}",0.0009804169967537,0.0010481249919394,0.0,0.0002420419914415,0.0027437919925432,0.0,100.0,1.0
635d5e9b,2026-09-22T00:01:33.346674,NEU-DET,rolled-in_scale,rolled-in_scale_187.jpg,4x4,4,4,8,FRQI,1024,statevector,5,4,1,1092,705,384,"{""h"": 132, ""x"": 64, ""cx"": 384, ""tdg"": 192, ""t"": 256, ""ry"": 64}",0.001072707993444,0.0041827079985523,0.0,3.2167008612304926e-05,0.0068989169958513,1.5811884843419206e-30,100.0,1.0000000000000169
3182d760,2026-09-22T00:01:33.353592,NEU-DET,rolled-in_scale,rolled-in_scale_187.jpg,4x4,4,4,8,NEQR,1024,statevector,12,4,8,132,92,64,"{""h"": 4, ""x"": 64, ""mcx"": 64}",0.0008332090073963,0.0009265829867217,0.0,0.0002514169900678,0.0024686249962542,0.0,100.0,1.0
2608d779,2026-09-22T00:01:33.356584,NEU-DET,rolled-in_scale,rolled-in_scale_188.jpg,4x4,4,4,8,FRQI,1024,statevector,5,4,1,1092,705,384,"{""h"": 132, ""x"": 64, ""cx"": 384, ""tdg"": 192, ""t"": 256, ""ry"": 64}",0.001180834005936,0.0041649170016171,0.0,3.3333999454043806e-05,0.0070836250088177,1.5449810013874406e-30,100.0,1.0000000000000104
54395d3c,2026-09-22T00:01:33.363690,NEU-DET,rolled-in_scale,rolled-in_scale_188.jpg,4x4,4,4,8,NEQR,1024,statevector,12,4,8,128,88,60,"{""h"": 4, ""x"": 64, ""mcx"": 60}",0.0011376250040484,0.0010017910099122,0.0,0.0002423749974695,0.0028957079921383,0.0,100.0,1.0
4dd76d2c,2026-09-22T00:01:33.367148,NEU-DET,rolled-in_scale,rolled-in_scale_189.jpg,4x4,4,4,8,FRQI,1024,statevector,5,4,1,1092,705,384,"{""h"": 132, ""x"": 64, ""cx"": 384, ""tdg"": 192, ""t"": 256, ""ry"": 64}",0.0010617919906508,0.0042524170130491,0.0,3.079199814237654e-05,0.006960667000385,1.2998101194669457e-30,100.0,1.000000000000025
2470a1b0,2026-09-22T00:01:33.374128,NEU-DET,rolled-in_scale,rolled-in_scale_189.jpg,4x4,4,4,8,NEQR,1024,statevector,12,4,8,142,102,74,"{""h"": 4, ""x"": 64, ""mcx"": 74}",0.0011712080013239,0.0010301250003976,0.0,0.0002434159978292,0.0030657499883091,0.0,100.0,1.0
6ada7b14,2026-09-22T00:01:33.377901,NEU-DET,rolled-in_scale,rolled-in_scale_19.jpg,4x4,4,4,8,FRQI,1024,statevector,5,4,1,1092,705,384,"{""h"": 132, ""x"": 64, ""cx"": 384, ""tdg"": 192, ""t"": 256, ""ry"": 64}",0.0010637079976731,0.0042499159899307,0.0,3.1791001674719155e-05,0.0069397080078488,1.106446753050467e-30,100.0,0.9999999999999992
b48fe760,2026-09-22T00:01:33.384859,NEU-DET,rolled-in_scale,rolled-in_scale_19.jpg,4x4,4,4,8,NEQR,1024,statevector,12,4,8,129,89,61,"{""h"": 4, ""x"": 64, ""mcx"": 61}",0.0008910420001484,0.000931832997594,0.0,0.0002500420087017,0.0025068329996429,0.0,100.0,1.0
c9215d97,2026-09-22T00:01:33.387950,NEU-DET,rolled-in_scale,rolled-in_scale_190.jpg,4x4,4,4,8,FRQI,1024,statevector,5,4,1,1092,705,384,"{""h"": 132, ""x"": 64, ""cx"": 384, ""tdg"": 192, ""t"": 256, ""ry"": 64}",0.0010879579931497,0.0043797499965876,0.0,3.199999628122896e-05,0.0070837090024724,1.200432134336564e-30,100.0,1.0000000000000235
56194747,2026-09-22T00:01:33.395053,NEU-DET,rolled-in_scale,rolled-in_scale_190.jpg,4x4,4,4,8,NEQR,1024,statevector,12,4,8,142,102,74,"{""h"": 4, ""x"": 64, ""mcx"": 74}",0.0010853749990928,0.001072250001016,0.0,0.0002519999979995,0.0029965419962536,0.0,100.0,1.0
699f6c63,2026-09-22T00:01:33.398574,NEU-DET,rolled-in_scale,rolled-in_scale_191.jpg,4x4,4,4,8,FRQI,1024,statevector,5,4,1,1092,705,384,"{""h"": 132, ""x"": 64, ""cx"": 384, ""tdg"": 192, ""t"": 256, ""ry"": 64}",0.001099625005736,0.0041966250137193,0.0,3.024999750778079e-05,0.0069144169974606,1.4473363532070076e-30,100.0,1.0000000000000826
6284f363,2026-09-22T00:01:33.405506,NEU-DET,rolled-in_scale,rolled-in_scale_191.jpg,4x4,4,4,8,NEQR,1024,statevector,12,4,8,149,109,81,"{""h"": 4, ""x"": 64, ""mcx"": 81}",0.0010084169916808,0.0010662499989848,0.0,0.0002397910138824,0.0028782500012312,0.0,100.0,1.0
60129f6a,2026-09-22T00:01:33.408990,NEU-DET,rolled-in_scale,rolled-in_scale_192.jpg,4x4,4,4,8,FRQI,1024,statevector,5,4,1,1092,705,384,"{""h"": 132, ""x"": 64, ""cx"": 384, ""tdg"": 192, ""t"": 256, ""ry"": 64}",0.001089375000447,0.0041557079966878,0.0,2.9584000003524125e-05,0.0068619169906014,1.3192620119052566e-30,100.0,0.9999999999999964
3e8cd67d,2026-09-22T00:01:33.415870,NEU-DET,rolled-in_scale,rolled-in_scale_192.jpg,4x4,4,4,8,NEQR,1024,statevector,12,4,8,138,98,70,"{""h"": 4, ""x"": 64, ""mcx"": 70}",0.000942083002883,0.0010000409965869,0.0,0.0002471250045346,0.0026485410053282,0.0,100.0,1.0
4209457b,2026-09-22T00:01:33.419074,NEU-DET,rolled-in_scale,rolled-in_scale_193.jpg,4x4,4,4,8,FRQI,1024,statevector,5,4,1,1092,705,384,"{""h"": 132, ""x"": 64, ""cx"": 384, ""tdg"": 192, ""t"": 256, ""ry"": 64}",0.0011781670036725,0.0042117910052184,0.0,2.862501423805952e-05,0.0069571659987559,1.6383886036902215e-30,100.0,1.0000000000000333
22fe3736,2026-09-22T00:01:33.426048,NEU-DET,rolled-in_scale,rolled-in_scale_193.jpg,4x4,4,4,8,NEQR,1024,statevector,12,4,8,142,102,74,"{""h"": 4, ""x"": 64, ""mcx"": 74}",0.0009217920014634,0.0010175420029554,0.0,0.0002392080059507,0.0026845420070458,0.0,100.0,1.0
f8adc896,2026-09-22T00:01:33.429254,NEU-DET,rolled-in_scale,rolled-in_scale_194.jpg,4x4,4,4,8,FRQI,1024,statevector,5,4,1,1092,705,384,"{""h"": 132, ""x"": 64, ""cx"": 384, ""tdg"": 192, ""t"": 256, ""ry"": 64}",0.0010198329982813,0.0041914589965017,0.0,3.091701364610344e-05,0.0067977080034324,1.5561513950648866e-30,100.0,1.0000000000000084
8c4d9922,2026-09-22T00:01:33.436069,NEU-DET,rolled-in_scale,rolled-in_scale_194.jpg,4x4,4,4,8,NEQR,1024,statevector,12,4,8,147,107,79,"{""h"": 4, ""x"": 64, ""mcx"": 79}",0.0009977919980883,0.0010584160045254,0.0,0.0002436249924357,0.0027511249936651,0.0,100.0,1.0
685cd0e9,2026-09-22T00:01:33.439348,NEU-DET,rolled-in_scale,rolled-in_scale_195.jpg,4x4,4,4,8,FRQI,1024,statevector,5,4,1,1092,705,384,"{""h"": 132, ""x"": 64, ""cx"": 384, ""tdg"": 192, ""t"": 256, ""ry"": 64}",0.0015331250033341,0.0042197080038022,0.0,3.287498839199543e-05,0.007457166997483,1.6842257363666378e-30,100.0,1.0000000000000022
90a7767d,2026-09-22T00:01:33.446827,NEU-DET,rolled-in_scale,rolled-in_scale_195.jpg,4x4,4,4,8,NEQR,1024,statevector,12,4,8,127,87,59,"{""h"": 4, ""x"": 64, ""mcx"": 59}",0.0008144169987645,0.0009126250079134,0.0,0.0002422499965177,0.0024052500084508,0.0,100.0,1.0
74c33142,2026-09-22T00:01:33.449776,NEU-DET,rolled-in_scale,rolled-in_scale_196.jpg,4x4,4,4,8,FRQI,1024,statevector,5,4,1,1092,705,384,"{""h"": 132, ""x"": 64, ""cx"": 384, ""tdg"": 192, ""t"": 256, ""ry"": 64}",0.0010283329902449,0.0041923329990822,0.0,3.0915995012037456e-05,0.0068468329991446,1.5259142949380071e-30,100.0,0.9999999999999905
74e4d322,2026-09-22T00:01:33.456640,NEU-DET,rolled-in_scale,rolled-in_scale_196.jpg,4x4,4,4,8,NEQR,1024,statevector,12,4,8,130,90,62,"{""h"": 4, ""x"": 64, ""mcx"": 62}",0.0008807080012047,0.0009785419970285,0.0,0.0002377919881837,0.0025934169971151,0.0,100.0,1.0
3229f3a4,2026-09-22T00:01:33.459757,NEU-DET,rolled-in_scale,rolled-in_scale_197.jpg,4x4,4,4,8,FRQI,1024,statevector,5,4,1,1092,705,384,"{""h"": 132, ""x"": 64, ""cx"": 384, ""tdg"": 192, ""t"": 256, ""ry"": 64}",0.0009981249895645,0.0041839169862214,0.0,3.0333001632243395e-05,0.0068270839983597,1.5638551148424357e-30,100.0,1.0000000000000036
163b2fee,2026-09-22T00:01:33.466606,NEU-DET,rolled-in_scale,rolled-in_scale_197.jpg,4x4,4,4,8,NEQR,1024,statevector,12,4,8,136,96,68,"{""h"": 4, ""x"": 64, ""mcx"": 68}",0.0008824590040603,0.0009668749989941,0.0,0.0002511669881641,0.002621084000566,0.0,100.0,1.0
10637781,2026-09-22T00:01:33.469833,NEU-DET,rolled-in_scale,rolled-in_scale_198.jpg,4x4,4,4,8,FRQI,1024,statevector,5,4,1,1092,705,384,"{""h"": 132, ""x"": 64, ""cx"": 384, ""tdg"": 192, ""t"": 256, ""ry"": 64}",0.0010031669953605,0.0041774999990593,0.0,2.9999995604157448e-05,0.0067858330003218,1.633766371823692e-30,100.0,0.9999999999999982
269af353,2026-09-22T00:01:33.476638,NEU-DET,rolled-in_scale,rolled-in_scale_198.jpg,4x4,4,4,8,NEQR,1024,statevector,12,4,8,147,107,79,"{""h"": 4, ""x"": 64, ""mcx"": 79}",0.001011375003145,0.001010749998386,0.0,0.0002374160103499,0.0028040829929523,0.0,100.0,1.0
6242ea30,2026-09-22T00:01:33.479952,NEU-DET,rolled-in_scale,rolled-in_scale_199.jpg,4x4,4,4,8,FRQI,1024,statevector,5,4,1,1092,705,384,"{""h"": 132, ""x"": 64, ""cx"": 384, ""tdg"": 192, ""t"": 256, ""ry"": 64}",0.0010749579960247,0.0041187500028172,0.0,2.991700603161007e-05,0.0068051670095883,1.6064181666133934e-30,100.0,0.9999999999999596
e8afaf3a,2026-09-22T00:01:33.486773,NEU-DET,rolled-in_scale,rolled-in_scale_199.jpg,4x4,4,4,8,NEQR,1024,statevector,12,4,8,145,105,77,"{""h"": 4, ""x"": 64, ""mcx"": 77}",0.0011574999953154,0.0017706250073388,0.0,0.0003956660075346,0.0040798749978421,0.0,100.0,1.0
fa87e105,2026-09-22T00:01:33.491482,NEU-DET,rolled-in_scale,rolled-in_scale_2.jpg,4x4,4,4,8,FRQI,1024,statevector,5,4,1,1092,705,384,"{""h"": 132, ""x"": 64, ""cx"": 384, ""tdg"": 192, ""t"": 256, ""ry"": 64}",0.0011119169939775,0.0044522499956656,0.0,3.3249991247430444e-05,0.0072827499971026,1.6649664369227654e-30,100.0,1.0000000000000109
d238949d,2026-09-22T00:01:33.498785,NEU-DET,rolled-in_scale,rolled-in_scale_2.jpg,4x4,4,4,8,NEQR,1024,statevector,12,4,8,127,87,59,"{""h"": 4, ""x"": 64, ""mcx"": 59}",0.0008275419968413,0.0009658340131863,0.0,0.0002522499999031,0.0025286250020144,0.0,100.0,1.0
b3e870fe,2026-09-22T00:01:33.501825,NEU-DET,rolled-in_scale,rolled-in_scale_20.jpg,4x4,4,4,8,FRQI,1024,statevector,5,4,1,1092,705,384,"{""h"": 132, ""x"": 64, ""cx"": 384, ""tdg"": 192, ""t"": 256, ""ry"": 64}",0.0010887079988606,0.0045015000068815,0.0,3.341698902659118e-05,0.0072814580053091,1.1796320909371821e-30,100.0,1.000000000000047
01a22eb4,2026-09-22T00:01:33.509125,NEU-DET,rolled-in_scale,rolled-in_scale_20.jpg,4x4,4,4,8,NEQR,1024,statevector,12,4,8,123,83,55,"{""h"": 4, ""x"": 64, ""mcx"": 55}",0.0007919170020613,0.0009044159960467,0.0,0.0002921249979408,0.0024542920000385,0.0,100.0,1.0
4fde985f,2026-09-22T00:01:33.512078,NEU-DET,rolled-in_scale,rolled-in_scale_200.jpg,4x4,4,4,8,FRQI,1024,statevector,5,4,1,1092,705,384,"{""h"": 132, ""x"": 64, ""cx"": 384, ""tdg"": 192, ""t"": 256, ""ry"": 64}",0.0010194579954259,0.0046267919969977,0.0,3.325000579934567e-05,0.0073304170073242,1.4515733990846597e-30,100.0,0.9999999999999888
047bbb8b,2026-09-22T00:01:33.519425,NEU-DET,rolled-in_scale,rolled-in_scale_200.jpg,4x4,4,4,8,NEQR,1024,statevector,12,4,8,139,99,71,"{""h"": 4, ""x"": 64, ""mcx"": 71}",0.001033250009641,0.00106091699854,0.0,0.000258041996858,0.002829125005519,0.0,100.0,1.0
05cf3691,2026-09-22T00:01:33.522750,NEU-DET,rolled-in_scale,rolled-in_scale_201.jpg,4x4,4,4,8,FRQI,1024,statevector,5,4,1,1092,705,384,"{""h"": 132, ""x"": 64, ""cx"": 384, ""tdg"": 192, ""t"": 256, ""ry"": 64}",0.0009767500014277,0.0042819160007638,0.0,3.0458002584055063e-05,0.0068841250031255,1.6676627388449075e-30,100.0,1.0000000000000913
f1ce631f,2026-09-22T00:01:33.529648,NEU-DET,rolled-in_scale,rolled-in_scale_201.jpg,4x4,4,4,8,NEQR,1024,statevector,12,4,8,141,101,73,"{""h"": 4, ""x"": 64, ""mcx"": 73}",0.0010129170113941,0.0010212500055786,0.0,0.0002460830000927,0.002745000005234,0.0,100.0,1.0
ab0c914d,2026-09-22T00:01:33.533010,NEU-DET,rolled-in_scale,rolled-in_scale_202.jpg,4x4,4,4,8,FRQI,1024,statevector,5,4,1,1092,705,384,"{""h"": 132, ""x"": 64, ""cx"": 384, ""tdg"": 192, ""t"": 256, ""ry"": 64}",0.0010231250053038,0.0042567500058794,0.0,3.0041992431506515e-05,0.0069012500025564,2.2321528055448064e-30,100.0,1.0000000000000353
491e0497,2026-09-22T00:01:33.539926,NEU-DET,rolled-in_scale,rolled-in_scale_202.jpg,4x4,4,4,8,NEQR,1024,statevector,12,4,8,143,103,75,"{""h"": 4, ""x"": 64, ""mcx"": 75}",0.0009876249969238,0.0010073750017909,0.0,0.0002433749905321,0.002777582994895,0.0,100.0,1.0
f7f4eb86,2026-09-22T00:01:33.543319,NEU-DET,rolled-in_scale,rolled-in_scale_203.jpg,4x4,4,4,8,FRQI,1024,statevector,5,4,1,1092,705,384,"{""h"": 132, ""x"": 64, ""cx"": 384, ""tdg"": 192, ""t"": 256, ""ry"": 64}",0.0009783749992493,0.0041896250040736,0.0,3.0333001632243395e-05,0.0067807500017806,1.4336622506018584e-30,100.0,1.0000000000000129
0e7c4b13,2026-09-22T00:01:33.550116,NEU-DET,rolled-in_scale,rolled-in_scale_203.jpg,4x4,4,4,8,NEQR,1024,statevector,12,4,8,142,102,74,"{""h"": 4, ""x"": 64, ""mcx"": 74}",0.0009368339960929,0.0010041250061476,0.0,0.0002406249986961,0.0026815419987542,0.0,100.0,1.0
dace72a8,2026-09-22T00:01:33.553314,NEU-DET,rolled-in_scale,rolled-in_scale_204.jpg,4x4,4,4,8,FRQI,1024,statevector,5,4,1,1092,705,384,"{""h"": 132, ""x"": 64, ""cx"": 384, ""tdg"": 192, ""t"": 256, ""ry"": 64}",0.0011637089919531,0.0041855839954223,0.0,2.8624999686144292e-05,0.0069511250039795,1.624136722101756e-30,100.0,0.9999999999999688
71c62fc9,2026-09-22T00:01:33.560278,NEU-DET,rolled-in_scale,rolled-in_scale_204.jpg,4x4,4,4,8,NEQR,1024,statevector,12,4,8,145,105,77,"{""h"": 4, ""x"": 64, ""mcx"": 77}",0.0009584999934304,0.001081125010387,0.0,0.0002740829950198,0.0028028749948134,0.0,100.0,1.0
70c3cfea,2026-09-22T00:01:33.563573,NEU-DET,rolled-in_scale,rolled-in_scale_205.jpg,4x4,4,4,8,FRQI,1024,statevector,5,4,1,1092,705,384,"{""h"": 132, ""x"": 64, ""cx"": 384, ""tdg"": 192, ""t"": 256, ""ry"": 64}",0.0010100420040544,0.0041772499971557,0.0,2.8000009479001164e-05,0.0067915419931523,1.3737658293314152e-30,100.0,0.9999999999999958
a74b9f2e,2026-09-22T00:01:33.570378,NEU-DET,rolled-in_scale,rolled-in_scale_205.jpg,4x4,4,4,8,NEQR,1024,statevector,12,4,8,136,96,68,"{""h"": 4, ""x"": 64, ""mcx"": 68}",0.0008693330019013,0.0009244160028174,0.0,0.0002505410084268,0.0024905829923227,0.0,100.0,1.0
0cd7bb17,2026-09-22T00:01:33.573370,NEU-DET,rolled-in_scale,rolled-in_scale_206.jpg,4x4,4,4,8,FRQI,1024,statevector,5,4,1,1092,705,384,"{""h"": 132, ""x"": 64, ""cx"": 384, ""tdg"": 192, ""t"": 256, ""ry"": 64}",0.0011399579962017,0.0041377079905942,0.0,2.8750000637955964e-05,0.0068888329988112,1.5080031464552057e-30,100.0,0.9999999999999948
49c7c4c2,2026-09-22T00:01:33.580272,NEU-DET,rolled-in_scale,rolled-in_scale_206.jpg,4x4,4,4,8,NEQR,1024,statevector,12,4,8,134,94,66,"{""h"": 4, ""x"": 64, ""mcx"": 66}",0.0008527919999323,0.0010118330101249,0.0,0.000251916993875,0.0025802919990383,0.0,100.0,1.0
37c752b7,2026-09-22T00:01:33.583431,NEU-DET,rolled-in_scale,rolled-in_scale_207.jpg,4x4,4,4,8,FRQI,1024,statevector,5,4,1,1092,705,384,"{""h"": 132, ""x"": 64, ""cx"": 384, ""tdg"": 192, ""t"": 256, ""ry"": 64}",0.001064000010956,0.0042296669998904,0.0,3.129200194962323e-05,0.0069054159976076,9.862687245207037e-31,100.0,1.0000000000000164
135b36fe,2026-09-22T00:01:33.590355,NEU-DET,rolled-in_scale,rolled-in_scale_207.jpg,4x4,4,4,8,NEQR,1024,statevector,12,4,8,132,92,64,"{""h"": 4, ""x"": 64, ""mcx"": 64}",0.0008489999891025,0.0009598329925211,0.0,0.0002372499875491,0.0025043750065378,0.0,100.0,1.0
4a22ffab,2026-09-22T00:01:33.593436,NEU-DET,rolled-in_scale,rolled-in_scale_208.jpg,4x4,4,4,8,FRQI,1024,statevector,5,4,1,1092,705,384,"{""h"": 132, ""x"": 64, ""cx"": 384, ""tdg"": 192, ""t"": 256, ""ry"": 64}",0.0009960000024875,0.0045298339973669,0.0,3.458399442024529e-05,0.0071404589980375,1.2541655797849682e-30,100.0,0.9999999999999678
a7e022e5,2026-09-22T00:01:33.600595,NEU-DET,rolled-in_scale,rolled-in_scale_208.jpg,4x4,4,4,8,NEQR,1024,statevector,12,4,8,137,97,69,"{""h"": 4, ""x"": 64, ""mcx"": 69}",0.0010299999994458,0.0009905839979182,0.0,0.0002676670119399,0.0028443329938454,0.0,100.0,1.0
65177293,2026-09-22T00:01:33.603896,NEU-DET,rolled-in_scale,rolled-in_scale_209.jpg,4x4,4,4,8,FRQI,1024,statevector,5,4,1,1092,705,384,"{""h"": 132, ""x"": 64, ""cx"": 384, ""tdg"": 192, ""t"": 256, ""ry"": 64}",0.0010194159985985,0.0041988330049207,0.0,3.129099786747247e-05,0.0068584580003516,1.5840773792585015e-30,100.0,0.9999999999999925
2a09e595,2026-09-22T00:01:33.610776,NEU-DET,rolled-in_scale,rolled-in_scale_209.jpg,4x4,4,4,8,NEQR,1024,statevector,12,4,8,137,97,69,"{""h"": 4, ""x"": 64, ""mcx"": 69}",0.0009476669947616,0.000973750007688,0.0,0.0002707499952521,0.0026429999998072,0.0,100.0,1.0
b1c48fc4,2026-09-22T00:01:33.613924,NEU-DET,rolled-in_scale,rolled-in_scale_21.jpg,4x4,4,4,8,FRQI,1024,statevector,5,4,1,1092,705,384,"{""h"": 132, ""x"": 64, ""cx"": 384, ""tdg"": 192, ""t"": 256, ""ry"": 64}",0.0010284999880241,0.0041237080004066,0.0,2.8708003810606897e-05,0.0067630420089699,1.266684124423485e-30,100.0,1.0000000000000056
13f43d98,2026-09-22T00:01:33.620704,NEU-DET,rolled-in_scale,rolled-in_scale_21.jpg,4x4,4,4,8,NEQR,1024,statevector,12,4,8,119,79,51,"{""h"": 4, ""x"": 64, ""mcx"": 51}",0.0006934999983059,0.0008638330036774,0.0,0.0002431660104775,0.0023678330035181,0.0,100.0,1.0
d8296ada,2026-09-22T00:01:33.623495,NEU-DET,rolled-in_scale,rolled-in_scale_210.jpg,4x4,4,4,8,FRQI,1024,statevector,5,4,1,1092,705,384,"{""h"": 132, ""x"": 64, ""cx"": 384, ""tdg"": 192, ""t"": 256, ""ry"": 64}",0.0009854999952949,0.004204666998703,0.0,3.0750001315027475e-05,0.006798542002798,1.5738699505532491e-30,100.0,0.9999999999999758
edbe709a,2026-09-22T00:01:33.630314,NEU-DET,rolled-in_scale,rolled-in_scale_210.jpg,4x4,4,4,8,NEQR,1024,statevector,12,4,8,140,100,72,"{""h"": 4, ""x"": 64, ""mcx"": 72}",0.0009329580061603,0.0010357499995734,0.0,0.0002362500090384,0.0026768340030685,0.0,100.0,1.0
d3165dba,2026-09-22T00:01:33.633599,NEU-DET,rolled-in_scale,rolled-in_scale_211.jpg,4x4,4,4,8,FRQI,1024,statevector,5,4,1,1092,705,384,"{""h"": 132, ""x"": 64, ""cx"": 384, ""tdg"": 192, ""t"": 256, ""ry"": 64}",0.001028208003845,0.0042952910007443,0.0,3.1750008929520845e-05,0.0069415829930221,1.2391433262187475e-30,100.0,0.9999999999999694
4a72c2d1,2026-09-22T00:01:33.640564,NEU-DET,rolled-in_scale,rolled-in_scale_211.jpg,4x4,4,4,8,NEQR,1024,statevector,12,4,8,135,95,67,"{""h"": 4, ""x"": 64, ""mcx"": 67}",0.0009360830008517,0.001033416003338,0.0,0.0002434999914839,0.0027127079956699,0.0,100.0,1.0
0f978ddb,2026-09-22T00:01:33.643791,NEU-DET,rolled-in_scale,rolled-in_scale_212.jpg,4x4,4,4,8,FRQI,1024,statevector,5,4,1,1092,705,384,"{""h"": 132, ""x"": 64, ""cx"": 384, ""tdg"": 192, ""t"": 256, ""ry"": 64}",0.0010552909952821,0.0041931250016205,0.0,3.1916002626530826e-05,0.0068414999986998,1.1102986129392416e-30,100.0,0.9999999999999946
79e48a4e,2026-09-22T00:01:33.650651,NEU-DET,rolled-in_scale,rolled-in_scale_212.jpg,4x4,4,4,8,NEQR,1024,statevector,12,4,8,144,104,76,"{""h"": 4, ""x"": 64, ""mcx"": 76}",0.0009938750008586,0.0010276250104652,0.0,0.0002407089923508,0.0027555410051718,0.0,100.0,1.0
96086e32,2026-09-22T00:01:33.653947,NEU-DET,rolled-in_scale,rolled-in_scale_213.jpg,4x4,4,4,8,FRQI,1024,statevector,5,4,1,1092,705,384,"{""h"": 132, ""x"": 64, ""cx"": 384, ""tdg"": 192, ""t"": 256, ""ry"": 64}",0.0010482920042704,0.0042871249897871,0.0,3.383400326129049e-05,0.0072853750025387,1.7918852202578842e-30,100.0,1.000000000000063
714bd65a,2026-09-22T00:01:33.661254,NEU-DET,rolled-in_scale,rolled-in_scale_213.jpg,4x4,4,4,8,NEQR,1024,statevector,12,4,8,139,99,71,"{""h"": 4, ""x"": 64, ""mcx"": 71}",0.001022374999593,0.0010075000027427,0.0,0.000250541997957,0.0027897499967366,0.0,100.0,1.0
53ab938e,2026-09-22T00:01:33.664736,NEU-DET,rolled-in_scale,rolled-in_scale_214.jpg,4x4,4,4,8,FRQI,1024,statevector,5,4,1,1092,705,384,"{""h"": 132, ""x"": 64, ""cx"": 384, ""tdg"": 192, ""t"": 256, ""ry"": 64}",0.0010495419992366,0.0042785410041688,0.0,3.4666998544707894e-05,0.0070405829901574,1.7880333603691098e-30,100.0,0.9999999999999792
e3ff1b56,2026-09-22T00:01:33.671801,NEU-DET,rolled-in_scale,rolled-in_scale_214.jpg,4x4,4,4,8,NEQR,1024,statevector,12,4,8,132,92,64,"{""h"": 4, ""x"": 64, ""mcx"": 64}",0.0009515840065432,0.0009613330039428,0.0,0.0002568750060163,0.0026288749941159,0.0,100.0,1.0
940bbe8d,2026-09-22T00:01:33.675036,NEU-DET,rolled-in_scale,rolled-in_scale_215.jpg,4x4,4,4,8,FRQI,1024,statevector,5,4,1,1092,705,384,"{""h"": 132, ""x"": 64, ""cx"": 384, ""tdg"": 192, ""t"": 256, ""ry"": 64}",0.0010478750045876,0.004611541997292,0.0,3.2916999771259725e-05,0.0072975830116774,1.4758401163839388e-30,100.0,0.9999999999999836
9e100aa5,2026-09-22T00:01:33.682356,NEU-DET,rolled-in_scale,rolled-in_scale_215.jpg,4x4,4,4,8,NEQR,1024,statevector,12,4,8,146,106,78,"{""h"": 4, ""x"": 64, ""mcx"": 78}",0.0010292499937349,0.0010695829987525,0.0,0.000264458998572,0.002990500011947,0.0,100.0,1.0
17aaba85,2026-09-22T00:01:33.685912,NEU-DET,rolled-in_scale,rolled-in_scale_216.jpg,4x4,4,4,8,FRQI,1024,statevector,5,4,1,1092,705,384,"{""h"": 132, ""x"": 64, ""cx"": 384, ""tdg"": 192, ""t"": 256, ""ry"": 64}",0.0011885830026585,0.0042669999966165,0.0,3.2333002309314907e-05,0.0070888329937588,1.222772921691456e-30,100.0,1.0000000000000084
d18ae1f1,2026-09-22T00:01:33.693019,NEU-DET,rolled-in_scale,rolled-in_scale_216.jpg,4x4,4,4,8,NEQR,1024,statevector,12,4,8,145,105,77,"{""h"": 4, ""x"": 64, ""mcx"": 77}",0.0009962920012185,0.0013612080074381,0.0,0.0002712499990593,0.003218707992346,0.0,100.0,1.0
480235b2,2026-09-22T00:01:33.696795,NEU-DET,rolled-in_scale,rolled-in_scale_217.jpg,4x4,4,4,8,FRQI,1024,statevector,5,4,1,1092,705,384,"{""h"": 132, ""x"": 64, ""cx"": 384, ""tdg"": 192, ""t"": 256, ""ry"": 64}",0.0010169580054935,0.0047242919972632,0.0,3.5124990972690284e-05,0.0073929579957621,2.2891603318986685e-30,100.0,1.000000000000005
688aa1cd,2026-09-22T00:01:33.704207,NEU-DET,rolled-in_scale,rolled-in_scale_217.jpg,4x4,4,4,8,NEQR,1024,statevector,12,4,8,121,81,53,"{""h"": 4, ""x"": 64, ""mcx"": 53}",0.0008422919927397,0.0008803329983493,0.0,0.0002414579939795,0.002447958002449,0.0,100.0,1.0
edb58158,2026-09-22T00:01:33.707103,NEU-DET,rolled-in_scale,rolled-in_scale_218.jpg,4x4,4,4,8,FRQI,1024,statevector,5,4,1,1092,705,384,"{""h"": 132, ""x"": 64, ""cx"": 384, ""tdg"": 192, ""t"": 256, ""ry"": 64}",0.0012611250131158,0.0045195419952506,0.0,3.724999260157347e-05,0.0079042500001378,1.905515086976731e-30,100.0,1.000000000000017
880fec16,2026-09-22T00:01:33.715029,NEU-DET,rolled-in_scale,rolled-in_scale_218.jpg,4x4,4,4,8,NEQR,1024,statevector,12,4,8,131,91,63,"{""h"": 4, ""x"": 64, ""mcx"": 63}",0.0008664589986437,0.0009970419923774,0.0,0.0002526249882066,0.0025886669900501,0.0,100.0,1.0
0bc86736,2026-09-22T00:01:33.718114,NEU-DET,rolled-in_scale,rolled-in_scale_219.jpg,4x4,4,4,8,FRQI,1024,statevector,5,4,1,1092,705,384,"{""h"": 132, ""x"": 64, ""cx"": 384, ""tdg"": 192, ""t"": 256, ""ry"": 64}",0.0011242910113651,0.004510915998253,0.0,3.2957992516458035e-05,0.0073402499983785,1.5727143925866168e-30,100.0,1.0000000000000149
1a00c333,2026-09-22T00:01:33.725476,NEU-DET,rolled-in_scale,rolled-in_scale_219.jpg,4x4,4,4,8,NEQR,1024,statevector,12,4,8,130,90,62,"{""h"": 4, ""x"": 64, ""mcx"": 62}",0.0011589580099098,0.0010222080018138,0.0,0.0002552080113673,0.0029633749945787,0.0,100.0,1.0
377a9b2c,2026-09-22T00:01:33.729014,NEU-DET,rolled-in_scale,rolled-in_scale_22.jpg,4x4,4,4,8,FRQI,1024,statevector,5,4,1,1092,705,384,"{""h"": 132, ""x"": 64, ""cx"": 384, ""tdg"": 192, ""t"": 256, ""ry"": 64}",0.0010777919960673,0.0042975420074071,0.0,3.5416000173427165e-05,0.00705829099752,1.9694559611303874e-30,100.0,0.9999999999999468
f6f76dad,2026-09-22T00:01:33.736094,NEU-DET,rolled-in_scale,rolled-in_scale_22.jpg,4x4,4,4,8,NEQR,1024,statevector,12,4,8,145,105,77,"{""h"": 4, ""x"": 64, ""mcx"": 77}",0.0010801250027725,0.0011021249956684,0.0,0.0002576249971752,0.0029540419927798,0.0,100.0,1.0
9648982a,2026-09-22T00:01:33.739482,NEU-DET,rolled-in_scale,rolled-in_scale_220.jpg,4x4,4,4,8,FRQI,1024,statevector,5,4,1,1092,705,384,"{""h"": 132, ""x"": 64, ""cx"": 384, ""tdg"": 192, ""t"": 256, ""ry"": 64}",0.0011536670062923,0.0042856249929172,0.0,3.3042000723071396e-05,0.0072896250057965,2.3644641927242095e-30,100.0,0.9999999999999836
1abce076,2026-09-22T00:01:33.746792,NEU-DET,rolled-in_scale,rolled-in_scale_220.jpg,4x4,4,4,8,NEQR,1024,statevector,12,4,8,121,81,53,"{""h"": 4, ""x"": 64, ""mcx"": 53}",0.0008022080000955,0.0008963750005932,0.0,0.000276249993476,0.002541875001043,0.0,100.0,1.0
db0d9903,2026-09-22T00:01:33.749867,NEU-DET,rolled-in_scale,rolled-in_scale_221.jpg,4x4,4,4,8,FRQI,1024,statevector,5,4,1,1092,705,384,"{""h"": 132, ""x"": 64, ""cx"": 384, ""tdg"": 192, ""t"": 256, ""ry"": 64}",0.0010483329970156,0.0042564589966787,0.0,3.1042000045999885e-05,0.006965416992898,1.9479818422504697e-30,100.0,0.999999999999994
04552e1a,2026-09-22T00:01:33.756849,NEU-DET,rolled-in_scale,rolled-in_scale_221.jpg,4x4,4,4,8,NEQR,1024,statevector,12,4,8,118,78,50,"{""h"": 4, ""x"": 64, ""mcx"": 50}",0.0008259159949375,0.0009872500086203,0.0,0.0002589580108178,0.0026751249970402,0.0,100.0,1.0
b1e1e542,2026-09-22T00:01:33.760113,NEU-DET,rolled-in_scale,rolled-in_scale_222.jpg,4x4,4,4,8,FRQI,1024,statevector,5,4,1,1092,705,384,"{""h"": 132, ""x"": 64, ""cx"": 384, ""tdg"": 192, ""t"": 256, ""ry"": 64}",0.0012920000008307,0.0046724999992875,0.0,3.516700235195458e-05,0.0077344169985735,2.5135311704197815e-30,100.0,1.000000000000003
261ce429,2026-09-22T00:01:33.767868,NEU-DET,rolled-in_scale,rolled-in_scale_222.jpg,4x4,4,4,8,NEQR,1024,statevector,12,4,8,113,73,45,"{""h"": 4, ""x"": 64, ""mcx"": 45}",0.0006959579914109,0.0008815830078674,0.0,0.0002532920043449,0.0022962920047575,0.0,100.0,1.0
f2a32bde,2026-09-22T00:01:33.770582,NEU-DET,rolled-in_scale,rolled-in_scale_223.jpg,4x4,4,4,8,FRQI,1024,statevector,5,4,1,1092,705,384,"{""h"": 132, ""x"": 64, ""cx"": 384, ""tdg"": 192, ""t"": 256, ""ry"": 64}",0.0010419580066809,0.0042937910038745,0.0,3.0208000680431724e-05,0.0070202079950831,2.4262865439390397e-30,100.0,0.9999999999999982
ab70f2e1,2026-09-22T00:01:33.777620,NEU-DET,rolled-in_scale,rolled-in_scale_223.jpg,4x4,4,4,8,NEQR,1024,statevector,12,4,8,125,85,57,"{""h"": 4, ""x"": 64, ""mcx"": 57}",0.0008445830026175,0.0009077920112758,0.0,0.0002435000060359,0.0024187920062104,0.0,100.0,1.0
ad0d1a72,2026-09-22T00:01:33.780448,NEU-DET,rolled-in_scale,rolled-in_scale_224.jpg,4x4,4,4,8,FRQI,1024,statevector,5,4,1,1092,705,384,"{""h"": 132, ""x"": 64, ""cx"": 384, ""tdg"": 192, ""t"": 256, ""ry"": 64}",0.0009879169956548,0.0042219999886583,0.0,3.024999750778079e-05,0.0068876660079695,2.2683602884992864e-30,100.0,1.0000000000000124
6d09ae62,2026-09-22T00:01:33.787352,NEU-DET,rolled-in_scale,rolled-in_scale_224.jpg,4x4,4,4,8,NEQR,1024,statevector,12,4,8,130,90,62,"{""h"": 4, ""x"": 64, ""mcx"": 62}",0.0008886249997885,0.0009343749989056,0.0,0.0002590840012999,0.002586083006463,0.0,100.0,1.0
3a4ab6ab,2026-09-22T00:01:33.790436,NEU-DET,rolled-in_scale,rolled-in_scale_225.jpg,4x4,4,4,8,FRQI,1024,statevector,5,4,1,1092,705,384,"{""h"": 132, ""x"": 64, ""cx"": 384, ""tdg"": 192, ""t"": 256, ""ry"": 64}",0.0010784589976537,0.004209874998196,0.0,2.966700412798673e-05,0.006938499995158,2.4416939834941376e-30,100.0,0.9999999999999972
7633598e,2026-09-22T00:01:33.797390,NEU-DET,rolled-in_scale,rolled-in_scale_225.jpg,4x4,4,4,8,NEQR,1024,statevector,12,4,8,125,85,57,"{""h"": 4, ""x"": 64, ""mcx"": 57}",0.0007495830068364,0.0008845419943099,0.0,0.0002401250094408,0.002276332990732,0.0,100.0,1.0
7712a75f,2026-09-22T00:01:33.800094,NEU-DET,rolled-in_scale,rolled-in_scale_226.jpg,4x4,4,4,8,FRQI,1024,statevector,5,4,1,1092,705,384,"{""h"": 132, ""x"": 64, ""cx"": 384, ""tdg"": 192, ""t"": 256, ""ry"": 64}",0.0011409589933464,0.0044214169902261,0.0,3.1333998776972294e-05,0.0072775000007823,1.65976642607292e-30,100.0,0.9999999999999952
03f8895b,2026-09-22T00:01:33.807392,NEU-DET,rolled-in_scale,rolled-in_scale_226.jpg,4x4,4,4,8,NEQR,1024,statevector,12,4,8,123,83,55,"{""h"": 4, ""x"": 64, ""mcx"": 55}",0.0008214169938582,0.0009246249974239,0.0,0.0002398329961579,0.0024331669992534,0.0,100.0,1.0
830acde7,2026-09-22T00:01:33.810223,NEU-DET,rolled-in_scale,rolled-in_scale_227.jpg,4x4,4,4,8,FRQI,1024,statevector,5,4,1,1092,705,384,"{""h"": 132, ""x"": 64, ""cx"": 384, ""tdg"": 192, ""t"": 256, ""ry"": 64}",0.0010065419919556,0.0042088750051334,0.0,3.7999998312443495e-05,0.0068919159966753,1.7812926055637544e-30,100.0,0.9999999999999828
db09b722,2026-09-22T00:01:33.817131,NEU-DET,rolled-in_scale,rolled-in_scale_227.jpg,4x4,4,4,8,NEQR,1024,statevector,12,4,8,122,82,54,"{""h"": 4, ""x"": 64, ""mcx"": 54}",0.0007945839897729,0.0008694999996805,0.0,0.0002434170019114,0.0023550420009996,0.0,100.0,1.0
4dd9abed,2026-09-22T00:01:33.820010,NEU-DET,rolled-in_scale,rolled-in_scale_228.jpg,4x4,4,4,8,FRQI,1024,statevector,5,4,1,1092,705,384,"{""h"": 132, ""x"": 64, ""cx"": 384, ""tdg"": 192, ""t"": 256, ""ry"": 64}",0.0010456670133862,0.0042162080062553,0.0,2.8624999686144292e-05,0.0068619580124504,1.815766751568286e-30,100.0,1.0
fb0b919f,2026-09-22T00:01:33.826891,NEU-DET,rolled-in_scale,rolled-in_scale_228.jpg,4x4,4,4,8,NEQR,1024,statevector,12,4,8,125,85,57,"{""h"": 4, ""x"": 64, ""mcx"": 57}",0.000773667008616,0.0009332920017186,0.0,0.0002628749934956,0.0025602499954402,0.0,100.0,1.0
bd8ed53f,2026-09-22T00:01:33.829870,NEU-DET,rolled-in_scale,rolled-in_scale_229.jpg,4x4,4,4,8,FRQI,1024,statevector,5,4,1,1092,705,384,"{""h"": 132, ""x"": 64, ""cx"": 384, ""tdg"": 192, ""t"": 256, ""ry"": 64}",0.0009842919971561,0.0044989169982727,0.0,3.0916009563952684e-05,0.0071077080065151,1.80007042252153e-30,100.0,0.9999999999999968
a7fee4bd,2026-09-22T00:01:33.836998,NEU-DET,rolled-in_scale,rolled-in_scale_229.jpg,4x4,4,4,8,NEQR,1024,statevector,12,4,8,134,94,66,"{""h"": 4, ""x"": 64, ""mcx"": 66}",0.0008967499888967,0.0009839999984251,0.0,0.0002458749950164,0.0025925410009222,0.0,100.0,1.0
5d1cbf81,2026-09-22T00:01:33.840026,NEU-DET,rolled-in_scale,rolled-in_scale_23.jpg,4x4,4,4,8,FRQI,1024,statevector,5,4,1,1092,705,384,"{""h"": 132, ""x"": 64, ""cx"": 384, ""tdg"": 192, ""t"": 256, ""ry"": 64}",0.0010993340110871,0.0041309999942313,0.0,3.1167000997811556e-05,0.006851625003037,1.523025400021426e-30,100.0,1.000000000000009
497a9202,2026-09-22T00:01:33.846896,NEU-DET,rolled-in_scale,rolled-in_scale_23.jpg,4x4,4,4,8,NEQR,1024,statevector,12,4,8,120,80,52,"{""h"": 4, ""x"": 64, ""mcx"": 52}",0.0007692500075791,0.000854416997754,0.0,0.0002446670114295,0.0023018329957267,0.0,100.0,1.0
5d286db1,2026-09-22T00:01:33.849702,NEU-DET,rolled-in_scale,rolled-in_scale_230.jpg,4x4,4,4,8,FRQI,1024,statevector,5,4,1,1092,705,384,"{""h"": 132, ""x"": 64, ""cx"": 384, ""tdg"": 192, ""t"": 256, ""ry"": 64}",0.0010385000059613,0.0043655000044964,0.0,2.9582995921373367e-05,0.007014375005383,1.7229369282488212e-30,100.0,1.000000000000003
ebc935ab,2026-09-22T00:01:33.856736,NEU-DET,rolled-in_scale,rolled-in_scale_230.jpg,4x4,4,4,8,NEQR,1024,statevector,12,4,8,127,87,59,"{""h"": 4, ""x"": 64, ""mcx"": 59}",0.0008952919888542,0.0009674169996287,0.0,0.0002507500030333,0.0025773749948712,0.0,100.0,1.0
1f36690e,2026-09-22T00:01:33.859737,NEU-DET,rolled-in_scale,rolled-in_scale_231.jpg,4x4,4,4,8,FRQI,1024,statevector,5,4,1,1092,705,384,"{""h"": 132, ""x"": 64, ""cx"": 384, ""tdg"": 192, ""t"": 256, ""ry"": 64}",0.0010376249992987,0.0044198749965289,0.0,3.2500000088475645e-05,0.0071760410064598,2.219056481922973e-30,100.0,1.0000000000000258
ddae6d56,2026-09-22T00:01:33.866929,NEU-DET,rolled-in_scale,rolled-in_scale_231.jpg,4x4,4,4,8,NEQR,1024,statevector,12,4,8,121,81,53,"{""h"": 4, ""x"": 64, ""mcx"": 53}",0.0008281249902211,0.000918667006772,0.0,0.0002382499951636,0.0024594580027041,0.0,100.0,1.0
094ac90b,2026-09-22T00:01:33.869912,NEU-DET,rolled-in_scale,rolled-in_scale_232.jpg,4x4,4,4,8,FRQI,1024,statevector,5,4,1,1092,705,384,"{""h"": 132, ""x"": 64, ""cx"": 384, ""tdg"": 192, ""t"": 256, ""ry"": 64}",0.0010147080029128,0.0042439170065335,0.0,3.0291994335129857e-05,0.006907584000146,2.365427157696403e-30,100.0,1.0000000000000269
04923629,2026-09-22T00:01:33.876837,NEU-DET,rolled-in_scale,rolled-in_scale_232.jpg,4x4,4,4,8,NEQR,1024,statevector,12,4,8,116,76,48,"{""h"": 4, ""x"": 64, ""mcx"": 48}",0.0006769579922547,0.0009143749921349,0.0,0.0002483329881215,0.0022549999994225,0.0,100.0,1.0
31bf48bf,2026-09-22T00:01:33.879573,NEU-DET,rolled-in_scale,rolled-in_scale_233.jpg,4x4,4,4,8,FRQI,1024,statevector,5,4,1,1092,705,384,"{""h"": 132, ""x"": 64, ""cx"": 384, ""tdg"": 192, ""t"": 256, ""ry"": 64}",0.000982291996479,0.0042831250029848,0.0,3.066699719056487e-05,0.0068657499941764,2.1414415051641675e-30,100.0,0.9999999999999932
93cfdccb,2026-09-22T00:01:33.886454,NEU-DET,rolled-in_scale,rolled-in_scale_233.jpg,4x4,4,4,8,NEQR,1024,statevector,12,4,8,118,78,50,"{""h"": 4, ""x"": 64, ""mcx"": 50}",0.0006891669909236,0.0008494999929098,0.0,0.0002421249955659,0.0021832089987583,0.0,100.0,1.0
2208377f,2026-09-22T00:01:33.889135,NEU-DET,rolled-in_scale,rolled-in_scale_234.jpg,4x4,4,4,8,FRQI,1024,statevector,5,4,1,1092,705,384,"{""h"": 132, ""x"": 64, ""cx"": 384, ""tdg"": 192, ""t"": 256, ""ry"": 64}",0.0011855839984491,0.0041405000083614,0.0,3.1042000045999885e-05,0.0069223329919623,1.8935743213215303e-30,100.0,1.0
12f59270,2026-09-22T00:01:33.896079,NEU-DET,rolled-in_scale,rolled-in_scale_234.jpg,4x4,4,4,8,NEQR,1024,statevector,12,4,8,129,89,61,"{""h"": 4, ""x"": 64, ""mcx"": 61}",0.0008800000068731,0.0009390420018462,0.0,0.000241375004407,0.0025544579984853,0.0,100.0,1.0
3887e5a0,2026-09-22T00:01:33.899058,NEU-DET,rolled-in_scale,rolled-in_scale_235.jpg,4x4,4,4,8,FRQI,1024,statevector,5,4,1,1092,705,384,"{""h"": 132, ""x"": 64, ""cx"": 384, ""tdg"": 192, ""t"": 256, ""ry"": 64}",0.0010198340023634,0.0043818330013891,0.0,3.20410035783425e-05,0.0070075420080684,1.7017516988605616e-30,100.0,1.0000000000000075
3aa88702,2026-09-22T00:01:33.906083,NEU-DET,rolled-in_scale,rolled-in_scale_235.jpg,4x4,4,4,8,NEQR,1024,statevector,12,4,8,122,82,54,"{""h"": 4, ""x"": 64, ""mcx"": 54}",0.0008326670067617,0.0009430409991182,0.0,0.00023695800337,0.0024475420068483,0.0,100.0,1.0
6b311861,2026-09-22T00:01:33.908935,NEU-DET,rolled-in_scale,rolled-in_scale_236.jpg,4x4,4,4,8,FRQI,1024,statevector,5,4,1,1092,705,384,"{""h"": 132, ""x"": 64, ""cx"": 384, ""tdg"": 192, ""t"": 256, ""ry"": 64}",0.0009907499916153,0.0041911669977707,0.0,2.9625007300637662e-05,0.0067824580037267,2.0241523715509852e-30,100.0,1.0000000000000164
1bf26e31,2026-09-22T00:01:33.915735,NEU-DET,rolled-in_scale,rolled-in_scale_236.jpg,4x4,4,4,8,NEQR,1024,statevector,12,4,8,120,80,52,"{""h"": 4, ""x"": 64, ""mcx"": 52}",0.0007780000014463,0.0008403330139117,0.0,0.0002423749974695,0.0023629160132259,0.0,100.0,1.0
6ecbf923,2026-09-22T00:01:33.918599,NEU-DET,rolled-in_scale,rolled-in_scale_237.jpg,4x4,4,4,8,FRQI,1024,statevector,5,4,1,1092,705,384,"{""h"": 132, ""x"": 64, ""cx"": 384, ""tdg"": 192, ""t"": 256, ""ry"": 64}",0.0010104999964823,0.0041661249997559,0.0,2.9208007617853585e-05,0.006773459012038,2.400864268673128e-30,100.0,0.9999999999999896
8d9dd257,2026-09-22T00:01:33.925392,NEU-DET,rolled-in_scale,rolled-in_scale_237.jpg,4x4,4,4,8,NEQR,1024,statevector,12,4,8,118,78,50,"{""h"": 4, ""x"": 64, ""mcx"": 50}",0.0007009999972069,0.0008192920067813,0.0,0.0002397500065853,0.0021641670027747,0.0,100.0,1.0
7b3b2d66,2026-09-22T00:01:33.928021,NEU-DET,rolled-in_scale,rolled-in_scale_238.jpg,4x4,4,4,8,FRQI,1024,statevector,5,4,1,1092,705,384,"{""h"": 132, ""x"": 64, ""cx"": 384, ""tdg"": 192, ""t"": 256, ""ry"": 64}",0.0010802500037243,0.0041453339945292,0.0,3.066600766032934e-05,0.0068240410037105,2.0280042314397594e-30,100.0,1.0000000000000049
b112f112,2026-09-22T00:01:33.934865,NEU-DET,rolled-in_scale,rolled-in_scale_238.jpg,4x4,4,4,8,NEQR,1024,statevector,12,4,8,118,78,50,"{""h"": 4, ""x"": 64, ""mcx"": 50}",0.0007515839970437,0.0008141670114127,0.0,0.000238624998019,0.0022156670020194,0.0,100.0,1.0
06a566f1,2026-09-22T00:01:33.937487,NEU-DET,rolled-in_scale,rolled-in_scale_239.jpg,4x4,4,4,8,FRQI,1024,statevector,5,4,1,1092,705,384,"{""h"": 132, ""x"": 64, ""cx"": 384, ""tdg"": 192, ""t"": 256, ""ry"": 64}",0.0010217499948339,0.0041720409935805,0.0,3.22499981848523e-05,0.0067954580008517,2.6776204016815744e-30,100.0,0.9999999999999988
73f5d7b9,2026-09-22T00:01:33.944296,NEU-DET,rolled-in_scale,rolled-in_scale_239.jpg,4x4,4,4,8,NEQR,1024,statevector,12,4,8,121,81,53,"{""h"": 4, ""x"": 64, ""mcx"": 53}",0.0007960420043673,0.000863917011884,0.0,0.000245208007982,0.0023187920014606,0.0,100.0,1.0
e8c751f3,2026-09-22T00:01:33.947129,NEU-DET,rolled-in_scale,rolled-in_scale_24.jpg,4x4,4,4,8,FRQI,1024,statevector,5,4,1,1092,705,384,"{""h"": 132, ""x"": 64, ""cx"": 384, ""tdg"": 192, ""t"": 256, ""ry"": 64}",0.0010460830089868,0.004380708996905,0.0,3.258399374317378e-05,0.0072041669918689,1.7876481743802323e-30,100.0,1.0000000000000042
aa985074,2026-09-22T00:01:33.954352,NEU-DET,rolled-in_scale,rolled-in_scale_24.jpg,4x4,4,4,8,NEQR,1024,statevector,12,4,8,117,77,49,"{""h"": 4, ""x"": 64, ""mcx"": 49}",0.000718292008969,0.0009187499963445,0.0,0.0002538749977247,0.0023047080030664,0.0,100.0,1.0
234b27bf,2026-09-22T00:01:33.957112,NEU-DET,rolled-in_scale,rolled-in_scale_240.jpg,4x4,4,4,8,FRQI,1024,statevector,5,4,1,1092,705,384,"{""h"": 132, ""x"": 64, ""cx"": 384, ""tdg"": 192, ""t"": 256, ""ry"": 64}",0.0012340419925749,0.0043980419868603,0.0,3.083299088757485e-05,0.007337249990087,2.3642715997297707e-30,100.0,0.9999999999999796
36b26957,2026-09-22T00:01:33.964472,NEU-DET,rolled-in_scale,rolled-in_scale_240.jpg,4x4,4,4,8,NEQR,1024,statevector,12,4,8,114,74,46,"{""h"": 4, ""x"": 64, ""mcx"": 46}",0.0006659580103587,0.0008963750005932,0.0,0.0002556249964982,0.002253542013932,0.0,100.0,1.0
da2a2305,2026-09-22T00:01:33.967147,NEU-DET,rolled-in_scale,rolled-in_scale_25.jpg,4x4,4,4,8,FRQI,1024,statevector,5,4,1,1092,705,384,"{""h"": 132, ""x"": 64, ""cx"": 384, ""tdg"": 192, ""t"": 256, ""ry"": 64}",0.0011436659988248,0.004432750007254,0.0,3.520800964906812e-05,0.0073357079963898,1.5041512865664312e-30,100.0,0.999999999999992
ec384151,2026-09-22T00:01:33.974503,NEU-DET,rolled-in_scale,rolled-in_scale_25.jpg,4x4,4,4,8,NEQR,1024,statevector,12,4,8,129,89,61,"{""h"": 4, ""x"": 64, ""mcx"": 61}",0.0010864579962799,0.0011410410079406,0.0,0.0002554169914219,0.0030124589975457,0.0,100.0,1.0
12b2e748,2026-09-22T00:01:33.978075,NEU-DET,rolled-in_scale,rolled-in_scale_26.jpg,4x4,4,4,8,FRQI,1024,statevector,5,4,1,1092,705,384,"{""h"": 132, ""x"": 64, ""cx"": 384, ""tdg"": 192, ""t"": 256, ""ry"": 64}",0.0010721660073613,0.0044721250014845,0.0,3.3208008971996605e-05,0.0072472920001018,1.2980767825169971e-30,100.0,1.0000000000000098
76803df8,2026-09-22T00:01:33.985342,NEU-DET,rolled-in_scale,rolled-in_scale_26.jpg,4x4,4,4,8,NEQR,1024,statevector,12,4,8,139,99,71,"{""h"": 4, ""x"": 64, ""mcx"": 71}",0.0010325829935027,0.0010630000033415,0.0,0.0002561670116847,0.0028571659931913,0.0,100.0,1.0
bcb9e5a0,2026-09-22T00:01:33.988734,NEU-DET,rolled-in_scale,rolled-in_scale_27.jpg,4x4,4,4,8,FRQI,1024,statevector,5,4,1,1092,705,384,"{""h"": 132, ""x"": 64, ""cx"": 384, ""tdg"": 192, ""t"": 256, ""ry"": 64}",0.0010247919999528,0.0044003750081174,0.0,3.158301115036011e-05,0.0071679999964544,1.1686542902541749e-30,100.0,1.0000000000000164
409ac727,2026-09-22T00:01:33.995917,NEU-DET,rolled-in_scale,rolled-in_scale_27.jpg,4x4,4,4,8,NEQR,1024,statevector,12,4,8,128,88,60,"{""h"": 4, ""x"": 64, ""mcx"": 60}",0.0008769999985815,0.000959333992796,0.0,0.0002588750066934,0.0026142499991692,0.0,100.0,1.0
7045f4f6,2026-09-22T00:01:33.999091,NEU-DET,rolled-in_scale,rolled-in_scale_28.jpg,4x4,4,4,8,FRQI,1024,statevector,5,4,1,1092,705,384,"{""h"": 132, ""x"": 64, ""cx"": 384, ""tdg"": 192, ""t"": 256, ""ry"": 64}",0.0011198749998584,0.0043677920039044,0.0,3.3500007702969015e-05,0.0072549169999547,1.7009813268828067e-30,100.0,1.0000000000000002
a15a98c6,2026-09-22T00:01:34.006365,NEU-DET,rolled-in_scale,rolled-in_scale_28.jpg,4x4,4,4,8,NEQR,1024,statevector,12,4,8,136,96,68,"{""h"": 4, ""x"": 64, ""mcx"": 68}",0.0009602079953765,0.0011715000000549,0.0,0.0003467089991318,0.0030740420043002,0.0,100.0,1.0
43cf5edb,2026-09-22T00:01:34.010105,NEU-DET,rolled-in_scale,rolled-in_scale_29.jpg,4x4,4,4,8,FRQI,1024,statevector,5,4,1,1092,705,384,"{""h"": 132, ""x"": 64, ""cx"": 384, ""tdg"": 192, ""t"": 256, ""ry"": 64}",0.0010938750056084,0.004442541001481,0.0,3.441600711084902e-05,0.0073194580036215,1.27650636713986e-30,100.0,0.9999999999999802
9ba06b05,2026-09-22T00:01:34.017443,NEU-DET,rolled-in_scale,rolled-in_scale_29.jpg,4x4,4,4,8,NEQR,1024,statevector,12,4,8,134,94,66,"{""h"": 4, ""x"": 64, ""mcx"": 66}",0.0009169580007437,0.0010516659967834,0.0,0.0002562080044299,0.0027641249907901,0.0,100.0,1.0
069f3c8c,2026-09-22T00:01:34.020786,NEU-DET,rolled-in_scale,rolled-in_scale_3.jpg,4x4,4,4,8,FRQI,1024,statevector,5,4,1,1092,705,384,"{""h"": 132, ""x"": 64, ""cx"": 384, ""tdg"": 192, ""t"": 256, ""ry"": 64}",0.0011746669915737,0.0044400420010788,0.0,3.499999002087861e-05,0.0073197499878006,1.4960623808000048e-30,100.0,1.0000000000000169
f6403705,2026-09-22T00:01:34.028130,NEU-DET,rolled-in_scale,rolled-in_scale_3.jpg,4x4,4,4,8,NEQR,1024,statevector,12,4,8,123,83,55,"{""h"": 4, ""x"": 64, ""mcx"": 55}",0.0007716249965596,0.0009277500066673,0.0,0.0002543330047046,0.0023870000004535,0.0,100.0,1.0
39519261,2026-09-22T00:01:34.030968,NEU-DET,rolled-in_scale,rolled-in_scale_30.jpg,4x4,4,4,8,FRQI,1024,statevector,5,4,1,1092,705,384,"{""h"": 132, ""x"": 64, ""cx"": 384, ""tdg"": 192, ""t"": 256, ""ry"": 64}",0.0012027920020045,0.0043350420019123,0.0,3.12910124193877e-05,0.007262333005201,1.7811000125693157e-30,100.0,0.9999999999999808
36d621fd,2026-09-22T00:01:34.038248,NEU-DET,rolled-in_scale,rolled-in_scale_30.jpg,4x4,4,4,8,NEQR,1024,statevector,12,4,8,116,76,48,"{""h"": 4, ""x"": 64, ""mcx"": 48}",0.0006726669962517,0.0008539999980712,0.0,0.0002492079947842,0.0021739590010838,0.0,100.0,1.0
3628ae45,2026-09-22T00:01:34.040910,NEU-DET,rolled-in_scale,rolled-in_scale_31.jpg,4x4,4,4,8,FRQI,1024,statevector,5,4,1,1092,705,384,"{""h"": 132, ""x"": 64, ""cx"": 384, ""tdg"": 192, ""t"": 256, ""ry"": 64}",0.0010292919905623,0.0042100410064449,0.0,3.0458002584055063e-05,0.0068558749917428,1.9440336858644762e-30,100.0,1.0000000000000466
2c5b04b9,2026-09-22T00:01:34.047783,NEU-DET,rolled-in_scale,rolled-in_scale_31.jpg,4x4,4,4,8,NEQR,1024,statevector,12,4,8,123,83,55,"{""h"": 4, ""x"": 64, ""mcx"": 55}",0.0007731249934295,0.0009193329897243,0.0,0.0002474999928381,0.0027286659897072,0.0,100.0,1.0
5ae45b8d,2026-09-22T00:01:34.051049,NEU-DET,rolled-in_scale,rolled-in_scale_32.jpg,4x4,4,4,8,FRQI,1024,statevector,5,4,1,1092,705,384,"{""h"": 132, ""x"": 64, ""cx"": 384, ""tdg"": 192, ""t"": 256, ""ry"": 64}",0.0009837079996941,0.0041747499926714,0.0,3.083300543949008e-05,0.0067807500017806,1.3365953814047417e-30,100.0,0.9999999999999823
c9a92596,2026-09-22T00:01:34.057845,NEU-DET,rolled-in_scale,rolled-in_scale_32.jpg,4x4,4,4,8,NEQR,1024,statevector,12,4,8,127,87,59,"{""h"": 4, ""x"": 64, ""mcx"": 59}",0.000832875011838,0.0008899160020519,0.0,0.0002435829956084,0.002399916993454,0.0,100.0,1.0
1c5d61fe,2026-09-22T00:01:34.060827,NEU-DET,rolled-in_scale,rolled-in_scale_33.jpg,4x4,4,4,8,FRQI,1024,statevector,5,4,1,1092,705,384,"{""h"": 132, ""x"": 64, ""cx"": 384, ""tdg"": 192, ""t"": 256, ""ry"": 64}",0.001075000007404,0.0041278749995399,0.0,2.96669895760715e-05,0.0067869579943362,1.2079432611196743e-30,100.0,0.9999999999999732
b7902f80,2026-09-22T00:01:34.067630,NEU-DET,rolled-in_scale,rolled-in_scale_33.jpg,4x4,4,4,8,NEQR,1024,statevector,12,4,8,136,96,68,"{""h"": 4, ""x"": 64, ""mcx"": 68}",0.0008632920071249,0.000918833000469,0.0,0.0002429579908493,0.0024818329984555,0.0,100.0,1.0
7fe875b8,2026-09-22T00:01:34.070649,NEU-DET,rolled-in_scale,rolled-in_scale_34.jpg,4x4,4,4,8,FRQI,1024,statevector,5,4,1,1092,705,384,"{""h"": 132, ""x"": 64, ""cx"": 384, ""tdg"": 192, ""t"": 256, ""ry"": 64}",0.0010584159899735,0.004201916992315,0.0,3.0458002584055063e-05,0.006895541009726,1.0538688655686956e-30,100.0,1.0000000000000169
70a44802,2026-09-22T00:01:34.077562,NEU-DET,rolled-in_scale,rolled-in_scale_34.jpg,4x4,4,4,8,NEQR,1024,statevector,12,4,8,126,86,58,"{""h"": 4, ""x"": 64, ""mcx"": 58}",0.0007743749883957,0.0009317499934695,0.0,0.0002391659945715,0.0023605000023962,0.0,100.0,1.0
a29a8f79,2026-09-22T00:01:34.080339,NEU-DET,rolled-in_scale,rolled-in_scale_35.jpg,4x4,4,4,8,FRQI,1024,statevector,5,4,1,1092,705,384,"{""h"": 132, ""x"": 64, ""cx"": 384, ""tdg"": 192, ""t"": 256, ""ry"": 64}",0.0010142499959329,0.0041942919924622,0.0,2.925000444520265e-05,0.0068340830039232,1.3485361470599424e-30,100.0,0.9999999999999836
aa32b919,2026-09-22T00:01:34.087189,NEU-DET,rolled-in_scale,rolled-in_scale_35.jpg,4x4,4,4,8,NEQR,1024,statevector,12,4,8,130,90,62,"{""h"": 4, ""x"": 64, ""mcx"": 62}",0.0009963329939637,0.000910709000891,0.0,0.0002398329961579,0.0026237499987473,0.0,100.0,1.0
2d6edd76,2026-09-22T00:01:34.090300,NEU-DET,rolled-in_scale,rolled-in_scale_36.jpg,4x4,4,4,8,FRQI,1024,statevector,5,4,1,1092,705,384,"{""h"": 132, ""x"": 64, ""cx"": 384, ""tdg"": 192, ""t"": 256, ""ry"": 64}",0.0009843330044532,0.0041234579985029,0.0,2.7875008527189493e-05,0.0067363749985815,1.1759728240428462e-30,100.0,1.000000000000003
f0f1c47f,2026-09-22T00:01:34.097050,NEU-DET,rolled-in_scale,rolled-in_scale_36.jpg,4x4,4,4,8,NEQR,1024,statevector,12,4,8,124,84,56,"{""h"": 4, ""x"": 64, ""mcx"": 56}",0.0007492079894291,0.0008789999992586,0.0,0.0002451250038575,0.0024638750037411,0.0,100.0,1.0
926c9eea,2026-09-22T00:01:34.100018,NEU-DET,rolled-in_scale,rolled-in_scale_37.jpg,4x4,4,4,8,FRQI,1024,statevector,5,4,1,1092,705,384,"{""h"": 132, ""x"": 64, ""cx"": 384, ""tdg"": 192, ""t"": 256, ""ry"": 64}",0.0009734170016599,0.0041779579914873,0.0,2.912498894147575e-05,0.0067234169982839,1.5609662199258548e-30,100.0,1.0000000000000142
df22029e,2026-09-22T00:01:34.106759,NEU-DET,rolled-in_scale,rolled-in_scale_37.jpg,4x4,4,4,8,NEQR,1024,statevector,12,4,8,125,85,57,"{""h"": 4, ""x"": 64, ""mcx"": 57}",0.0007527089910581,0.000967333005974,0.0,0.000245499992161,0.002359999998589,0.0,100.0,1.0
380e21be,2026-09-22T00:01:34.109528,NEU-DET,rolled-in_scale,rolled-in_scale_38.jpg,4x4,4,4,8,FRQI,1024,statevector,5,4,1,1092,705,384,"{""h"": 132, ""x"": 64, ""cx"": 384, ""tdg"": 192, ""t"": 256, ""ry"": 64}",0.001035374996718,0.0042035829974338,0.0,3.212501178495586e-05,0.0068210839963285,1.1827135788482015e-30,100.0,0.9999999999999928
74b058db,2026-09-22T00:01:34.116369,NEU-DET,rolled-in_scale,rolled-in_scale_38.jpg,4x4,4,4,8,NEQR,1024,statevector,12,4,8,131,91,63,"{""h"": 4, ""x"": 64, ""mcx"": 63}",0.000923708998016,0.0010065829992527,0.0,0.0002437090006424,0.0026462500100024,0.0,100.0,1.0
6125e1ee,2026-09-22T00:01:34.119521,NEU-DET,rolled-in_scale,rolled-in_scale_39.jpg,4x4,4,4,8,FRQI,1024,statevector,5,4,1,1092,705,384,"{""h"": 132, ""x"": 64, ""cx"": 384, ""tdg"": 192, ""t"": 256, ""ry"": 64}",0.001042417003191,0.0046659579966217,0.0,3.341599949635565e-05,0.007379167000181,1.4949068228333725e-30,100.0,1.0000000000000349
7acd24d4,2026-09-22T00:01:34.126927,NEU-DET,rolled-in_scale,rolled-in_scale_39.jpg,4x4,4,4,8,NEQR,1024,statevector,12,4,8,129,89,61,"{""h"": 4, ""x"": 64, ""mcx"": 61}",0.0008606670016888,0.0009386250021634,0.0,0.0002384999970672,0.0025610830052755,0.0,100.0,1.0
146ea1fe,2026-09-22T00:01:34.130029,NEU-DET,rolled-in_scale,rolled-in_scale_4.jpg,4x4,4,4,8,FRQI,1024,statevector,5,4,1,1092,705,384,"{""h"": 132, ""x"": 64, ""cx"": 384, ""tdg"": 192, ""t"": 256, ""ry"": 64}",0.0010344159964006,0.0041521249950164,0.0,2.9458999051712453e-05,0.0067844170116586,1.3121360711110238e-30,100.0,1.0000000000000149
f9b96a05,2026-09-22T00:01:34.136831,NEU-DET,rolled-in_scale,rolled-in_scale_4.jpg,4x4,4,4,8,NEQR,1024,statevector,12,4,8,129,89,61,"{""h"": 4, ""x"": 64, ""mcx"": 61}",0.0008812500018393,0.0009366669983137,0.0,0.0002389579894952,0.0024887080071493,0.0,100.0,1.0
89a89c90,2026-09-22T00:01:34.139830,NEU-DET,rolled-in_scale,rolled-in_scale_40.jpg,4x4,4,4,8,FRQI,1024,statevector,5,4,1,1092,705,384,"{""h"": 132, ""x"": 64, ""cx"": 384, ""tdg"": 192, ""t"": 256, ""ry"": 64}",0.0009934999980032,0.0042116249969694,0.0,3.4334007068537176e-05,0.0068130840081721,2.0229968135843525e-30,100.0,0.9999999999999616
2144dbff,2026-09-22T00:01:34.146676,NEU-DET,rolled-in_scale,rolled-in_scale_40.jpg,4x4,4,4,8,NEQR,1024,statevector,12,4,8,118,78,50,"{""h"": 4, ""x"": 64, ""mcx"": 50}",0.0007223330030683,0.0008817079942673,0.0,0.0002411250025033,0.0022844170016469,0.0,100.0,1.0
4d381128,2026-09-22T00:01:34.149451,NEU-DET,rolled-in_scale,rolled-in_scale_41.jpg,4x4,4,4,8,FRQI,1024,statevector,5,4,1,1092,705,384,"{""h"": 132, ""x"": 64, ""cx"": 384, ""tdg"": 192, ""t"": 256, ""ry"": 64}",0.001087708005798,0.0040884579939302,0.0,2.995799877680838e-05,0.0067752500035567,1.4800771622615908e-30,100.0,1.000000000000015
94d6801a,2026-09-22T00:01:34.156243,NEU-DET,rolled-in_scale,rolled-in_scale_41.jpg,4x4,4,4,8,NEQR,1024,statevector,12,4,8,134,94,66,"{""h"": 4, ""x"": 64, ""mcx"": 66}",0.0008579589921282,0.0010144999978365,0.0,0.0002424170088488,0.0025846670032478,0.0,100.0,1.0
adeeecef,2026-09-22T00:01:34.159259,NEU-DET,rolled-in_scale,rolled-in_scale_42.jpg,4x4,4,4,8,FRQI,1024,statevector,5,4,1,1092,705,384,"{""h"": 132, ""x"": 64, ""cx"": 384, ""tdg"": 192, ""t"": 256, ""ry"": 64}",0.0011601250007515,0.0041425419913139,0.0,3.125000512227416e-05,0.0068898750032531,1.2948027016115388e-30,100.0,0.9999999999999942
b6db8283,2026-09-22T00:01:34.166168,NEU-DET,rolled-in_scale,rolled-in_scale_42.jpg,4x4,4,4,8,NEQR,1024,statevector,12,4,8,127,87,59,"{""h"": 4, ""x"": 64, ""mcx"": 59}",0.0008963339932961,0.0009262920066248,0.0,0.0002420829987386,0.0025632500037318,0.0,100.0,1.0
d72b3cfc,2026-09-22T00:01:34.169429,NEU-DET,rolled-in_scale,rolled-in_scale_43.jpg,4x4,4,4,8,FRQI,1024,statevector,5,4,1,1092,705,384,"{""h"": 132, ""x"": 64, ""cx"": 384, ""tdg"": 192, ""t"": 256, ""ry"": 64}",0.001024541008519,0.0042773750028572,0.0,3.0584007618017495e-05,0.0069182080042082,1.6503293693454224e-30,100.0,1.000000000000055
4e10ede7,2026-09-22T00:01:34.176368,NEU-DET,rolled-in_scale,rolled-in_scale_43.jpg,4x4,4,4,8,NEQR,1024,statevector,12,4,8,123,83,55,"{""h"": 4, ""x"": 64, ""mcx"": 55}",0.0007489169947803,0.0008855829946696,0.0,0.0002457090013194,0.002291041004355,0.0,100.0,1.0
11c6903e,2026-09-22T00:01:34.179163,NEU-DET,rolled-in_scale,rolled-in_scale_44.jpg,4x4,4,4,8,FRQI,1024,statevector,5,4,1,1092,705,384,"{""h"": 132, ""x"": 64, ""cx"": 384, ""tdg"": 192, ""t"": 256, ""ry"": 64}",0.0009882920130621,0.0041292499954579,0.0,3.012499655596912e-05,0.0067044580064248,1.574062543547688e-30,100.0,1.0000000000000078
408067fa,2026-09-22T00:01:34.185891,NEU-DET,rolled-in_scale,rolled-in_scale_44.jpg,4x4,4,4,8,NEQR,1024,statevector,12,4,8,124,84,56,"{""h"": 4, ""x"": 64, ""mcx"": 56}",0.0007664579898118,0.0008852920000208,0.0,0.0002367919951211,0.0024127079959725,0.0,100.0,1.0
b2cd5d4d,2026-09-22T00:01:34.188715,NEU-DET,rolled-in_scale,rolled-in_scale_45.jpg,4x4,4,4,8,FRQI,1024,statevector,5,4,1,1092,705,384,"{""h"": 132, ""x"": 64, ""cx"": 384, ""tdg"": 192, ""t"": 256, ""ry"": 64}",0.0009813750075409,0.0041572500049369,0.0,2.9499991796910763e-05,0.00670737499604,1.7454703085981522e-30,100.0,0.9999999999999948
9d472535,2026-09-22T00:01:34.195441,NEU-DET,rolled-in_scale,rolled-in_scale_45.jpg,4x4,4,4,8,NEQR,1024,statevector,12,4,8,128,88,60,"{""h"": 4, ""x"": 64, ""mcx"": 60}",0.0007898339972598,0.0009223750093951,0.0,0.0002409589942544,0.002406500003417,0.0,100.0,1.0
5855c79a,2026-09-22T00:01:34.198427,NEU-DET,rolled-in_scale,rolled-in_scale_46.jpg,4x4,4,4,8,FRQI,1024,statevector,5,4,1,1092,705,384,"{""h"": 132, ""x"": 64, ""cx"": 384, ""tdg"": 192, ""t"": 256, ""ry"": 64}",0.0011291249975329,0.0044292920065345,0.0,3.137500607408583e-05,0.0071581659867661,1.4577363749066988e-30,100.0,1.0000000000000095
68d4dcc7,2026-09-22T00:01:34.205604,NEU-DET,rolled-in_scale,rolled-in_scale_46.jpg,4x4,4,4,8,NEQR,1024,statevector,12,4,8,129,89,61,"{""h"": 4, ""x"": 64, ""mcx"": 61}",0.000829791999422,0.0009184579976135,0.0,0.0002376250049564,0.0024200830084737,0.0,100.0,1.0
29ac70ae,2026-09-22T00:01:34.208631,NEU-DET,rolled-in_scale,rolled-in_scale_47.jpg,4x4,4,4,8,FRQI,1024,statevector,5,4,1,1092,705,384,"{""h"": 132, ""x"": 64, ""cx"": 384, ""tdg"": 192, ""t"": 256, ""ry"": 64}",0.0010816249996423,0.004168125000433,0.0,2.950000634882599e-05,0.0068822080065729,1.840033468867565e-30,100.0,0.9999999999999464
aedb681b,2026-09-22T00:01:34.215530,NEU-DET,rolled-in_scale,rolled-in_scale_47.jpg,4x4,4,4,8,NEQR,1024,statevector,12,4,8,139,99,71,"{""h"": 4, ""x"": 64, ""mcx"": 71}",0.0009065409976756,0.0010078749910462,0.0,0.0002444999990984,0.0026066249993164,0.0,100.0,1.0
97b310bc,2026-09-22T00:01:34.218590,NEU-DET,rolled-in_scale,rolled-in_scale_48.jpg,4x4,4,4,8,FRQI,1024,statevector,5,4,1,1092,705,384,"{""h"": 132, ""x"": 64, ""cx"": 384, ""tdg"": 192, ""t"": 256, ""ry"": 64}",0.0009979580063372,0.0042959160055033,0.0,3.0082999728620052e-05,0.0069005000113975,1.3113656991332689e-30,100.0,0.9999999999999656
f5d3cc30,2026-09-22T00:01:34.225504,NEU-DET,rolled-in_scale,rolled-in_scale_48.jpg,4x4,4,4,8,NEQR,1024,statevector,12,4,8,140,100,72,"{""h"": 4, ""x"": 64, ""mcx"": 72}",0.0010267500038025,0.0010082079970743,0.0,0.000242750000325,0.0028506249946076,0.0,100.0,1.0
a39f0892,2026-09-22T00:01:34.228879,NEU-DET,rolled-in_scale,rolled-in_scale_49.jpg,4x4,4,4,8,FRQI,1024,statevector,5,4,1,1092,705,384,"{""h"": 132, ""x"": 64, ""cx"": 384, ""tdg"": 192, ""t"": 256, ""ry"": 64}",0.0011197919957339,0.0042083750013262,0.0,3.0334005714394152e-05,0.0069267079961718,1.8211593554125706e-30,100.0,1.000000000000036
eab6ceec,2026-09-22T00:01:34.235823,NEU-DET,rolled-in_scale,rolled-in_scale_49.jpg,4x4,4,4,8,NEQR,1024,statevector,12,4,8,138,98,70,"{""h"": 4, ""x"": 64, ""mcx"": 70}",0.0009660409996286,0.0009765410068212,0.0,0.0002632919931784,0.0026520829997025,0.0,100.0,1.0
bfd123d6,2026-09-22T00:01:34.238974,NEU-DET,rolled-in_scale,rolled-in_scale_5.jpg,4x4,4,4,8,FRQI,1024,statevector,5,4,1,1092,705,384,"{""h"": 132, ""x"": 64, ""cx"": 384, ""tdg"": 192, ""t"": 256, ""ry"": 64}",0.000980790995527,0.0041663750016596,0.0,3.13749915221706e-05,0.0067583749914774,1.4386696684572652e-30,100.0,1.0000000000000149
7676feae,2026-09-22T00:01:34.245751,NEU-DET,rolled-in_scale,rolled-in_scale_5.jpg,4x4,4,4,8,NEQR,1024,statevector,12,4,8,129,89,61,"{""h"": 4, ""x"": 64, ""mcx"": 61}",0.0008103330037556,0.0009861669968813,0.0,0.0002376250049564,0.0025517909962218,0.0,100.0,1.0
37c7fca4,2026-09-22T00:01:34.248870,NEU-DET,rolled-in_scale,rolled-in_scale_50.jpg,4x4,4,4,8,FRQI,1024,statevector,5,4,1,1092,705,384,"{""h"": 132, ""x"": 64, ""cx"": 384, ""tdg"": 192, ""t"": 256, ""ry"": 64}",0.0009820829873206,0.0041524580010445,0.0,2.9041999368928373e-05,0.00670829199953,1.1555579666323417e-30,100.0,0.9999999999999674
aad06dcf,2026-09-22T00:01:34.255597,NEU-DET,rolled-in_scale,rolled-in_scale_50.jpg,4x4,4,4,8,NEQR,1024,statevector,12,4,8,125,85,57,"{""h"": 4, ""x"": 64, ""mcx"": 57}",0.0008568330085836,0.0009083339973585,0.0,0.0002396250056335,0.0024820000107865,0.0,100.0,1.0
c473f316,2026-09-22T00:01:34.258489,NEU-DET,rolled-in_scale,rolled-in_scale_51.jpg,4x4,4,4,8,FRQI,1024,statevector,5,4,1,1092,705,384,"{""h"": 132, ""x"": 64, ""cx"": 384, ""tdg"": 192, ""t"": 256, ""ry"": 64}",0.0016361669986508,0.0045435420033754,0.0,3.358299727551639e-05,0.0088681660126894,1.3477657750821876e-30,100.0,0.9999999999999486
783b427e,2026-09-22T00:01:34.267375,NEU-DET,rolled-in_scale,rolled-in_scale_51.jpg,4x4,4,4,8,NEQR,1024,statevector,12,4,8,122,82,54,"{""h"": 4, ""x"": 64, ""mcx"": 54}",0.0007670420018257,0.0009250000002793,0.0,0.0002532079961383,0.0024355420027859,0.0,100.0,1.0
c3133bc0,2026-09-22T00:01:34.270243,NEU-DET,rolled-in_scale,rolled-in_scale_52.jpg,4x4,4,4,8,FRQI,1024,statevector,5,4,1,1092,705,384,"{""h"": 132, ""x"": 64, ""cx"": 384, ""tdg"": 192, ""t"": 256, ""ry"": 64}",0.0011296659940853,0.0044910830038134,0.0,3.312499029561877e-05,0.0072959579993039,1.4336622506018584e-30,100.0,0.999999999999984
28f949e5,2026-09-22T00:01:34.277560,NEU-DET,rolled-in_scale,rolled-in_scale_52.jpg,4x4,4,4,8,NEQR,1024,statevector,12,4,8,135,95,67,"{""h"": 4, ""x"": 64, ""mcx"": 67}",0.0009196250030072,0.0010283750016242,0.0,0.0002475410001352,0.0026739169989014,0.0,100.0,1.0
1542b853,2026-09-22T00:01:34.280739,NEU-DET,rolled-in_scale,rolled-in_scale_53.jpg,4x4,4,4,8,FRQI,1024,statevector,5,4,1,1092,705,384,"{""h"": 132, ""x"": 64, ""cx"": 384, ""tdg"": 192, ""t"": 256, ""ry"": 64}",0.0010269170015817,0.0044119579979451,0.0,3.433300298638642e-05,0.0073325830016983,1.3710695274092732e-30,100.0,1.0000000000000095
0b8f20d5,2026-09-22T00:01:34.288091,NEU-DET,rolled-in_scale,rolled-in_scale_53.jpg,4x4,4,4,8,NEQR,1024,statevector,12,4,8,134,94,66,"{""h"": 4, ""x"": 64, ""mcx"": 66}",0.0010493330046301,0.0009999580070143,0.0,0.000253165999311,0.0028462920017773,0.0,100.0,1.0
cbab66ea,2026-09-22T00:01:34.291359,NEU-DET,rolled-in_scale,rolled-in_scale_54.jpg,4x4,4,4,8,FRQI,1024,statevector,5,4,1,1092,705,384,"{""h"": 132, ""x"": 64, ""cx"": 384, ""tdg"": 192, ""t"": 256, ""ry"": 64}",0.0010552080057095,0.0043789579940494,0.0,3.341599949635565e-05,0.0072057920042425,1.836566794967668e-30,100.0,0.9999999999999956
16403731,2026-09-22T00:01:34.298584,NEU-DET,rolled-in_scale,rolled-in_scale_54.jpg,4x4,4,4,8,NEQR,1024,statevector,12,4,8,128,88,60,"{""h"": 4, ""x"": 64, ""mcx"": 60}",0.0008653749973746,0.0009534580021863,0.0,0.0002508750039851,0.0027205830119783,0.0,100.0,1.0
7a90e76c,2026-09-22T00:01:34.301828,NEU-DET,rolled-in_scale,rolled-in_scale_55.jpg,4x4,4,4,8,FRQI,1024,statevector,5,4,1,1092,705,384,"{""h"": 132, ""x"": 64, ""cx"": 384, ""tdg"": 192, ""t"": 256, ""ry"": 64}",0.0010410419927211,0.0043503749911906,0.0,3.11659969156608e-05,0.0070881669962545,1.2949952946059774e-30,100.0,0.9999999999999324
06743706,2026-09-22T00:01:34.308934,NEU-DET,rolled-in_scale,rolled-in_scale_55.jpg,4x4,4,4,8,NEQR,1024,statevector,12,4,8,115,75,47,"{""h"": 4, ""x"": 64, ""mcx"": 47}",0.0006829580088378,0.0008425410051131,0.0,0.0002579169959062,0.0021911250078119,0.0,100.0,1.0
17b0f996,2026-09-22T00:01:34.311607,NEU-DET,rolled-in_scale,rolled-in_scale_56.jpg,4x4,4,4,8,FRQI,1024,statevector,5,4,1,1092,705,384,"{""h"": 132, ""x"": 64, ""cx"": 384, ""tdg"": 192, ""t"": 256, ""ry"": 64}",0.0010809170053107,0.0042758750059874,0.0,2.9874994652345777e-05,0.0070150419924175,1.270150798323382e-30,100.0,0.9999999999999964
700ef54f,2026-09-22T00:01:34.318640,NEU-DET,rolled-in_scale,rolled-in_scale_56.jpg,4x4,4,4,8,NEQR,1024,statevector,12,4,8,128,88,60,"{""h"": 4, ""x"": 64, ""mcx"": 60}",0.0007967080018715,0.0009385409939568,0.0,0.0002467919985065,0.0024210420087911,0.0,100.0,1.0
f7394e39,2026-09-22T00:01:34.321623,NEU-DET,rolled-in_scale,rolled-in_scale_57.jpg,4x4,4,4,8,FRQI,1024,statevector,5,4,1,1092,705,384,"{""h"": 132, ""x"": 64, ""cx"": 384, ""tdg"": 192, ""t"": 256, ""ry"": 64}",0.0010592920007184,0.0043074999994132,0.0,3.179200575686991e-05,0.0069901670067338,1.9030113780490277e-30,100.0,1.000000000000017
90fc24b4,2026-09-22T00:01:34.328632,NEU-DET,rolled-in_scale,rolled-in_scale_57.jpg,4x4,4,4,8,NEQR,1024,statevector,12,4,8,123,83,55,"{""h"": 4, ""x"": 64, ""mcx"": 55}",0.0007602499972563,0.0009172080026473,0.0,0.0002426249993732,0.0023350419942289,0.0,100.0,1.0
772bd970,2026-09-22T00:01:34.331470,NEU-DET,rolled-in_scale,rolled-in_scale_58.jpg,4x4,4,4,8,FRQI,1024,statevector,5,4,1,1092,705,384,"{""h"": 132, ""x"": 64, ""cx"": 384, ""tdg"": 192, ""t"": 256, ""ry"": 64}",0.0010194999922532,0.00420574999589,0.0,2.97920050797984e-05,0.006838790999609,1.1960024954644736e-30,100.0,0.9999999999999918
71200bd4,2026-09-22T00:01:34.338325,NEU-DET,rolled-in_scale,rolled-in_scale_58.jpg,4x4,4,4,8,NEQR,1024,statevector,12,4,8,127,87,59,"{""h"": 4, ""x"": 64, ""mcx"": 59}",0.0007725420000497,0.0008905829890863,0.0,0.000237833999563,0.0023903749970486,0.0,100.0,1.0
243cf744,2026-09-22T00:01:34.341245,NEU-DET,rolled-in_scale,rolled-in_scale_59.jpg,4x4,4,4,8,FRQI,1024,statevector,5,4,1,1092,705,384,"{""h"": 132, ""x"": 64, ""cx"": 384, ""tdg"": 192, ""t"": 256, ""ry"": 64}",0.0009769589960342,0.0041546249995008,0.0,3.129099786747247e-05,0.0067550419917097,1.0407725419468624e-30,100.0,0.9999999999999928
a57b6853,2026-09-22T00:01:34.348018,NEU-DET,rolled-in_scale,rolled-in_scale_59.jpg,4x4,4,4,8,NEQR,1024,statevector,12,4,8,134,94,66,"{""h"": 4, ""x"": 64, ""mcx"": 66}",0.0008705829968675,0.0009519160084892,0.0,0.0002578749990789,0.0025755419919732,0.0,100.0,1.0
46e9ae3d,2026-09-22T00:01:34.351093,NEU-DET,rolled-in_scale,rolled-in_scale_6.jpg,4x4,4,4,8,FRQI,1024,statevector,5,4,1,1092,705,384,"{""h"": 132, ""x"": 64, ""cx"": 384, ""tdg"": 192, ""t"": 256, ""ry"": 64}",0.001035542009049,0.0041957499925047,0.0,2.9625007300637662e-05,0.0068367919884622,1.1528616647101994e-30,100.0,1.0000000000000155
0765abb1,2026-09-22T00:01:34.357948,NEU-DET,rolled-in_scale,rolled-in_scale_6.jpg,4x4,4,4,8,NEQR,1024,statevector,12,4,8,131,91,63,"{""h"": 4, ""x"": 64, ""mcx"": 63}",0.0009096249996218,0.0009197920007864,0.0,0.0002387919957982,0.0025145840045297,0.0,100.0,1.0
1f11570f,2026-09-22T00:01:34.361087,NEU-DET,rolled-in_scale,rolled-in_scale_60.jpg,4x4,4,4,8,FRQI,1024,statevector,5,4,1,1092,705,384,"{""h"": 132, ""x"": 64, ""cx"": 384, ""tdg"": 192, ""t"": 256, ""ry"": 64}",0.0011639169970294,0.0044679169950541,0.0,3.112498961854726e-05,0.0072071250033332,1.4552326659789954e-30,100.0,0.9999999999999746
03a340ce,2026-09-22T00:01:34.368313,NEU-DET,rolled-in_scale,rolled-in_scale_60.jpg,4x4,4,4,8,NEQR,1024,statevector,12,4,8,125,85,57,"{""h"": 4, ""x"": 64, ""mcx"": 57}",0.0007680830021854,0.0009072499960893,0.0,0.0002404590049991,0.0023340830084634,0.0,100.0,1.0
c7dd1fcf,2026-09-22T00:01:34.371152,NEU-DET,rolled-in_scale,rolled-in_scale_61.jpg,4x4,4,4,8,FRQI,1024,statevector,5,4,1,1092,705,384,"{""h"": 132, ""x"": 64, ""cx"": 384, ""tdg"": 192, ""t"": 256, ""ry"": 64}",0.0009951669926522,0.0042961669969372,0.0,2.866699651349336e-05,0.006937750003999,1.3171434889664306e-30,100.0,0.9999999999999653
aa702064,2026-09-22T00:01:34.378105,NEU-DET,rolled-in_scale,rolled-in_scale_61.jpg,4x4,4,4,8,NEQR,1024,statevector,12,4,8,122,82,54,"{""h"": 4, ""x"": 64, ""mcx"": 54}",0.0007303750026039,0.0008538750116713,0.0,0.0002375840122113,0.0022118750057416,0.0,100.0,1.0
7ab2d198,2026-09-22T00:01:34.380878,NEU-DET,rolled-in_scale,rolled-in_scale_62.jpg,4x4,4,4,8,FRQI,1024,statevector,5,4,1,1092,705,384,"{""h"": 132, ""x"": 64, ""cx"": 384, ""tdg"": 192, ""t"": 256, ""ry"": 64}",0.0010375419951742,0.0041313750116387,0.0,2.8833004762418568e-05,0.0067642080102814,1.589277390108347e-30,100.0,0.9999999999999936
27ffcfa3,2026-09-22T00:01:34.387658,NEU-DET,rolled-in_scale,rolled-in_scale_62.jpg,4x4,4,4,8,NEQR,1024,statevector,12,4,8,124,84,56,"{""h"": 4, ""x"": 64, ""mcx"": 56}",0.0007354999979725,0.0009012499940581,0.0,0.0002524159936001,0.0023733339912723,0.0,100.0,1.0
7d25d122,2026-09-22T00:01:34.390636,NEU-DET,rolled-in_scale,rolled-in_scale_63.jpg,4x4,4,4,8,FRQI,1024,statevector,5,4,1,1092,705,384,"{""h"": 132, ""x"": 64, ""cx"": 384, ""tdg"": 192, ""t"": 256, ""ry"": 64}",0.0010041249915957,0.0041245840111514,0.0,3.079100861214101e-05,0.0067633340077009,1.2657211594512914e-30,100.0,0.9999999999999992
d2c2c462,2026-09-22T00:01:34.397418,NEU-DET,rolled-in_scale,rolled-in_scale_63.jpg,4x4,4,4,8,NEQR,1024,statevector,12,4,8,132,92,64,"{""h"": 4, ""x"": 64, ""mcx"": 64}",0.0008567080076318,0.0009707910066936,0.0,0.0002404590049991,0.0025030420074472,0.0,100.0,1.0
00b2e72b,2026-09-22T00:01:34.400329,NEU-DET,rolled-in_scale,rolled-in_scale_64.jpg,4x4,4,4,8,FRQI,1024,statevector,5,4,1,1092,705,384,"{""h"": 132, ""x"": 64, ""cx"": 384, ""tdg"": 192, ""t"": 256, ""ry"": 64}",0.0010275830136379,0.0041240829887101,0.0,3.241701051592827e-05,0.00674287500442,1.311943478116585e-30,100.0,0.999999999999989
fb90dc96,2026-09-22T00:01:34.407091,NEU-DET,rolled-in_scale,rolled-in_scale_64.jpg,4x4,4,4,8,NEQR,1024,statevector,12,4,8,134,94,66,"{""h"": 4, ""x"": 64, ""mcx"": 66}",0.0008709169924259,0.0009384589939145,0.0,0.0002367089909967,0.0025172919995384,0.0,100.0,1.0
539ddc10,2026-09-22T00:01:34.410115,NEU-DET,rolled-in_scale,rolled-in_scale_65.jpg,4x4,4,4,8,FRQI,1024,statevector,5,4,1,1092,705,384,"{""h"": 132, ""x"": 64, ""cx"": 384, ""tdg"": 192, ""t"": 256, ""ry"": 64}",0.0010333749960409,0.0041827090026345,0.0,2.8416994609870017e-05,0.0067770829919027,1.4529215500457307e-30,100.0,1.0000000000000064
eb9e8af4,2026-09-22T00:01:34.416909,NEU-DET,rolled-in_scale,rolled-in_scale_65.jpg,4x4,4,4,8,NEQR,1024,statevector,12,4,8,136,96,68,"{""h"": 4, ""x"": 64, ""mcx"": 68}",0.000994834001176,0.0009647909901104,0.0,0.0002432499895803,0.0027037499967264,0.0,100.0,1.0
63ed18bb,2026-09-22T00:01:34.420108,NEU-DET,rolled-in_scale,rolled-in_scale_66.jpg,4x4,4,4,8,FRQI,1024,statevector,5,4,1,1092,705,384,"{""h"": 132, ""x"": 64, ""cx"": 384, ""tdg"": 192, ""t"": 256, ""ry"": 64}",0.0009825419983826,0.0042114160023629,0.0,2.883299021050334e-05,0.006798999995226,1.4253807518409933e-30,100.0,1.0000000000000038
c2b6a788,2026-09-22T00:01:34.426924,NEU-DET,rolled-in_scale,rolled-in_scale_66.jpg,4x4,4,4,8,NEQR,1024,statevector,12,4,8,135,95,67,"{""h"": 4, ""x"": 64, ""mcx"": 67}",0.0008681250037625,0.0009460409928578,0.0,0.0002417079958831,0.0024816250079311,0.0,100.0,1.0
8c0f7f16,2026-09-22T00:01:34.429805,NEU-DET,rolled-in_scale,rolled-in_scale_67.jpg,4x4,4,4,8,FRQI,1024,statevector,5,4,1,1092,705,384,"{""h"": 132, ""x"": 64, ""cx"": 384, ""tdg"": 192, ""t"": 256, ""ry"": 64}",0.001080333997379,0.0041535000054864,0.0,2.833400503732264e-05,0.0068304580054245,1.5359291306488206e-30,100.0,0.9999999999999764
0ec74805,2026-09-22T00:01:34.436651,NEU-DET,rolled-in_scale,rolled-in_scale_67.jpg,4x4,4,4,8,NEQR,1024,statevector,12,4,8,118,78,50,"{""h"": 4, ""x"": 64, ""mcx"": 50}",0.000749500002712,0.0008708329987712,0.0,0.0002501249982742,0.0022582499950658,0.0,100.0,1.0
09ce8079,2026-09-22T00:01:34.439432,NEU-DET,rolled-in_scale,rolled-in_scale_68.jpg,4x4,4,4,8,FRQI,1024,statevector,5,4,1,1092,705,384,"{""h"": 132, ""x"": 64, ""cx"": 384, ""tdg"": 192, ""t"": 256, ""ry"": 64}",0.0010175409988733,0.0045072920038364,0.0,3.3249991247430444e-05,0.007250082999235,1.759914783181056e-30,100.0,0.9999999999999992
eb2ad1b0,2026-09-22T00:01:34.446708,NEU-DET,rolled-in_scale,rolled-in_scale_68.jpg,4x4,4,4,8,NEQR,1024,statevector,12,4,8,140,100,72,"{""h"": 4, ""x"": 64, ""mcx"": 72}",0.0009777499944902,0.0010617499938234,0.0,0.0002639169979374,0.002856959006749,0.0,100.0,1.0
d333a76f,2026-09-22T00:01:34.450039,NEU-DET,rolled-in_scale,rolled-in_scale_69.jpg,4x4,4,4,8,FRQI,1024,statevector,5,4,1,1092,705,384,"{""h"": 132, ""x"": 64, ""cx"": 384, ""tdg"": 192, ""t"": 256, ""ry"": 64}",0.0010266250028507,0.004241999995429,0.0,3.091701364610344e-05,0.0068984160025138,1.4710252915229707e-30,100.0,1.0
24ba11e1,2026-09-22T00:01:34.456960,NEU-DET,rolled-in_scale,rolled-in_scale_69.jpg,4x4,4,4,8,NEQR,1024,statevector,12,4,8,138,98,70,"{""h"": 4, ""x"": 64, ""mcx"": 70}",0.0009101670002564,0.0010281670110998,0.0,0.0002420410019112,0.0026482090033823,0.0,100.0,1.0
2624877e,2026-09-22T00:01:34.460224,NEU-DET,rolled-in_scale,rolled-in_scale_7.jpg,4x4,4,4,8,FRQI,1024,statevector,5,4,1,1092,705,384,"{""h"": 132, ""x"": 64, ""cx"": 384, ""tdg"": 192, ""t"": 256, ""ry"": 64}",0.0011198329884791,0.0042021669942187,0.0,2.9999995604157448e-05,0.0069359580083983,1.3932177217697264e-30,100.0,1.000000000000013
3fd40d17,2026-09-22T00:01:34.467177,NEU-DET,rolled-in_scale,rolled-in_scale_7.jpg,4x4,4,4,8,NEQR,1024,statevector,12,4,8,132,92,64,"{""h"": 4, ""x"": 64, ""mcx"": 64}",0.0008608329953858,0.0009738750086398,0.0,0.0002436249924357,0.0025144579994957,0.0,100.0,1.0
1270b9a2,2026-09-22T00:01:34.470185,NEU-DET,rolled-in_scale,rolled-in_scale_70.jpg,4x4,4,4,8,FRQI,1024,statevector,5,4,1,1092,705,384,"{""h"": 132, ""x"": 64, ""cx"": 384, ""tdg"": 192, ""t"": 256, ""ry"": 64}",0.0010569579899311,0.0042761249933391,0.0,3.008400381077081e-05,0.0069637080014217,1.5099290763995927e-30,100.0,0.9999999999999798
8a0e5cc7,2026-09-22T00:01:34.477165,NEU-DET,rolled-in_scale,rolled-in_scale_70.jpg,4x4,4,4,8,NEQR,1024,statevector,12,4,8,137,97,69,"{""h"": 4, ""x"": 64, ""mcx"": 69}",0.0010037499887403,0.0009717089997138,0.0,0.0002403329999651,0.0027027089963667,0.0,100.0,1.0
4e44983f,2026-09-22T00:01:34.480303,NEU-DET,rolled-in_scale,rolled-in_scale_71.jpg,4x4,4,4,8,FRQI,1024,statevector,5,4,1,1092,705,384,"{""h"": 132, ""x"": 64, ""cx"": 384, ""tdg"": 192, ""t"": 256, ""ry"": 64}",0.0010334580001654,0.0041803329950198,0.0,2.849999873433262e-05,0.0068419159943005,1.647055288439964e-30,100.0,0.9999999999999872
54010ea6,2026-09-22T00:01:34.487162,NEU-DET,rolled-in_scale,rolled-in_scale_71.jpg,4x4,4,4,8,NEQR,1024,statevector,12,4,8,129,89,61,"{""h"": 4, ""x"": 64, ""mcx"": 61}",0.0008248749945778,0.000911958006327,0.0,0.0002367500128457,0.002394083989202,0.0,100.0,1.0
098f0ce2,2026-09-22T00:01:34.490125,NEU-DET,rolled-in_scale,rolled-in_scale_72.jpg,4x4,4,4,8,FRQI,1024,statevector,5,4,1,1092,705,384,"{""h"": 132, ""x"": 64, ""cx"": 384, ""tdg"": 192, ""t"": 256, ""ry"": 64}",0.000992542001768,0.0041513329924782,0.0,2.96669895760715e-05,0.0068075840099481,1.2141062369417137e-30,100.0,0.9999999999999692
c25f49d3,2026-09-22T00:01:34.496954,NEU-DET,rolled-in_scale,rolled-in_scale_72.jpg,4x4,4,4,8,NEQR,1024,statevector,12,4,8,131,91,63,"{""h"": 4, ""x"": 64, ""mcx"": 63}",0.0010100829967996,0.0009527080110274,0.0,0.000238790991716,0.0026181249995715,0.0,100.0,1.0
ec93ffe5,2026-09-22T00:01:34.500152,NEU-DET,rolled-in_scale,rolled-in_scale_73.jpg,4x4,4,4,8,FRQI,1024,statevector,5,4,1,1092,705,384,"{""h"": 132, ""x"": 64, ""cx"": 384, ""tdg"": 192, ""t"": 256, ""ry"": 64}",0.0010698330006562,0.0041284580074716,0.0,3.433300298638642e-05,0.0067854590015485,9.598834842825983e-31,100.0,0.9999999999999928
ec4a9d39,2026-09-22T00:01:34.506954,NEU-DET,rolled-in_scale,rolled-in_scale_73.jpg,4x4,4,4,8,NEQR,1024,statevector,12,4,8,127,87,59,"{""h"": 4, ""x"": 64, ""mcx"": 59}",0.0008490409963997,0.0009801249980228,0.0,0.0002416659990558,0.0025649170129327,0.0,100.0,1.0
67e969e1,2026-09-22T00:01:34.510052,NEU-DET,rolled-in_scale,rolled-in_scale_74.jpg,4x4,4,4,8,FRQI,1024,statevector,5,4,1,1092,705,384,"{""h"": 132, ""x"": 64, ""cx"": 384, ""tdg"": 192, ""t"": 256, ""ry"": 64}",0.0010120829974766,0.0042348330025561,0.0,3.179200575686991e-05,0.0068663749989354,1.2811285990063893e-30,100.0,1.0000000000000115
0494747a,2026-09-22T00:01:34.516942,NEU-DET,rolled-in_scale,rolled-in_scale_74.jpg,4x4,4,4,8,NEQR,1024,statevector,12,4,8,129,89,61,"{""h"": 4, ""x"": 64, ""mcx"": 61}",0.0008340420026797,0.000949708992266,0.0,0.0002449590101605,0.0024652920110384,0.0,100.0,1.0
61e9a09c,2026-09-22T00:01:34.519985,NEU-DET,rolled-in_scale,rolled-in_scale_75.jpg,4x4,4,4,8,FRQI,1024,statevector,5,4,1,1092,705,384,"{""h"": 132, ""x"": 64, ""cx"": 384, ""tdg"": 192, ""t"": 256, ""ry"": 64}",0.0010540410003159,0.0041264159954153,0.0,3.0750001315027475e-05,0.0067852919892175,1.2587878116514974e-30,100.0,0.9999999999999836
8489fcb1,2026-09-22T00:01:34.526788,NEU-DET,rolled-in_scale,rolled-in_scale_75.jpg,4x4,4,4,8,NEQR,1024,statevector,12,4,8,116,76,48,"{""h"": 4, ""x"": 64, ""mcx"": 48}",0.0006924580084159,0.0008517910027876,0.0,0.0002518330002203,0.0022281669953372,0.0,100.0,1.0
d9559625,2026-09-22T00:01:34.529453,NEU-DET,rolled-in_scale,rolled-in_scale_76.jpg,4x4,4,4,8,FRQI,1024,statevector,5,4,1,1092,705,384,"{""h"": 132, ""x"": 64, ""cx"": 384, ""tdg"": 192, ""t"": 256, ""ry"": 64}",0.0010124580003321,0.0047855000011622,0.0,3.6666999221779406e-05,0.0075180410058237,1.9122558417820865e-30,100.0,1.000000000000015
e678677a,2026-09-22T00:01:34.537000,NEU-DET,rolled-in_scale,rolled-in_scale_76.jpg,4x4,4,4,8,NEQR,1024,statevector,12,4,8,143,103,75,"{""h"": 4, ""x"": 64, ""mcx"": 75}",0.0018816670053638,0.0010831249965121,0.0,0.0002539169945521,0.003833750000922,0.0,100.0,1.0
af3ba3a4,2026-09-22T00:01:34.541505,NEU-DET,rolled-in_scale,rolled-in_scale_77.jpg,4x4,4,4,8,FRQI,1024,statevector,5,4,1,1092,705,384,"{""h"": 132, ""x"": 64, ""cx"": 384, ""tdg"": 192, ""t"": 256, ""ry"": 64}",0.0014039579982636,0.0043559159967117,0.0,3.429099160712212e-05,0.0073972920072264,1.0746689089680776e-30,100.0,1.000000000000005
e74bb617,2026-09-22T00:01:34.548928,NEU-DET,rolled-in_scale,rolled-in_scale_77.jpg,4x4,4,4,8,NEQR,1024,statevector,12,4,8,131,91,63,"{""h"": 4, ""x"": 64, ""mcx"": 63}",0.0012782920093741,0.0010821670002769,0.0,0.0002493749925633,0.0031988339906092,0.0,100.0,1.0
d7707946,2026-09-22T00:01:34.552777,NEU-DET,rolled-in_scale,rolled-in_scale_78.jpg,4x4,4,4,8,FRQI,1024,statevector,5,4,1,1092,705,384,"{""h"": 132, ""x"": 64, ""cx"": 384, ""tdg"": 192, ""t"": 256, ""ry"": 64}",0.0010293750092387,0.0042396250064484,0.0,3.629199636634439e-05,0.0069242090103216,1.2243136656469658e-30,100.0,0.9999999999999932
8127781d,2026-09-22T00:01:34.559727,NEU-DET,rolled-in_scale,rolled-in_scale_78.jpg,4x4,4,4,8,NEQR,1024,statevector,12,4,8,129,89,61,"{""h"": 4, ""x"": 64, ""mcx"": 61}",0.0008582500013289,0.0009609580010874,0.0,0.0002427919971523,0.0026206670008832,0.0,100.0,1.0
94d41961,2026-09-22T00:01:34.562874,NEU-DET,rolled-in_scale,rolled-in_scale_79.jpg,4x4,4,4,8,FRQI,1024,statevector,5,4,1,1092,705,384,"{""h"": 132, ""x"": 64, ""cx"": 384, ""tdg"": 192, ""t"": 256, ""ry"": 64}",0.0012698339996859,0.0043954589928034,0.0,3.616700996644795e-05,0.0073125830094795,1.2921063996893964e-30,100.0,0.9999999999999742
2a1f1acc,2026-09-22T00:01:34.570212,NEU-DET,rolled-in_scale,rolled-in_scale_79.jpg,4x4,4,4,8,NEQR,1024,statevector,12,4,8,133,93,65,"{""h"": 4, ""x"": 64, ""mcx"": 65}",0.000897083999007,0.0010082079970743,0.0,0.0002795420004986,0.0027541250019567,0.0,100.0,1.0
b72de626,2026-09-22T00:01:34.573513,NEU-DET,rolled-in_scale,rolled-in_scale_8.jpg,4x4,4,4,8,FRQI,1024,statevector,5,4,1,1092,705,384,"{""h"": 132, ""x"": 64, ""cx"": 384, ""tdg"": 192, ""t"": 256, ""ry"": 64}",0.0014522909914376,0.0049038750003091,0.0,3.962499613407999e-05,0.0088650409888941,1.2971138175448032e-30,100.0,0.9999999999999803
aa99bf02,2026-09-22T00:01:34.582403,NEU-DET,rolled-in_scale,rolled-in_scale_8.jpg,4x4,4,4,8,NEQR,1024,statevector,12,4,8,127,87,59,"{""h"": 4, ""x"": 64, ""mcx"": 59}",0.0010495830065337,0.0009841249993769,0.0,0.0002533329970901,0.0028049579996149,0.0,100.0,1.0
b02e3de7,2026-09-22T00:01:34.585792,NEU-DET,rolled-in_scale,rolled-in_scale_80.jpg,4x4,4,4,8,FRQI,1024,statevector,5,4,1,1092,705,384,"{""h"": 132, ""x"": 64, ""cx"": 384, ""tdg"": 192, ""t"": 256, ""ry"": 64}",0.0011103340075351,0.0044307909993221,0.0,3.370799822732806e-05,0.0072575000085635,1.2996175264725068e-30,100.0,1.0000000000000009
b4ec445b,2026-09-22T00:01:34.593073,NEU-DET,rolled-in_scale,rolled-in_scale_80.jpg,4x4,4,4,8,NEQR,1024,statevector,12,4,8,124,84,56,"{""h"": 4, ""x"": 64, ""mcx"": 56}",0.0008401669911108,0.0009395420056534,0.0,0.0002509579935576,0.0024859160039341,0.0,100.0,1.0
0b147487,2026-09-22T00:01:34.596101,NEU-DET,rolled-in_scale,rolled-in_scale_81.jpg,4x4,4,4,8,FRQI,1024,statevector,5,4,1,1092,705,384,"{""h"": 132, ""x"": 64, ""cx"": 384, ""tdg"": 192, ""t"": 256, ""ry"": 64}",0.0010345829941798,0.0047224590089172,0.0,3.4083001082763076e-05,0.0074627499998314,1.5808032983530432e-30,100.0,1.0000000000000022
ee58a574,2026-09-22T00:01:34.603587,NEU-DET,rolled-in_scale,rolled-in_scale_81.jpg,4x4,4,4,8,NEQR,1024,statevector,12,4,8,126,86,58,"{""h"": 4, ""x"": 64, ""mcx"": 58}",0.0009286660060752,0.0009307909931521,0.0,0.000254083002801,0.0026079170056618,0.0,100.0,1.0
05c6c013,2026-09-22T00:01:34.606721,NEU-DET,rolled-in_scale,rolled-in_scale_82.jpg,4x4,4,4,8,FRQI,1024,statevector,5,4,1,1092,705,384,"{""h"": 132, ""x"": 64, ""cx"": 384, ""tdg"": 192, ""t"": 256, ""ry"": 64}",0.0010506670078029,0.004385041000205,0.0,3.2333002309314907e-05,0.0071675420040264,1.2033210292531451e-30,100.0,1.0
f4dbf02a,2026-09-22T00:01:34.613908,NEU-DET,rolled-in_scale,rolled-in_scale_82.jpg,4x4,4,4,8,NEQR,1024,statevector,12,4,8,126,86,58,"{""h"": 4, ""x"": 64, ""mcx"": 58}",0.0008715410076547,0.0010010419937316,0.0,0.0002540840068832,0.0026914159971056,0.0,100.0,1.0
e07f0812,2026-09-22T00:01:34.617246,NEU-DET,rolled-in_scale,rolled-in_scale_83.jpg,4x4,4,4,8,FRQI,1024,statevector,5,4,1,1092,705,384,"{""h"": 132, ""x"": 64, ""cx"": 384, ""tdg"": 192, ""t"": 256, ""ry"": 64}",0.0010696669924072,0.0044309590011835,0.0,3.491700044833124e-05,0.0075086669967276,1.3167583029775532e-30,100.0,0.9999999999999885
81111fd9,2026-09-22T00:01:34.624773,NEU-DET,rolled-in_scale,rolled-in_scale_83.jpg,4x4,4,4,8,NEQR,1024,statevector,12,4,8,125,85,57,"{""h"": 4, ""x"": 64, ""mcx"": 57}",0.0010577079956419,0.000984915997833,0.0,0.0002631670067785,0.0029319589957594,0.0,100.0,1.0
e5caf266,2026-09-22T00:01:34.628209,NEU-DET,rolled-in_scale,rolled-in_scale_84.jpg,4x4,4,4,8,FRQI,1024,statevector,5,4,1,1092,705,384,"{""h"": 132, ""x"": 64, ""cx"": 384, ""tdg"": 192, ""t"": 256, ""ry"": 64}",0.0011379159986972,0.0044804579956689,0.0,3.80830024369061e-05,0.0074179169896524,1.1097208339559251e-30,100.0,1.000000000000001
f55fba87,2026-09-22T00:01:34.635652,NEU-DET,rolled-in_scale,rolled-in_scale_84.jpg,4x4,4,4,8,NEQR,1024,statevector,12,4,8,127,87,59,"{""h"": 4, ""x"": 64, ""mcx"": 59}",0.000848167008371,0.0009642920049373,0.0,0.0002617079881019,0.0025401669990969,0.0,100.0,1.0
c0a02d8d,2026-09-22T00:01:34.638630,NEU-DET,rolled-in_scale,rolled-in_scale_85.jpg,4x4,4,4,8,FRQI,1024,statevector,5,4,1,1092,705,384,"{""h"": 132, ""x"": 64, ""cx"": 384, ""tdg"": 192, ""t"": 256, ""ry"": 64}",0.0011472499900264,0.0045412500039674,0.0,3.5834003938362e-05,0.0074178340000798,1.776670373697225e-30,100.0,0.9999999999999926
b3fa4317,2026-09-22T00:01:34.646073,NEU-DET,rolled-in_scale,rolled-in_scale_85.jpg,4x4,4,4,8,NEQR,1024,statevector,12,4,8,138,98,70,"{""h"": 4, ""x"": 64, ""mcx"": 70}",0.0011738750035874,0.0010133330069947,0.0,0.0002613329997984,0.0029543330019805,0.0,100.0,1.0
4a737a33,2026-09-22T00:01:34.649596,NEU-DET,rolled-in_scale,rolled-in_scale_86.jpg,4x4,4,4,8,FRQI,1024,statevector,5,4,1,1092,705,384,"{""h"": 132, ""x"": 64, ""cx"": 384, ""tdg"": 192, ""t"": 256, ""ry"": 64}",0.0010649999894667,0.0043937500013271,0.0,3.170799755025655e-05,0.0071655420033494,1.5800329263752883e-30,100.0,1.000000000000015
cc6eee15,2026-09-22T00:01:34.656784,NEU-DET,rolled-in_scale,rolled-in_scale_86.jpg,4x4,4,4,8,NEQR,1024,statevector,12,4,8,133,93,65,"{""h"": 4, ""x"": 64, ""mcx"": 65}",0.0010068330011563,0.0011636249982984,0.0,0.0002558330015745,0.0029319999885046,0.0,100.0,1.0
cf238320,2026-09-22T00:01:34.660214,NEU-DET,rolled-in_scale,rolled-in_scale_87.jpg,4x4,4,4,8,FRQI,1024,statevector,5,4,1,1092,705,384,"{""h"": 132, ""x"": 64, ""cx"": 384, ""tdg"": 192, ""t"": 256, ""ry"": 64}",0.0011161669972352,0.0043955839937552,0.0,4.129100125283003e-05,0.0072016659978544,1.5921662850249282e-30,100.0,1.0000000000000056
3fbfb1e7,2026-09-22T00:01:34.667434,NEU-DET,rolled-in_scale,rolled-in_scale_87.jpg,4x4,4,4,8,NEQR,1024,statevector,12,4,8,133,93,65,"{""h"": 4, ""x"": 64, ""mcx"": 65}",0.0008976250101113,0.0010833749984158,0.0,0.0002540410059737,0.0027586659998632,0.0,100.0,1.0
ca61de77,2026-09-22T00:01:34.670639,NEU-DET,rolled-in_scale,rolled-in_scale_88.jpg,4x4,4,4,8,FRQI,1024,statevector,5,4,1,1092,705,384,"{""h"": 132, ""x"": 64, ""cx"": 384, ""tdg"": 192, ""t"": 256, ""ry"": 64}",0.0010712500079534,0.0046126660017762,0.0,3.666599513962865e-05,0.0074038750026375,1.6628479139839394e-30,100.0,1.0000000000000004
5a6a9531,2026-09-22T00:01:34.678069,NEU-DET,rolled-in_scale,rolled-in_scale_88.jpg,4x4,4,4,8,NEQR,1024,statevector,12,4,8,135,95,67,"{""h"": 4, ""x"": 64, ""mcx"": 67}",0.0010559999936958,0.0010796250135172,0.0,0.0002571250079199,0.0029206250037532,0.0,100.0,1.0
8607c52a,2026-09-22T00:01:34.681533,NEU-DET,rolled-in_scale,rolled-in_scale_89.jpg,4x4,4,4,8,FRQI,1024,statevector,5,4,1,1092,705,384,"{""h"": 132, ""x"": 64, ""cx"": 384, ""tdg"": 192, ""t"": 256, ""ry"": 64}",0.0011099580005975,0.0044705829932354,0.0,3.616699541453272e-05,0.0072869159921538,1.8207741694236928e-30,100.0,1.0000000000000029
9cb92a51,2026-09-22T00:01:34.688844,NEU-DET,rolled-in_scale,rolled-in_scale_89.jpg,4x4,4,4,8,NEQR,1024,statevector,12,4,8,137,97,69,"{""h"": 4, ""x"": 64, ""mcx"": 69}",0.0009276249911636,0.0010207910090684,0.0,0.0002681670011952,0.0027782910037785,0.0,100.0,1.0
1b48f6a6,2026-09-22T00:01:34.692182,NEU-DET,rolled-in_scale,rolled-in_scale_9.jpg,4x4,4,4,8,FRQI,1024,statevector,5,4,1,1092,705,384,"{""h"": 132, ""x"": 64, ""cx"": 384, ""tdg"": 192, ""t"": 256, ""ry"": 64}",0.0010970830044243,0.0042841669928748,0.0,3.329099854454398e-05,0.0070313750038621,1.5220624350492325e-30,100.0,1.0000000000000149
94d16d01,2026-09-22T00:01:34.699231,NEU-DET,rolled-in_scale,rolled-in_scale_9.jpg,4x4,4,4,8,NEQR,1024,statevector,12,4,8,138,98,70,"{""h"": 4, ""x"": 64, ""mcx"": 70}",0.0009741669928189,0.0009765420109033,0.0,0.0002496250090189,0.0026919999945675,0.0,100.0,1.0
208a7f47,2026-09-22T00:01:34.702374,NEU-DET,rolled-in_scale,rolled-in_scale_90.jpg,4x4,4,4,8,FRQI,1024,statevector,5,4,1,1092,705,384,"{""h"": 132, ""x"": 64, ""cx"": 384, ""tdg"": 192, ""t"": 256, ""ry"": 64}",0.0011928750027436,0.0044419580081012,0.0,3.533400013111532e-05,0.0072752919950289,1.858137210344805e-30,100.0,1.0000000000000002
bd8e77c7,2026-09-22T00:01:34.709674,NEU-DET,rolled-in_scale,rolled-in_scale_90.jpg,4x4,4,4,8,NEQR,1024,statevector,12,4,8,136,96,68,"{""h"": 4, ""x"": 64, ""mcx"": 68}",0.0012767080042976,0.0010291249927831,0.0,0.0002427919971523,0.0030732919985894,0.0,100.0,1.0
a75cda09,2026-09-22T00:01:34.713327,NEU-DET,rolled-in_scale,rolled-in_scale_91.jpg,4x4,4,4,8,FRQI,1024,statevector,5,4,1,1092,705,384,"{""h"": 132, ""x"": 64, ""cx"": 384, ""tdg"": 192, ""t"": 256, ""ry"": 64}",0.0010658749961294,0.004243374991347,0.0,3.370799822732806e-05,0.0069656249979743,1.9869819236243112e-30,100.0,0.9999999999999988
e59e9475,2026-09-22T00:01:34.720313,NEU-DET,rolled-in_scale,rolled-in_scale_91.jpg,4x4,4,4,8,NEQR,1024,statevector,12,4,8,139,99,71,"{""h"": 4, ""x"": 64, ""mcx"": 71}",0.0010162079997826,0.0010201249970123,0.0,0.0002407499996479,0.0027581250033108,0.0,100.0,1.0
3d4358ee,2026-09-22T00:01:34.723619,NEU-DET,rolled-in_scale,rolled-in_scale_92.jpg,4x4,4,4,8,FRQI,1024,statevector,5,4,1,1092,705,384,"{""h"": 132, ""x"": 64, ""cx"": 384, ""tdg"": 192, ""t"": 256, ""ry"": 64}",0.0011653340043267,0.0042412920010974,0.0,3.316700167488307e-05,0.0070251659926725,9.928168863316199e-31,100.0,1.000000000000001
8d7f116f,2026-09-22T00:01:34.730662,NEU-DET,rolled-in_scale,rolled-in_scale_92.jpg,4x4,4,4,8,NEQR,1024,statevector,12,4,8,133,93,65,"{""h"": 4, ""x"": 64, ""mcx"": 65}",0.0008606670016888,0.0009474580001551,0.0,0.0002386660053161,0.0025961250066757,0.0,100.0,1.0
784b070e,2026-09-22T00:01:34.733881,NEU-DET,rolled-in_scale,rolled-in_scale_93.jpg,4x4,4,4,8,FRQI,1024,statevector,5,4,1,1092,705,384,"{""h"": 132, ""x"": 64, ""cx"": 384, ""tdg"": 192, ""t"": 256, ""ry"": 64}",0.0009953749977285,0.0042091670038644,0.0,3.1332994694821537e-05,0.0068164170079398,1.273617472223279e-30,100.0,1.000000000000006
f461224b,2026-09-22T00:01:34.740714,NEU-DET,rolled-in_scale,rolled-in_scale_93.jpg,4x4,4,4,8,NEQR,1024,statevector,12,4,8,138,98,70,"{""h"": 4, ""x"": 64, ""mcx"": 70}",0.0010566249984549,0.0010381659958511,0.0,0.0002401670062681,0.0029054170008748,0.0,100.0,1.0
e64d176f,2026-09-22T00:01:34.744182,NEU-DET,rolled-in_scale,rolled-in_scale_94.jpg,4x4,4,4,8,FRQI,1024,statevector,5,4,1,1092,705,384,"{""h"": 132, ""x"": 64, ""cx"": 384, ""tdg"": 192, ""t"": 256, ""ry"": 64}",0.0010123749962076,0.0041999590030172,0.0,3.337500675115734e-05,0.0068352920061443,1.1898395196424345e-30,100.0,1.000000000000012
5fc09c48,2026-09-22T00:01:34.751040,NEU-DET,rolled-in_scale,rolled-in_scale_94.jpg,4x4,4,4,8,NEQR,1024,statevector,12,4,8,128,88,60,"{""h"": 4, ""x"": 64, ""mcx"": 60}",0.0008741659985389,0.0009200829954352,0.0,0.0002401670062681,0.0025171659945044,0.0,100.0,1.0
eb6e309b,2026-09-22T00:01:34.754036,NEU-DET,rolled-in_scale,rolled-in_scale_95.jpg,4x4,4,4,8,FRQI,1024,statevector,5,4,1,1092,705,384,"{""h"": 132, ""x"": 64, ""cx"": 384, ""tdg"": 192, ""t"": 256, ""ry"": 64}",0.001068416997441,0.0044075420009903,0.0,3.300000389572233e-05,0.0070872499927645,2.3118863052424383e-30,100.0,1.000000000000007
5dc829c9,2026-09-22T00:01:34.761146,NEU-DET,rolled-in_scale,rolled-in_scale_95.jpg,4x4,4,4,8,NEQR,1024,statevector,12,4,8,141,101,73,"{""h"": 4, ""x"": 64, ""mcx"": 73}",0.0009786659938981,0.0010291249927831,0.0,0.0002444999990984,0.0028140840004198,0.0,100.0,1.0
af196133,2026-09-22T00:01:34.764542,NEU-DET,rolled-in_scale,rolled-in_scale_96.jpg,4x4,4,4,8,FRQI,1024,statevector,5,4,1,1092,705,384,"{""h"": 132, ""x"": 64, ""cx"": 384, ""tdg"": 192, ""t"": 256, ""ry"": 64}",0.0011427919962443,0.0041658749978523,0.0,3.270899469498545e-05,0.0069512920017587,1.686151666311025e-30,100.0,0.9999999999999925
996c55fb,2026-09-22T00:01:34.771512,NEU-DET,rolled-in_scale,rolled-in_scale_96.jpg,4x4,4,4,8,NEQR,1024,statevector,12,4,8,144,104,76,"{""h"": 4, ""x"": 64, ""mcx"": 76}",0.0009845000022323,0.0010718749981606,0.0,0.0002370830043219,0.0027999169979011,0.0,100.0,1.0
9036d912,2026-09-22T00:01:34.774758,NEU-DET,rolled-in_scale,rolled-in_scale_97.jpg,4x4,4,4,8,FRQI,1024,statevector,5,4,1,1092,705,384,"{""h"": 132, ""x"": 64, ""cx"": 384, ""tdg"": 192, ""t"": 256, ""ry"": 64}",0.0013994579931022,0.0043266660068184,0.0,3.4083001082763076e-05,0.0074895830039167,2.1321970414311088e-30,100.0,0.9999999999999896
a5854563,2026-09-22T00:01:34.782269,NEU-DET,rolled-in_scale,rolled-in_scale_97.jpg,4x4,4,4,8,NEQR,1024,statevector,12,4,8,133,93,65,"{""h"": 4, ""x"": 64, ""mcx"": 65}",0.0009604590013623,0.0010128750000149,0.0,0.0002389160072198,0.002781542003504,0.0,100.0,1.0
9132c039,2026-09-22T00:01:34.785674,NEU-DET,rolled-in_scale,rolled-in_scale_98.jpg,4x4,4,4,8,FRQI,1024,statevector,5,4,1,1092,705,384,"{""h"": 132, ""x"": 64, ""cx"": 384, ""tdg"": 192, ""t"": 256, ""ry"": 64}",0.0010028340038843,0.0044133339979453,0.0,3.345900040585548e-05,0.0072533339989604,1.801707462974259e-30,100.0,1.000000000000013
458a71f1,2026-09-22T00:01:34.792955,NEU-DET,rolled-in_scale,rolled-in_scale_98.jpg,4x4,4,4,8,NEQR,1024,statevector,12,4,8,131,91,63,"{""h"": 4, ""x"": 64, ""mcx"": 63}",0.0009688749996712,0.0010019589972216,0.0,0.0002405840059509,0.0026887910062214,0.0,100.0,1.0
6b994f55,2026-09-22T00:01:34.796243,NEU-DET,rolled-in_scale,rolled-in_scale_99.jpg,4x4,4,4,8,FRQI,1024,statevector,5,4,1,1092,705,384,"{""h"": 132, ""x"": 64, ""cx"": 384, ""tdg"": 192, ""t"": 256, ""ry"": 64}",0.0010089999996125,0.0042378749931231,0.0,3.195900353603065e-05,0.0068581250088755,1.4097807192914566e-30,100.0,1.000000000000016
37fa5385,2026-09-22T00:01:34.803122,NEU-DET,rolled-in_scale,rolled-in_scale_99.jpg,4x4,4,4,8,NEQR,1024,statevector,12,4,8,128,88,60,"{""h"": 4, ""x"": 64, ""mcx"": 60}",0.0008070839976426,0.000918375008041,0.0,0.0002377920027356,0.0024780840030871,0.0,100.0,1.0
5551fe2a,2026-09-22T00:01:34.806446,NEU-DET,scratches,scratches_1.jpg,4x4,4,4,8,FRQI,1024,statevector,5,4,1,1092,705,384,"{""h"": 132, ""x"": 64, ""cx"": 384, ""tdg"": 192, ""t"": 256, ""ry"": 64}",0.0010535000037634,0.0041900420037563,0.0,3.358400135766715e-05,0.0069746249937452,1.7144628364935174e-30,100.0,0.9999999999999784
839159fd,2026-09-22T00:01:34.813441,NEU-DET,scratches,scratches_1.jpg,4x4,4,4,8,NEQR,1024,statevector,12,4,8,139,99,71,"{""h"": 4, ""x"": 64, ""mcx"": 71}",0.0009327910083811,0.001127291994635,0.0,0.000249332995736,0.0028569580026669,0.0,100.0,1.0
5b723f7b,2026-09-22T00:01:34.816802,NEU-DET,scratches,scratches_10.jpg,4x4,4,4,8,FRQI,1024,statevector,5,4,1,1092,705,384,"{""h"": 132, ""x"": 64, ""cx"": 384, ""tdg"": 192, ""t"": 256, ""ry"": 64}",0.0011079170071752,0.0042008750024251,0.0,3.216600453015417e-05,0.0069262500037439,1.114728251811332e-30,100.0,1.000000000000014
8dffc4d2,2026-09-22T00:01:34.823748,NEU-DET,scratches,scratches_10.jpg,4x4,4,4,8,NEQR,1024,statevector,12,4,8,131,91,63,"{""h"": 4, ""x"": 64, ""mcx"": 63}",0.0010515000030864,0.0010245829907944,0.0,0.0002376670017838,0.0028093340079067,0.0,100.0,1.0
fe3e5824,2026-09-22T00:01:34.827068,NEU-DET,scratches,scratches_100.jpg,4x4,4,4,8,FRQI,1024,statevector,5,4,1,1092,705,384,"{""h"": 132, ""x"": 64, ""cx"": 384, ""tdg"": 192, ""t"": 256, ""ry"": 64}",0.0011661669996101,0.0042575409897835,0.0,3.183299850206822e-05,0.0070269169955281,1.3337064864881608e-30,100.0,1.000000000000006
9e2ad407,2026-09-22T00:01:34.834116,NEU-DET,scratches,scratches_100.jpg,4x4,4,4,8,NEQR,1024,statevector,12,4,8,132,92,64,"{""h"": 4, ""x"": 64, ""mcx"": 64}",0.0008474579954054,0.0009617500036256,0.0,0.0002416670031379,0.0025103749940171,0.0,100.0,1.0
2e60cea9,2026-09-22T00:01:34.837057,NEU-DET,scratches,scratches_101.jpg,4x4,4,4,8,FRQI,1024,statevector,5,4,1,1092,705,384,"{""h"": 132, ""x"": 64, ""cx"": 384, ""tdg"": 192, ""t"": 256, ""ry"": 64}",0.001046833989676,0.004468208993785,0.0,3.241699596401304e-05,0.0071555000031366,1.2824767499674604e-30,100.0,1.0000000000000029
3fa8ad0f,2026-09-22T00:01:34.844239,NEU-DET,scratches,scratches_101.jpg,4x4,4,4,8,NEQR,1024,statevector,12,4,8,129,89,61,"{""h"": 4, ""x"": 64, ""mcx"": 61}",0.0008304160000989,0.0009465000039199,0.0,0.0002385419938946,0.0024521250015823,0.0,100.0,1.0
8bd291c3,2026-09-22T00:01:34.847065,NEU-DET,scratches,scratches_102.jpg,4x4,4,4,8,FRQI,1024,statevector,5,4,1,1092,705,384,"{""h"": 132, ""x"": 64, ""cx"": 384, ""tdg"": 192, ""t"": 256, ""ry"": 64}",0.0010019999899668,0.0041688330093165,0.0,2.9457994969561696e-05,0.0068812499957857,1.5786366271656075e-30,100.0,1.0000000000000022
9adfc297,2026-09-22T00:01:34.853963,NEU-DET,scratches,scratches_102.jpg,4x4,4,4,8,NEQR,1024,statevector,12,4,8,132,92,64,"{""h"": 4, ""x"": 64, ""mcx"": 64}",0.0009087499929592,0.001033833992551,0.0,0.0002365419932175,0.0026311670080758,0.0,100.0,1.0
5fa87bf0,2026-09-22T00:01:34.857051,NEU-DET,scratches,scratches_103.jpg,4x4,4,4,8,FRQI,1024,statevector,5,4,1,1092,705,384,"{""h"": 132, ""x"": 64, ""cx"": 384, ""tdg"": 192, ""t"": 256, ""ry"": 64}",0.0010800000018207,0.0041970830061472,0.0,3.612501313909888e-05,0.0072077500080922,2.7220732722104622e-30,100.0,1.0
a632fe1a,2026-09-22T00:01:34.864282,NEU-DET,scratches,scratches_103.jpg,4x4,4,4,8,NEQR,1024,statevector,12,4,8,120,80,52,"{""h"": 4, ""x"": 64, ""mcx"": 52}",0.000733458000468,0.0009602079953765,0.0,0.000256958999671,0.0024136659922078,0.0,100.0,1.0
3b2a8514,2026-09-22T00:01:34.867154,NEU-DET,scratches,scratches_104.jpg,4x4,4,4,8,FRQI,1024,statevector,5,4,1,1092,705,384,"{""h"": 132, ""x"": 64, ""cx"": 384, ""tdg"": 192, ""t"": 256, ""ry"": 64}",0.0010260839917464,0.0042465000005904,0.0,3.1167000997811556e-05,0.00690974999452,2.3186270600477932e-30,100.0,0.9999999999999916
185493cd,2026-09-22T00:01:34.874086,NEU-DET,scratches,scratches_104.jpg,4x4,4,4,8,NEQR,1024,statevector,12,4,8,132,92,64,"{""h"": 4, ""x"": 64, ""mcx"": 64}",0.0008679580059833,0.0010101250081788,0.0,0.0002499590045772,0.002628458008985,0.0,100.0,1.0
7dfec4ad,2026-09-22T00:01:34.877130,NEU-DET,scratches,scratches_105.jpg,4x4,4,4,8,FRQI,1024,statevector,5,4,1,1092,705,384,"{""h"": 132, ""x"": 64, ""cx"": 384, ""tdg"": 192, ""t"": 256, ""ry"": 64}",0.001079124995158,0.0042042910063173,0.0,3.145799564663321e-05,0.0068853330012643,1.465247501689809e-30,100.0,1.0000000000000044
f339f6fd,2026-09-22T00:01:34.884037,NEU-DET,scratches,scratches_105.jpg,4x4,4,4,8,NEQR,1024,statevector,12,4,8,140,100,72,"{""h"": 4, ""x"": 64, ""mcx"": 72}",0.0010435000003781,0.0015847500035306,0.0,0.0004040000058012,0.0036327500129118,0.0,100.0,1.0
da9c3b38,2026-09-22T00:01:34.888207,NEU-DET,scratches,scratches_106.jpg,4x4,4,4,8,FRQI,1024,statevector,5,4,1,1092,705,384,"{""h"": 132, ""x"": 64, ""cx"": 384, ""tdg"": 192, ""t"": 256, ""ry"": 64}",0.0013515829923562,0.0044369999959599,0.0,3.3082993468269706e-05,0.0075167920003877,2.1566563517248267e-30,100.0,0.9999999999999968
d1d5c9c9,2026-09-22T00:01:34.895745,NEU-DET,scratches,scratches_106.jpg,4x4,4,4,8,NEQR,1024,statevector,12,4,8,130,90,62,"{""h"": 4, ""x"": 64, ""mcx"": 62}",0.0008373330056201,0.0009748750017024,0.0,0.0002587920025689,0.0025333749945275,0.0,100.0,1.0
babcb34a,2026-09-22T00:01:34.898738,NEU-DET,scratches,scratches_107.jpg,4x4,4,4,8,FRQI,1024,statevector,5,4,1,1092,705,384,"{""h"": 132, ""x"": 64, ""cx"": 384, ""tdg"": 192, ""t"": 256, ""ry"": 64}",0.0009982089977711,0.0042421660036779,0.0,3.0625000363215804e-05,0.0068747500044992,2.260704716970347e-30,100.0,0.9999999999999964
01b0efec,2026-09-22T00:01:34.905630,NEU-DET,scratches,scratches_107.jpg,4x4,4,4,8,NEQR,1024,statevector,12,4,8,121,81,53,"{""h"": 4, ""x"": 64, ""mcx"": 53}",0.0007952079904498,0.0009037090057972,0.0,0.0002471250045346,0.0023652089876122,0.0,100.0,1.0
ed1fe900,2026-09-22T00:01:34.908504,NEU-DET,scratches,scratches_108.jpg,4x4,4,4,8,FRQI,1024,statevector,5,4,1,1092,705,384,"{""h"": 132, ""x"": 64, ""cx"": 384, ""tdg"": 192, ""t"": 256, ""ry"": 64}",0.0012104999914299,0.0043175829923711,0.0,3.1207993743009865e-05,0.0071295829984592,1.9747041202288423e-30,100.0,1.000000000000001
6642aeeb,2026-09-22T00:01:34.915659,NEU-DET,scratches,scratches_108.jpg,4x4,4,4,8,NEQR,1024,statevector,12,4,8,122,82,54,"{""h"": 4, ""x"": 64, ""mcx"": 54}",0.0007313749956665,0.0128017499955603,0.0,0.0002384999970672,0.0142109160078689,0.0,100.0,1.0
a818e7e8,2026-09-22T00:01:34.930305,NEU-DET,scratches,scratches_109.jpg,4x4,4,4,8,FRQI,1024,statevector,5,4,1,1092,705,384,"{""h"": 132, ""x"": 64, ""cx"": 384, ""tdg"": 192, ""t"": 256, ""ry"": 64}",0.0009949579980457,0.0041661249997559,0.0,3.3499993151053786e-05,0.0067910000070696,2.1231451706924888e-30,100.0,1.000000000000001
c5728166,2026-09-22T00:01:34.937120,NEU-DET,scratches,scratches_109.jpg,4x4,4,4,8,NEQR,1024,statevector,12,4,8,126,86,58,"{""h"": 4, ""x"": 64, ""mcx"": 58}",0.0008107079920591,0.0009425419993931,0.0,0.0002351669972995,0.0025029999960679,0.0,100.0,1.0
57f8b9b8,2026-09-22T00:01:34.940047,NEU-DET,scratches,scratches_11.jpg,4x4,4,4,8,FRQI,1024,statevector,5,4,1,1092,705,384,"{""h"": 132, ""x"": 64, ""cx"": 384, ""tdg"": 192, ""t"": 256, ""ry"": 64}",0.0009882919985102,0.0041837500029942,0.0,3.037499845959246e-05,0.0067625410010805,1.2980767825169971e-30,100.0,0.9999999999999396
bb253470,2026-09-22T00:01:34.946827,NEU-DET,scratches,scratches_11.jpg,4x4,4,4,8,NEQR,1024,statevector,12,4,8,119,79,51,"{""h"": 4, ""x"": 64, ""mcx"": 51}",0.0006955419958103,0.000864083005581,0.0,0.0002417499927105,0.0022070000122766,0.0,100.0,1.0
1edcaae5,2026-09-22T00:01:34.949504,NEU-DET,scratches,scratches_110.jpg,4x4,4,4,8,FRQI,1024,statevector,5,4,1,1092,705,384,"{""h"": 132, ""x"": 64, ""cx"": 384, ""tdg"": 192, ""t"": 256, ""ry"": 64}",0.0010577089997241,0.0043619999923976,0.0,3.416700928937644e-05,0.0070489589998032,1.842922363784146e-30,100.0,1.000000000000003
98c979ff,2026-09-22T00:01:34.956581,NEU-DET,scratches,scratches_110.jpg,4x4,4,4,8,NEQR,1024,statevector,12,4,8,123,83,55,"{""h"": 4, ""x"": 64, ""mcx"": 55}",0.0008635419944766,0.0009263749961974,0.0,0.0002373330062255,0.002529332996346,0.0,100.0,1.0
91996560,2026-09-22T00:01:34.959549,NEU-DET,scratches,scratches_111.jpg,4x4,4,4,8,FRQI,1024,statevector,5,4,1,1092,705,384,"{""h"": 132, ""x"": 64, ""cx"": 384, ""tdg"": 192, ""t"": 256, ""ry"": 64}",0.0010491249995538,0.0041765420028241,0.0,3.4666998544707894e-05,0.0068053750001126,2.2960936796984626e-30,100.0,1.0000000000000004
bd90fe2a,2026-09-22T00:01:34.966369,NEU-DET,scratches,scratches_111.jpg,4x4,4,4,8,NEQR,1024,statevector,12,4,8,129,89,61,"{""h"": 4, ""x"": 64, ""mcx"": 61}",0.0008048330055316,0.0009513330005574,0.0,0.0002835000050254,0.0024632910062791,0.0,100.0,1.0
36d6440c,2026-09-22T00:01:34.969282,NEU-DET,scratches,scratches_112.jpg,4x4,4,4,8,FRQI,1024,statevector,5,4,1,1092,705,384,"{""h"": 132, ""x"": 64, ""cx"": 384, ""tdg"": 192, ""t"": 256, ""ry"": 64}",0.0011040839890483,0.0042854170023929,0.0,2.9458009521476924e-05,0.0070140419993549,1.6035292716968126e-30,100.0,1.0000000000000018
3a7eb84a,2026-09-22T00:01:34.976311,NEU-DET,scratches,scratches_112.jpg,4x4,4,4,8,NEQR,1024,statevector,12,4,8,134,94,66,"{""h"": 4, ""x"": 64, ""mcx"": 66}",0.0009702079987619,0.000996708011371,0.0,0.0002393750037299,0.0026492090109968,0.0,100.0,1.0
f0311ec1,2026-09-22T00:01:34.979453,NEU-DET,scratches,scratches_113.jpg,4x4,4,4,8,FRQI,1024,statevector,5,4,1,1092,705,384,"{""h"": 132, ""x"": 64, ""cx"": 384, ""tdg"": 192, ""t"": 256, ""ry"": 64}",0.0009998329915106,0.0041725830087671,0.0,3.0625000363215804e-05,0.0067981669999426,1.673633121672508e-30,100.0,0.9999999999999988
62ac1a83,2026-09-22T00:01:34.986269,NEU-DET,scratches,scratches_113.jpg,4x4,4,4,8,NEQR,1024,statevector,12,4,8,131,91,63,"{""h"": 4, ""x"": 64, ""mcx"": 63}",0.0008303330105263,0.0009547500085318,0.0,0.0002636660065036,0.0025562910013832,0.0,100.0,1.0
766056f2,2026-09-22T00:01:34.989211,NEU-DET,scratches,scratches_114.jpg,4x4,4,4,8,FRQI,1024,statevector,5,4,1,1092,705,384,"{""h"": 132, ""x"": 64, ""cx"": 384, ""tdg"": 192, ""t"": 256, ""ry"": 64}",0.0010797499999171,0.0041462910012342,0.0,3.0041992431506515e-05,0.006851917001768,2.0676783882941364e-30,100.0,0.9999999999999936
f9aac1ef,2026-09-22T00:01:34.996083,NEU-DET,scratches,scratches_114.jpg,4x4,4,4,8,NEQR,1024,statevector,12,4,8,133,93,65,"{""h"": 4, ""x"": 64, ""mcx"": 65}",0.0008428329892922,0.0010197499941568,0.0,0.0002691249974304,0.0025639580126153,0.0,100.0,1.0
adb69b5f,2026-09-22T00:01:34.999038,NEU-DET,scratches,scratches_115.jpg,4x4,4,4,8,FRQI,1024,statevector,5,4,1,1092,705,384,"{""h"": 132, ""x"": 64, ""cx"": 384, ""tdg"": 192, ""t"": 256, ""ry"": 64}",0.0009645420068409,0.004164749989286,0.0,3.275000199209899e-05,0.0067374170030234,1.4165214740968121e-30,100.0,1.0
a073e8d3,2026-09-22T00:01:35.005794,NEU-DET,scratches,scratches_115.jpg,4x4,4,4,8,NEQR,1024,statevector,12,4,8,132,92,64,"{""h"": 4, ""x"": 64, ""mcx"": 64}",0.0008595830004196,0.0009273330069845,0.0,0.000243667003815,0.0025045000074896,0.0,100.0,1.0
de15893e,2026-09-22T00:01:35.008702,NEU-DET,scratches,scratches_116.jpg,4x4,4,4,8,FRQI,1024,statevector,5,4,1,1092,705,384,"{""h"": 132, ""x"": 64, ""cx"": 384, ""tdg"": 192, ""t"": 256, ""ry"": 64}",0.0010670409974409,0.0041684159950818,0.0,3.183299850206822e-05,0.0068253749923314,1.4201807409911475e-30,100.0,0.999999999999998
c6ea9c6e,2026-09-22T00:01:35.015543,NEU-DET,scratches,scratches_116.jpg,4x4,4,4,8,NEQR,1024,statevector,12,4,8,132,92,64,"{""h"": 4, ""x"": 64, ""mcx"": 64}",0.0009416670072823,0.0009535409917589,0.0,0.0002475829969625,0.002574000012828,0.0,100.0,1.0
48ff4f80,2026-09-22T00:01:35.018615,NEU-DET,scratches,scratches_117.jpg,4x4,4,4,8,FRQI,1024,statevector,5,4,1,1092,705,384,"{""h"": 132, ""x"": 64, ""cx"": 384, ""tdg"": 192, ""t"": 256, ""ry"": 64}",0.0010768330103019,0.0041345000063301,0.0,2.945901360362768e-05,0.0068144169927109,1.1778987539872334e-30,100.0,0.9999999999999964
709fdbe0,2026-09-22T00:01:35.025449,NEU-DET,scratches,scratches_117.jpg,4x4,4,4,8,NEQR,1024,statevector,12,4,8,131,91,63,"{""h"": 4, ""x"": 64, ""mcx"": 63}",0.0009114999993471,0.0009467919880989,0.0,0.0002460840041749,0.0025387500063516,0.0,100.0,1.0
fa41b878,2026-09-22T00:01:35.028389,NEU-DET,scratches,scratches_118.jpg,4x4,4,4,8,FRQI,1024,statevector,5,4,1,1092,705,384,"{""h"": 132, ""x"": 64, ""cx"": 384, ""tdg"": 192, ""t"": 256, ""ry"": 64}",0.0009917089919326,0.0043910410022363,0.0,3.2584008295089006e-05,0.0069972080091247,1.4107436842636504e-30,100.0,1.0000000000000004
6cf8f818,2026-09-22T00:01:35.035413,NEU-DET,scratches,scratches_118.jpg,4x4,4,4,8,NEQR,1024,statevector,12,4,8,144,104,76,"{""h"": 4, ""x"": 64, ""mcx"": 76}",0.0010408749949419,0.0010221249976893,0.0,0.0002768330014077,0.0028196250059409,0.0,100.0,1.0
553d0903,2026-09-22T00:01:35.038660,NEU-DET,scratches,scratches_119.jpg,4x4,4,4,8,FRQI,1024,statevector,5,4,1,1092,705,384,"{""h"": 132, ""x"": 64, ""cx"": 384, ""tdg"": 192, ""t"": 256, ""ry"": 64}",0.0010194579954259,0.004239250003593,0.0,3.087500226683915e-05,0.0068628340086434,1.6722849707114372e-30,100.0,1.0000000000000002
e1ce95b6,2026-09-22T00:01:35.045541,NEU-DET,scratches,scratches_119.jpg,4x4,4,4,8,NEQR,1024,statevector,12,4,8,131,91,63,"{""h"": 4, ""x"": 64, ""mcx"": 63}",0.0009906670020427,0.0009250000002793,0.0,0.0002519159897929,0.0026629579951986,0.0,100.0,1.0
da61b807,2026-09-22T00:01:35.048679,NEU-DET,scratches,scratches_12.jpg,4x4,4,4,8,FRQI,1024,statevector,5,4,1,1092,705,384,"{""h"": 132, ""x"": 64, ""cx"": 384, ""tdg"": 192, ""t"": 256, ""ry"": 64}",0.0010095839970745,0.0042217080044792,0.0,2.9040995286777616e-05,0.0068232089979574,1.2884471327950608e-30,100.0,0.9999999999999534
89f1d907,2026-09-22T00:01:35.055517,NEU-DET,scratches,scratches_12.jpg,4x4,4,4,8,NEQR,1024,statevector,12,4,8,122,82,54,"{""h"": 4, ""x"": 64, ""mcx"": 54}",0.0007398339948849,0.0008731250127311,0.0,0.0002375000040046,0.0022549159912159,0.0,100.0,1.0
8202f8aa,2026-09-22T00:01:35.058225,NEU-DET,scratches,scratches_120.jpg,4x4,4,4,8,FRQI,1024,statevector,5,4,1,1092,705,384,"{""h"": 132, ""x"": 64, ""cx"": 384, ""tdg"": 192, ""t"": 256, ""ry"": 64}",0.0011826249974546,0.0041347499936819,0.0,3.2625001040287316e-05,0.0069394589954754,1.6759442376057726e-30,100.0,1.0000000000000089
5c340ac6,2026-09-22T00:01:35.065184,NEU-DET,scratches,scratches_120.jpg,4x4,4,4,8,NEQR,1024,statevector,12,4,8,135,95,67,"{""h"": 4, ""x"": 64, ""mcx"": 67}",0.0008918749954318,0.0009747079893713,0.0,0.0002457910013617,0.0026029170112451,0.0,100.0,1.0
14c389d2,2026-09-22T00:01:35.068173,NEU-DET,scratches,scratches_121.jpg,4x4,4,4,8,FRQI,1024,statevector,5,4,1,1092,705,384,"{""h"": 132, ""x"": 64, ""cx"": 384, ""tdg"": 192, ""t"": 256, ""ry"": 64}",0.0010747079941211,0.0041782500047702,0.0,3.1750008929520845e-05,0.0068822089961031,1.4843142081392428e-30,100.0,1.000000000000006
7168e73e,2026-09-22T00:01:35.075078,NEU-DET,scratches,scratches_121.jpg,4x4,4,4,8,NEQR,1024,statevector,12,4,8,134,94,66,"{""h"": 4, ""x"": 64, ""mcx"": 66}",0.0009198330080835,0.0009739579982124,0.0,0.0002397909993305,0.0026061249955091,0.0,100.0,1.0
e6ccdb7c,2026-09-22T00:01:35.078162,NEU-DET,scratches,scratches_122.jpg,4x4,4,4,8,FRQI,1024,statevector,5,4,1,1092,705,384,"{""h"": 132, ""x"": 64, ""cx"": 384, ""tdg"": 192, ""t"": 256, ""ry"": 64}",0.001074833999155,0.0042012089979834,0.0,2.9458999051712453e-05,0.0069097089872229,1.4885512540168946e-30,100.0,1.0000000000000018
ee611c97,2026-09-22T00:01:35.085095,NEU-DET,scratches,scratches_122.jpg,4x4,4,4,8,NEQR,1024,statevector,12,4,8,135,95,67,"{""h"": 4, ""x"": 64, ""mcx"": 67}",0.0008563339943066,0.0009425409953109,0.0,0.0002497500099707,0.0024911249929573,0.0,100.0,1.0
1ae00803,2026-09-22T00:01:35.087980,NEU-DET,scratches,scratches_123.jpg,4x4,4,4,8,FRQI,1024,statevector,5,4,1,1092,705,384,"{""h"": 132, ""x"": 64, ""cx"": 384, ""tdg"": 192, ""t"": 256, ""ry"": 64}",0.0010381659958511,0.0042417499935254,0.0,3.083400952164084e-05,0.0068961250071879,1.845618665706288e-30,100.0,1.0000000000000038
ad534aae,2026-09-22T00:01:35.094896,NEU-DET,scratches,scratches_123.jpg,4x4,4,4,8,NEQR,1024,statevector,12,4,8,135,95,67,"{""h"": 4, ""x"": 64, ""mcx"": 67}",0.000937958000577,0.0009536249999655,0.0,0.000246708994382,0.0025698749959701,0.0,100.0,1.0
1f28378e,2026-09-22T00:01:35.097928,NEU-DET,scratches,scratches_124.jpg,4x4,4,4,8,FRQI,1024,statevector,5,4,1,1092,705,384,"{""h"": 132, ""x"": 64, ""cx"": 384, ""tdg"": 192, ""t"": 256, ""ry"": 64}",0.001050666993251,0.0041394580039195,0.0,2.9000002541579303e-05,0.0068049999972572,1.6455145444844543e-30,100.0,0.9999999999999896
25040cd1,2026-09-22T00:01:35.104748,NEU-DET,scratches,scratches_124.jpg,4x4,4,4,8,NEQR,1024,statevector,12,4,8,137,97,69,"{""h"": 4, ""x"": 64, ""mcx"": 69}",0.000871249998454,0.0010443750070407,0.0,0.0002532500075176,0.0026589580083964,0.0,100.0,1.0
a762b7ff,2026-09-22T00:01:35.107829,NEU-DET,scratches,scratches_125.jpg,4x4,4,4,8,FRQI,1024,statevector,5,4,1,1092,705,384,"{""h"": 132, ""x"": 64, ""cx"": 384, ""tdg"": 192, ""t"": 256, ""ry"": 64}",0.0010803329932969,0.0043797079997602,0.0,3.9000005926936865e-05,0.0071284169971477,2.1091340303470717e-30,100.0,1.0000000000000022
2a342dd5,2026-09-22T00:01:35.114979,NEU-DET,scratches,scratches_125.jpg,4x4,4,4,8,NEQR,1024,statevector,12,4,8,124,84,56,"{""h"": 4, ""x"": 64, ""mcx"": 56}",0.0007891660061432,0.0009045830083778,0.0,0.0002468330058036,0.0023962909908732,0.0,100.0,1.0
3afa52d2,2026-09-22T00:01:35.117754,NEU-DET,scratches,scratches_126.jpg,4x4,4,4,8,FRQI,1024,statevector,5,4,1,1092,705,384,"{""h"": 132, ""x"": 64, ""cx"": 384, ""tdg"": 192, ""t"": 256, ""ry"": 64}",0.0012063330068485,0.0042072079959325,0.0,4.612500197254121e-05,0.0070320000086212,2.511027461492078e-30,100.0,0.9999999999999992
b4b85687,2026-09-22T00:01:35.124807,NEU-DET,scratches,scratches_126.jpg,4x4,4,4,8,NEQR,1024,statevector,12,4,8,120,80,52,"{""h"": 4, ""x"": 64, ""mcx"": 52}",0.0007936250040074,0.0008833330066408,0.0,0.000240166002186,0.0023260840098373,0.0,100.0,1.0
1689ca65,2026-09-22T00:01:35.127599,NEU-DET,scratches,scratches_127.jpg,4x4,4,4,8,FRQI,1024,statevector,5,4,1,1092,705,384,"{""h"": 132, ""x"": 64, ""cx"": 384, ""tdg"": 192, ""t"": 256, ""ry"": 64}",0.0011018749937647,0.0042385419947095,0.0,3.1208008294925094e-05,0.0069480419915635,1.731844354241612e-30,100.0,1.0000000000000009
f67b8469,2026-09-22T00:01:35.134575,NEU-DET,scratches,scratches_127.jpg,4x4,4,4,8,NEQR,1024,statevector,12,4,8,120,80,52,"{""h"": 4, ""x"": 64, ""mcx"": 52}",0.0007193330093286,0.0009293750044889,0.0,0.0002433330082567,0.0023583749862154,0.0,100.0,1.0
5d9b568a,2026-09-22T00:01:35.137255,NEU-DET,scratches,scratches_128.jpg,4x4,4,4,8,FRQI,1024,statevector,5,4,1,1092,705,384,"{""h"": 132, ""x"": 64, ""cx"": 384, ""tdg"": 192, ""t"": 256, ""ry"": 64}",0.0009966659999918,0.004278249994968,0.0,2.962499274872243e-05,0.0069977499952074,2.369808648319884e-30,100.0,1.0000000000000022
926bb267,2026-09-22T00:01:35.144277,NEU-DET,scratches,scratches_128.jpg,4x4,4,4,8,NEQR,1024,statevector,12,4,8,116,76,48,"{""h"": 4, ""x"": 64, ""mcx"": 48}",0.000714916997822,0.0008490839973092,0.0,0.000233874990954,0.0022615420020883,0.0,100.0,1.0
bbe56ef9,2026-09-22T00:01:35.147026,NEU-DET,scratches,scratches_129.jpg,4x4,4,4,8,FRQI,1024,statevector,5,4,1,1092,705,384,"{""h"": 132, ""x"": 64, ""cx"": 384, ""tdg"": 192, ""t"": 256, ""ry"": 64}",0.0010265830060234,0.0041959170048357,0.0,2.9542003176175054e-05,0.0068998329952592,2.300089984333066e-30,100.0,0.9999999999999976
d0d58dac,2026-09-22T00:01:35.153944,NEU-DET,scratches,scratches_129.jpg,4x4,4,4,8,NEQR,1024,statevector,12,4,8,125,85,57,"{""h"": 4, ""x"": 64, ""mcx"": 57}",0.0007578340009786,0.0009222500084433,0.0,0.0002339170023333,0.0023335000005317,0.0,100.0,1.0
08558f97,2026-09-22T00:01:35.156670,NEU-DET,scratches,scratches_13.jpg,4x4,4,4,8,FRQI,1024,statevector,5,4,1,1092,705,384,"{""h"": 132, ""x"": 64, ""cx"": 384, ""tdg"": 192, ""t"": 256, ""ry"": 64}",0.0010578329965937,0.0041844580118777,0.0,2.991600194945931e-05,0.0068986670084996,1.7907296622912522e-30,100.0,1.0000000000000082
f4cad71f,2026-09-22T00:01:35.163586,NEU-DET,scratches,scratches_13.jpg,4x4,4,4,8,NEQR,1024,statevector,12,4,8,141,101,73,"{""h"": 4, ""x"": 64, ""mcx"": 73}",0.0010316669940948,0.0010467499960213,0.0,0.0002579580032033,0.0027980000013485,0.0,100.0,1.0
32f6c7c0,2026-09-22T00:01:35.166849,NEU-DET,scratches,scratches_130.jpg,4x4,4,4,8,FRQI,1024,statevector,5,4,1,1092,705,384,"{""h"": 132, ""x"": 64, ""cx"": 384, ""tdg"": 192, ""t"": 256, ""ry"": 64}",0.0011111670028185,0.0042000420071417,0.0,3.183400258421898e-05,0.0069187089975457,2.4684162614725105e-30,100.0,1.0
d3f6ef63,2026-09-22T00:01:35.173789,NEU-DET,scratches,scratches_130.jpg,4x4,4,4,8,NEQR,1024,statevector,12,4,8,128,88,60,"{""h"": 4, ""x"": 64, ""mcx"": 60}",0.0008161250007105,0.0009426659962628,0.0,0.0002607499918667,0.0025329579948447,0.0,100.0,1.0
df1c76c9,2026-09-22T00:01:35.176722,NEU-DET,scratches,scratches_131.jpg,4x4,4,4,8,FRQI,1024,statevector,5,4,1,1092,705,384,"{""h"": 132, ""x"": 64, ""cx"": 384, ""tdg"": 192, ""t"": 256, ""ry"": 64}",0.0010128750000149,0.0042314169986639,0.0,3.125000512227416e-05,0.0069037499924888,1.8679594530611797e-30,100.0,1.0000000000000109
8f45b8a8,2026-09-22T00:01:35.183644,NEU-DET,scratches,scratches_131.jpg,4x4,4,4,8,NEQR,1024,statevector,12,4,8,128,88,60,"{""h"": 4, ""x"": 64, ""mcx"": 60}",0.0008713749994058,0.0009344590071123,0.0,0.0002430409949738,0.0024737089988775,0.0,100.0,1.0
42e348d3,2026-09-22T00:01:35.186492,NEU-DET,scratches,scratches_132.jpg,4x4,4,4,8,FRQI,1024,statevector,5,4,1,1092,705,384,"{""h"": 132, ""x"": 64, ""cx"": 384, ""tdg"": 192, ""t"": 256, ""ry"": 64}",0.0010619170061545,0.0042248329991707,0.0,3.2208001357503235e-05,0.0068637090007541,2.2976946089647345e-30,100.0,1.000000000000001
a4f03874,2026-09-22T00:01:35.193376,NEU-DET,scratches,scratches_132.jpg,4x4,4,4,8,NEQR,1024,statevector,12,4,8,122,82,54,"{""h"": 4, ""x"": 64, ""mcx"": 54}",0.0010658750106813,0.000893124990398,0.0,0.0002385420084465,0.0027862080023624,0.0,100.0,1.0
4c350e05,2026-09-22T00:01:35.196713,NEU-DET,scratches,scratches_133.jpg,4x4,4,4,8,FRQI,1024,statevector,5,4,1,1092,705,384,"{""h"": 132, ""x"": 64, ""cx"": 384, ""tdg"": 192, ""t"": 256, ""ry"": 64}",0.0016923749935813,0.0045117920089978,0.0,3.733400080818683e-05,0.0086547500104643,2.242456530747278e-30,100.0,0.9999999999999976
7d8cfa9d,2026-09-22T00:01:35.205390,NEU-DET,scratches,scratches_133.jpg,4x4,4,4,8,NEQR,1024,statevector,12,4,8,130,90,62,"{""h"": 4, ""x"": 64, ""mcx"": 62}",0.0009191249991999,0.0009819580009207,0.0,0.0002468750026309,0.0027162079932168,0.0,100.0,1.0
efea1b3e,2026-09-22T00:01:35.208548,NEU-DET,scratches,scratches_134.jpg,4x4,4,4,8,FRQI,1024,statevector,5,4,1,1092,705,384,"{""h"": 132, ""x"": 64, ""cx"": 384, ""tdg"": 192, ""t"": 256, ""ry"": 64}",0.0010832910047611,0.0042479580006329,0.0,3.174999437760562e-05,0.0070102079916978,2.2040823766053624e-30,100.0,0.999999999999994
f9e2d2f7,2026-09-22T00:01:35.215579,NEU-DET,scratches,scratches_134.jpg,4x4,4,4,8,NEQR,1024,statevector,12,4,8,132,92,64,"{""h"": 4, ""x"": 64, ""mcx"": 64}",0.0008593340025981,0.0009481669985689,0.0,0.0002384169929428,0.0025063750072149,0.0,100.0,1.0
e9a2bea6,2026-09-22T00:01:35.218577,NEU-DET,scratches,scratches_135.jpg,4x4,4,4,8,FRQI,1024,statevector,5,4,1,1092,705,384,"{""h"": 132, ""x"": 64, ""cx"": 384, ""tdg"": 192, ""t"": 256, ""ry"": 64}",0.0010542910022195,0.0042236250010319,0.0,3.0625000363215804e-05,0.0068662499979836,2.0738413641161756e-30,100.0,1.0
28815cae,2026-09-22T00:01:35.225464,NEU-DET,scratches,scratches_135.jpg,4x4,4,4,8,NEQR,1024,statevector,12,4,8,135,95,67,"{""h"": 4, ""x"": 64, ""mcx"": 67}",0.0008797080081421,0.0009608749969629,0.0,0.0002400829980615,0.0025776669936021,0.0,100.0,1.0
0a4eb791,2026-09-22T00:01:35.228427,NEU-DET,scratches,scratches_136.jpg,4x4,4,4,8,FRQI,1024,statevector,5,4,1,1092,705,384,"{""h"": 132, ""x"": 64, ""cx"": 384, ""tdg"": 192, ""t"": 256, ""ry"": 64}",0.0009872919908957,0.0041484590037725,0.0,2.8708003810606897e-05,0.0067262499942444,1.5449810013874406e-30,100.0,1.0000000000000002
dacacf32,2026-09-22T00:01:35.235169,NEU-DET,scratches,scratches_136.jpg,4x4,4,4,8,NEQR,1024,statevector,12,4,8,139,99,71,"{""h"": 4, ""x"": 64, ""mcx"": 71}",0.0011299999896436,0.0010119170037796,0.0,0.0002367080014664,0.002911417002906,0.0,100.0,1.0
ab03737e,2026-09-22T00:01:35.238476,NEU-DET,scratches,scratches_137.jpg,4x4,4,4,8,FRQI,1024,statevector,5,4,1,1092,705,384,"{""h"": 132, ""x"": 64, ""cx"": 384, ""tdg"": 192, ""t"": 256, ""ry"": 64}",0.0010180000099353,0.0041643330041551,0.0,2.970799687318504e-05,0.0068064169900026,2.07923396796046e-30,100.0,0.9999999999999978
a79b4a32,2026-09-22T00:01:35.245302,NEU-DET,scratches,scratches_137.jpg,4x4,4,4,8,NEQR,1024,statevector,12,4,8,131,91,63,"{""h"": 4, ""x"": 64, ""mcx"": 63}",0.0008789999992586,0.000960125005804,0.0,0.0002448750019539,0.0025187080027535,0.0,100.0,1.0
a105db1d,2026-09-22T00:01:35.248293,NEU-DET,scratches,scratches_138.jpg,4x4,4,4,8,FRQI,1024,statevector,5,4,1,1092,705,384,"{""h"": 132, ""x"": 64, ""cx"": 384, ""tdg"": 192, ""t"": 256, ""ry"": 64}",0.0010544579999987,0.0041379580070497,0.0,3.195799945387989e-05,0.0068157909990986,1.6591886470896037e-30,100.0,0.9999999999999942
6594f68a,2026-09-22T00:01:35.255127,NEU-DET,scratches,scratches_138.jpg,4x4,4,4,8,NEQR,1024,statevector,12,4,8,133,93,65,"{""h"": 4, ""x"": 64, ""mcx"": 65}",0.0008870000019669,0.0009525420027785,0.0,0.0002638749865582,0.0027012079954147,0.0,100.0,1.0
f86bb6d2,2026-09-22T00:01:35.258240,NEU-DET,scratches,scratches_139.jpg,4x4,4,4,8,FRQI,1024,statevector,5,4,1,1092,705,384,"{""h"": 132, ""x"": 64, ""cx"": 384, ""tdg"": 192, ""t"": 256, ""ry"": 64}",0.0009920000011334,0.0041752499964786,0.0,3.487500362098217e-05,0.006835249994765,1.1723135571485105e-30,100.0,0.9999999999999958
eeed35a1,2026-09-22T00:01:35.265099,NEU-DET,scratches,scratches_139.jpg,4x4,4,4,8,NEQR,1024,statevector,12,4,8,126,86,58,"{""h"": 4, ""x"": 64, ""mcx"": 58}",0.0008176250121323,0.0009485829941695,0.0,0.0002410000015515,0.002461417010636,0.0,100.0,1.0
d68d527f,2026-09-22T00:01:35.268025,NEU-DET,scratches,scratches_14.jpg,4x4,4,4,8,FRQI,1024,statevector,5,4,1,1092,705,384,"{""h"": 132, ""x"": 64, ""cx"": 384, ""tdg"": 192, ""t"": 256, ""ry"": 64}",0.0010442919883644,0.004419124990818,0.0,3.254199691582471e-05,0.0070909170026425,1.3007730844391393e-30,100.0,0.9999999999999744
60706816,2026-09-22T00:01:35.275142,NEU-DET,scratches,scratches_14.jpg,4x4,4,4,8,NEQR,1024,statevector,12,4,8,138,98,70,"{""h"": 4, ""x"": 64, ""mcx"": 70}",0.0009424169984413,0.0010254999942844,0.0,0.0002356250042794,0.0027136249991599,0.0,100.0,1.0
4977fa90,2026-09-22T00:01:35.278272,NEU-DET,scratches,scratches_140.jpg,4x4,4,4,8,FRQI,1024,statevector,5,4,1,1092,705,384,"{""h"": 132, ""x"": 64, ""cx"": 384, ""tdg"": 192, ""t"": 256, ""ry"": 64}",0.0010754160030046,0.0041296659910585,0.0,3.11659969156608e-05,0.0068033329880563,1.51339575029949e-30,100.0,1.0000000000000004
8fab33a1,2026-09-22T00:01:35.285097,NEU-DET,scratches,scratches_140.jpg,4x4,4,4,8,NEQR,1024,statevector,12,4,8,143,103,75,"{""h"": 4, ""x"": 64, ""mcx"": 75}",0.0009690419974504,0.0010805409983731,0.0,0.000241666988586,0.0027779579977504,0.0,100.0,1.0
d0eed78b,2026-09-22T00:01:35.288296,NEU-DET,scratches,scratches_141.jpg,4x4,4,4,8,FRQI,1024,statevector,5,4,1,1092,705,384,"{""h"": 132, ""x"": 64, ""cx"": 384, ""tdg"": 192, ""t"": 256, ""ry"": 64}",0.0010379999876022,0.0042504159937379,0.0,3.104099596384913e-05,0.0069283750053728,1.5372772816098917e-30,100.0,1.0000000000000004
25070765,2026-09-22T00:01:35.295243,NEU-DET,scratches,scratches_141.jpg,4x4,4,4,8,NEQR,1024,statevector,12,4,8,134,94,66,"{""h"": 4, ""x"": 64, ""mcx"": 66}",0.0009559159952914,0.0009508750081295,0.0,0.0002375839976593,0.0026037920033559,0.0,100.0,1.0
49a373ab,2026-09-22T00:01:35.298336,NEU-DET,scratches,scratches_142.jpg,4x4,4,4,8,FRQI,1024,statevector,5,4,1,1092,705,384,"{""h"": 132, ""x"": 64, ""cx"": 384, ""tdg"": 192, ""t"": 256, ""ry"": 64}",0.0009993340063374,0.0041353749984409,0.0,2.9333008569665253e-05,0.0067314579937374,1.5532625001483055e-30,100.0,0.9999999999999988
b343f077,2026-09-22T00:01:35.305083,NEU-DET,scratches,scratches_142.jpg,4x4,4,4,8,NEQR,1024,statevector,12,4,8,139,99,71,"{""h"": 4, ""x"": 64, ""mcx"": 71}",0.0009131250117206,0.0009847920009633,0.0,0.000241540998104,0.0026400000060675,0.0,100.0,1.0
7a28f010,2026-09-22T00:01:35.308129,NEU-DET,scratches,scratches_143.jpg,4x4,4,4,8,FRQI,1024,statevector,5,4,1,1092,705,384,"{""h"": 132, ""x"": 64, ""cx"": 384, ""tdg"": 192, ""t"": 256, ""ry"": 64}",0.0010087080008815,0.0041077499918174,0.0,3.087500226683915e-05,0.0067655830061994,1.3398694623102e-30,100.0,0.9999999999999968
f44053b9,2026-09-22T00:01:35.314913,NEU-DET,scratches,scratches_143.jpg,4x4,4,4,8,NEQR,1024,statevector,12,4,8,128,88,60,"{""h"": 4, ""x"": 64, ""mcx"": 60}",0.0008022920083021,0.0009748330048751,0.0,0.0002613329997984,0.0025673339987406,0.0,100.0,1.0
961b2799,2026-09-22T00:01:35.317958,NEU-DET,scratches,scratches_144.jpg,4x4,4,4,8,FRQI,1024,statevector,5,4,1,1092,705,384,"{""h"": 132, ""x"": 64, ""cx"": 384, ""tdg"": 192, ""t"": 256, ""ry"": 64}",0.0011479999957373,0.0041924999968614,0.0,3.195799945387989e-05,0.0069609590136678,1.2740026582121563e-30,100.0,0.9999999999999994
04bad898,2026-09-22T00:01:35.324937,NEU-DET,scratches,scratches_144.jpg,4x4,4,4,8,NEQR,1024,statevector,12,4,8,135,95,67,"{""h"": 4, ""x"": 64, ""mcx"": 67}",0.0009320829994976,0.0009524579945718,0.0,0.0002640000020619,0.0026167499891016,0.0,100.0,1.0
0b0a61f4,2026-09-22T00:01:35.327961,NEU-DET,scratches,scratches_145.jpg,4x4,4,4,8,FRQI,1024,statevector,5,4,1,1092,705,384,"{""h"": 132, ""x"": 64, ""cx"": 384, ""tdg"": 192, ""t"": 256, ""ry"": 64}",0.0010524999961489,0.0041883340018102,0.0,3.170799755025655e-05,0.0068108330015093,1.7052183727604586e-30,100.0,0.9999999999999976
5b572f1e,2026-09-22T00:01:35.334793,NEU-DET,scratches,scratches_145.jpg,4x4,4,4,8,NEQR,1024,statevector,12,4,8,126,86,58,"{""h"": 4, ""x"": 64, ""mcx"": 58}",0.0007807910005794,0.0008911249897209,0.0,0.0002443330013193,0.0023306670045712,0.0,100.0,1.0
fe17459b,2026-09-22T00:01:35.337617,NEU-DET,scratches,scratches_146.jpg,4x4,4,4,8,FRQI,1024,statevector,5,4,1,1092,705,384,"{""h"": 132, ""x"": 64, ""cx"": 384, ""tdg"": 192, ""t"": 256, ""ry"": 64}",0.0011145830067107,0.0041717909916769,0.0,3.0041992431506515e-05,0.0068676249939017,1.6152774443575747e-30,100.0,1.000000000000003
9cb4d9ce,2026-09-22T00:01:35.344501,NEU-DET,scratches,scratches_146.jpg,4x4,4,4,8,NEQR,1024,statevector,12,4,8,137,97,69,"{""h"": 4, ""x"": 64, ""mcx"": 69}",0.0009433329978492,0.0010015419975388,0.0,0.0002414170012343,0.0026571249909466,0.0,100.0,1.0
4a0af51b,2026-09-22T00:01:35.347660,NEU-DET,scratches,scratches_147.jpg,4x4,4,4,8,FRQI,1024,statevector,5,4,1,1092,705,384,"{""h"": 132, ""x"": 64, ""cx"": 384, ""tdg"": 192, ""t"": 256, ""ry"": 64}",0.0010366250062361,0.0041583749989513,0.0,2.983299782499671e-05,0.0068190840102033,2.0357079512173083e-30,100.0,0.9999999999999964
c358fbbe,2026-09-22T00:01:35.354497,NEU-DET,scratches,scratches_147.jpg,4x4,4,4,8,NEQR,1024,statevector,12,4,8,126,86,58,"{""h"": 4, ""x"": 64, ""mcx"": 58}",0.0009102500043809,0.0011359589989297,0.0,0.0002435000060359,0.0027192909910809,0.0,100.0,1.0
6a441109,2026-09-22T00:01:35.357641,NEU-DET,scratches,scratches_148.jpg,4x4,4,4,8,FRQI,1024,statevector,5,4,1,1092,705,384,"{""h"": 132, ""x"": 64, ""cx"": 384, ""tdg"": 192, ""t"": 256, ""ry"": 64}",0.0010285830067005,0.0042060830019181,0.0,3.370900230947882e-05,0.0069270840031094,1.6722849707114372e-30,100.0,1.0000000000000042
0027b845,2026-09-22T00:01:35.364588,NEU-DET,scratches,scratches_148.jpg,4x4,4,4,8,NEQR,1024,statevector,12,4,8,135,95,67,"{""h"": 4, ""x"": 64, ""mcx"": 67}",0.0008960840059444,0.001029582999763,0.0,0.0002437089860904,0.0027215000009164,0.0,100.0,1.0
5bf9ceb2,2026-09-22T00:01:35.367743,NEU-DET,scratches,scratches_149.jpg,4x4,4,4,8,FRQI,1024,statevector,5,4,1,1092,705,384,"{""h"": 132, ""x"": 64, ""cx"": 384, ""tdg"": 192, ""t"": 256, ""ry"": 64}",0.00100604101317,0.0041705409967107,0.0,3.045798803213984e-05,0.0067971669923281,2.776565052574468e-30,100.0,1.0000000000000022
9a2720af,2026-09-22T00:01:35.374558,NEU-DET,scratches,scratches_149.jpg,4x4,4,4,8,NEQR,1024,statevector,12,4,8,123,83,55,"{""h"": 4, ""x"": 64, ""mcx"": 55}",0.0008007089927559,0.0008913749916246,0.0,0.0002384999970672,0.0023703330080024,0.0,100.0,1.0
2902742d,2026-09-22T00:01:35.377330,NEU-DET,scratches,scratches_15.jpg,4x4,4,4,8,FRQI,1024,statevector,5,4,1,1092,705,384,"{""h"": 132, ""x"": 64, ""cx"": 384, ""tdg"": 192, ""t"": 256, ""ry"": 64}",0.0010762089950731,0.0042037080129375,0.0,3.020900476258248e-05,0.0068902920029358,1.2144914229305911e-30,100.0,1.0000000000000098
157a21a6,2026-09-22T00:01:35.384242,NEU-DET,scratches,scratches_15.jpg,4x4,4,4,8,NEQR,1024,statevector,12,4,8,122,82,54,"{""h"": 4, ""x"": 64, ""mcx"": 54}",0.0008108330075629,0.0009303330007242,0.0,0.0002499590045772,0.0024319590011145,0.0,100.0,1.0
7c828d6b,2026-09-22T00:01:35.387145,NEU-DET,scratches,scratches_150.jpg,4x4,4,4,8,FRQI,1024,statevector,5,4,1,1092,705,384,"{""h"": 132, ""x"": 64, ""cx"": 384, ""tdg"": 192, ""t"": 256, ""ry"": 64}",0.0011779170017689,0.0042333750025136,0.0,2.9916991479694843e-05,0.0070149999955901,2.2468861696193687e-30,100.0,0.9999999999999952
c908f160,2026-09-22T00:01:35.394176,NEU-DET,scratches,scratches_150.jpg,4x4,4,4,8,NEQR,1024,statevector,12,4,8,125,85,57,"{""h"": 4, ""x"": 64, ""mcx"": 57}",0.0007498749910155,0.0008731250127311,0.0,0.0002400829980615,0.0022915410081623,0.0,100.0,1.0
e2ad07c9,2026-09-22T00:01:35.396841,NEU-DET,scratches,scratches_151.jpg,4x4,4,4,8,FRQI,1024,statevector,5,4,1,1092,705,384,"{""h"": 132, ""x"": 64, ""cx"": 384, ""tdg"": 192, ""t"": 256, ""ry"": 64}",0.0010099589999299,0.0041419170011067,0.0,3.187499532941729e-05,0.0068157909990986,2.1786601013394512e-30,100.0,0.9999999999999938
84f76028,2026-09-22T00:01:35.403678,NEU-DET,scratches,scratches_151.jpg,4x4,4,4,8,NEQR,1024,statevector,12,4,8,125,85,57,"{""h"": 4, ""x"": 64, ""mcx"": 57}",0.0008260829927166,0.0008916250080801,0.0,0.0002454159985063,0.0023790000122971,0.0,100.0,1.0
c21d87da,2026-09-22T00:01:35.406413,NEU-DET,scratches,scratches_152.jpg,4x4,4,4,8,FRQI,1024,statevector,5,4,1,1092,705,384,"{""h"": 132, ""x"": 64, ""cx"": 384, ""tdg"": 192, ""t"": 256, ""ry"": 64}",0.0010294579988112,0.00417345900496,0.0,2.9084010748192668e-05,0.0068114579917164,2.302352952017721e-30,100.0,0.9999999999999928
53bd59b9,2026-09-22T00:01:35.413245,NEU-DET,scratches,scratches_152.jpg,4x4,4,4,8,NEQR,1024,statevector,12,4,8,132,92,64,"{""h"": 4, ""x"": 64, ""mcx"": 64}",0.0008295419975183,0.0009649170096963,0.0,0.0002378329954808,0.0025504579971311,0.0,100.0,1.0
a240ef18,2026-09-22T00:01:35.416313,NEU-DET,scratches,scratches_153.jpg,4x4,4,4,8,FRQI,1024,statevector,5,4,1,1092,705,384,"{""h"": 132, ""x"": 64, ""cx"": 384, ""tdg"": 192, ""t"": 256, ""ry"": 64}",0.0010081250075018,0.0041524999978719,0.0,2.9999995604157448e-05,0.0067870000057155,1.8802854047052584e-30,100.0,1.0000000000000124
edb8961d,2026-09-22T00:01:35.423115,NEU-DET,scratches,scratches_153.jpg,4x4,4,4,8,NEQR,1024,statevector,12,4,8,119,79,51,"{""h"": 4, ""x"": 64, ""mcx"": 51}",0.0007266250031534,0.0008444580016657,0.0,0.000236624997342,0.0022143750102259,0.0,100.0,1.0
f6207cd7,2026-09-22T00:01:35.425720,NEU-DET,scratches,scratches_154.jpg,4x4,4,4,8,FRQI,1024,statevector,5,4,1,1092,705,384,"{""h"": 132, ""x"": 64, ""cx"": 384, ""tdg"": 192, ""t"": 256, ""ry"": 64}",0.001100834007957,0.0042116249969694,0.0,3.300000389572233e-05,0.0069688329967902,1.8777816957775553e-30,100.0,0.9999999999999848
e1966ffa,2026-09-22T00:01:35.432711,NEU-DET,scratches,scratches_154.jpg,4x4,4,4,8,NEQR,1024,statevector,12,4,8,136,96,68,"{""h"": 4, ""x"": 64, ""mcx"": 68}",0.0009336249931948,0.0010234170040348,0.0,0.0002405830018687,0.0029817500035278,0.0,100.0,1.0
f8791c0e,2026-09-22T00:01:35.436119,NEU-DET,scratches,scratches_155.jpg,4x4,4,4,8,FRQI,1024,statevector,5,4,1,1092,705,384,"{""h"": 132, ""x"": 64, ""cx"": 384, ""tdg"": 192, ""t"": 256, ""ry"": 64}",0.001072250001016,0.0043595410097623,0.0,3.275000199209899e-05,0.0070540409942623,1.840033468867565e-30,100.0,1.0000000000000049
75e234eb,2026-09-22T00:01:35.443195,NEU-DET,scratches,scratches_155.jpg,4x4,4,4,8,NEQR,1024,statevector,12,4,8,132,92,64,"{""h"": 4, ""x"": 64, ""mcx"": 64}",0.0008455409988528,0.0010441250051371,0.0,0.0002499999973224,0.0025909169926308,0.0,100.0,1.0
752535a0,2026-09-22T00:01:35.446275,NEU-DET,scratches,scratches_156.jpg,4x4,4,4,8,FRQI,1024,statevector,5,4,1,1092,705,384,"{""h"": 132, ""x"": 64, ""cx"": 384, ""tdg"": 192, ""t"": 256, ""ry"": 64}",0.0010734170064097,0.0042189999949187,0.0,3.387501055840403e-05,0.0069087500014575,2.2633528706438796e-30,100.0,1.0000000000000044
78c49a0d,2026-09-22T00:01:35.453210,NEU-DET,scratches,scratches_156.jpg,4x4,4,4,8,NEQR,1024,statevector,12,4,8,120,80,52,"{""h"": 4, ""x"": 64, ""mcx"": 52}",0.0009022080048453,0.0008424169936915,0.0,0.0002359579957555,0.0023874590115156,0.0,100.0,1.0
efbf9425,2026-09-22T00:01:35.455985,NEU-DET,scratches,scratches_157.jpg,4x4,4,4,8,FRQI,1024,statevector,5,4,1,1092,705,384,"{""h"": 132, ""x"": 64, ""cx"": 384, ""tdg"": 192, ""t"": 256, ""ry"": 64}",0.0010043330112239,0.0042304999951738,0.0,3.204098902642727e-05,0.0068544170062523,1.8592927683114375e-30,100.0,0.9999999999999988
b0e3baa4,2026-09-22T00:01:35.462857,NEU-DET,scratches,scratches_157.jpg,4x4,4,4,8,NEQR,1024,statevector,12,4,8,132,92,64,"{""h"": 4, ""x"": 64, ""mcx"": 64}",0.0008445830026175,0.0009540839964756,0.0,0.0002430409949738,0.0025773749948712,0.0,100.0,1.0
7f796655,2026-09-22T00:01:35.465915,NEU-DET,scratches,scratches_158.jpg,4x4,4,4,8,FRQI,1024,statevector,5,4,1,1092,705,384,"{""h"": 132, ""x"": 64, ""cx"": 384, ""tdg"": 192, ""t"": 256, ""ry"": 64}",0.0010507499973755,0.0040928329981397,0.0,3.1499992473982275e-05,0.0067778329976135,2.4104939183950644e-30,100.0,1.0000000000000089
c8f15d96,2026-09-22T00:01:35.472713,NEU-DET,scratches,scratches_158.jpg,4x4,4,4,8,NEQR,1024,statevector,12,4,8,130,90,62,"{""h"": 4, ""x"": 64, ""mcx"": 62}",0.0009335840004496,0.0009624169906601,0.0,0.0002355839969823,0.0026754999998956,0.0,100.0,1.0
938bc7e8,2026-09-22T00:01:35.475814,NEU-DET,scratches,scratches_159.jpg,4x4,4,4,8,FRQI,1024,statevector,5,4,1,1092,705,384,"{""h"": 132, ""x"": 64, ""cx"": 384, ""tdg"": 192, ""t"": 256, ""ry"": 64}",0.0010502080112928,0.0041789580136537,0.0,3.183301305398345e-05,0.0068265829904703,1.4733364074562354e-30,100.0,0.9999999999999956
d640a3fb,2026-09-22T00:01:35.482660,NEU-DET,scratches,scratches_159.jpg,4x4,4,4,8,NEQR,1024,statevector,12,4,8,132,92,64,"{""h"": 4, ""x"": 64, ""mcx"": 64}",0.0008533340005669,0.0009457080013817,0.0,0.0002392500027781,0.0025147919950541,0.0,100.0,1.0
a3643038,2026-09-22T00:01:35.485649,NEU-DET,scratches,scratches_16.jpg,4x4,4,4,8,FRQI,1024,statevector,5,4,1,1092,705,384,"{""h"": 132, ""x"": 64, ""cx"": 384, ""tdg"": 192, ""t"": 256, ""ry"": 64}",0.0010310830111848,0.004132624992053,0.0,3.1584000680595636e-05,0.0067472499940777,1.5153216802438772e-30,100.0,0.9999999999999972
0b488765,2026-09-22T00:01:35.492414,NEU-DET,scratches,scratches_16.jpg,4x4,4,4,8,NEQR,1024,statevector,12,4,8,122,82,54,"{""h"": 4, ""x"": 64, ""mcx"": 54}",0.0008234590059146,0.001245416002348,0.0,0.0004126249987166,0.0030545000045094,0.0,100.0,1.0
90cffd94,2026-09-22T00:01:35.495915,NEU-DET,scratches,scratches_160.jpg,4x4,4,4,8,FRQI,1024,statevector,5,4,1,1092,705,384,"{""h"": 132, ""x"": 64, ""cx"": 384, ""tdg"": 192, ""t"": 256, ""ry"": 64}",0.0015082089958013,0.0042532079969532,0.0,2.97920050797984e-05,0.0075657080014934,1.887796531488369e-30,100.0,1.0000000000000062
5ab05292,2026-09-22T00:01:35.503500,NEU-DET,scratches,scratches_160.jpg,4x4,4,4,8,NEQR,1024,statevector,12,4,8,127,87,59,"{""h"": 4, ""x"": 64, ""mcx"": 59}",0.0008427499997196,0.0009119160094996,0.0,0.000236624997342,0.002426082995953,0.0,100.0,1.0
b6a2e5cd,2026-09-22T00:01:35.506364,NEU-DET,scratches,scratches_161.jpg,4x4,4,4,8,FRQI,1024,statevector,5,4,1,1092,705,384,"{""h"": 132, ""x"": 64, ""cx"": 384, ""tdg"": 192, ""t"": 256, ""ry"": 64}",0.001026041994919,0.0042068749899044,0.0,3.2916999771259725e-05,0.0070832089986652,1.874892800860974e-30,100.0,1.0000000000000164
18063f71,2026-09-22T00:01:35.513465,NEU-DET,scratches,scratches_161.jpg,4x4,4,4,8,NEQR,1024,statevector,12,4,8,124,84,56,"{""h"": 4, ""x"": 64, ""mcx"": 56}",0.000774458007072,0.0009343749989056,0.0,0.0002499999973224,0.0025525420060148,0.0,100.0,1.0
eb38adc5,2026-09-22T00:01:35.516568,NEU-DET,scratches,scratches_162.jpg,4x4,4,4,8,FRQI,1024,statevector,5,4,1,1092,705,384,"{""h"": 132, ""x"": 64, ""cx"": 384, ""tdg"": 192, ""t"": 256, ""ry"": 64}",0.0012115419958718,0.0042246669909218,0.0,3.225001273676753e-05,0.0070307080022757,2.3265233728197813e-30,100.0,0.9999999999999942
cd35364d,2026-09-22T00:01:35.523616,NEU-DET,scratches,scratches_162.jpg,4x4,4,4,8,NEQR,1024,statevector,12,4,8,134,94,66,"{""h"": 4, ""x"": 64, ""mcx"": 66}",0.0009749169985298,0.0009786250011529,0.0,0.0002467919985065,0.002725583006395,0.0,100.0,1.0
ace02462,2026-09-22T00:01:35.526746,NEU-DET,scratches,scratches_163.jpg,4x4,4,4,8,FRQI,1024,statevector,5,4,1,1092,705,384,"{""h"": 132, ""x"": 64, ""cx"": 384, ""tdg"": 192, ""t"": 256, ""ry"": 64}",0.0010332499950891,0.0043151249992661,0.0,3.058300353586674e-05,0.006956084005651,1.859485361305876e-30,100.0,1.0000000000000078
013a121c,2026-09-22T00:01:35.533720,NEU-DET,scratches,scratches_163.jpg,4x4,4,4,8,NEQR,1024,statevector,12,4,8,134,94,66,"{""h"": 4, ""x"": 64, ""mcx"": 66}",0.0008519999973941,0.0009717089997138,0.0,0.0002422079996904,0.0025152909947792,0.0,100.0,1.0
bf8ff1fc,2026-09-22T00:01:35.536712,NEU-DET,scratches,scratches_164.jpg,4x4,4,4,8,FRQI,1024,statevector,5,4,1,1092,705,384,"{""h"": 132, ""x"": 64, ""cx"": 384, ""tdg"": 192, ""t"": 256, ""ry"": 64}",0.0010552919993642,0.0042872500052908,0.0,3.1332994694821537e-05,0.006992042006459,2.0193375466900168e-30,100.0,1.0000000000000038
4d5ec5c8,2026-09-22T00:01:35.543724,NEU-DET,scratches,scratches_164.jpg,4x4,4,4,8,NEQR,1024,statevector,12,4,8,123,83,55,"{""h"": 4, ""x"": 64, ""mcx"": 55}",0.0007650419865967,0.000900625003851,0.0,0.000238624998019,0.0023296660074265,0.0,100.0,1.0
5270381a,2026-09-22T00:01:35.546457,NEU-DET,scratches,scratches_165.jpg,4x4,4,4,8,FRQI,1024,statevector,5,4,1,1092,705,384,"{""h"": 132, ""x"": 64, ""cx"": 384, ""tdg"": 192, ""t"": 256, ""ry"": 64}",0.0010082920052809,0.0041899589996319,0.0,3.0499999411404133e-05,0.0068105829996056,2.579975753501141e-30,100.0,0.9999999999999912
f4cfd814,2026-09-22T00:01:35.553285,NEU-DET,scratches,scratches_165.jpg,4x4,4,4,8,NEQR,1024,statevector,12,4,8,128,88,60,"{""h"": 4, ""x"": 64, ""mcx"": 60}",0.0009678329952294,0.0009117500012507,0.0,0.0002524579904275,0.0025693749921629,0.0,100.0,1.0
e4d4f3d0,2026-09-22T00:01:35.556375,NEU-DET,scratches,scratches_166.jpg,4x4,4,4,8,FRQI,1024,statevector,5,4,1,1092,705,384,"{""h"": 132, ""x"": 64, ""cx"": 384, ""tdg"": 192, ""t"": 256, ""ry"": 64}",0.0010424590000184,0.0042107499903067,0.0,3.112500417046249e-05,0.0069306249934015,1.5904329480749794e-30,100.0,0.9999999999999948
7c6bee41,2026-09-22T00:01:35.563324,NEU-DET,scratches,scratches_166.jpg,4x4,4,4,8,NEQR,1024,statevector,12,4,8,126,86,58,"{""h"": 4, ""x"": 64, ""mcx"": 58}",0.0007824579952284,0.0009054999973159,0.0,0.0002722089993767,0.0024374169879592,0.0,100.0,1.0
de94ec51,2026-09-22T00:01:35.566177,NEU-DET,scratches,scratches_167.jpg,4x4,4,4,8,FRQI,1024,statevector,5,4,1,1092,705,384,"{""h"": 132, ""x"": 64, ""cx"": 384, ""tdg"": 192, ""t"": 256, ""ry"": 64}",0.0011965000012423,0.0041539170051692,0.0,3.095800639130175e-05,0.0069812090077903,1.9360892248438785e-30,100.0,1.000000000000001
880f6174,2026-09-22T00:01:35.573178,NEU-DET,scratches,scratches_167.jpg,4x4,4,4,8,NEQR,1024,statevector,12,4,8,123,83,55,"{""h"": 4, ""x"": 64, ""mcx"": 55}",0.0007774170080665,0.0008916670049075,0.0,0.0002354169992031,0.0023257080028997,0.0,100.0,1.0
242a25d4,2026-09-22T00:01:35.575957,NEU-DET,scratches,scratches_168.jpg,4x4,4,4,8,FRQI,1024,statevector,5,4,1,1092,705,384,"{""h"": 132, ""x"": 64, ""cx"": 384, ""tdg"": 192, ""t"": 256, ""ry"": 64}",0.0010504579986445,0.004269540993846,0.0,3.0458992114290595e-05,0.0069725420034956,2.2265676087060834e-30,100.0,0.9999999999999948
83c70c19,2026-09-22T00:01:35.582949,NEU-DET,scratches,scratches_168.jpg,4x4,4,4,8,NEQR,1024,statevector,12,4,8,119,79,51,"{""h"": 4, ""x"": 64, ""mcx"": 51}",0.0008007920114323,0.0009342910052509,0.0,0.0002497500099707,0.0024315000046044,0.0,100.0,1.0
dcc16f31,2026-09-22T00:01:35.585830,NEU-DET,scratches,scratches_169.jpg,4x4,4,4,8,FRQI,1024,statevector,5,4,1,1092,705,384,"{""h"": 132, ""x"": 64, ""cx"": 384, ""tdg"": 192, ""t"": 256, ""ry"": 64}",0.0010771250090328,0.00424170801125,0.0,3.1750008929520845e-05,0.0072557079984107,2.3300863432168973e-30,100.0,0.9999999999999942
1181a8ef,2026-09-22T00:01:35.593109,NEU-DET,scratches,scratches_169.jpg,4x4,4,4,8,NEQR,1024,statevector,12,4,8,117,77,49,"{""h"": 4, ""x"": 64, ""mcx"": 49}",0.0009084580087801,0.0008522909920429,0.0,0.0002455000067129,0.0024160840112017,0.0,100.0,1.0
7ea394d6,2026-09-22T00:01:35.595902,NEU-DET,scratches,scratches_17.jpg,4x4,4,4,8,FRQI,1024,statevector,5,4,1,1092,705,384,"{""h"": 132, ""x"": 64, ""cx"": 384, ""tdg"": 192, ""t"": 256, ""ry"": 64}",0.0010239999974146,0.004190000006929,0.0,3.1042000045999885e-05,0.0068408750084927,1.6732479356836305e-30,100.0,1.000000000000003
56490b24,2026-09-22T00:01:35.602759,NEU-DET,scratches,scratches_17.jpg,4x4,4,4,8,NEQR,1024,statevector,12,4,8,135,95,67,"{""h"": 4, ""x"": 64, ""mcx"": 67}",0.000871083990205,0.0009594169969204,0.0,0.0002434589987387,0.0025680839898996,0.0,100.0,1.0
05c3d75a,2026-09-22T00:01:35.605807,NEU-DET,scratches,scratches_170.jpg,4x4,4,4,8,FRQI,1024,statevector,5,4,1,1092,705,384,"{""h"": 132, ""x"": 64, ""cx"": 384, ""tdg"": 192, ""t"": 256, ""ry"": 64}",0.0010150000016437,0.0041544590058038,0.0,3.4707991289906204e-05,0.0068251250049797,2.980882145549649e-30,100.0,1.0000000000000058
a1b5774c,2026-09-22T00:01:35.612651,NEU-DET,scratches,scratches_170.jpg,4x4,4,4,8,NEQR,1024,statevector,12,4,8,118,78,50,"{""h"": 4, ""x"": 64, ""mcx"": 50}",0.0007964160031406,0.0009228330018231,0.0,0.0002422079996904,0.0024388329911744,0.0,100.0,1.0
29dedb42,2026-09-22T00:01:35.615472,NEU-DET,scratches,scratches_171.jpg,4x4,4,4,8,FRQI,1024,statevector,5,4,1,1092,705,384,"{""h"": 132, ""x"": 64, ""cx"": 384, ""tdg"": 192, ""t"": 256, ""ry"": 64}",0.0010518750059418,0.0041881669894792,0.0,3.0082999728620052e-05,0.0068467910023173,1.6289876581491813e-30,100.0,1.000000000000004
8c5f350e,2026-09-22T00:01:35.622335,NEU-DET,scratches,scratches_171.jpg,4x4,4,4,8,NEQR,1024,statevector,12,4,8,121,81,53,"{""h"": 4, ""x"": 64, ""mcx"": 53}",0.0007270420028362,0.0008900419925339,0.0,0.0002352919982513,0.0022569580032723,0.0,100.0,1.0
1734d82c,2026-09-22T00:01:35.624961,NEU-DET,scratches,scratches_172.jpg,4x4,4,4,8,FRQI,1024,statevector,5,4,1,1092,705,384,"{""h"": 132, ""x"": 64, ""cx"": 384, ""tdg"": 192, ""t"": 256, ""ry"": 64}",0.0010230409970972,0.0042557089909678,0.0,3.4042008337564766e-05,0.0069901660026516,2.1490970766931068e-30,100.0,1.0000000000000036
873d4473,2026-09-22T00:01:35.631969,NEU-DET,scratches,scratches_172.jpg,4x4,4,4,8,NEQR,1024,statevector,12,4,8,123,83,55,"{""h"": 4, ""x"": 64, ""mcx"": 55}",0.0007930830033728,0.0008902499976102,0.0,0.0002342919906368,0.002378667006269,0.0,100.0,1.0
cf73b233,2026-09-22T00:01:35.634793,NEU-DET,scratches,scratches_173.jpg,4x4,4,4,8,FRQI,1024,statevector,5,4,1,1092,705,384,"{""h"": 132, ""x"": 64, ""cx"": 384, ""tdg"": 192, ""t"": 256, ""ry"": 64}",0.0010182910045841,0.0042555420077405,0.0,5.324999801814556e-05,0.0069118339888518,2.969338602945478e-30,100.0,1.0000000000000009
f2cf82a7,2026-09-22T00:01:35.641722,NEU-DET,scratches,scratches_173.jpg,4x4,4,4,8,NEQR,1024,statevector,12,4,8,122,82,54,"{""h"": 4, ""x"": 64, ""mcx"": 54}",0.0008407080022152,0.0009014590032165,0.0,0.0002434170019114,0.0025427080108784,0.0,100.0,1.0
cf1d2bba,2026-09-22T00:01:35.644652,NEU-DET,scratches,scratches_174.jpg,4x4,4,4,8,FRQI,1024,statevector,5,4,1,1092,705,384,"{""h"": 132, ""x"": 64, ""cx"": 384, ""tdg"": 192, ""t"": 256, ""ry"": 64}",0.0009969170059775,0.0041942919924622,0.0,3.1167000997811556e-05,0.0067936669947812,1.6496071456162772e-30,100.0,1.0000000000000044
36d455df,2026-09-22T00:01:35.651467,NEU-DET,scratches,scratches_174.jpg,4x4,4,4,8,NEQR,1024,statevector,12,4,8,119,79,51,"{""h"": 4, ""x"": 64, ""mcx"": 51}",0.0007243329891934,0.0008378749917028,0.0,0.000237707994529,0.0022090419952291,0.0,100.0,1.0
7023ddfe,2026-09-22T00:01:35.654175,NEU-DET,scratches,scratches_175.jpg,4x4,4,4,8,FRQI,1024,statevector,5,4,1,1092,705,384,"{""h"": 132, ""x"": 64, ""cx"": 384, ""tdg"": 192, ""t"": 256, ""ry"": 64}",0.0012011250073555,0.0042272499995306,0.0,0.0001853750000009,0.0073361660033697,2.4533458596576804e-30,100.0,1.0000000000000016
46478e36,2026-09-22T00:01:35.661532,NEU-DET,scratches,scratches_175.jpg,4x4,4,4,8,NEQR,1024,statevector,12,4,8,125,85,57,"{""h"": 4, ""x"": 64, ""mcx"": 57}",0.0008401249942835,0.0009340420074295,0.0,0.0002414999908069,0.0024922499869717,0.0,100.0,1.0
d911d1f2,2026-09-22T00:01:35.664471,NEU-DET,scratches,scratches_176.jpg,4x4,4,4,8,FRQI,1024,statevector,5,4,1,1092,705,384,"{""h"": 132, ""x"": 64, ""cx"": 384, ""tdg"": 192, ""t"": 256, ""ry"": 64}",0.001061082992237,0.0042004159913631,0.0,3.183400258421898e-05,0.0068983750097686,2.520079332230698e-30,100.0,1.0000000000000009
cd6e5611,2026-09-22T00:01:35.671387,NEU-DET,scratches,scratches_176.jpg,4x4,4,4,8,NEQR,1024,statevector,12,4,8,124,84,56,"{""h"": 4, ""x"": 64, ""mcx"": 56}",0.0007558329962193,0.0009461660083616,0.0,0.0002422909892629,0.0023588749900227,0.0,100.0,1.0
8f518336,2026-09-22T00:01:35.674217,NEU-DET,scratches,scratches_177.jpg,4x4,4,4,8,FRQI,1024,statevector,5,4,1,1092,705,384,"{""h"": 132, ""x"": 64, ""cx"": 384, ""tdg"": 192, ""t"": 256, ""ry"": 64}",0.0010671250056475,0.0042496669921092,0.0,3.145799564663321e-05,0.0069768749963259,2.381412376234817e-30,100.0,1.0000000000000029
60c42e0c,2026-09-22T00:01:35.681216,NEU-DET,scratches,scratches_177.jpg,4x4,4,4,8,NEQR,1024,statevector,12,4,8,127,87,59,"{""h"": 4, ""x"": 64, ""mcx"": 59}",0.0008092079951893,0.000969000000623,0.0,0.0002376250049564,0.0025200829986715,0.0,100.0,1.0
d27de7fe,2026-09-22T00:01:35.684166,NEU-DET,scratches,scratches_178.jpg,4x4,4,4,8,FRQI,1024,statevector,5,4,1,1092,705,384,"{""h"": 132, ""x"": 64, ""cx"": 384, ""tdg"": 192, ""t"": 256, ""ry"": 64}",0.0009863329905783,0.004174542002147,0.0,3.470899537205696e-05,0.0067741250095423,1.1644172443765228e-30,100.0,1.000000000000011
e151361f,2026-09-22T00:01:35.690962,NEU-DET,scratches,scratches_178.jpg,4x4,4,4,8,NEQR,1024,statevector,12,4,8,122,82,54,"{""h"": 4, ""x"": 64, ""mcx"": 54}",0.0008450830064248,0.0008944579894887,0.0,0.0002420420059934,0.0024536249984521,0.0,100.0,1.0
a4b37641,2026-09-22T00:01:35.693807,NEU-DET,scratches,scratches_179.jpg,4x4,4,4,8,FRQI,1024,statevector,5,4,1,1092,705,384,"{""h"": 132, ""x"": 64, ""cx"": 384, ""tdg"": 192, ""t"": 256, ""ry"": 64}",0.0010366670030634,0.0042416670039528,0.0,3.129099786747247e-05,0.0069041249953443,1.904937307993415e-30,100.0,1.0000000000000009
58909850,2026-09-22T00:01:35.700730,NEU-DET,scratches,scratches_179.jpg,4x4,4,4,8,NEQR,1024,statevector,12,4,8,137,97,69,"{""h"": 4, ""x"": 64, ""mcx"": 69}",0.0009080420131795,0.000967625004705,0.0,0.0002385830011917,0.0025793750101001,0.0,100.0,1.0
45c0d45e,2026-09-22T00:01:35.703816,NEU-DET,scratches,scratches_18.jpg,4x4,4,4,8,FRQI,1024,statevector,5,4,1,1092,705,384,"{""h"": 132, ""x"": 64, ""cx"": 384, ""tdg"": 192, ""t"": 256, ""ry"": 64}",0.0010875419975491,0.0041962920076912,0.0,3.087500226683915e-05,0.0068546660040738,1.516092052221632e-30,100.0,0.9999999999999986
8010073f,2026-09-22T00:01:35.710688,NEU-DET,scratches,scratches_18.jpg,4x4,4,4,8,NEQR,1024,statevector,12,4,8,144,104,76,"{""h"": 4, ""x"": 64, ""mcx"": 76}",0.0010464170045452,0.0010484999947948,0.0,0.0002391669986536,0.0028130839928053,0.0,100.0,1.0
55327776,2026-09-22T00:01:35.713969,NEU-DET,scratches,scratches_180.jpg,4x4,4,4,8,FRQI,1024,statevector,5,4,1,1092,705,384,"{""h"": 132, ""x"": 64, ""cx"": 384, ""tdg"": 192, ""t"": 256, ""ry"": 64}",0.0011351660068612,0.0041710419900482,0.0,2.995900285895914e-05,0.0069207500055199,1.8816335556663298e-30,100.0,0.99999999999999
5fd4effe,2026-09-22T00:01:35.720909,NEU-DET,scratches,scratches_180.jpg,4x4,4,4,8,NEQR,1024,statevector,12,4,8,136,96,68,"{""h"": 4, ""x"": 64, ""mcx"": 68}",0.0008885000133886,0.0010049999982584,0.0,0.0002395420015091,0.0026002500089816,0.0,100.0,1.0
960902ad,2026-09-22T00:01:35.723902,NEU-DET,scratches,scratches_181.jpg,4x4,4,4,8,FRQI,1024,statevector,5,4,1,1092,705,384,"{""h"": 132, ""x"": 64, ""cx"": 384, ""tdg"": 192, ""t"": 256, ""ry"": 64}",0.000984750004136,0.0041807920060819,0.0,2.9582995921373367e-05,0.006816584005719,2.2302750238490288e-30,100.0,0.9999999999999948
75ef547d,2026-09-22T00:01:35.730737,NEU-DET,scratches,scratches_181.jpg,4x4,4,4,8,NEQR,1024,statevector,12,4,8,132,92,64,"{""h"": 4, ""x"": 64, ""mcx"": 64}",0.0009066659986274,0.0009721250098664,0.0,0.0002374589967075,0.0025563329982105,0.0,100.0,1.0
14d96178,2026-09-22T00:01:35.733673,NEU-DET,scratches,scratches_182.jpg,4x4,4,4,8,FRQI,1024,statevector,5,4,1,1092,705,384,"{""h"": 132, ""x"": 64, ""cx"": 384, ""tdg"": 192, ""t"": 256, ""ry"": 64}",0.0009687079873401,0.004476332993363,0.0,3.1082992791198194e-05,0.0070382920093834,1.570403276653352e-30,100.0,1.0000000000000009
8ce74cee,2026-09-22T00:01:35.740732,NEU-DET,scratches,scratches_182.jpg,4x4,4,4,8,NEQR,1024,statevector,12,4,8,126,86,58,"{""h"": 4, ""x"": 64, ""mcx"": 58}",0.0008404999971389,0.0009140000038314,0.0,0.0002400420053163,0.0025283330032834,0.0,100.0,1.0
8d87ee83,2026-09-22T00:01:35.743759,NEU-DET,scratches,scratches_183.jpg,4x4,4,4,8,FRQI,1024,statevector,5,4,1,1092,705,384,"{""h"": 132, ""x"": 64, ""cx"": 384, ""tdg"": 192, ""t"": 256, ""ry"": 64}",0.0010138329962501,0.0041571670008124,0.0,3.1042000045999885e-05,0.0067636660096468,1.1969173121880574e-30,100.0,1.0000000000000009
828755a9,2026-09-22T00:01:35.750540,NEU-DET,scratches,scratches_183.jpg,4x4,4,4,8,NEQR,1024,statevector,12,4,8,132,92,64,"{""h"": 4, ""x"": 64, ""mcx"": 64}",0.0009442910086363,0.0009419580019311,0.0,0.0002346249966649,0.0025577920023351,0.0,100.0,1.0
bfe4926f,2026-09-22T00:01:35.753482,NEU-DET,scratches,scratches_184.jpg,4x4,4,4,8,FRQI,1024,statevector,5,4,1,1092,705,384,"{""h"": 132, ""x"": 64, ""cx"": 384, ""tdg"": 192, ""t"": 256, ""ry"": 64}",0.0010533750028116,0.0042066250025527,0.0,3.38749960064888e-05,0.0068629160086857,2.450119927000832e-30,100.0,0.9999999999999958
f086314c,2026-09-22T00:01:35.760366,NEU-DET,scratches,scratches_184.jpg,4x4,4,4,8,NEQR,1024,statevector,12,4,8,134,94,66,"{""h"": 4, ""x"": 64, ""mcx"": 66}",0.0008885419956641,0.0009472090023336,0.0,0.0002320419880561,0.0025147080013994,0.0,100.0,1.0
04db5f57,2026-09-22T00:01:35.763267,NEU-DET,scratches,scratches_185.jpg,4x4,4,4,8,FRQI,1024,statevector,5,4,1,1092,705,384,"{""h"": 132, ""x"": 64, ""cx"": 384, ""tdg"": 192, ""t"": 256, ""ry"": 64}",0.0010338749998481,0.0041582499979995,0.0,2.912498894147575e-05,0.0067710839939536,2.2612343477050536e-30,100.0,1.0000000000000069
0c20ecaf,2026-09-22T00:01:35.770059,NEU-DET,scratches,scratches_185.jpg,4x4,4,4,8,NEQR,1024,statevector,12,4,8,131,91,63,"{""h"": 4, ""x"": 64, ""mcx"": 63}",0.0008262499904958,0.000932750001084,0.0,0.0002405840059509,0.0024410420010099,0.0,100.0,1.0
eae61581,2026-09-22T00:01:35.772986,NEU-DET,scratches,scratches_186.jpg,4x4,4,4,8,FRQI,1024,statevector,5,4,1,1092,705,384,"{""h"": 132, ""x"": 64, ""cx"": 384, ""tdg"": 192, ""t"": 256, ""ry"": 64}",0.0010170419991482,0.0041679159912746,0.0,3.091699909418821e-05,0.0067952079989481,1.826166773267977e-30,100.0,1.0000000000000049
273236cf,2026-09-22T00:01:35.779799,NEU-DET,scratches,scratches_186.jpg,4x4,4,4,8,NEQR,1024,statevector,12,4,8,135,95,67,"{""h"": 4, ""x"": 64, ""mcx"": 67}",0.0010642089910106,0.0014934579958207,0.0,0.0004197079979348,0.0035832919966196,0.0,100.0,1.0
a0924ba5,2026-09-22T00:01:35.783879,NEU-DET,scratches,scratches_187.jpg,4x4,4,4,8,FRQI,1024,statevector,5,4,1,1092,705,384,"{""h"": 132, ""x"": 64, ""cx"": 384, ""tdg"": 192, ""t"": 256, ""ry"": 64}",0.0014043339906493,0.0041453330049989,0.0,3.0625000363215804e-05,0.0071884170029079,2.1666711874356403e-30,100.0,0.9999999999999972
014d6cf0,2026-09-22T00:01:35.791089,NEU-DET,scratches,scratches_187.jpg,4x4,4,4,8,NEQR,1024,statevector,12,4,8,116,76,48,"{""h"": 4, ""x"": 64, ""mcx"": 48}",0.0007317919953493,0.0008732910064281,0.0,0.0002487079909769,0.002354500000365,0.0,100.0,1.0
2b177c02,2026-09-22T00:01:35.793818,NEU-DET,scratches,scratches_188.jpg,4x4,4,4,8,FRQI,1024,statevector,5,4,1,1092,705,384,"{""h"": 132, ""x"": 64, ""cx"": 384, ""tdg"": 192, ""t"": 256, ""ry"": 64}",0.0009902919991873,0.0041553330083843,0.0,3.1750008929520845e-05,0.0067340410023462,2.0538116926945483e-30,100.0,0.9999999999999992
b4e51952,2026-09-22T00:01:35.800569,NEU-DET,scratches,scratches_188.jpg,4x4,4,4,8,NEQR,1024,statevector,12,4,8,120,80,52,"{""h"": 4, ""x"": 64, ""mcx"": 52}",0.0007168750016717,0.0008650840027257,0.0,0.0002385830011917,0.0022310420026769,0.0,100.0,1.0
7a99ccd5,2026-09-22T00:01:35.803268,NEU-DET,scratches,scratches_189.jpg,4x4,4,4,8,FRQI,1024,statevector,5,4,1,1092,705,384,"{""h"": 132, ""x"": 64, ""cx"": 384, ""tdg"": 192, ""t"": 256, ""ry"": 64}",0.0010635420039761,0.0041400839982088,0.0,3.0042006983421743e-05,0.0067877910041715,2.3063011084037153e-30,100.0,0.9999999999999976
e9095c39,2026-09-22T00:01:35.810072,NEU-DET,scratches,scratches_189.jpg,4x4,4,4,8,NEQR,1024,statevector,12,4,8,128,88,60,"{""h"": 4, ""x"": 64, ""mcx"": 60}",0.0008164169994415,0.0008904580026865,0.0,0.000240000008489,0.0023898750077933,0.0,100.0,1.0
48df22d2,2026-09-22T00:01:35.812826,NEU-DET,scratches,scratches_19.jpg,4x4,4,4,8,FRQI,1024,statevector,5,4,1,1092,705,384,"{""h"": 132, ""x"": 64, ""cx"": 384, ""tdg"": 192, ""t"": 256, ""ry"": 64}",0.0009994579886551,0.0044960829982301,0.0,3.100000321865082e-05,0.0070879999984754,1.3017360494113329e-30,100.0,1.0000000000000044
211cb773,2026-09-22T00:01:35.819932,NEU-DET,scratches,scratches_19.jpg,4x4,4,4,8,NEQR,1024,statevector,12,4,8,136,96,68,"{""h"": 4, ""x"": 64, ""mcx"": 68}",0.0009025000035762,0.0010215000074822,0.0,0.0002468750026309,0.0026262089959345,0.0,100.0,1.0
cf10f96d,2026-09-22T00:01:35.823014,NEU-DET,scratches,scratches_190.jpg,4x4,4,4,8,FRQI,1024,statevector,5,4,1,1092,705,384,"{""h"": 132, ""x"": 64, ""cx"": 384, ""tdg"": 192, ""t"": 256, ""ry"": 64}",0.0009874160023173,0.0041240419959649,0.0,2.837499778252095e-05,0.0067470829962985,2.0245375575398623e-30,100.0,0.9999999999999942
9559d0bd,2026-09-22T00:01:35.829777,NEU-DET,scratches,scratches_190.jpg,4x4,4,4,8,NEQR,1024,statevector,12,4,8,123,83,55,"{""h"": 4, ""x"": 64, ""mcx"": 55}",0.0008134999952744,0.0008844999974826,0.0,0.0002446659927954,0.0023582089925184,0.0,100.0,1.0
e43b72c2,2026-09-22T00:01:35.832514,NEU-DET,scratches,scratches_191.jpg,4x4,4,4,8,FRQI,1024,statevector,5,4,1,1092,705,384,"{""h"": 132, ""x"": 64, ""cx"": 384, ""tdg"": 192, ""t"": 256, ""ry"": 64}",0.0010199999960605,0.0041593750065658,0.0,2.937500539701432e-05,0.00678570799937,2.071337655188472e-30,100.0,0.9999999999999984
f29957c1,2026-09-22T00:01:35.839316,NEU-DET,scratches,scratches_191.jpg,4x4,4,4,8,NEQR,1024,statevector,12,4,8,123,83,55,"{""h"": 4, ""x"": 64, ""mcx"": 55}",0.0007558329962193,0.0009484170004725,0.0,0.0002414159971522,0.0023616249964106,0.0,100.0,1.0
3f9d0dac,2026-09-22T00:01:35.842057,NEU-DET,scratches,scratches_192.jpg,4x4,4,4,8,FRQI,1024,statevector,5,4,1,1092,705,384,"{""h"": 132, ""x"": 64, ""cx"": 384, ""tdg"": 192, ""t"": 256, ""ry"": 64}",0.0010285409953212,0.0041294999973615,0.0,3.0458002584055063e-05,0.0067619170004036,2.3502123111357443e-30,100.0,0.9999999999999996
04a685cc,2026-09-22T00:01:35.848835,NEU-DET,scratches,scratches_192.jpg,4x4,4,4,8,NEQR,1024,statevector,12,4,8,112,72,44,"{""h"": 4, ""x"": 64, ""mcx"": 44}",0.000619332990027,0.0007965420081745,0.0,0.0002346249966649,0.0020222909952281,0.0,100.0,1.0
fff398e1,2026-09-22T00:01:35.851299,NEU-DET,scratches,scratches_193.jpg,4x4,4,4,8,FRQI,1024,statevector,5,4,1,1092,705,384,"{""h"": 132, ""x"": 64, ""cx"": 384, ""tdg"": 192, ""t"": 256, ""ry"": 64}",0.0011494159989524,0.0040917500009527,0.0,3.8457990740425885e-05,0.0068545420072041,2.3050974021884733e-30,100.0,0.9999999999999925
29d26e67,2026-09-22T00:01:35.858170,NEU-DET,scratches,scratches_193.jpg,4x4,4,4,8,NEQR,1024,statevector,12,4,8,125,85,57,"{""h"": 4, ""x"": 64, ""mcx"": 57}",0.0007756670092931,0.0008983750012703,0.0,0.0002367080014664,0.0023563330032629,0.0,100.0,1.0
bd8e5968,2026-09-22T00:01:35.860899,NEU-DET,scratches,scratches_194.jpg,4x4,4,4,8,FRQI,1024,statevector,5,4,1,1092,705,384,"{""h"": 132, ""x"": 64, ""cx"": 384, ""tdg"": 192, ""t"": 256, ""ry"": 64}",0.0010089999996125,0.0041258330020355,0.0,2.8417009161785245e-05,0.006712290996802,2.4826199948123664e-30,100.0,0.9999999999999948
bb10bf8c,2026-09-22T00:01:35.867628,NEU-DET,scratches,scratches_194.jpg,4x4,4,4,8,NEQR,1024,statevector,12,4,8,120,80,52,"{""h"": 4, ""x"": 64, ""mcx"": 52}",0.0008537499961676,0.0008720829937374,0.0,0.0002404170081717,0.0024164579954231,0.0,100.0,1.0
db20d9fd,2026-09-22T00:01:35.870480,NEU-DET,scratches,scratches_195.jpg,4x4,4,4,8,FRQI,1024,statevector,5,4,1,1092,705,384,"{""h"": 132, ""x"": 64, ""cx"": 384, ""tdg"": 192, ""t"": 256, ""ry"": 64}",0.0010251669882563,0.0041632080101408,0.0,2.7874993975274265e-05,0.0067567079968284,2.5434312328063933e-30,100.0,0.9999999999999944
eb84061b,2026-09-22T00:01:35.877251,NEU-DET,scratches,scratches_195.jpg,4x4,4,4,8,NEQR,1024,statevector,12,4,8,121,81,53,"{""h"": 4, ""x"": 64, ""mcx"": 53}",0.0007252500072354,0.0009147919918177,0.0,0.0002420829987386,0.0022699160035699,0.0,100.0,1.0
a73e87f5,2026-09-22T00:01:35.879837,NEU-DET,scratches,scratches_196.jpg,4x4,4,4,8,FRQI,1024,statevector,5,4,1,1092,705,384,"{""h"": 132, ""x"": 64, ""cx"": 384, ""tdg"": 192, ""t"": 256, ""ry"": 64}",0.0009905839979182,0.0041212500073015,0.0,2.7125002816319466e-05,0.0067037919943686,2.2242564927728187e-30,100.0,0.9999999999999996
ad2a6318,2026-09-22T00:01:35.886557,NEU-DET,scratches,scratches_196.jpg,4x4,4,4,8,NEQR,1024,statevector,12,4,8,116,76,48,"{""h"": 4, ""x"": 64, ""mcx"": 48}",0.00066199999128,0.0008268749952549,0.0,0.0002406670100754,0.0021154999994905,0.0,100.0,1.0
4d426ccb,2026-09-22T00:01:35.889172,NEU-DET,scratches,scratches_197.jpg,4x4,4,4,8,FRQI,1024,statevector,5,4,1,1092,705,384,"{""h"": 132, ""x"": 64, ""cx"": 384, ""tdg"": 192, ""t"": 256, ""ry"": 64}",0.001054791995557,0.0045302500075194,0.0,3.216600453015417e-05,0.0071835840062703,1.965122618755516e-30,100.0,1.0000000000000049
facf67be,2026-09-22T00:01:35.896373,NEU-DET,scratches,scratches_197.jpg,4x4,4,4,8,NEQR,1024,statevector,12,4,8,127,87,59,"{""h"": 4, ""x"": 64, ""mcx"": 59}",0.0007837500015739,0.0010199579992331,0.0,0.0002411249879514,0.0024765000125626,0.0,100.0,1.0
95cce5d4,2026-09-22T00:01:35.899310,NEU-DET,scratches,scratches_198.jpg,4x4,4,4,8,FRQI,1024,statevector,5,4,1,1092,705,384,"{""h"": 132, ""x"": 64, ""cx"": 384, ""tdg"": 192, ""t"": 256, ""ry"": 64}",0.00104854098754,0.0041596250084694,0.0,2.9125003493390977e-05,0.0068353329988894,2.4873866714247248e-30,100.0,0.9999999999999976
24532b3a,2026-09-22T00:01:35.906164,NEU-DET,scratches,scratches_198.jpg,4x4,4,4,8,NEQR,1024,statevector,12,4,8,123,83,55,"{""h"": 4, ""x"": 64, ""mcx"": 55}",0.0008275000000139,0.000877083002706,0.0,0.0002362499944865,0.0023362909996649,0.0,100.0,1.0
11debb62,2026-09-22T00:01:35.908851,NEU-DET,scratches,scratches_199.jpg,4x4,4,4,8,FRQI,1024,statevector,5,4,1,1092,705,384,"{""h"": 132, ""x"": 64, ""cx"": 384, ""tdg"": 192, ""t"": 256, ""ry"": 64}",0.0010047919931821,0.004171792010311,0.0,2.8291004127822816e-05,0.0068432910047704,2.912680151394036e-30,100.0,1.0000000000000042
73ee0268,2026-09-22T00:01:35.915709,NEU-DET,scratches,scratches_199.jpg,4x4,4,4,8,NEQR,1024,statevector,12,4,8,126,86,58,"{""h"": 4, ""x"": 64, ""mcx"": 58}",0.0007732499943813,0.0009109589882427,0.0,0.0002600000007078,0.002512499995646,0.0,100.0,1.0
0d9e8af9,2026-09-22T00:01:35.918608,NEU-DET,scratches,scratches_2.jpg,4x4,4,4,8,FRQI,1024,statevector,5,4,1,1092,705,384,"{""h"": 132, ""x"": 64, ""cx"": 384, ""tdg"": 192, ""t"": 256, ""ry"": 64}",0.0009976250003091,0.0041512079915264,0.0,3.0417009838856757e-05,0.0067712919990299,2.0545820646723032e-30,100.0,1.0000000000000044
0f3c7644,2026-09-22T00:01:35.925396,NEU-DET,scratches,scratches_2.jpg,4x4,4,4,8,NEQR,1024,statevector,12,4,8,137,97,69,"{""h"": 4, ""x"": 64, ""mcx"": 69}",0.0010084579989779,0.0010067090042866,0.0,0.0002395420015091,0.0027457499963929,0.0,100.0,1.0
d5402aac,2026-09-22T00:01:35.928497,NEU-DET,scratches,scratches_20.jpg,4x4,4,4,8,FRQI,1024,statevector,5,4,1,1092,705,384,"{""h"": 132, ""x"": 64, ""cx"": 384, ""tdg"": 192, ""t"": 256, ""ry"": 64}",0.0010375830024713,0.0041747499926714,0.0,3.079199814237654e-05,0.0068102090008324,2.2770751214976383e-30,100.0,0.9999999999999964
ea0a61fa,2026-09-22T00:01:35.935325,NEU-DET,scratches,scratches_20.jpg,4x4,4,4,8,NEQR,1024,statevector,12,4,8,122,82,54,"{""h"": 4, ""x"": 64, ""mcx"": 54}",0.000753458996769,0.0008574169914936,0.0,0.0002463330019963,0.0022854999988339,0.0,100.0,1.0
39bc7a93,2026-09-22T00:01:35.938070,NEU-DET,scratches,scratches_200.jpg,4x4,4,4,8,FRQI,1024,statevector,5,4,1,1092,705,384,"{""h"": 132, ""x"": 64, ""cx"": 384, ""tdg"": 192, ""t"": 256, ""ry"": 64}",0.0011056669900426,0.0041432500001974,0.0,2.9207993065938354e-05,0.0068331669899635,2.3049048091940345e-30,100.0,1.0000000000000009
b7d253ca,2026-09-22T00:01:35.944922,NEU-DET,scratches,scratches_200.jpg,4x4,4,4,8,NEQR,1024,statevector,12,4,8,126,86,58,"{""h"": 4, ""x"": 64, ""mcx"": 58}",0.0007679590053157,0.0008861250098561,0.0,0.0002399579971097,0.0023460419906768,0.0,100.0,1.0
466eeeec,2026-09-22T00:01:35.947652,NEU-DET,scratches,scratches_201.jpg,4x4,4,4,8,FRQI,1024,statevector,5,4,1,1092,705,384,"{""h"": 132, ""x"": 64, ""cx"": 384, ""tdg"": 192, ""t"": 256, ""ry"": 64}",0.0010248749895254,0.004131249996135,0.0,2.8124995878897607e-05,0.0067728330031968,2.809787344115148e-30,100.0,1.0000000000000062
848144e0,2026-09-22T00:01:35.954442,NEU-DET,scratches,scratches_201.jpg,4x4,4,4,8,NEQR,1024,statevector,12,4,8,124,84,56,"{""h"": 4, ""x"": 64, ""mcx"": 56}",0.0008010840101633,0.0009119160094996,0.0,0.000249958000495,0.0024255419994005,0.0,100.0,1.0
ffdb1de0,2026-09-22T00:01:35.957308,NEU-DET,scratches,scratches_202.jpg,4x4,4,4,8,FRQI,1024,statevector,5,4,1,1092,705,384,"{""h"": 132, ""x"": 64, ""cx"": 384, ""tdg"": 192, ""t"": 256, ""ry"": 64}",0.0010865829972317,0.0041865410021273,0.0,2.9499991796910763e-05,0.0068901659979019,2.1187636800690082e-30,100.0,1.0000000000000024
57be2e2d,2026-09-22T00:01:35.964214,NEU-DET,scratches,scratches_202.jpg,4x4,4,4,8,NEQR,1024,statevector,12,4,8,124,84,56,"{""h"": 4, ""x"": 64, ""mcx"": 56}",0.000768790996517,0.0009161250054603,0.0,0.0002407080028206,0.0024084579927148,0.0,100.0,1.0
59c6b56d,2026-09-22T00:01:35.966994,NEU-DET,scratches,scratches_203.jpg,4x4,4,4,8,FRQI,1024,statevector,5,4,1,1092,705,384,"{""h"": 132, ""x"": 64, ""cx"": 384, ""tdg"": 192, ""t"": 256, ""ry"": 64}",0.0010382920008851,0.004410084002302,0.0,3.620899224188179e-05,0.0071268330066232,2.514205245900317e-30,100.0,1.000000000000003
6b8b9cc1,2026-09-22T00:01:35.974140,NEU-DET,scratches,scratches_203.jpg,4x4,4,4,8,NEQR,1024,statevector,12,4,8,127,87,59,"{""h"": 4, ""x"": 64, ""mcx"": 59}",0.0008203749894164,0.0009508330113021,0.0,0.0002565839968156,0.0024812080082483,0.0,100.0,1.0
929b9f9d,2026-09-22T00:01:35.977097,NEU-DET,scratches,scratches_204.jpg,4x4,4,4,8,FRQI,1024,statevector,5,4,1,1092,705,384,"{""h"": 132, ""x"": 64, ""cx"": 384, ""tdg"": 192, ""t"": 256, ""ry"": 64}",0.001168457994936,0.0042142500024056,0.0,2.7874993975274265e-05,0.0069699169980594,2.2675899165215315e-30,100.0,0.9999999999999948
b7edb3fb,2026-09-22T00:01:35.984085,NEU-DET,scratches,scratches_204.jpg,4x4,4,4,8,NEQR,1024,statevector,12,4,8,119,79,51,"{""h"": 4, ""x"": 64, ""mcx"": 51}",0.000702999997884,0.0008545409946236,0.0,0.0002418749936623,0.0022912499989615,0.0,100.0,1.0
89fcf472,2026-09-22T00:01:35.986767,NEU-DET,scratches,scratches_205.jpg,4x4,4,4,8,FRQI,1024,statevector,5,4,1,1092,705,384,"{""h"": 132, ""x"": 64, ""cx"": 384, ""tdg"": 192, ""t"": 256, ""ry"": 64}",0.0009900419972836,0.0041861249919747,0.0,2.966700412798673e-05,0.0067692090087803,2.2512676602428497e-30,100.0,0.999999999999998
a594088c,2026-09-22T00:01:35.993553,NEU-DET,scratches,scratches_205.jpg,4x4,4,4,8,NEQR,1024,statevector,12,4,8,115,75,47,"{""h"": 4, ""x"": 64, ""mcx"": 47}",0.0007451669953297,0.000823374997708,0.0,0.0002346249966649,0.0021997500007273,0.0,100.0,1.0
7165d124,2026-09-22T00:01:35.996141,NEU-DET,scratches,scratches_206.jpg,4x4,4,4,8,FRQI,1024,statevector,5,4,1,1092,705,384,"{""h"": 132, ""x"": 64, ""cx"": 384, ""tdg"": 192, ""t"": 256, ""ry"": 64}",0.0010146249987883,0.004235417000018,0.0,2.991700603161007e-05,0.0068762910086661,1.9823596917577822e-30,100.0,1.0
3f9766a9,2026-09-22T00:01:36.003036,NEU-DET,scratches,scratches_206.jpg,4x4,4,4,8,NEQR,1024,statevector,12,4,8,124,84,56,"{""h"": 4, ""x"": 64, ""mcx"": 56}",0.0007591670000692,0.0008783749944996,0.0,0.000242750000325,0.0023594579979544,0.0,100.0,1.0
d91d0c18,2026-09-22T00:01:36.005839,NEU-DET,scratches,scratches_207.jpg,4x4,4,4,8,FRQI,1024,statevector,5,4,1,1092,705,384,"{""h"": 132, ""x"": 64, ""cx"": 384, ""tdg"": 192, ""t"": 256, ""ry"": 64}",0.0011226669885218,0.0041750419914023,0.0,3.0625000363215804e-05,0.006901332992129,2.207308309262211e-30,100.0,1.0000000000000016
4b1d2843,2026-09-22T00:01:36.012760,NEU-DET,scratches,scratches_207.jpg,4x4,4,4,8,NEQR,1024,statevector,12,4,8,131,91,63,"{""h"": 4, ""x"": 64, ""mcx"": 63}",0.0008485410071443,0.0009292920003645,0.0,0.0002371250011492,0.0024582080077379,0.0,100.0,1.0
2d05892a,2026-09-22T00:01:36.015590,NEU-DET,scratches,scratches_208.jpg,4x4,4,4,8,FRQI,1024,statevector,5,4,1,1092,705,384,"{""h"": 132, ""x"": 64, ""cx"": 384, ""tdg"": 192, ""t"": 256, ""ry"": 64}",0.0010593750048428,0.0042038750107167,0.0,2.962499274872243e-05,0.0068572500022128,1.6370404527291505e-30,100.0,0.9999999999999925
7e7b895c,2026-09-22T00:01:36.022465,NEU-DET,scratches,scratches_208.jpg,4x4,4,4,8,NEQR,1024,statevector,12,4,8,121,81,53,"{""h"": 4, ""x"": 64, ""mcx"": 53}",0.0007865839870646,0.0009062080061994,0.0,0.0002449169987812,0.0023543330025859,0.0,100.0,1.0
2ee47ad0,2026-09-22T00:01:36.025292,NEU-DET,scratches,scratches_209.jpg,4x4,4,4,8,FRQI,1024,statevector,5,4,1,1092,705,384,"{""h"": 132, ""x"": 64, ""cx"": 384, ""tdg"": 192, ""t"": 256, ""ry"": 64}",0.0010294590028934,0.0042568329954519,0.0,4.041599459014833e-05,0.0069528329913737,2.2924825610527365e-30,100.0,0.9999999999999964
a7def8c7,2026-09-22T00:01:36.032262,NEU-DET,scratches,scratches_209.jpg,4x4,4,4,8,NEQR,1024,statevector,12,4,8,128,88,60,"{""h"": 4, ""x"": 64, ""mcx"": 60}",0.0007917500042822,0.0009865830070339,0.0,0.0002514999941922,0.0024643329961691,0.0,100.0,1.0
5f090890,2026-09-22T00:01:36.035168,NEU-DET,scratches,scratches_21.jpg,4x4,4,4,8,FRQI,1024,statevector,5,4,1,1092,705,384,"{""h"": 132, ""x"": 64, ""cx"": 384, ""tdg"": 192, ""t"": 256, ""ry"": 64}",0.0010059580090455,0.0042386659915791,0.0,3.2083000405691564e-05,0.0068670829932671,1.968733737401242e-30,100.0,1.0
76f38645,2026-09-22T00:01:36.042055,NEU-DET,scratches,scratches_21.jpg,4x4,4,4,8,NEQR,1024,statevector,12,4,8,130,90,62,"{""h"": 4, ""x"": 64, ""mcx"": 62}",0.0008927089947974,0.0009389170008944,0.0,0.0002328749978914,0.0025147499982267,0.0,100.0,1.0
58da8a2b,2026-09-22T00:01:36.045053,NEU-DET,scratches,scratches_210.jpg,4x4,4,4,8,FRQI,1024,statevector,5,4,1,1092,705,384,"{""h"": 132, ""x"": 64, ""cx"": 384, ""tdg"": 192, ""t"": 256, ""ry"": 64}",0.0011178749991813,0.0042046659946208,0.0,3.158299659844488e-05,0.0071801250014686,2.4550791966076293e-30,100.0,0.9999999999999948
12625bda,2026-09-22T00:01:36.052254,NEU-DET,scratches,scratches_210.jpg,4x4,4,4,8,NEQR,1024,statevector,12,4,8,121,81,53,"{""h"": 4, ""x"": 64, ""mcx"": 53}",0.0007399169990094,0.0009512079996056,0.0,0.0002497090026736,0.0023532499908469,0.0,100.0,1.0
accfb156,2026-09-22T00:01:36.054997,NEU-DET,scratches,scratches_211.jpg,4x4,4,4,8,FRQI,1024,statevector,5,4,1,1092,705,384,"{""h"": 132, ""x"": 64, ""cx"": 384, ""tdg"": 192, ""t"": 256, ""ry"": 64}",0.0010120829974766,0.0042690419941209,0.0,3.087500226683915e-05,0.006908541006851,2.7692946670344064e-30,100.0,0.9999999999999908
26671373,2026-09-22T00:01:36.061925,NEU-DET,scratches,scratches_211.jpg,4x4,4,4,8,NEQR,1024,statevector,12,4,8,132,92,64,"{""h"": 4, ""x"": 64, ""mcx"": 64}",0.0009542080078972,0.0015071249945322,0.0,0.000419874995714,0.0034945419902214,0.0,100.0,1.0
85bbf627,2026-09-22T00:01:36.065937,NEU-DET,scratches,scratches_212.jpg,4x4,4,4,8,FRQI,1024,statevector,5,4,1,1092,705,384,"{""h"": 132, ""x"": 64, ""cx"": 384, ""tdg"": 192, ""t"": 256, ""ry"": 64}",0.0015700419899076,0.0042102500010514,0.0,3.195799945387989e-05,0.0074050000112038,2.2712491834158672e-30,100.0,0.9999999999999754
9f49ed75,2026-09-22T00:01:36.073362,NEU-DET,scratches,scratches_212.jpg,4x4,4,4,8,NEQR,1024,statevector,12,4,8,129,89,61,"{""h"": 4, ""x"": 64, ""mcx"": 61}",0.0009219579951604,0.0009637499897507,0.0,0.0002369170106248,0.0026430830039316,0.0,100.0,1.0
f026b1fb,2026-09-22T00:01:36.076452,NEU-DET,scratches,scratches_213.jpg,4x4,4,4,8,FRQI,1024,statevector,5,4,1,1092,705,384,"{""h"": 132, ""x"": 64, ""cx"": 384, ""tdg"": 192, ""t"": 256, ""ry"": 64}",0.0010293749946868,0.0042855000065173,0.0,3.095899592153728e-05,0.0069765000080224,1.3456472521433617e-30,100.0,1.0000000000000069
e322d48d,2026-09-22T00:01:36.083446,NEU-DET,scratches,scratches_213.jpg,4x4,4,4,8,NEQR,1024,statevector,12,4,8,122,82,54,"{""h"": 4, ""x"": 64, ""mcx"": 54}",0.0007511250005336,0.0008835409971652,0.0,0.0002458750095684,0.0022904579964233,0.0,100.0,1.0
980fc1a7,2026-09-22T00:01:36.086120,NEU-DET,scratches,scratches_214.jpg,4x4,4,4,8,FRQI,1024,statevector,5,4,1,1092,705,384,"{""h"": 132, ""x"": 64, ""cx"": 384, ""tdg"": 192, ""t"": 256, ""ry"": 64}",0.001007542014122,0.0042096249962924,0.0,3.0040988349355757e-05,0.0068470839905785,2.3650419717075256e-30,100.0,1.0000000000000049
c2f784d1,2026-09-22T00:01:36.092984,NEU-DET,scratches,scratches_214.jpg,4x4,4,4,8,NEQR,1024,statevector,12,4,8,132,92,64,"{""h"": 4, ""x"": 64, ""mcx"": 64}",0.0009089170052902,0.000931375005166,0.0,0.0002365000109421,0.0025732499925652,0.0,100.0,1.0
d2ce8b46,2026-09-22T00:01:36.096032,NEU-DET,scratches,scratches_215.jpg,4x4,4,4,8,FRQI,1024,statevector,5,4,1,1092,705,384,"{""h"": 132, ""x"": 64, ""cx"": 384, ""tdg"": 192, ""t"": 256, ""ry"": 64}",0.0010202919947914,0.0041766670037759,0.0,2.983299782499671e-05,0.0068049999972572,2.0692191322496466e-30,100.0,1.000000000000017
117c7aac,2026-09-22T00:01:36.102861,NEU-DET,scratches,scratches_215.jpg,4x4,4,4,8,NEQR,1024,statevector,12,4,8,130,90,62,"{""h"": 4, ""x"": 64, ""mcx"": 62}",0.0009314579947385,0.0010172079928452,0.0,0.0002318750048289,0.0026984999858541,0.0,100.0,1.0
600c3503,2026-09-22T00:01:36.105949,NEU-DET,scratches,scratches_216.jpg,4x4,4,4,8,FRQI,1024,statevector,5,4,1,1092,705,384,"{""h"": 132, ""x"": 64, ""cx"": 384, ""tdg"": 192, ""t"": 256, ""ry"": 64}",0.0010241249983664,0.0042627079965313,0.0,2.895899524446577e-05,0.0069320839975262,1.8369519809565456e-30,100.0,1.0
17b3ca4a,2026-09-22T00:01:36.112902,NEU-DET,scratches,scratches_216.jpg,4x4,4,4,8,NEQR,1024,statevector,12,4,8,126,86,58,"{""h"": 4, ""x"": 64, ""mcx"": 58}",0.0007717499975115,0.0008779159979894,0.0,0.0002392499882262,0.0023358750040642,0.0,100.0,1.0
3e0185eb,2026-09-22T00:01:36.115659,NEU-DET,scratches,scratches_217.jpg,4x4,4,4,8,FRQI,1024,statevector,5,4,1,1092,705,384,"{""h"": 132, ""x"": 64, ""cx"": 384, ""tdg"": 192, ""t"": 256, ""ry"": 64}",0.001213916009874,0.0045538339909398,0.0,3.095899592153728e-05,0.0073712909943424,2.1133229279761143e-30,100.0,1.000000000000009
54588cf1,2026-09-22T00:01:36.123051,NEU-DET,scratches,scratches_217.jpg,4x4,4,4,8,NEQR,1024,statevector,12,4,8,125,85,57,"{""h"": 4, ""x"": 64, ""mcx"": 57}",0.000793541999883,0.0009001669968711,0.0,0.0002295419981237,0.0023562919959658,0.0,100.0,1.0
ef723c1c,2026-09-22T00:01:36.125784,NEU-DET,scratches,scratches_218.jpg,4x4,4,4,8,FRQI,1024,statevector,5,4,1,1092,705,384,"{""h"": 132, ""x"": 64, ""cx"": 384, ""tdg"": 192, ""t"": 256, ""ry"": 64}",0.0010108339920407,0.0041285409970441,0.0,3.199999628122896e-05,0.0068155420012772,1.7171591384156595e-30,100.0,1.0000000000000069
726f3af7,2026-09-22T00:01:36.132620,NEU-DET,scratches,scratches_218.jpg,4x4,4,4,8,NEQR,1024,statevector,12,4,8,121,81,53,"{""h"": 4, ""x"": 64, ""mcx"": 53}",0.0008037920051719,0.0008726660016691,0.0,0.000240625013248,0.002366874992731,0.0,100.0,1.0
41fdc16d,2026-09-22T00:01:36.135497,NEU-DET,scratches,scratches_219.jpg,4x4,4,4,8,FRQI,1024,statevector,5,4,1,1092,705,384,"{""h"": 132, ""x"": 64, ""cx"": 384, ""tdg"": 192, ""t"": 256, ""ry"": 64}",0.001006167003652,0.00417345900496,0.0,3.1624993425793946e-05,0.0068245000002207,2.2158305492661245e-30,100.0,0.9999999999999838
d47c99a1,2026-09-22T00:01:36.142339,NEU-DET,scratches,scratches_219.jpg,4x4,4,4,8,NEQR,1024,statevector,12,4,8,131,91,63,"{""h"": 4, ""x"": 64, ""mcx"": 63}",0.0008322920039063,0.0009987500088755,0.0,0.0002412500034552,0.0025832079991232,0.0,100.0,1.0
c92bde20,2026-09-22T00:01:36.145328,NEU-DET,scratches,scratches_22.jpg,4x4,4,4,8,FRQI,1024,statevector,5,4,1,1092,705,384,"{""h"": 132, ""x"": 64, ""cx"": 384, ""tdg"": 192, ""t"": 256, ""ry"": 64}",0.0010141659877263,0.0041885000100592,0.0,2.9125003493390977e-05,0.0068198329972801,2.0226597758440848e-30,100.0,1.0000000000000024
0188b1a7,2026-09-22T00:01:36.152167,NEU-DET,scratches,scratches_22.jpg,4x4,4,4,8,NEQR,1024,statevector,12,4,8,127,87,59,"{""h"": 4, ""x"": 64, ""mcx"": 59}",0.000779166992288,0.0008941249980125,0.0,0.0002446659927954,0.0023682500032009,0.0,100.0,1.0
e5f4e659,2026-09-22T00:01:36.154919,NEU-DET,scratches,scratches_220.jpg,4x4,4,4,8,FRQI,1024,statevector,5,4,1,1092,705,384,"{""h"": 132, ""x"": 64, ""cx"": 384, ""tdg"": 192, ""t"": 256, ""ry"": 64}",0.0010678749968064,0.0043585829989751,0.0,3.170900163240731e-05,0.0070990840031299,2.6530647948906367e-30,100.0,1.0000000000000095
6effc9ee,2026-09-22T00:01:36.162036,NEU-DET,scratches,scratches_220.jpg,4x4,4,4,8,NEQR,1024,statevector,12,4,8,133,93,65,"{""h"": 4, ""x"": 64, ""mcx"": 65}",0.0008419170044362,0.0010106249974342,0.0,0.0002421250101178,0.0025542079965816,0.0,100.0,1.0
dca4bcb6,2026-09-22T00:01:36.165065,NEU-DET,scratches,scratches_221.jpg,4x4,4,4,8,FRQI,1024,statevector,5,4,1,1092,705,384,"{""h"": 132, ""x"": 64, ""cx"": 384, ""tdg"": 192, ""t"": 256, ""ry"": 64}",0.0010849579994101,0.0042056660022353,0.0,3.070800448767841e-05,0.0068931250134482,3.391321890822874e-30,100.0,1.0000000000000049
00e4c1e8,2026-09-22T00:01:36.171979,NEU-DET,scratches,scratches_221.jpg,4x4,4,4,8,NEQR,1024,statevector,12,4,8,119,79,51,"{""h"": 4, ""x"": 64, ""mcx"": 51}",0.0007259160047397,0.0008634169935248,0.0,0.0002372919989284,0.0022744580055586,0.0,100.0,1.0
943f3b9c,2026-09-22T00:01:36.174627,NEU-DET,scratches,scratches_222.jpg,4x4,4,4,8,FRQI,1024,statevector,5,4,1,1092,705,384,"{""h"": 132, ""x"": 64, ""cx"": 384, ""tdg"": 192, ""t"": 256, ""ry"": 64}",0.0010054580052383,0.0042049999901792,0.0,2.8750000637955964e-05,0.0068622920080088,2.2172749967244153e-30,100.0,1.0000000000000036
095d0fa8,2026-09-22T00:01:36.181506,NEU-DET,scratches,scratches_222.jpg,4x4,4,4,8,NEQR,1024,statevector,12,4,8,123,83,55,"{""h"": 4, ""x"": 64, ""mcx"": 55}",0.0009545420034555,0.0009047079947777,0.0,0.0002368749992456,0.0025699580000946,0.0,100.0,1.0
01baf678,2026-09-22T00:01:36.184562,NEU-DET,scratches,scratches_223.jpg,4x4,4,4,8,FRQI,1024,statevector,5,4,1,1092,705,384,"{""h"": 132, ""x"": 64, ""cx"": 384, ""tdg"": 192, ""t"": 256, ""ry"": 64}",0.0010410000104457,0.004144874998019,0.0,3.4083001082763076e-05,0.0068314999953145,1.8830298548760098e-30,100.0,0.9999999999999872
2e6839d2,2026-09-22T00:01:36.191417,NEU-DET,scratches,scratches_223.jpg,4x4,4,4,8,NEQR,1024,statevector,12,4,8,132,92,64,"{""h"": 4, ""x"": 64, ""mcx"": 64}",0.0009279170044464,0.0009815410012379,0.0,0.0002372079907217,0.0026959170063491,0.0,100.0,1.0
362653ab,2026-09-22T00:01:36.194506,NEU-DET,scratches,scratches_224.jpg,4x4,4,4,8,FRQI,1024,statevector,5,4,1,1092,705,384,"{""h"": 132, ""x"": 64, ""cx"": 384, ""tdg"": 192, ""t"": 256, ""ry"": 64}",0.0010174159979214,0.0044012919970555,0.0,3.1207993743009865e-05,0.0070204579969868,2.627064740641409e-30,100.0,0.999999999999996
adf46800,2026-09-22T00:01:36.201546,NEU-DET,scratches,scratches_224.jpg,4x4,4,4,8,NEQR,1024,statevector,12,4,8,118,78,50,"{""h"": 4, ""x"": 64, ""mcx"": 50}",0.0007019589975243,0.000866207992658,0.0,0.0002370419970247,0.002207208002801,0.0,100.0,1.0
acb56ad3,2026-09-22T00:01:36.204168,NEU-DET,scratches,scratches_225.jpg,4x4,4,4,8,FRQI,1024,statevector,5,4,1,1092,705,384,"{""h"": 132, ""x"": 64, ""cx"": 384, ""tdg"": 192, ""t"": 256, ""ry"": 64}",0.0010724169987952,0.0042287919932277,0.0,4.774999979417771e-05,0.0069077500083949,2.4172346732004197e-30,100.0,0.9999999999999786
ec670579,2026-09-22T00:01:36.211094,NEU-DET,scratches,scratches_225.jpg,4x4,4,4,8,NEQR,1024,statevector,12,4,8,120,80,52,"{""h"": 4, ""x"": 64, ""mcx"": 52}",0.0007189589960034,0.0008355409954674,0.0,0.0002443330013193,0.0022417080035666,0.0,100.0,1.0
336d73e7,2026-09-22T00:01:36.213836,NEU-DET,scratches,scratches_226.jpg,4x4,4,4,8,FRQI,1024,statevector,5,4,1,1092,705,384,"{""h"": 132, ""x"": 64, ""cx"": 384, ""tdg"": 192, ""t"": 256, ""ry"": 64}",0.0010187080042669,0.0041486249974695,0.0,2.9750008252449337e-05,0.0067974999983562,2.2598380484953732e-30,100.0,0.9999999999999932
ac6ec9a9,2026-09-22T00:01:36.220654,NEU-DET,scratches,scratches_226.jpg,4x4,4,4,8,NEQR,1024,statevector,12,4,8,124,84,56,"{""h"": 4, ""x"": 64, ""mcx"": 56}",0.0009239169885404,0.0009116659930441,0.0,0.0002383329992881,0.0025534169981256,0.0,100.0,1.0
547b3cf3,2026-09-22T00:01:36.223605,NEU-DET,scratches,scratches_227.jpg,4x4,4,4,8,FRQI,1024,statevector,5,4,1,1092,705,384,"{""h"": 132, ""x"": 64, ""cx"": 384, ""tdg"": 192, ""t"": 256, ""ry"": 64}",0.0009915419941535,0.0042337919876445,0.0,2.9041999368928373e-05,0.0068705419980688,2.2354268864502647e-30,100.0,0.9999999999999932
fc0f9c3b,2026-09-22T00:01:36.230491,NEU-DET,scratches,scratches_227.jpg,4x4,4,4,8,NEQR,1024,statevector,12,4,8,126,86,58,"{""h"": 4, ""x"": 64, ""mcx"": 58}",0.0007757499988656,0.000935333999223,0.0,0.0002432920009596,0.0024327499995706,0.0,100.0,1.0
7853dccf,2026-09-22T00:01:36.233389,NEU-DET,scratches,scratches_228.jpg,4x4,4,4,8,FRQI,1024,statevector,5,4,1,1092,705,384,"{""h"": 132, ""x"": 64, ""cx"": 384, ""tdg"": 192, ""t"": 256, ""ry"": 64}",0.0010110410075867,0.0042256250017089,0.0,2.97920050797984e-05,0.0068310409988043,2.705064903389092e-30,100.0,0.9999999999999996
cc062251,2026-09-22T00:01:36.240236,NEU-DET,scratches,scratches_228.jpg,4x4,4,4,8,NEQR,1024,statevector,12,4,8,120,80,52,"{""h"": 4, ""x"": 64, ""mcx"": 52}",0.0007260830025188,0.0009074169938685,0.0,0.0002369170106248,0.0022855830029584,0.0,100.0,1.0
b5e38095,2026-09-22T00:01:36.242886,NEU-DET,scratches,scratches_229.jpg,4x4,4,4,8,FRQI,1024,statevector,5,4,1,1092,705,384,"{""h"": 132, ""x"": 64, ""cx"": 384, ""tdg"": 192, ""t"": 256, ""ry"": 64}",0.0012071249948348,0.0041764170018723,0.0,2.9458999051712453e-05,0.0069663749891333,2.2016268159262687e-30,100.0,1.000000000000003
e6ebbf34,2026-09-22T00:01:36.249869,NEU-DET,scratches,scratches_229.jpg,4x4,4,4,8,NEQR,1024,statevector,12,4,8,118,78,50,"{""h"": 4, ""x"": 64, ""mcx"": 50}",0.0007473330042557,0.0009102909971261,0.0,0.0002570000069681,0.0023625829926459,0.0,100.0,1.0
cfea4972,2026-09-22T00:01:36.252710,NEU-DET,scratches,scratches_23.jpg,4x4,4,4,8,FRQI,1024,statevector,5,4,1,1092,705,384,"{""h"": 132, ""x"": 64, ""cx"": 384, ""tdg"": 192, ""t"": 256, ""ry"": 64}",0.0010597499931463,0.0042832089966395,0.0,2.912498894147575e-05,0.006966208005906,1.2058247381808484e-30,100.0,1.000000000000019
b25a8665,2026-09-22T00:01:36.259692,NEU-DET,scratches,scratches_23.jpg,4x4,4,4,8,NEQR,1024,statevector,12,4,8,135,95,67,"{""h"": 4, ""x"": 64, ""mcx"": 67}",0.0008698750025359,0.0009842500003287,0.0,0.0002393750037299,0.0025467910018051,0.0,100.0,1.0
d45a6511,2026-09-22T00:01:36.262604,NEU-DET,scratches,scratches_230.jpg,4x4,4,4,8,FRQI,1024,statevector,5,4,1,1092,705,384,"{""h"": 132, ""x"": 64, ""cx"": 384, ""tdg"": 192, ""t"": 256, ""ry"": 64}",0.0009904170001391,0.0042527500045252,0.0,2.849999873433262e-05,0.0068478330067591,2.513964504657269e-30,100.0,1.0000000000000115
9200bd96,2026-09-22T00:01:36.269467,NEU-DET,scratches,scratches_230.jpg,4x4,4,4,8,NEQR,1024,statevector,12,4,8,107,67,39,"{""h"": 4, ""x"": 64, ""mcx"": 39}",0.0005800000071758,0.0007626250007888,0.0,0.0002377910132054,0.0019998749921796,0.0,100.0,1.0
1c690ec5,2026-09-22T00:01:36.271935,NEU-DET,scratches,scratches_231.jpg,4x4,4,4,8,FRQI,1024,statevector,5,4,1,1092,705,384,"{""h"": 132, ""x"": 64, ""cx"": 384, ""tdg"": 192, ""t"": 256, ""ry"": 64}",0.0010322500020265,0.0041999160021077,0.0,3.066600766032934e-05,0.0068537920014932,2.059204296538833e-30,100.0,1.0000000000000104
cf50c1f7,2026-09-22T00:01:36.278806,NEU-DET,scratches,scratches_231.jpg,4x4,4,4,8,NEQR,1024,statevector,12,4,8,115,75,47,"{""h"": 4, ""x"": 64, ""mcx"": 47}",0.0009785000002011,0.0029056250059511,0.0,0.0008921249973354,0.0055196250032167,0.0,100.0,1.0
893099e8,2026-09-22T00:01:36.284934,NEU-DET,scratches,scratches_232.jpg,4x4,4,4,8,FRQI,1024,statevector,5,4,1,1092,705,384,"{""h"": 132, ""x"": 64, ""cx"": 384, ""tdg"": 192, ""t"": 256, ""ry"": 64}",0.0019344579923199,0.0120933750004041,0.0,8.291599806398153e-05,0.0177567089995136,2.7113723239569603e-30,100.0,1.0000000000000009
a23c28b9,2026-09-22T00:01:36.302753,NEU-DET,scratches,scratches_232.jpg,4x4,4,4,8,NEQR,1024,statevector,12,4,8,116,76,48,"{""h"": 4, ""x"": 64, ""mcx"": 48}",0.0021705410035792,0.0020687499927589,0.0,0.0005313339934218,0.0058549999957904,0.0,100.0,1.0
d935e070,2026-09-22T00:01:36.309194,NEU-DET,scratches,scratches_233.jpg,4x4,4,4,8,FRQI,1024,statevector,5,4,1,1092,705,384,"{""h"": 132, ""x"": 64, ""cx"": 384, ""tdg"": 192, ""t"": 256, ""ry"": 64}",0.0017293749988311,0.0083339169941609,0.0,7.891700079198927e-05,0.0119566249923082,2.67372039354419e-30,100.0,0.999999999999994
cbe65345,2026-09-22T00:01:36.321207,NEU-DET,scratches,scratches_233.jpg,4x4,4,4,8,NEQR,1024,statevector,12,4,8,120,80,52,"{""h"": 4, ""x"": 64, ""mcx"": 52}",0.0019962079968536,0.0010482499928912,0.0,0.0002382499951636,0.0040563329966971,0.0,100.0,1.0
09215151,2026-09-22T00:01:36.325865,NEU-DET,scratches,scratches_234.jpg,4x4,4,4,8,FRQI,1024,statevector,5,4,1,1092,705,384,"{""h"": 132, ""x"": 64, ""cx"": 384, ""tdg"": 192, ""t"": 256, ""ry"": 64}",0.0010888750111917,0.0042221660114591,0.0,3.5083998227491975e-05,0.0070092499954625,2.7509501843141184e-30,100.0,1.000000000000005
4637310e,2026-09-22T00:01:36.332897,NEU-DET,scratches,scratches_234.jpg,4x4,4,4,8,NEQR,1024,statevector,12,4,8,131,91,63,"{""h"": 4, ""x"": 64, ""mcx"": 63}",0.0009061669989023,0.0009896249976009,0.0,0.0002361660008318,0.0026927919971058,0.0,100.0,1.0
2519c507,2026-09-22T00:01:36.336007,NEU-DET,scratches,scratches_235.jpg,4x4,4,4,8,FRQI,1024,statevector,5,4,1,1092,705,384,"{""h"": 132, ""x"": 64, ""cx"": 384, ""tdg"": 192, ""t"": 256, ""ry"": 64}",0.0012345410068519,0.0042083750013262,0.0,3.199999628122896e-05,0.0070746659912401,2.320023359257474e-30,100.0,1.000000000000007
e61db441,2026-09-22T00:01:36.343103,NEU-DET,scratches,scratches_235.jpg,4x4,4,4,8,NEQR,1024,statevector,12,4,8,126,86,58,"{""h"": 4, ""x"": 64, ""mcx"": 58}",0.0008599589928053,0.0009567079978296,0.0,0.0002727499959291,0.0025541250070091,0.0,100.0,1.0
afb42b7f,2026-09-22T00:01:36.346233,NEU-DET,scratches,scratches_236.jpg,4x4,4,4,8,FRQI,1024,statevector,5,4,1,1092,705,384,"{""h"": 132, ""x"": 64, ""cx"": 384, ""tdg"": 192, ""t"": 256, ""ry"": 64}",0.0011052909976569,0.0044479580101324,0.0,3.229199501220137e-05,0.0072366669919574,2.733279777074365e-30,100.0,1.0000000000000022
f9b9377f,2026-09-22T00:01:36.353489,NEU-DET,scratches,scratches_236.jpg,4x4,4,4,8,NEQR,1024,statevector,12,4,8,122,82,54,"{""h"": 4, ""x"": 64, ""mcx"": 54}",0.0007622500124853,0.0009413749939994,0.0,0.0002497090026736,0.0024094590044114,0.0,100.0,1.0
392ab468,2026-09-22T00:01:36.356346,NEU-DET,scratches,scratches_237.jpg,4x4,4,4,8,FRQI,1024,statevector,5,4,1,1092,705,384,"{""h"": 132, ""x"": 64, ""cx"": 384, ""tdg"": 192, ""t"": 256, ""ry"": 64}",0.001083583003492,0.0044185419974382,0.0,3.258399374317378e-05,0.0072097090014722,2.0850117577936215e-30,100.0,1.0000000000000002
00f9743b,2026-09-22T00:01:36.363576,NEU-DET,scratches,scratches_237.jpg,4x4,4,4,8,NEQR,1024,statevector,12,4,8,127,87,59,"{""h"": 4, ""x"": 64, ""mcx"": 59}",0.0008483340061502,0.0009609580010874,0.0,0.000248709009611,0.0024976660060929,0.0,100.0,1.0
d9fd3892,2026-09-22T00:01:36.366460,NEU-DET,scratches,scratches_238.jpg,4x4,4,4,8,FRQI,1024,statevector,5,4,1,1092,705,384,"{""h"": 132, ""x"": 64, ""cx"": 384, ""tdg"": 192, ""t"": 256, ""ry"": 64}",0.001026958998409,0.0045258750033099,0.0,3.370799822732806e-05,0.0072549169999547,1.9436484998755984e-30,100.0,0.9999999999999888
435dd17e,2026-09-22T00:01:36.373732,NEU-DET,scratches,scratches_238.jpg,4x4,4,4,8,NEQR,1024,statevector,12,4,8,127,87,59,"{""h"": 4, ""x"": 64, ""mcx"": 59}",0.0008961659914348,0.0010060830099973,0.0,0.0002576670085545,0.0026297909935237,0.0,100.0,1.0
5654cc55,2026-09-22T00:01:36.376844,NEU-DET,scratches,scratches_239.jpg,4x4,4,4,8,FRQI,1024,statevector,5,4,1,1092,705,384,"{""h"": 132, ""x"": 64, ""cx"": 384, ""tdg"": 192, ""t"": 256, ""ry"": 64}",0.0010623330017551,0.0043899169977521,0.0,3.0625000363215804e-05,0.0071289170009549,2.180152697046351e-30,100.0,0.9999999999999974
1a88746a,2026-09-22T00:01:36.383991,NEU-DET,scratches,scratches_239.jpg,4x4,4,4,8,NEQR,1024,statevector,12,4,8,124,84,56,"{""h"": 4, ""x"": 64, ""mcx"": 56}",0.0007790420058881,0.0009365000005345,0.0,0.0002528329932829,0.0024818750098347,0.0,100.0,1.0
6c775c9c,2026-09-22T00:01:36.386875,NEU-DET,scratches,scratches_24.jpg,4x4,4,4,8,FRQI,1024,statevector,5,4,1,1092,705,384,"{""h"": 132, ""x"": 64, ""cx"": 384, ""tdg"": 192, ""t"": 256, ""ry"": 64}",0.0010535000037634,0.0043701249960577,0.0,3.2500000088475645e-05,0.0071211250033229,1.5522995351761121e-30,100.0,0.9999999999999988
36897ffc,2026-09-22T00:01:36.394015,NEU-DET,scratches,scratches_24.jpg,4x4,4,4,8,NEQR,1024,statevector,12,4,8,120,80,52,"{""h"": 4, ""x"": 64, ""mcx"": 52}",0.0007525839901063,0.0009068340004887,0.0,0.0002499999973224,0.002365207998082,0.0,100.0,1.0
849471c1,2026-09-22T00:01:36.396856,NEU-DET,scratches,scratches_240.jpg,4x4,4,4,8,FRQI,1024,statevector,5,4,1,1092,705,384,"{""h"": 132, ""x"": 64, ""cx"": 384, ""tdg"": 192, ""t"": 256, ""ry"": 64}",0.0011039999953936,0.004373542004032,0.0,3.012499655596912e-05,0.0073628329992061,2.575835004120709e-30,100.0,1.0000000000000016
b7d4654d,2026-09-22T00:01:36.404235,NEU-DET,scratches,scratches_240.jpg,4x4,4,4,8,NEQR,1024,statevector,12,4,8,122,82,54,"{""h"": 4, ""x"": 64, ""mcx"": 54}",0.0007617920055054,0.0009384999866597,0.0,0.000256041996181,0.0024177919985959,0.0,100.0,1.0
d15aa9a5,2026-09-22T00:01:36.407119,NEU-DET,scratches,scratches_25.jpg,4x4,4,4,8,FRQI,1024,statevector,5,4,1,1092,705,384,"{""h"": 132, ""x"": 64, ""cx"": 384, ""tdg"": 192, ""t"": 256, ""ry"": 64}",0.0013516659964807,0.0044405829976312,0.0,3.408298653084785e-05,0.0076012919889763,1.805174136874156e-30,100.0,0.9999999999999816
31373386,2026-09-22T00:01:36.414740,NEU-DET,scratches,scratches_25.jpg,4x4,4,4,8,NEQR,1024,statevector,12,4,8,136,96,68,"{""h"": 4, ""x"": 64, ""mcx"": 68}",0.0010209169995505,0.0010265409946441,0.0,0.0002562500012572,0.0027963329921476,0.0,100.0,1.0
c4b938cf,2026-09-22T00:01:36.418006,NEU-DET,scratches,scratches_26.jpg,4x4,4,4,8,FRQI,1024,statevector,5,4,1,1092,705,384,"{""h"": 132, ""x"": 64, ""cx"": 384, ""tdg"": 192, ""t"": 256, ""ry"": 64}",0.0010625830036588,0.0044626670132856,0.0,3.458399442024529e-05,0.0072496670036343,1.9902560045297695e-30,100.0,1.0000000000000049
afc00baa,2026-09-22T00:01:36.425279,NEU-DET,scratches,scratches_26.jpg,4x4,4,4,8,NEQR,1024,statevector,12,4,8,124,84,56,"{""h"": 4, ""x"": 64, ""mcx"": 56}",0.0008110410126391,0.0009520419989712,0.0,0.0002514999941922,0.0025414580013602,0.0,100.0,1.0
368d620c,2026-09-22T00:01:36.428234,NEU-DET,scratches,scratches_27.jpg,4x4,4,4,8,FRQI,1024,statevector,5,4,1,1092,705,384,"{""h"": 132, ""x"": 64, ""cx"": 384, ""tdg"": 192, ""t"": 256, ""ry"": 64}",0.0010447079985169,0.0044015830062562,0.0,3.295899659860879e-05,0.0071218750090338,1.4313511346685937e-30,100.0,0.999999999999986
2c048b44,2026-09-22T00:01:36.435373,NEU-DET,scratches,scratches_27.jpg,4x4,4,4,8,NEQR,1024,statevector,12,4,8,135,95,67,"{""h"": 4, ""x"": 64, ""mcx"": 67}",0.0009215000027325,0.0010574999905657,0.0,0.0002507499884814,0.0027246670069871,0.0,100.0,1.0
3184bc11,2026-09-22T00:01:36.438605,NEU-DET,scratches,scratches_28.jpg,4x4,4,4,8,FRQI,1024,statevector,5,4,1,1092,705,384,"{""h"": 132, ""x"": 64, ""cx"": 384, ""tdg"": 192, ""t"": 256, ""ry"": 64}",0.0010885840019909,0.0043458340078359,0.0,3.13749915221706e-05,0.0071195420023286,2.0751895150772463e-30,100.0,0.9999999999999972
f1947bac,2026-09-22T00:01:36.445745,NEU-DET,scratches,scratches_28.jpg,4x4,4,4,8,NEQR,1024,statevector,12,4,8,124,84,56,"{""h"": 4, ""x"": 64, ""mcx"": 56}",0.0007770419906591,0.0010280419955961,0.0,0.0002492909989086,0.0025367919879499,0.0,100.0,1.0
239ef049,2026-09-22T00:01:36.448724,NEU-DET,scratches,scratches_29.jpg,4x4,4,4,8,FRQI,1024,statevector,5,4,1,1092,705,384,"{""h"": 132, ""x"": 64, ""cx"": 384, ""tdg"": 192, ""t"": 256, ""ry"": 64}",0.0010936659964499,0.0042858329979935,0.0,3.108300734311342e-05,0.0070192499988479,1.4144029511579862e-30,100.0,1.0000000000000084
f2f01af4,2026-09-22T00:01:36.455763,NEU-DET,scratches,scratches_29.jpg,4x4,4,4,8,NEQR,1024,statevector,12,4,8,142,102,74,"{""h"": 4, ""x"": 64, ""mcx"": 74}",0.0009563749918015,0.0010431249975226,0.0,0.0002503339928807,0.0027285419928375,0.0,100.0,1.0
196352d4,2026-09-22T00:01:36.458876,NEU-DET,scratches,scratches_3.jpg,4x4,4,4,8,FRQI,1024,statevector,5,4,1,1092,705,384,"{""h"": 132, ""x"": 64, ""cx"": 384, ""tdg"": 192, ""t"": 256, ""ry"": 64}",0.0010183330014115,0.0042765840044012,0.0,3.2333002309314907e-05,0.0069429159921128,1.6545664152230743e-30,100.0,0.9999999999999882
02d6613b,2026-09-22T00:01:36.465837,NEU-DET,scratches,scratches_3.jpg,4x4,4,4,8,NEQR,1024,statevector,12,4,8,133,93,65,"{""h"": 4, ""x"": 64, ""mcx"": 65}",0.0008461660036118,0.000962417005212,0.0,0.0002416249917587,0.0024992500111693,0.0,100.0,1.0
e12c04a3,2026-09-22T00:01:36.468801,NEU-DET,scratches,scratches_30.jpg,4x4,4,4,8,FRQI,1024,statevector,5,4,1,1092,705,384,"{""h"": 132, ""x"": 64, ""cx"": 384, ""tdg"": 192, ""t"": 256, ""ry"": 64}",0.0010218749957857,0.0041915420006262,0.0,3.13749915221706e-05,0.0068285829911474,1.641470091601241e-30,100.0,0.9999999999999758
9bfd4ab8,2026-09-22T00:01:36.475646,NEU-DET,scratches,scratches_30.jpg,4x4,4,4,8,NEQR,1024,statevector,12,4,8,132,92,64,"{""h"": 4, ""x"": 64, ""mcx"": 64}",0.0014715419965796,0.0019103340018773,0.0,0.0002462080010445,0.0041703750030137,0.0,100.0,1.0
43793534,2026-09-22T00:01:36.480266,NEU-DET,scratches,scratches_31.jpg,4x4,4,4,8,FRQI,1024,statevector,5,4,1,1092,705,384,"{""h"": 132, ""x"": 64, ""cx"": 384, ""tdg"": 192, ""t"": 256, ""ry"": 64}",0.001036000001477,0.0042284999944968,0.0,3.283399564679712e-05,0.0069018340000184,1.5097364834051542e-30,100.0,1.0000000000000024
3ec09b91,2026-09-22T00:01:36.487185,NEU-DET,scratches,scratches_31.jpg,4x4,4,4,8,NEQR,1024,statevector,12,4,8,137,97,69,"{""h"": 4, ""x"": 64, ""mcx"": 69}",0.0009262079984182,0.0009736250067362,0.0,0.0002412500034552,0.002671291003935,0.0,100.0,1.0
9f4aa958,2026-09-22T00:01:36.490324,NEU-DET,scratches,scratches_32.jpg,4x4,4,4,8,FRQI,1024,statevector,5,4,1,1092,705,384,"{""h"": 132, ""x"": 64, ""cx"": 384, ""tdg"": 192, ""t"": 256, ""ry"": 64}",0.0010092500015161,0.0041630000050645,0.0,3.220900543965399e-05,0.0068016659934073,1.9783152388745687e-30,100.0,0.999999999999998
14b51679,2026-09-22T00:01:36.497143,NEU-DET,scratches,scratches_32.jpg,4x4,4,4,8,NEQR,1024,statevector,12,4,8,125,85,57,"{""h"": 4, ""x"": 64, ""mcx"": 57}",0.0008619580039521,0.0009413749939994,0.0,0.0002371250011492,0.0025704580039018,0.0,100.0,1.0
08928474,2026-09-22T00:01:36.500096,NEU-DET,scratches,scratches_33.jpg,4x4,4,4,8,FRQI,1024,statevector,5,4,1,1092,705,384,"{""h"": 132, ""x"": 64, ""cx"": 384, ""tdg"": 192, ""t"": 256, ""ry"": 64}",0.0010572920000413,0.0041636660025687,0.0,3.06670117424801e-05,0.0068443329946603,2.4403458325330665e-30,100.0,0.999999999999995
ccd23786,2026-09-22T00:01:36.506954,NEU-DET,scratches,scratches_33.jpg,4x4,4,4,8,NEQR,1024,statevector,12,4,8,128,88,60,"{""h"": 4, ""x"": 64, ""mcx"": 60}",0.000802124995971,0.0009536249999655,0.0,0.0002370829897699,0.0024212499993154,0.0,100.0,1.0
6f936f17,2026-09-22T00:01:36.509848,NEU-DET,scratches,scratches_34.jpg,4x4,4,4,8,FRQI,1024,statevector,5,4,1,1092,705,384,"{""h"": 132, ""x"": 64, ""cx"": 384, ""tdg"": 192, ""t"": 256, ""ry"": 64}",0.0011279579921392,0.0041610000043874,0.0,3.141599881928414e-05,0.0069387080002343,1.3654843305705502e-30,100.0,1.000000000000007
bc476311,2026-09-22T00:01:36.516802,NEU-DET,scratches,scratches_34.jpg,4x4,4,4,8,NEQR,1024,statevector,12,4,8,135,95,67,"{""h"": 4, ""x"": 64, ""mcx"": 67}",0.0008884590060915,0.0009750000026542,0.0,0.0002396249910816,0.0025588749995222,0.0,100.0,1.0
565499b7,2026-09-22T00:01:36.519822,NEU-DET,scratches,scratches_35.jpg,4x4,4,4,8,FRQI,1024,statevector,5,4,1,1092,705,384,"{""h"": 132, ""x"": 64, ""cx"": 384, ""tdg"": 192, ""t"": 256, ""ry"": 64}",0.0010285419994033,0.0042366249981569,0.0,3.145799564663321e-05,0.0068756669934373,1.8105667407184404e-30,100.0,0.9999999999999968
6d314b10,2026-09-22T00:01:36.526712,NEU-DET,scratches,scratches_35.jpg,4x4,4,4,8,NEQR,1024,statevector,12,4,8,134,94,66,"{""h"": 4, ""x"": 64, ""mcx"": 66}",0.0009215000027325,0.0010029160039266,0.0,0.0002396670024609,0.0026099579990841,0.0,100.0,1.0
fea018e9,2026-09-22T00:01:36.529731,NEU-DET,scratches,scratches_36.jpg,4x4,4,4,8,FRQI,1024,statevector,5,4,1,1092,705,384,"{""h"": 132, ""x"": 64, ""cx"": 384, ""tdg"": 192, ""t"": 256, ""ry"": 64}",0.0010055840102722,0.0041827079985523,0.0,2.8416005079634488e-05,0.0068144169927109,1.7131146855324463e-30,100.0,1.000000000000002
80a2e8c4,2026-09-22T00:01:36.536561,NEU-DET,scratches,scratches_36.jpg,4x4,4,4,8,NEQR,1024,statevector,12,4,8,127,87,59,"{""h"": 4, ""x"": 64, ""mcx"": 59}",0.0007851250120438,0.000922208011616,0.0,0.0002362910017836,0.0024189590039895,0.0,100.0,1.0
8dc07a76,2026-09-22T00:01:36.539366,NEU-DET,scratches,scratches_37.jpg,4x4,4,4,8,FRQI,1024,statevector,5,4,1,1092,705,384,"{""h"": 132, ""x"": 64, ""cx"": 384, ""tdg"": 192, ""t"": 256, ""ry"": 64}",0.001145959002315,0.0041948330035666,0.0,3.0459006666205823e-05,0.0069555829977616,1.4999142406887793e-30,100.0,0.9999999999999544
014554db,2026-09-22T00:01:36.546341,NEU-DET,scratches,scratches_37.jpg,4x4,4,4,8,NEQR,1024,statevector,12,4,8,131,91,63,"{""h"": 4, ""x"": 64, ""mcx"": 63}",0.0008288749959319,0.0009336660004919,0.0,0.0002412080066278,0.0024360420065931,0.0,100.0,1.0
65b8fb91,2026-09-22T00:01:36.549179,NEU-DET,scratches,scratches_38.jpg,4x4,4,4,8,FRQI,1024,statevector,5,4,1,1092,705,384,"{""h"": 132, ""x"": 64, ""cx"": 384, ""tdg"": 192, ""t"": 256, ""ry"": 64}",0.0010585409909253,0.0045029169996269,0.0,3.066699719056487e-05,0.0071567919949302,1.870077976000006e-30,100.0,0.999999999999978
9f581f85,2026-09-22T00:01:36.556354,NEU-DET,scratches,scratches_38.jpg,4x4,4,4,8,NEQR,1024,statevector,12,4,8,134,94,66,"{""h"": 4, ""x"": 64, ""mcx"": 66}",0.000865166002768,0.0009916669951053,0.0,0.0002404999977443,0.0025904590002028,0.0,100.0,1.0
97bf77cd,2026-09-22T00:01:36.559328,NEU-DET,scratches,scratches_39.jpg,4x4,4,4,8,FRQI,1024,statevector,5,4,1,1092,705,384,"{""h"": 132, ""x"": 64, ""cx"": 384, ""tdg"": 192, ""t"": 256, ""ry"": 64}",0.0010584999981801,0.0041317919967696,0.0,2.924998989328742e-05,0.0068098339979769,1.688270189249851e-30,100.0,0.999999999999992
a192ab7d,2026-09-22T00:01:36.566153,NEU-DET,scratches,scratches_39.jpg,4x4,4,4,8,NEQR,1024,statevector,12,4,8,134,94,66,"{""h"": 4, ""x"": 64, ""mcx"": 66}",0.0008600830042269,0.0009353340137749,0.0,0.0002450829924782,0.0024743329995544,0.0,100.0,1.0
db3dcd18,2026-09-22T00:01:36.568996,NEU-DET,scratches,scratches_4.jpg,4x4,4,4,8,FRQI,1024,statevector,5,4,1,1092,705,384,"{""h"": 132, ""x"": 64, ""cx"": 384, ""tdg"": 192, ""t"": 256, ""ry"": 64}",0.0009901250014081,0.004223791998811,0.0,2.9582995921373367e-05,0.0068094169982941,1.6360774877569572e-30,100.0,0.9999999999999828
1e0763c1,2026-09-22T00:01:36.575820,NEU-DET,scratches,scratches_4.jpg,4x4,4,4,8,NEQR,1024,statevector,12,4,8,129,89,61,"{""h"": 4, ""x"": 64, ""mcx"": 61}",0.0008032500045374,0.0009418330009793,0.0,0.0002412500034552,0.0023983329883776,0.0,100.0,1.0
9a021ab8,2026-09-22T00:01:36.578712,NEU-DET,scratches,scratches_40.jpg,4x4,4,4,8,FRQI,1024,statevector,5,4,1,1092,705,384,"{""h"": 132, ""x"": 64, ""cx"": 384, ""tdg"": 192, ""t"": 256, ""ry"": 64}",0.0009968329977709,0.00417345900496,0.0,2.95409990940243e-05,0.0067592910054372,1.4829660571781716e-30,100.0,0.9999999999999668
11e00122,2026-09-22T00:01:36.585487,NEU-DET,scratches,scratches_40.jpg,4x4,4,4,8,NEQR,1024,statevector,12,4,8,135,95,67,"{""h"": 4, ""x"": 64, ""mcx"": 67}",0.0010392499971203,0.0009505409980192,0.0,0.000239374989178,0.0027020000125048,0.0,100.0,1.0
2efc0756,2026-09-22T00:01:36.588573,NEU-DET,scratches,scratches_41.jpg,4x4,4,4,8,FRQI,1024,statevector,5,4,1,1092,705,384,"{""h"": 132, ""x"": 64, ""cx"": 384, ""tdg"": 192, ""t"": 256, ""ry"": 64}",0.001041499999701,0.0040997080068336,0.0,3.0625000363215804e-05,0.0067501250014174,1.3367879743991804e-30,100.0,1.0
688fc208,2026-09-22T00:01:36.595343,NEU-DET,scratches,scratches_41.jpg,4x4,4,4,8,NEQR,1024,statevector,12,4,8,136,96,68,"{""h"": 4, ""x"": 64, ""mcx"": 68}",0.0008921669941628,0.0009429159981664,0.0,0.0002407090069027,0.0025674159987829,0.0,100.0,1.0
41565ac4,2026-09-22T00:01:36.598364,NEU-DET,scratches,scratches_42.jpg,4x4,4,4,8,FRQI,1024,statevector,5,4,1,1092,705,384,"{""h"": 132, ""x"": 64, ""cx"": 384, ""tdg"": 192, ""t"": 256, ""ry"": 64}",0.0010032499994849,0.0040787500038277,0.0,2.9167000320740044e-05,0.006696374999592,1.525143922960252e-30,100.0,1.0000000000000129
e6fd2ba3,2026-09-22T00:01:36.605075,NEU-DET,scratches,scratches_42.jpg,4x4,4,4,8,NEQR,1024,statevector,12,4,8,136,96,68,"{""h"": 4, ""x"": 64, ""mcx"": 68}",0.0008692080009495,0.0009578339959261,0.0,0.0002525419986341,0.0025136250042123,0.0,100.0,1.0
034e3dc3,2026-09-22T00:01:36.607959,NEU-DET,scratches,scratches_43.jpg,4x4,4,4,8,FRQI,1024,statevector,5,4,1,1092,705,384,"{""h"": 132, ""x"": 64, ""cx"": 384, ""tdg"": 192, ""t"": 256, ""ry"": 64}",0.0011202079913346,0.0041630839987192,0.0,2.937499084509909e-05,0.0068655000068247,1.9731633762733328e-30,100.0,1.0
877ffe0e,2026-09-22T00:01:36.614840,NEU-DET,scratches,scratches_43.jpg,4x4,4,4,8,NEQR,1024,statevector,12,4,8,119,79,51,"{""h"": 4, ""x"": 64, ""mcx"": 51}",0.0006969579990254,0.0008979999984148,0.0,0.0002446250000502,0.0022302080033114,0.0,100.0,1.0
fb2f7363,2026-09-22T00:01:36.617522,NEU-DET,scratches,scratches_44.jpg,4x4,4,4,8,FRQI,1024,statevector,5,4,1,1092,705,384,"{""h"": 132, ""x"": 64, ""cx"": 384, ""tdg"": 192, ""t"": 256, ""ry"": 64}",0.0010780000011436,0.0041563749982742,0.0,2.9458999051712453e-05,0.0068407079961616,2.309912227049441e-30,100.0,1.0000000000000022
f1fc67c5,2026-09-22T00:01:36.624384,NEU-DET,scratches,scratches_44.jpg,4x4,4,4,8,NEQR,1024,statevector,12,4,8,126,86,58,"{""h"": 4, ""x"": 64, ""mcx"": 58}",0.0008630420052213,0.0009167499956674,0.0,0.0002433330082567,0.0024805420107441,0.0,100.0,1.0
8009c2a6,2026-09-22T00:01:36.627259,NEU-DET,scratches,scratches_45.jpg,4x4,4,4,8,FRQI,1024,statevector,5,4,1,1092,705,384,"{""h"": 132, ""x"": 64, ""cx"": 384, ""tdg"": 192, ""t"": 256, ""ry"": 64}",0.0010147499997401,0.00443549999909,0.0,3.270899469498545e-05,0.0070752079918747,1.073705943995884e-30,100.0,1.0000000000000029
3134d7bd,2026-09-22T00:01:36.634353,NEU-DET,scratches,scratches_45.jpg,4x4,4,4,8,NEQR,1024,statevector,12,4,8,131,91,63,"{""h"": 4, ""x"": 64, ""mcx"": 63}",0.0008945000008679,0.0010003749921452,0.0,0.0002400829980615,0.0025857919972622,0.0,100.0,1.0
78092cef,2026-09-22T00:01:36.637336,NEU-DET,scratches,scratches_46.jpg,4x4,4,4,8,FRQI,1024,statevector,5,4,1,1092,705,384,"{""h"": 132, ""x"": 64, ""cx"": 384, ""tdg"": 192, ""t"": 256, ""ry"": 64}",0.0014252090040827,0.0047648750041844,0.0,3.391699283383787e-05,0.0083084999932907,1.691736863149748e-30,100.0,0.999999999999925
a40ee820,2026-09-22T00:01:36.645665,NEU-DET,scratches,scratches_46.jpg,4x4,4,4,8,NEQR,1024,statevector,12,4,8,142,102,74,"{""h"": 4, ""x"": 64, ""mcx"": 74}",0.0010614170023472,0.0010764159960672,0.0,0.0002534170052967,0.0030458749970421,0.0,100.0,1.0
2517e022,2026-09-22T00:01:36.649153,NEU-DET,scratches,scratches_47.jpg,4x4,4,4,8,FRQI,1024,statevector,5,4,1,1092,705,384,"{""h"": 132, ""x"": 64, ""cx"": 384, ""tdg"": 192, ""t"": 256, ""ry"": 64}",0.0010484169906703,0.0043871660018339,0.0,3.2791998819448054e-05,0.0071230409957934,1.5908181340638568e-30,100.0,0.9999999999999916
20fad6d7,2026-09-22T00:01:36.656291,NEU-DET,scratches,scratches_47.jpg,4x4,4,4,8,NEQR,1024,statevector,12,4,8,131,91,63,"{""h"": 4, ""x"": 64, ""mcx"": 63}",0.0008695829892531,0.0010455840092618,0.0,0.0002537499967729,0.0026325420039938,0.0,100.0,1.0
e250542f,2026-09-22T00:01:36.659301,NEU-DET,scratches,scratches_48.jpg,4x4,4,4,8,FRQI,1024,statevector,5,4,1,1092,705,384,"{""h"": 132, ""x"": 64, ""cx"": 384, ""tdg"": 192, ""t"": 256, ""ry"": 64}",0.0010520420037209,0.0044242500007385,0.0,3.270799061283469e-05,0.0072712080000201,1.618551525263033e-30,100.0,0.9999999999999952
e2a9fccf,2026-09-22T00:01:36.666588,NEU-DET,scratches,scratches_48.jpg,4x4,4,4,8,NEQR,1024,statevector,12,4,8,129,89,61,"{""h"": 4, ""x"": 64, ""mcx"": 61}",0.000846167007694,0.0009793750068638,0.0,0.000267374998657,0.0025514589942758,0.0,100.0,1.0
2f3d992e,2026-09-22T00:01:36.669604,NEU-DET,scratches,scratches_49.jpg,4x4,4,4,8,FRQI,1024,statevector,5,4,1,1092,705,384,"{""h"": 132, ""x"": 64, ""cx"": 384, ""tdg"": 192, ""t"": 256, ""ry"": 64}",0.0012381249980535,0.0043430829973658,0.0,3.2083000405691564e-05,0.0072856250044424,1.5569217670426416e-30,100.0,0.9999999999999912
cfe83ec1,2026-09-22T00:01:36.676910,NEU-DET,scratches,scratches_49.jpg,4x4,4,4,8,NEQR,1024,statevector,12,4,8,124,84,56,"{""h"": 4, ""x"": 64, ""mcx"": 56}",0.0007986249984242,0.0009301249956479,0.0,0.0002516670065233,0.0024310410080943,0.0,100.0,1.0
3241bca8,2026-09-22T00:01:36.679748,NEU-DET,scratches,scratches_5.jpg,4x4,4,4,8,FRQI,1024,statevector,5,4,1,1092,705,384,"{""h"": 132, ""x"": 64, ""cx"": 384, ""tdg"": 192, ""t"": 256, ""ry"": 64}",0.0010213329951511,0.0044861670030513,0.0,3.0499999411404133e-05,0.0071880000032251,1.7612629341421272e-30,100.0,0.9999999999999972
46ca32d4,2026-09-22T00:01:36.686953,NEU-DET,scratches,scratches_5.jpg,4x4,4,4,8,NEQR,1024,statevector,12,4,8,131,91,63,"{""h"": 4, ""x"": 64, ""mcx"": 63}",0.0008602919988334,0.0009571669943397,0.0,0.0002514170046197,0.0025332079967483,0.0,100.0,1.0
69d7bf05,2026-09-22T00:01:36.689867,NEU-DET,scratches,scratches_50.jpg,4x4,4,4,8,FRQI,1024,statevector,5,4,1,1092,705,384,"{""h"": 132, ""x"": 64, ""cx"": 384, ""tdg"": 192, ""t"": 256, ""ry"": 64}",0.0010405000066384,0.004291249992093,0.0,2.837499778252095e-05,0.0070266669936245,1.1940765655200862e-30,100.0,0.9999999999999972
ad11a80e,2026-09-22T00:01:36.696909,NEU-DET,scratches,scratches_50.jpg,4x4,4,4,8,NEQR,1024,statevector,12,4,8,133,93,65,"{""h"": 4, ""x"": 64, ""mcx"": 65}",0.0009081660100491,0.0010026670061051,0.0,0.0002465410070726,0.0026124169962713,0.0,100.0,1.0
b4073451,2026-09-22T00:01:36.699925,NEU-DET,scratches,scratches_51.jpg,4x4,4,4,8,FRQI,1024,statevector,5,4,1,1092,705,384,"{""h"": 132, ""x"": 64, ""cx"": 384, ""tdg"": 192, ""t"": 256, ""ry"": 64}",0.0010188750020461,0.0041937089990824,0.0,3.137500607408583e-05,0.0068512500001816,1.2187284688082428e-30,100.0,0.9999999999999732
78e785ef,2026-09-22T00:01:36.706798,NEU-DET,scratches,scratches_51.jpg,4x4,4,4,8,NEQR,1024,statevector,12,4,8,133,93,65,"{""h"": 4, ""x"": 64, ""mcx"": 65}",0.0008670419920235,0.000964249993558,0.0,0.0002539999986765,0.0026319589960621,0.0,100.0,1.0
4c914da0,2026-09-22T00:01:36.709930,NEU-DET,scratches,scratches_52.jpg,4x4,4,4,8,FRQI,1024,statevector,5,4,1,1092,705,384,"{""h"": 132, ""x"": 64, ""cx"": 384, ""tdg"": 192, ""t"": 256, ""ry"": 64}",0.0010079170024255,0.0044278330024098,0.0,3.1041010515764356e-05,0.0070701250078855,1.2705359843122597e-30,100.0,1.0000000000000022
c40cf272,2026-09-22T00:01:36.717021,NEU-DET,scratches,scratches_52.jpg,4x4,4,4,8,NEQR,1024,statevector,12,4,8,128,88,60,"{""h"": 4, ""x"": 64, ""mcx"": 60}",0.0008504160068696,0.0009324999991804,0.0,0.0002513750077923,0.0024972499959403,0.0,100.0,1.0
fabc7bc1,2026-09-22T00:01:36.719925,NEU-DET,scratches,scratches_53.jpg,4x4,4,4,8,FRQI,1024,statevector,5,4,1,1092,705,384,"{""h"": 132, ""x"": 64, ""cx"": 384, ""tdg"": 192, ""t"": 256, ""ry"": 64}",0.0010429579997435,0.0041851249989122,0.0,2.995900285895914e-05,0.0068141250085318,1.3442991011822906e-30,100.0,0.9999999999999714
2f91aff0,2026-09-22T00:01:36.726757,NEU-DET,scratches,scratches_53.jpg,4x4,4,4,8,NEQR,1024,statevector,12,4,8,130,90,62,"{""h"": 4, ""x"": 64, ""mcx"": 62}",0.0008149159984895,0.000933333998546,0.0,0.0002525000018067,0.0024304580001626,0.0,100.0,1.0
5b6e936a,2026-09-22T00:01:36.729657,NEU-DET,scratches,scratches_54.jpg,4x4,4,4,8,FRQI,1024,statevector,5,4,1,1092,705,384,"{""h"": 132, ""x"": 64, ""cx"": 384, ""tdg"": 192, ""t"": 256, ""ry"": 64}",0.0010381669999333,0.0041582499979995,0.0,3.0333991162478924e-05,0.0067837079986929,1.0259428813750804e-30,100.0,0.9999999999999964
97bdc91d,2026-09-22T00:01:36.736458,NEU-DET,scratches,scratches_54.jpg,4x4,4,4,8,NEQR,1024,statevector,12,4,8,137,97,69,"{""h"": 4, ""x"": 64, ""mcx"": 69}",0.0008855839987518,0.0009456659900024,0.0,0.0002449159946991,0.002537750013289,0.0,100.0,1.0
73aec760,2026-09-22T00:01:36.739372,NEU-DET,scratches,scratches_55.jpg,4x4,4,4,8,FRQI,1024,statevector,5,4,1,1092,705,384,"{""h"": 132, ""x"": 64, ""cx"": 384, ""tdg"": 192, ""t"": 256, ""ry"": 64}",0.0011329999979352,0.0041716250125318,0.0,3.0499999411404133e-05,0.0069627909979317,1.2285507115246178e-30,100.0,0.9999999999999958
bed517ee,2026-09-22T00:01:36.746353,NEU-DET,scratches,scratches_55.jpg,4x4,4,4,8,NEQR,1024,statevector,12,4,8,135,95,67,"{""h"": 4, ""x"": 64, ""mcx"": 67}",0.00093687500339,0.0009663340024417,0.0,0.0002425410057185,0.0025890419929055,0.0,100.0,1.0
5b4219ec,2026-09-22T00:01:36.749403,NEU-DET,scratches,scratches_56.jpg,4x4,4,4,8,FRQI,1024,statevector,5,4,1,1092,705,384,"{""h"": 132, ""x"": 64, ""cx"": 384, ""tdg"": 192, ""t"": 256, ""ry"": 64}",0.0009541660110699,0.0041370410035597,0.0,2.8208000003360212e-05,0.0066602500010048,1.330047219593825e-30,100.0,1.0000000000000144
a1c58720,2026-09-22T00:01:36.756079,NEU-DET,scratches,scratches_56.jpg,4x4,4,4,8,NEQR,1024,statevector,12,4,8,127,87,59,"{""h"": 4, ""x"": 64, ""mcx"": 59}",0.0007732079975539,0.000905832988792,0.0,0.00023891699675,0.0024092500098049,0.0,100.0,1.0
ed92910e,2026-09-22T00:01:36.758888,NEU-DET,scratches,scratches_57.jpg,4x4,4,4,8,FRQI,1024,statevector,5,4,1,1092,705,384,"{""h"": 132, ""x"": 64, ""cx"": 384, ""tdg"": 192, ""t"": 256, ""ry"": 64}",0.001004500009003,0.0040910000097937,0.0,3.100000321865082e-05,0.0066809160052798,2.1635896995246208e-30,100.0,1.0000000000000062
8d7072d0,2026-09-22T00:01:36.765589,NEU-DET,scratches,scratches_57.jpg,4x4,4,4,8,NEQR,1024,statevector,12,4,8,135,95,67,"{""h"": 4, ""x"": 64, ""mcx"": 67}",0.0009755000064615,0.0010252500069327,0.0,0.0002387499989708,0.0027746249979827,0.0,100.0,1.0
a944ff89,2026-09-22T00:01:36.768727,NEU-DET,scratches,scratches_58.jpg,4x4,4,4,8,FRQI,1024,statevector,5,4,1,1092,705,384,"{""h"": 132, ""x"": 64, ""cx"": 384, ""tdg"": 192, ""t"": 256, ""ry"": 64}",0.0009699999936856,0.004109999994398,0.0,2.9875009204261005e-05,0.0066516250080894,1.7847592794636515e-30,100.0,0.9999999999999916
4e34746a,2026-09-22T00:01:36.775397,NEU-DET,scratches,scratches_58.jpg,4x4,4,4,8,NEQR,1024,statevector,12,4,8,133,93,65,"{""h"": 4, ""x"": 64, ""mcx"": 65}",0.0008752079884288,0.0009318749944213,0.0,0.0002514999941922,0.0025046249938895,0.0,100.0,1.0
0b61aec0,2026-09-22T00:01:36.778258,NEU-DET,scratches,scratches_59.jpg,4x4,4,4,8,FRQI,1024,statevector,5,4,1,1092,705,384,"{""h"": 132, ""x"": 64, ""cx"": 384, ""tdg"": 192, ""t"": 256, ""ry"": 64}",0.0010341249871999,0.0041598749958211,0.0,2.9874994652345777e-05,0.0067717080091824,1.2595581836292522e-30,100.0,0.9999999999999832
5e439789,2026-09-22T00:01:36.785048,NEU-DET,scratches,scratches_59.jpg,4x4,4,4,8,NEQR,1024,statevector,12,4,8,130,90,62,"{""h"": 4, ""x"": 64, ""mcx"": 62}",0.0008484589925501,0.0009297090000472,0.0,0.0002525000018067,0.0024657500034663,0.0,100.0,1.0
6b9d67bb,2026-09-22T00:01:36.787893,NEU-DET,scratches,scratches_6.jpg,4x4,4,4,8,FRQI,1024,statevector,5,4,1,1092,705,384,"{""h"": 132, ""x"": 64, ""cx"": 384, ""tdg"": 192, ""t"": 256, ""ry"": 64}",0.001022374999593,0.0041264159954153,0.0,8.012499893084168e-05,0.0069519160024356,1.5264920739213231e-30,100.0,0.9999999999999998
24b3e8e2,2026-09-22T00:01:36.794865,NEU-DET,scratches,scratches_6.jpg,4x4,4,4,8,NEQR,1024,statevector,12,4,8,131,91,63,"{""h"": 4, ""x"": 64, ""mcx"": 63}",0.0008375829929718,0.0009667909907875,0.0,0.0002455409994581,0.0025799169961828,0.0,100.0,1.0
3c63c717,2026-09-22T00:01:36.797835,NEU-DET,scratches,scratches_60.jpg,4x4,4,4,8,FRQI,1024,statevector,5,4,1,1092,705,384,"{""h"": 132, ""x"": 64, ""cx"": 384, ""tdg"": 192, ""t"": 256, ""ry"": 64}",0.001028334008879,0.0042056250094901,0.0,3.041699528694153e-05,0.0068814999976893,9.152019095728145e-31,100.0,0.9999999999999896
0616f83a,2026-09-22T00:01:36.804738,NEU-DET,scratches,scratches_60.jpg,4x4,4,4,8,NEQR,1024,statevector,12,4,8,130,90,62,"{""h"": 4, ""x"": 64, ""mcx"": 62}",0.0010236669913865,0.0009613330039428,0.0,0.0002410420129308,0.0026649589999578,0.0,100.0,1.0
1f9445e3,2026-09-22T00:01:36.807871,NEU-DET,scratches,scratches_61.jpg,4x4,4,4,8,FRQI,1024,statevector,5,4,1,1092,705,384,"{""h"": 132, ""x"": 64, ""cx"": 384, ""tdg"": 192, ""t"": 256, ""ry"": 64}",0.0011136669927509,0.0041960829985328,0.0,3.170799755025655e-05,0.0069304170028772,1.4240326008799222e-30,100.0,1.0000000000000084
9a6e7ae3,2026-09-22T00:01:36.814818,NEU-DET,scratches,scratches_61.jpg,4x4,4,4,8,NEQR,1024,statevector,12,4,8,145,105,77,"{""h"": 4, ""x"": 64, ""mcx"": 77}",0.0009939160081557,0.0010451669950271,0.0,0.0002573330129962,0.00288233399624,0.0,100.0,1.0
7d1ae70e,2026-09-22T00:01:36.818085,NEU-DET,scratches,scratches_62.jpg,4x4,4,4,8,FRQI,1024,statevector,5,4,1,1092,705,384,"{""h"": 132, ""x"": 64, ""cx"": 384, ""tdg"": 192, ""t"": 256, ""ry"": 64}",0.0010053750011138,0.0041519579972373,0.0,3.412499791011214e-05,0.0067732499883277,2.0262708944898112e-30,100.0,0.9999999999999952
02861fa0,2026-09-22T00:01:36.824875,NEU-DET,scratches,scratches_62.jpg,4x4,4,4,8,NEQR,1024,statevector,12,4,8,129,89,61,"{""h"": 4, ""x"": 64, ""mcx"": 61}",0.0008260839967988,0.0009733750048326,0.0,0.0002470829931553,0.0024942500022007,0.0,100.0,1.0
1f7bb7ed,2026-09-22T00:01:36.827749,NEU-DET,scratches,scratches_63.jpg,4x4,4,4,8,FRQI,1024,statevector,5,4,1,1092,705,384,"{""h"": 132, ""x"": 64, ""cx"": 384, ""tdg"": 192, ""t"": 256, ""ry"": 64}",0.0009910420048981,0.0043024159967899,0.0,3.158301115036011e-05,0.0068805000046268,1.171157999181878e-30,100.0,0.9999999999999948
18e74311,2026-09-22T00:01:36.834649,NEU-DET,scratches,scratches_63.jpg,4x4,4,4,8,NEQR,1024,statevector,12,4,8,129,89,61,"{""h"": 4, ""x"": 64, ""mcx"": 61}",0.0008356249891221,0.0009352499910164,0.0,0.0002404590049991,0.0024818340025376,0.0,100.0,1.0
e21b408b,2026-09-22T00:01:36.837506,NEU-DET,scratches,scratches_64.jpg,4x4,4,4,8,FRQI,1024,statevector,5,4,1,1092,705,384,"{""h"": 132, ""x"": 64, ""cx"": 384, ""tdg"": 192, ""t"": 256, ""ry"": 64}",0.0010866660013562,0.0041682089940877,0.0,3.345799632370472e-05,0.0068642500118585,1.63261081385706e-30,100.0,0.9999999999999986
22faee77,2026-09-22T00:01:36.844387,NEU-DET,scratches,scratches_64.jpg,4x4,4,4,8,NEQR,1024,statevector,12,4,8,122,82,54,"{""h"": 4, ""x"": 64, ""mcx"": 54}",0.0007607910083606,0.000842665991513,0.0,0.000253000005614,0.0022664159914711,0.0,100.0,1.0
f01bbd90,2026-09-22T00:01:36.847065,NEU-DET,scratches,scratches_65.jpg,4x4,4,4,8,FRQI,1024,statevector,5,4,1,1092,705,384,"{""h"": 132, ""x"": 64, ""cx"": 384, ""tdg"": 192, ""t"": 256, ""ry"": 64}",0.0010005840013036,0.0041289579967269,0.0,3.0292008887045085e-05,0.0067625000083353,1.3342842654714772e-30,100.0,1.0000000000000042
77215c9b,2026-09-22T00:01:36.853844,NEU-DET,scratches,scratches_65.jpg,4x4,4,4,8,NEQR,1024,statevector,12,4,8,134,94,66,"{""h"": 4, ""x"": 64, ""mcx"": 66}",0.0009177500032819,0.0009728340082801,0.0,0.0002373330062255,0.0025933330034604,0.0,100.0,1.0
906ec061,2026-09-22T00:01:36.856813,NEU-DET,scratches,scratches_66.jpg,4x4,4,4,8,FRQI,1024,statevector,5,4,1,1092,705,384,"{""h"": 132, ""x"": 64, ""cx"": 384, ""tdg"": 192, ""t"": 256, ""ry"": 64}",0.000969457993051,0.004157709001447,0.0,2.970799687318504e-05,0.0067479580029612,1.3916769778142166e-30,100.0,1.000000000000003
7d2551ab,2026-09-22T00:01:36.863577,NEU-DET,scratches,scratches_66.jpg,4x4,4,4,8,NEQR,1024,statevector,12,4,8,124,84,56,"{""h"": 4, ""x"": 64, ""mcx"": 56}",0.0007470830023521,0.0008834999898681,0.0,0.0002474170032655,0.0023426670086337,0.0,100.0,1.0
17ac9091,2026-09-22T00:01:36.866285,NEU-DET,scratches,scratches_67.jpg,4x4,4,4,8,FRQI,1024,statevector,5,4,1,1092,705,384,"{""h"": 132, ""x"": 64, ""cx"": 384, ""tdg"": 192, ""t"": 256, ""ry"": 64}",0.0012476249976316,0.0042988750064978,0.0,3.1042000045999885e-05,0.0071415830025216,1.3766547242479962e-30,100.0,0.9999999999999872
688e0add,2026-09-22T00:01:36.873446,NEU-DET,scratches,scratches_67.jpg,4x4,4,4,8,NEQR,1024,statevector,12,4,8,135,95,67,"{""h"": 4, ""x"": 64, ""mcx"": 67}",0.000868791990797,0.012416999990819,0.0,0.0002334590099053,0.0140187079960014,0.0,100.0,1.0
14ec7498,2026-09-22T00:01:36.888033,NEU-DET,scratches,scratches_68.jpg,4x4,4,4,8,FRQI,1024,statevector,5,4,1,1092,705,384,"{""h"": 132, ""x"": 64, ""cx"": 384, ""tdg"": 192, ""t"": 256, ""ry"": 64}",0.0010547499987296,0.0041233749943785,0.0,3.516700235195458e-05,0.0068380000011529,1.23124701344676e-30,100.0,1.0
de38bb14,2026-09-22T00:01:36.894892,NEU-DET,scratches,scratches_68.jpg,4x4,4,4,8,NEQR,1024,statevector,12,4,8,131,91,63,"{""h"": 4, ""x"": 64, ""mcx"": 63}",0.0008495000074617,0.0009656250040279,0.0,0.0002427080034976,0.0025823750038398,0.0,100.0,1.0
340f6f69,2026-09-22T00:01:36.897989,NEU-DET,scratches,scratches_69.jpg,4x4,4,4,8,FRQI,1024,statevector,5,4,1,1092,705,384,"{""h"": 132, ""x"": 64, ""cx"": 384, ""tdg"": 192, ""t"": 256, ""ry"": 64}",0.001048999998602,0.0041597920062486,0.0,3.1625007977709174e-05,0.0068517500039888,1.8845224505829103e-30,100.0,0.9999999999999992
ecc44cb2,2026-09-22T00:01:36.904862,NEU-DET,scratches,scratches_69.jpg,4x4,4,4,8,NEQR,1024,statevector,12,4,8,133,93,65,"{""h"": 4, ""x"": 64, ""mcx"": 65}",0.0008569579949835,0.0010206250008195,0.0,0.0002736250025918,0.0026056249917019,0.0,100.0,1.0
16d4c912,2026-09-22T00:01:36.907907,NEU-DET,scratches,scratches_7.jpg,4x4,4,4,8,FRQI,1024,statevector,5,4,1,1092,705,384,"{""h"": 132, ""x"": 64, ""cx"": 384, ""tdg"": 192, ""t"": 256, ""ry"": 64}",0.0010416669974802,0.0042194999987259,0.0,2.995801332872361e-05,0.0069228750071488,1.7387295537927965e-30,100.0,0.9999999999999988
4ecd64cb,2026-09-22T00:01:36.914849,NEU-DET,scratches,scratches_7.jpg,4x4,4,4,8,NEQR,1024,statevector,12,4,8,128,88,60,"{""h"": 4, ""x"": 64, ""mcx"": 60}",0.0008705410000402,0.0013328329951036,0.0,0.0004617079976014,0.0032477499917149,0.0,100.0,1.0
bc2f17c3,2026-09-22T00:01:36.918676,NEU-DET,scratches,scratches_70.jpg,4x4,4,4,8,FRQI,1024,statevector,5,4,1,1092,705,384,"{""h"": 132, ""x"": 64, ""cx"": 384, ""tdg"": 192, ""t"": 256, ""ry"": 64}",0.0014871660096105,0.0042699169862316,0.0,3.4042008337564766e-05,0.0074987499974668,1.0746689089680776e-30,100.0,0.9999999999999888
547dd4d5,2026-09-22T00:01:36.926194,NEU-DET,scratches,scratches_70.jpg,4x4,4,4,8,NEQR,1024,statevector,12,4,8,130,90,62,"{""h"": 4, ""x"": 64, ""mcx"": 62}",0.000825958995847,0.000940541998716,0.0,0.0002464590070303,0.0024628749961266,0.0,100.0,1.0
491167e9,2026-09-22T00:01:36.929097,NEU-DET,scratches,scratches_71.jpg,4x4,4,4,8,FRQI,1024,statevector,5,4,1,1092,705,384,"{""h"": 132, ""x"": 64, ""cx"": 384, ""tdg"": 192, ""t"": 256, ""ry"": 64}",0.0010520409996388,0.0053383750055218,0.0,3.545900108292699e-05,0.008007083000848,1.5503736052317249e-30,100.0,0.9999999999999872
de30363d,2026-09-22T00:01:36.937124,NEU-DET,scratches,scratches_71.jpg,4x4,4,4,8,NEQR,1024,statevector,12,4,8,136,96,68,"{""h"": 4, ""x"": 64, ""mcx"": 68}",0.0009386250021634,0.0010224169964203,0.0,0.0002494169893907,0.0026995000080205,0.0,100.0,1.0
7666136d,2026-09-22T00:01:36.940259,NEU-DET,scratches,scratches_72.jpg,4x4,4,4,8,FRQI,1024,statevector,5,4,1,1092,705,384,"{""h"": 132, ""x"": 64, ""cx"": 384, ""tdg"": 192, ""t"": 256, ""ry"": 64}",0.0010600840032566,0.0045057499955873,0.0,3.287500294391066e-05,0.0073577090079197,1.2539729867905293e-30,100.0,1.000000000000001
13276f37,2026-09-22T00:01:36.947632,NEU-DET,scratches,scratches_72.jpg,4x4,4,4,8,NEQR,1024,statevector,12,4,8,134,94,66,"{""h"": 4, ""x"": 64, ""mcx"": 66}",0.0009732089965837,0.0010272919898852,0.0,0.0002622500032885,0.0027487079933052,0.0,100.0,1.0
5c4d6845,2026-09-22T00:01:36.950904,NEU-DET,scratches,scratches_73.jpg,4x4,4,4,8,FRQI,1024,statevector,5,4,1,1092,705,384,"{""h"": 132, ""x"": 64, ""cx"": 384, ""tdg"": 192, ""t"": 256, ""ry"": 64}",0.0011946669983444,0.0044218340044608,0.0,3.320799442008138e-05,0.0073504999891156,1.973885600002478e-30,100.0,0.9999999999999984
49563ec7,2026-09-22T00:01:36.958305,NEU-DET,scratches,scratches_73.jpg,4x4,4,4,8,NEQR,1024,statevector,12,4,8,126,86,58,"{""h"": 4, ""x"": 64, ""mcx"": 58}",0.0008222079923143,0.0009470000077271,0.0,0.0002618330036057,0.0025919159961631,0.0,100.0,1.0
d9ddc5e1,2026-09-22T00:01:36.961302,NEU-DET,scratches,scratches_74.jpg,4x4,4,4,8,FRQI,1024,statevector,5,4,1,1092,705,384,"{""h"": 132, ""x"": 64, ""cx"": 384, ""tdg"": 192, ""t"": 256, ""ry"": 64}",0.0010585000127321,0.0046454580005956,0.0,3.341700357850641e-05,0.0074232500046491,2.5167089548280205e-30,100.0,1.0000000000000029
f2093ca3,2026-09-22T00:01:36.968745,NEU-DET,scratches,scratches_74.jpg,4x4,4,4,8,NEQR,1024,statevector,12,4,8,126,86,58,"{""h"": 4, ""x"": 64, ""mcx"": 58}",0.0008327090035891,0.0009665830002631,0.0,0.0002540409914217,0.0025076669990085,0.0,100.0,1.0
d342427c,2026-09-22T00:01:36.971746,NEU-DET,scratches,scratches_75.jpg,4x4,4,4,8,FRQI,1024,statevector,5,4,1,1092,705,384,"{""h"": 132, ""x"": 64, ""cx"": 384, ""tdg"": 192, ""t"": 256, ""ry"": 64}",0.0011219590087421,0.0044662919972324,0.0,3.283299156464636e-05,0.0072914170013973,2.8569244795040257e-30,100.0,1.0
3bbdbfcb,2026-09-22T00:01:36.979057,NEU-DET,scratches,scratches_75.jpg,4x4,4,4,8,NEQR,1024,statevector,12,4,8,117,77,49,"{""h"": 4, ""x"": 64, ""mcx"": 49}",0.000715415997547,0.0009012090013129,0.0,0.0002585000038379,0.0022920829942449,0.0,100.0,1.0
ec4d9861,2026-09-22T00:01:36.981731,NEU-DET,scratches,scratches_76.jpg,4x4,4,4,8,FRQI,1024,statevector,5,4,1,1092,705,384,"{""h"": 132, ""x"": 64, ""cx"": 384, ""tdg"": 192, ""t"": 256, ""ry"": 64}",0.0011921250115847,0.0043791250063804,0.0,3.1042000045999885e-05,0.0072673749964451,2.1670563734245178e-30,100.0,1.0000000000000036
b5380a35,2026-09-22T00:01:36.989018,NEU-DET,scratches,scratches_76.jpg,4x4,4,4,8,NEQR,1024,statevector,12,4,8,130,90,62,"{""h"": 4, ""x"": 64, ""mcx"": 62}",0.000845415997901,0.0009914169932017,0.0,0.0002557920088293,0.0025418340082978,0.0,100.0,1.0
9b391767,2026-09-22T00:01:36.991981,NEU-DET,scratches,scratches_77.jpg,4x4,4,4,8,FRQI,1024,statevector,5,4,1,1092,705,384,"{""h"": 132, ""x"": 64, ""cx"": 384, ""tdg"": 192, ""t"": 256, ""ry"": 64}",0.0010248339967802,0.0045167089992901,0.0,3.275000199209899e-05,0.0072463749966118,1.617203374301962e-30,100.0,1.0000000000000024
cd29a817,2026-09-22T00:01:36.999244,NEU-DET,scratches,scratches_77.jpg,4x4,4,4,8,NEQR,1024,statevector,12,4,8,137,97,69,"{""h"": 4, ""x"": 64, ""mcx"": 69}",0.0010652909986674,0.0010068750125356,0.0,0.0002664170024218,0.0028868329973192,0.0,100.0,1.0
536ba94f,2026-09-22T00:01:37.002600,NEU-DET,scratches,scratches_78.jpg,4x4,4,4,8,FRQI,1024,statevector,5,4,1,1092,705,384,"{""h"": 132, ""x"": 64, ""cx"": 384, ""tdg"": 192, ""t"": 256, ""ry"": 64}",0.0010456669988343,0.0044207920000189,0.0,3.254201146773994e-05,0.0071669589960947,1.7782111176527352e-30,100.0,1.000000000000002
f6a9aa2f,2026-09-22T00:01:37.009784,NEU-DET,scratches,scratches_78.jpg,4x4,4,4,8,NEQR,1024,statevector,12,4,8,127,87,59,"{""h"": 4, ""x"": 64, ""mcx"": 59}",0.0008240839961217,0.0009612499998183,0.0,0.0002658329904079,0.0025491670094197,0.0,100.0,1.0
f0cf9d95,2026-09-22T00:01:37.012736,NEU-DET,scratches,scratches_79.jpg,4x4,4,4,8,FRQI,1024,statevector,5,4,1,1092,705,384,"{""h"": 132, ""x"": 64, ""cx"": 384, ""tdg"": 192, ""t"": 256, ""ry"": 64}",0.0010253329965053,0.0044319580047158,0.0,3.100000321865082e-05,0.0071359579887939,1.4190251830245154e-30,100.0,1.000000000000002
e5a24100,2026-09-22T00:01:37.019894,NEU-DET,scratches,scratches_79.jpg,4x4,4,4,8,NEQR,1024,statevector,12,4,8,124,84,56,"{""h"": 4, ""x"": 64, ""mcx"": 56}",0.0007831669936422,0.0009497499995632,0.0,0.0002632079995237,0.0024307080020662,0.0,100.0,1.0
9b74be9d,2026-09-22T00:01:37.022790,NEU-DET,scratches,scratches_8.jpg,4x4,4,4,8,FRQI,1024,statevector,5,4,1,1092,705,384,"{""h"": 132, ""x"": 64, ""cx"": 384, ""tdg"": 192, ""t"": 256, ""ry"": 64}",0.0012027079937979,0.0044519160001073,0.0,3.579100302886218e-05,0.0073472919902997,2.141826691153045e-30,100.0,0.999999999999992
5819289b,2026-09-22T00:01:37.030156,NEU-DET,scratches,scratches_8.jpg,4x4,4,4,8,NEQR,1024,statevector,12,4,8,126,86,58,"{""h"": 4, ""x"": 64, ""mcx"": 58}",0.0008290419937111,0.0009310000023106,0.0,0.0002837089996319,0.0025244999997084,0.0,100.0,1.0
86d2e819,2026-09-22T00:01:37.033072,NEU-DET,scratches,scratches_80.jpg,4x4,4,4,8,FRQI,1024,statevector,5,4,1,1092,705,384,"{""h"": 132, ""x"": 64, ""cx"": 384, ""tdg"": 192, ""t"": 256, ""ry"": 64}",0.0010742919985204,0.0043470000091474,0.0,3.220900543965399e-05,0.0070910000067669,1.7612629341421272e-30,100.0,0.999999999999998
cdb6381d,2026-09-22T00:01:37.040177,NEU-DET,scratches,scratches_80.jpg,4x4,4,4,8,NEQR,1024,statevector,12,4,8,131,91,63,"{""h"": 4, ""x"": 64, ""mcx"": 63}",0.0008268329984275,0.0009839580015977,0.0,0.0002508750039851,0.0024976249987958,0.0,100.0,1.0
dbe09538,2026-09-22T00:01:37.043087,NEU-DET,scratches,scratches_81.jpg,4x4,4,4,8,FRQI,1024,statevector,5,4,1,1092,705,384,"{""h"": 132, ""x"": 64, ""cx"": 384, ""tdg"": 192, ""t"": 256, ""ry"": 64}",0.0010182919941144,0.0045622500038007,0.0,3.3791002351790667e-05,0.0072538749955128,1.7826407565248255e-30,100.0,1.0000000000000038
b35f6cf0,2026-09-22T00:01:37.050360,NEU-DET,scratches,scratches_81.jpg,4x4,4,4,8,NEQR,1024,statevector,12,4,8,126,86,58,"{""h"": 4, ""x"": 64, ""mcx"": 58}",0.0008855000050971,0.00095554201107,0.0,0.0002473329950589,0.0025325000024167,0.0,100.0,1.0
fd7c216e,2026-09-22T00:01:37.053327,NEU-DET,scratches,scratches_82.jpg,4x4,4,4,8,FRQI,1024,statevector,5,4,1,1092,705,384,"{""h"": 132, ""x"": 64, ""cx"": 384, ""tdg"": 192, ""t"": 256, ""ry"": 64}",0.001025749996188,0.0042979999998351,0.0,3.229199501220137e-05,0.0069747919915243,1.4284622397520128e-30,100.0,0.9999999999999982
87eceac5,2026-09-22T00:01:37.060322,NEU-DET,scratches,scratches_82.jpg,4x4,4,4,8,NEQR,1024,statevector,12,4,8,129,89,61,"{""h"": 4, ""x"": 64, ""mcx"": 61}",0.0008284579962491,0.0009362919954583,0.0,0.000261875000433,0.002564833004726,0.0,100.0,1.0
33db68fa,2026-09-22T00:01:37.063269,NEU-DET,scratches,scratches_83.jpg,4x4,4,4,8,FRQI,1024,statevector,5,4,1,1092,705,384,"{""h"": 132, ""x"": 64, ""cx"": 384, ""tdg"": 192, ""t"": 256, ""ry"": 64}",0.0009886249899864,0.0041152500052703,0.0,3.041699528694153e-05,0.0067129169910913,1.1890691476646794e-30,100.0,1.0000000000000384
84705ad9,2026-09-22T00:01:37.070001,NEU-DET,scratches,scratches_83.jpg,4x4,4,4,8,NEQR,1024,statevector,12,4,8,132,92,64,"{""h"": 4, ""x"": 64, ""mcx"": 64}",0.0008327089890372,0.0009609590051695,0.0,0.0002527920005377,0.0024882090074243,0.0,100.0,1.0
5a44a0f7,2026-09-22T00:01:37.072983,NEU-DET,scratches,scratches_84.jpg,4x4,4,4,8,FRQI,1024,statevector,5,4,1,1092,705,384,"{""h"": 132, ""x"": 64, ""cx"": 384, ""tdg"": 192, ""t"": 256, ""ry"": 64}",0.0011080419935751,0.0041963749972637,0.0,3.020900476258248e-05,0.0069104589929338,1.353591713163959e-30,100.0,0.9999999999999984
db8b49ff,2026-09-22T00:01:37.079911,NEU-DET,scratches,scratches_84.jpg,4x4,4,4,8,NEQR,1024,statevector,12,4,8,130,90,62,"{""h"": 4, ""x"": 64, ""mcx"": 62}",0.0008023330010473,0.0009251669980585,0.0,0.0002675829891813,0.0024282919912366,0.0,100.0,1.0
937aab52,2026-09-22T00:01:37.082824,NEU-DET,scratches,scratches_85.jpg,4x4,4,4,8,FRQI,1024,statevector,5,4,1,1092,705,384,"{""h"": 132, ""x"": 64, ""cx"": 384, ""tdg"": 192, ""t"": 256, ""ry"": 64}",0.0012423750013113,0.0041615840018494,0.0,2.970799687318504e-05,0.0070073749957373,2.303701102978792e-30,100.0,1.0000000000000004
8286c64d,2026-09-22T00:01:37.089847,NEU-DET,scratches,scratches_85.jpg,4x4,4,4,8,NEQR,1024,statevector,12,4,8,136,96,68,"{""h"": 4, ""x"": 64, ""mcx"": 68}",0.0009851669892668,0.0010331250086892,0.0,0.0002372909948462,0.0027868330071214,0.0,100.0,1.0
afd81201,2026-09-22T00:01:37.093100,NEU-DET,scratches,scratches_86.jpg,4x4,4,4,8,FRQI,1024,statevector,5,4,1,1092,705,384,"{""h"": 132, ""x"": 64, ""cx"": 384, ""tdg"": 192, ""t"": 256, ""ry"": 64}",0.0010217079980066,0.0042056249949382,0.0,3.22499981848523e-05,0.0068648750020656,2.5217163726834273e-30,100.0,1.0000000000000069
be92d226,2026-09-22T00:01:37.099985,NEU-DET,scratches,scratches_86.jpg,4x4,4,4,8,NEQR,1024,statevector,12,4,8,126,86,58,"{""h"": 4, ""x"": 64, ""mcx"": 58}",0.0008488750027026,0.0008768750121816,0.0,0.0002526250027585,0.0024104580079438,0.0,100.0,1.0
73af83b9,2026-09-22T00:01:37.102784,NEU-DET,scratches,scratches_87.jpg,4x4,4,4,8,FRQI,1024,statevector,5,4,1,1092,705,384,"{""h"": 132, ""x"": 64, ""cx"": 384, ""tdg"": 192, ""t"": 256, ""ry"": 64}",0.0010016250016633,0.0042145829938817,0.0,3.020900476258248e-05,0.0068209999881219,1.9186114105985644e-30,100.0,1.000000000000003
ade1ff63,2026-09-22T00:01:37.109619,NEU-DET,scratches,scratches_87.jpg,4x4,4,4,8,NEQR,1024,statevector,12,4,8,126,86,58,"{""h"": 4, ""x"": 64, ""mcx"": 58}",0.0007912909932201,0.0009335829963674,0.0,0.0002660839963937,0.0025044999929377,0.0,100.0,1.0
505c5e7b,2026-09-22T00:01:37.112515,NEU-DET,scratches,scratches_88.jpg,4x4,4,4,8,FRQI,1024,statevector,5,4,1,1092,705,384,"{""h"": 132, ""x"": 64, ""cx"": 384, ""tdg"": 192, ""t"": 256, ""ry"": 64}",0.0010009580000769,0.0042735840106615,0.0,3.0125011107884347e-05,0.0068817080027656,2.399227228220399e-30,100.0,1.0000000000000022
81ecfdc2,2026-09-22T00:01:37.119413,NEU-DET,scratches,scratches_88.jpg,4x4,4,4,8,NEQR,1024,statevector,12,4,8,133,93,65,"{""h"": 4, ""x"": 64, ""mcx"": 65}",0.0009582499915268,0.0009706659911898,0.0,0.0002634160046,0.0027059170097345,0.0,100.0,1.0
7e527d6a,2026-09-22T00:01:37.122573,NEU-DET,scratches,scratches_89.jpg,4x4,4,4,8,FRQI,1024,statevector,5,4,1,1092,705,384,"{""h"": 132, ""x"": 64, ""cx"": 384, ""tdg"": 192, ""t"": 256, ""ry"": 64}",0.0010437909950269,0.0041439159977016,0.0,0.0001471669966122,0.0070308750000549,2.5746312979054666e-30,100.0,1.0000000000000016
b698c6c6,2026-09-22T00:01:37.129626,NEU-DET,scratches,scratches_89.jpg,4x4,4,4,8,NEQR,1024,statevector,12,4,8,126,86,58,"{""h"": 4, ""x"": 64, ""mcx"": 58}",0.0007962499948916,0.0009032500092871,0.0,0.0002550830104155,0.0024541250022593,0.0,100.0,1.0
6de0ac9c,2026-09-22T00:01:37.132567,NEU-DET,scratches,scratches_9.jpg,4x4,4,4,8,FRQI,1024,statevector,5,4,1,1092,705,384,"{""h"": 132, ""x"": 64, ""cx"": 384, ""tdg"": 192, ""t"": 256, ""ry"": 64}",0.0011119160044472,0.0041430410055909,0.0,3.2042007660493255e-05,0.0068797920102952,1.4723734424840418e-30,100.0,0.9999999999999968
a55d68d8,2026-09-22T00:01:37.139465,NEU-DET,scratches,scratches_9.jpg,4x4,4,4,8,NEQR,1024,statevector,12,4,8,136,96,68,"{""h"": 4, ""x"": 64, ""mcx"": 68}",0.0009502500033704,0.0009672090091044,0.0,0.0002584579924587,0.0026602919970173,0.0,100.0,1.0
a087256a,2026-09-22T00:01:37.142614,NEU-DET,scratches,scratches_90.jpg,4x4,4,4,8,FRQI,1024,statevector,5,4,1,1092,705,384,"{""h"": 132, ""x"": 64, ""cx"": 384, ""tdg"": 192, ""t"": 256, ""ry"": 64}",0.0010351249948143,0.0042265410011168,0.0,3.0042006983421743e-05,0.0069358750042738,1.2310544204523212e-30,100.0,0.9999999999999996
0f511ce1,2026-09-22T00:01:37.149569,NEU-DET,scratches,scratches_90.jpg,4x4,4,4,8,NEQR,1024,statevector,12,4,8,127,87,59,"{""h"": 4, ""x"": 64, ""mcx"": 59}",0.000793541999883,0.000907959009055,0.0,0.0002541669964557,0.002379416997428,0.0,100.0,1.0
2d764276,2026-09-22T00:01:37.152411,NEU-DET,scratches,scratches_91.jpg,4x4,4,4,8,FRQI,1024,statevector,5,4,1,1092,705,384,"{""h"": 132, ""x"": 64, ""cx"": 384, ""tdg"": 192, ""t"": 256, ""ry"": 64}",0.0011536670062923,0.0041078750073211,0.0,3.0915995012037456e-05,0.0068600419908761,1.3554694948597366e-30,100.0,1.0000000000000084
7c6cf866,2026-09-22T00:01:37.159287,NEU-DET,scratches,scratches_91.jpg,4x4,4,4,8,NEQR,1024,statevector,12,4,8,134,94,66,"{""h"": 4, ""x"": 64, ""mcx"": 66}",0.0010292090009897,0.0009952090040314,0.0,0.0002362920058658,0.0027672080032061,0.0,100.0,1.0
67f67b98,2026-09-22T00:01:37.162439,NEU-DET,scratches,scratches_92.jpg,4x4,4,4,8,FRQI,1024,statevector,5,4,1,1092,705,384,"{""h"": 132, ""x"": 64, ""cx"": 384, ""tdg"": 192, ""t"": 256, ""ry"": 64}",0.000999124997179,0.0041758750012377,0.0,3.1791001674719155e-05,0.0068064170045545,1.7895741043246196e-30,100.0,0.9999999999999988
b9b15824,2026-09-22T00:01:37.169264,NEU-DET,scratches,scratches_92.jpg,4x4,4,4,8,NEQR,1024,statevector,12,4,8,133,93,65,"{""h"": 4, ""x"": 64, ""mcx"": 65}",0.0008945419976953,0.0009285830019507,0.0,0.0002518749970477,0.0026066249993164,0.0,100.0,1.0
665058a2,2026-09-22T00:01:37.172361,NEU-DET,scratches,scratches_93.jpg,4x4,4,4,8,FRQI,1024,statevector,5,4,1,1092,705,384,"{""h"": 132, ""x"": 64, ""cx"": 384, ""tdg"": 192, ""t"": 256, ""ry"": 64}",0.0010280839924234,0.0041424999944865,0.0,3.0082999728620052e-05,0.0068055830051889,1.4977957177499531e-30,100.0,0.9999999999999932
bc91a33e,2026-09-22T00:01:37.179187,NEU-DET,scratches,scratches_93.jpg,4x4,4,4,8,NEQR,1024,statevector,12,4,8,139,99,71,"{""h"": 4, ""x"": 64, ""mcx"": 71}",0.0012874169915448,0.0016969590069493,0.0,0.0004834999999729,0.0041420409979764,0.0,100.0,1.0
daf9d3a0,2026-09-22T00:01:37.183807,NEU-DET,scratches,scratches_94.jpg,4x4,4,4,8,FRQI,1024,statevector,5,4,1,1092,705,384,"{""h"": 132, ""x"": 64, ""cx"": 384, ""tdg"": 192, ""t"": 256, ""ry"": 64}",0.0011050000030081,0.0044256249966565,0.0,3.1624993425793946e-05,0.0072232499951496,1.2697656123345046e-30,100.0,0.9999999999999868
c5d250f7,2026-09-22T00:01:37.191050,NEU-DET,scratches,scratches_94.jpg,4x4,4,4,8,NEQR,1024,statevector,12,4,8,132,92,64,"{""h"": 4, ""x"": 64, ""mcx"": 64}",0.0009225829999195,0.0010219999967375,0.0,0.0002739159972406,0.0026959589886246,0.0,100.0,1.0
c0f30b41,2026-09-22T00:01:37.194174,NEU-DET,scratches,scratches_95.jpg,4x4,4,4,8,FRQI,1024,statevector,5,4,1,1092,705,384,"{""h"": 132, ""x"": 64, ""cx"": 384, ""tdg"": 192, ""t"": 256, ""ry"": 64}",0.0011141660070279,0.0044023340014973,0.0,3.170900163240731e-05,0.0072377079923171,1.3489213330488198e-30,100.0,0.9999999999999905
c262d33c,2026-09-22T00:01:37.201432,NEU-DET,scratches,scratches_95.jpg,4x4,4,4,8,NEQR,1024,statevector,12,4,8,133,93,65,"{""h"": 4, ""x"": 64, ""mcx"": 65}",0.0008793329907348,0.0009936660062521,0.0,0.0002683750062715,0.0026094999921042,0.0,100.0,1.0
7516fd59,2026-09-22T00:01:37.204498,NEU-DET,scratches,scratches_96.jpg,4x4,4,4,8,FRQI,1024,statevector,5,4,1,1092,705,384,"{""h"": 132, ""x"": 64, ""cx"": 384, ""tdg"": 192, ""t"": 256, ""ry"": 64}",0.0010469169938005,0.0043991250131512,0.0,3.1458010198548436e-05,0.0071837909927126,2.7949095352947567e-30,100.0,0.9999999999999992
dcb5a48e,2026-09-22T00:01:37.211698,NEU-DET,scratches,scratches_96.jpg,4x4,4,4,8,NEQR,1024,statevector,12,4,8,130,90,62,"{""h"": 4, ""x"": 64, ""mcx"": 62}",0.0012014170060865,0.0010175829957006,0.0,0.0002546670002629,0.0029804579971823,0.0,100.0,1.0
dbe3cbee,2026-09-22T00:01:37.215101,NEU-DET,scratches,scratches_97.jpg,4x4,4,4,8,FRQI,1024,statevector,5,4,1,1092,705,384,"{""h"": 132, ""x"": 64, ""cx"": 384, ""tdg"": 192, ""t"": 256, ""ry"": 64}",0.0010795410053106,0.0044682919979095,0.0,3.2916999771259725e-05,0.0072581249987706,1.614314479385381e-30,100.0,1.0000000000000109
7ff4bb20,2026-09-22T00:01:37.222375,NEU-DET,scratches,scratches_97.jpg,4x4,4,4,8,NEQR,1024,statevector,12,4,8,142,102,74,"{""h"": 4, ""x"": 64, ""mcx"": 74}",0.0011778750049415,0.0010765420011011,0.0,0.0002530409983592,0.0030136669956846,0.0,100.0,1.0
a1774c3e,2026-09-22T00:01:37.225848,NEU-DET,scratches,scratches_98.jpg,4x4,4,4,8,FRQI,1024,statevector,5,4,1,1092,705,384,"{""h"": 132, ""x"": 64, ""cx"": 384, ""tdg"": 192, ""t"": 256, ""ry"": 64}",0.0010748750064522,0.0044167909945826,0.0,3.187499532941729e-05,0.0072159999981522,2.0445672289614896e-30,100.0,1.0000000000000009
c607f4bc,2026-09-22T00:01:37.233082,NEU-DET,scratches,scratches_98.jpg,4x4,4,4,8,NEQR,1024,statevector,12,4,8,121,81,53,"{""h"": 4, ""x"": 64, ""mcx"": 53}",0.0007532500021625,0.0009131249971687,0.0,0.0002711249981075,0.0024193749995902,0.0,100.0,1.0
a9be3f76,2026-09-22T00:01:37.236010,NEU-DET,scratches,scratches_99.jpg,4x4,4,4,8,FRQI,1024,statevector,5,4,1,1092,705,384,"{""h"": 132, ""x"": 64, ""cx"": 384, ""tdg"": 192, ""t"": 256, ""ry"": 64}",0.0011134590022265,0.0043495829886524,0.0,3.024999750778079e-05,0.0071701249980833,1.5782995894253398e-30,100.0,0.9999999999999992
7d9656e2,2026-09-22T00:01:37.243193,NEU-DET,scratches,scratches_99.jpg,4x4,4,4,8,NEQR,1024,statevector,12,4,8,131,91,63,"{""h"": 4, ""x"": 64, ""mcx"": 63}",0.0008660000021336,0.0010256670066155,0.0,0.0002850829914677,0.0026437079941388,0.0,100.0,1.0
